1783704575692 2.8822548389434814 0
1783704575842 3.2841053009033203 1
1783704575908 3.933793306350708 2
1783704575987 4.691815376281738 3
1783704576063 5.648238182067871 4
1783704576207 6.037153720855713 5
1783704576309 7.113001823425293 6
1783704576387 7.90433931350708 7
1783704576475 8.771391868591309 8
1783704576558 9.453680038452148 9
1783704576626 10.148093223571777 10
1783704576699 12.82038402557373 11
1783704576776 13.657905578613281 12
1783704576882 13.322105407714844 13
1783704576963 18.125898361206055 14
1783704577033 16.879756927490234 15
1783704577110 19.6741943359375 16
1783704577209 20.877986907958984 17
1783704577313 23.219520568847656 18
1783704577403 23.908893585205078 19
1783704577474 25.44857406616211 20
1783704577547 28.120765686035156 21
1783704577621 31.01909637451172 22
1783704577699 30.636009216308594 23
1783704577784 35.183990478515625 24
1783704577856 43.620052337646484 25
1783704577921 38.462921142578125 26
1783704577995 47.91857147216797 27
1783704578071 47.86774826049805 28
1783704578153 52.82331085205078 29
1783704578245 61.03651428222656 30
1783704578330 48.21757507324219 31
1783704578411 61.151947021484375 32
1783704578511 62.690650939941406 33
1783704578580 69.63338470458984 34
1783704578663 75.53227233886719 35
1783704578753 68.08003997802734 36
1783704578872 78.68428039550781 37
1783704578973 88.28418731689453 38
1783704579065 86.62010192871094 39
1783704579155 92.88541412353516 40
1783704579223 92.56014251708984 41
1783704579290 90.30641174316406 42
1783704579377 94.98600769042969 43
1783704579448 104.22362518310547 44
1783704579521 124.96662139892578 45
1783704579593 112.94976806640625 46
1783704579667 113.29422760009766 47
1783704579754 115.43272399902344 48
1783704579852 137.46202087402344 49
1783704580003 116.13013458251953 50
1783704580088 117.74374389648438 51
1783704580179 139.2584228515625 52
1783704580267 143.03712463378906 53
1783704580341 141.6601104736328 54
1783704580421 141.5874786376953 55
1783704580495 128.13433837890625 56
1783704580572 145.0628662109375 57
1783704580653 153.56295776367188 58
1783704580730 143.7709197998047 59
1783704580861 158.30186462402344 60
1783704580930 158.61587524414062 61
1783704581002 151.8465118408203 62
1783704581078 150.88194274902344 63
1783704581193 152.02749633789062 64
1783704581315 152.4820098876953 65
1783704581455 138.0099639892578 66
1783704581557 171.34628295898438 67
1783704581666 138.37139892578125 68
1783704581782 150.09091186523438 69
1783704581871 149.7400360107422 70
1783704581938 147.22860717773438 71
1783704582032 175.11366271972656 72
1783704582098 140.315673828125 73
1783704582170 159.82186889648438 74
1783704582237 151.2693328857422 75
1783704582306 157.68431091308594 76
1783704582419 156.16162109375 77
1783704582508 143.02957153320312 78
1783704582611 156.8286590576172 79
1783704582689 142.8203582763672 80
1783704582762 137.11399841308594 81
1783704582833 135.17298889160156 82
1783704582904 130.18682861328125 83
1783704582970 141.3290557861328 84
1783704583058 125.7845687866211 85
1783704583143 137.0962371826172 86
1783704583225 134.78298950195312 87
1783704583299 131.624755859375 88
1783704583413 126.35426330566406 89
1783704583512 126.79853820800781 90
1783704583580 120.6753921508789 91
1783704583678 116.12560272216797 92
1783704583817 111.10677337646484 93
1783704583888 123.47770690917969 94
1783704583950 120.62033081054688 95
1783704584019 129.35983276367188 96
1783704584089 113.96891021728516 97
1783704584161 103.4853744506836 98
1783704584294 120.74960327148438 99
1783704584395 104.60098266601562 100
1783704584516 112.77728271484375 101
1783704584635 105.9916763305664 102
1783704584742 108.8157958984375 103
1783704584854 105.61998748779297 104
1783704584926 110.8104476928711 105
1783704585029 105.05656433105469 106
1783704585130 108.63500213623047 107
1783704585222 95.66632080078125 108
1783704585347 102.55569458007812 109
1783704585445 103.7040023803711 110
1783704585576 105.49970245361328 111
1783704585678 100.51318359375 112
1783704585761 97.89553833007812 113
1783704585843 92.2097396850586 114
1783704585946 96.54412078857422 115
1783704586067 97.08027648925781 116
1783704586176 90.74937438964844 117
1783704586271 90.3284912109375 118
1783704586386 92.34673309326172 119
1783704586488 86.4803695678711 120
1783704586576 89.94457244873047 121
1783704586661 87.57705688476562 122
1783704586767 85.03540802001953 123
1783704586878 84.15647888183594 124
1783704586974 85.06834411621094 125
1783704587052 84.50730895996094 126
1783704587141 79.47554016113281 127
1783704587235 79.97425079345703 128
1783704587331 78.21795654296875 129
1783704587456 79.53030395507812 130
1783704587571 78.51313781738281 131
1783704587695 72.6719970703125 132
1783704587805 66.07966613769531 133
1783704587892 73.90021514892578 134
1783704588030 77.44523620605469 135
1783704588172 70.2494888305664 136
1783704588282 70.75587463378906 137
1783704588390 70.31732940673828 138
1783704588492 66.10931396484375 139
1783704588591 67.63714599609375 140
1783704588734 68.83588409423828 141
1783704588860 64.91940307617188 142
1783704588970 64.25135040283203 143
1783704589083 61.8819465637207 144
1783704589220 59.46851348876953 145
1783704589380 59.656978607177734 146
1783704589519 54.75404739379883 147
1783704589641 57.87723922729492 148
1783704589760 53.10762023925781 149
1783704589909 56.667442321777344 150
1783704590031 56.72412872314453 151
1783704590149 53.1826286315918 152
1783704590276 52.504695892333984 153
1783704590399 50.90496826171875 154
1783704590512 45.127872467041016 155
1783704590633 50.65092468261719 156
1783704590755 47.66222381591797 157
1783704590870 46.08546829223633 158
1783704590996 47.43159484863281 159
1783704591122 41.66120147705078 160
1783704591226 41.99446487426758 161
1783704591339 44.84396743774414 162
1783704591474 43.85957717895508 163
1783704591588 44.834625244140625 164
1783704591692 41.41006851196289 165
1783704591812 41.661502838134766 166
1783704591925 36.376365661621094 167
1783704592046 38.568389892578125 168
1783704592162 36.45427322387695 169
1783704592289 37.6171875 170
1783704592413 32.306983947753906 171
1783704592561 33.0324821472168 172
1783704592673 33.14760971069336 173
1783704592805 31.88107681274414 174
1783704592925 29.926374435424805 175
1783704593058 30.235742568969727 176
1783704593225 28.462711334228516 177
1783704593349 27.979633331298828 178
1783704593453 25.067867279052734 179
1783704593564 25.425575256347656 180
1783704593664 25.190799713134766 181
1783704593772 24.76937484741211 182
1783704593892 22.894723892211914 183
1783704594025 22.271804809570312 184
1783704594147 19.31318473815918 185
1783704594256 20.131301879882812 186
1783704594351 17.871458053588867 187
1783704594455 16.828596115112305 188
1783704594576 18.292179107666016 189
1783704594680 17.25704002380371 190
1783704594778 16.204069137573242 191
1783704594892 14.941540718078613 192
1783704594997 14.654208183288574 193
1783704595106 13.643227577209473 194
1783704595213 12.534263610839844 195
1783704595320 12.2014741897583 196
1783704595429 9.712747573852539 197
1783704595536 11.292171478271484 198
1783704595649 9.240736961364746 199
1783704595767 7.127844333648682 200
1783704595874 6.877094745635986 201
1783704595970 5.154417514801025 202
1783704596076 5.25666618347168 203
1783704596203 4.674214839935303 204
1783704596321 3.4041941165924072 205
1783704596431 4.337862968444824 206
1783704596539 2.3932223320007324 207
1783704596633 1.4579167366027832 208
1783704596747 2.2954859733581543 209
1783704596868 2.1597635746002197 210
1783704597012 2.289912223815918 211
1783704597150 4.723116874694824 212
1783704597263 2.990360736846924 213
1783704597363 2.587890863418579 214
1783704597473 1.7440928220748901 215
1783704597599 2.62231183052063 216
1783704597720 2.449071168899536 217
1783704597847 2.322903633117676 218
1783704597973 1.4663513898849487 219
1783704598096 2.708784580230713 220
1783704598243 2.563561201095581 221
1783704598367 1.8786112070083618 222
1783704598472 1.3123947381973267 223
1783704598574 2.1065993309020996 224
1783704598678 1.257080078125 225
1783704598793 1.7287349700927734 226
1783704598923 1.779016375541687 227
1783704599056 1.8945342302322388 228
1783704599177 2.6877853870391846 229
1783704599292 1.7849979400634766 230
1783704599410 1.5729577541351318 231
1783704599524 2.273663282394409 232
1783704599652 0.9264929294586182 233
1783704599789 1.02377450466156 234
1783704599925 1.5836772918701172 235
1783704600061 1.2226474285125732 236
1783704600196 1.3147529363632202 237
1783704600340 1.3698298931121826 238
1783704600457 1.2708317041397095 239
1783704600577 1.77927827835083 240
1783704600682 1.472578763961792 241
1783704600802 1.5650113821029663 242
1783704600910 1.0882220268249512 243
1783704601009 1.792664885520935 244
1783704601111 3.116016149520874 245
1783704601213 1.3632175922393799 246
1783704601326 1.5352710485458374 247
1783704601443 1.427445650100708 248
1783704601564 1.2629425525665283 249
1783704601691 0.7873389720916748 250
1783704601809 0.7729324698448181 251
1783704601917 0.7993917465209961 252
1783704602054 1.4843937158584595 253
1783704602154 0.8105498552322388 254
1783704602264 1.6399508714675903 255
1783704602356 1.0479331016540527 256
1783704602466 0.7835404276847839 257
1783704602593 1.210787057876587 258
1783704602711 1.1797338724136353 259
1783704602820 1.3602370023727417 260
1783704602926 0.9132068753242493 261
1783704603048 1.0341933965682983 262
1783704603305 2.224266529083252 263
1783704603436 0.6676876544952393 264
1783704603544 1.0560383796691895 265
1783704603646 0.7207520604133606 266
1783704603763 1.3495982885360718 267
1783704603892 0.9200953245162964 268
1783704604022 0.8633657693862915 269
1783704604141 0.6126165390014648 270
1783704604246 1.2031155824661255 271
1783704604391 0.28559863567352295 272
1783704604526 0.6756284832954407 273
1783704604659 0.6099115610122681 274
1783704604784 1.5287710428237915 275
1783704604912 0.7121684551239014 276
1783704605046 0.9493257403373718 277
1783704605157 0.3883575201034546 278
1783704605274 0.9805492162704468 279
1783704605459 1.2679284811019897 280
1783704605628 1.2646549940109253 281
1783704605771 1.0712541341781616 282
1783704605922 0.9423936605453491 283
1783704606038 1.0208768844604492 284
1783704606172 1.3541702032089233 285
1783704606372 1.3895576000213623 286
1783704606518 1.297106146812439 287
1783704606621 0.3591862916946411 288
1783704606762 1.3999065160751343 289
1783704606970 0.29503655433654785 290
1783704607189 0.8960953950881958 291
1783704607339 1.1319575309753418 292
1783704607539 0.49140119552612305 293
1783704607680 0.8777004480361938 294
1783704607829 0.5768125057220459 295
1783704608016 0.9927460551261902 296
1783704608189 0.1786162555217743 297
1783704608381 0.4222768247127533 298
1783704608576 1.0980172157287598 299
1783704608718 0.8698273301124573 300
1783704608874 0.47699904441833496 301
1783704609047 0.8337360620498657 302
1783704609244 0.7204807996749878 303
1783704609416 0.6354596614837646 304
1783704609592 0.7250113487243652 305
1783704609811 0.46081608533859253 306
1783704609981 0.4259994328022003 307
1783704610158 0.4657350480556488 308
1783704610347 0.8984826803207397 309
1783704610518 0.5858222842216492 310
1783704610699 1.3188480138778687 311
1783704610890 0.5433796644210815 312
1783704611159 0.5724833011627197 313
1783704611319 0.4026593565940857 314
1783704611494 0.5916734933853149 315
1783704611668 0.5074895620346069 316
1783704611844 0.6666340827941895 317
1783704612010 0.9165614247322083 318
1783704612169 0.39777708053588867 319
1783704612471 0.6758191585540771 320
1783704612622 0.33664149045944214 321
1783704612779 0.4650719165802002 322
1783704612891 0.9700515866279602 323
1783704613006 0.4508453607559204 324
1783704613117 0.6425206065177917 325
1783704613223 1.0722880363464355 326
1783704613370 0.40528184175491333 327
1783704613663 0.392417848110199 328
1783704613829 0.3827510476112366 329
1783704614001 0.9305977821350098 330
1783704614144 0.8109335899353027 331
1783704614256 0.1508270651102066 332
1783704614395 0.3709672689437866 333
1783704614513 0.4287358820438385 334
1783704614629 0.5964440703392029 335
1783704614747 0.7295209169387817 336
1783704614874 0.8531388640403748 337
1783704615017 0.6680681705474854 338
1783704615135 0.5102899074554443 339
1783704615255 0.455720990896225 340
1783704615383 0.5784360766410828 341
1783704615507 0.34769004583358765 342
1783704615623 0.4833410978317261 343
1783704615747 0.4759896397590637 344
1783704615857 0.561764657497406 345
1783704615999 0.44534391164779663 346
1783704616119 0.22460724413394928 347
1783704616246 0.5324417948722839 348
1783704616364 0.7174965143203735 349
1783704616464 0.28521639108657837 350
1783704616570 0.7645346522331238 351
1783704616674 0.44699716567993164 352
1783704616795 0.4756292700767517 353
1783704616922 0.5613133907318115 354
1783704617057 0.5626285672187805 355
1783704617202 0.46456167101860046 356
1783704617321 0.46348094940185547 357
1783704617453 0.5157256722450256 358
1783704617585 0.36601394414901733 359
1783704617704 0.22457420825958252 360
1783704617825 0.3441465198993683 361
1783704617958 0.4912303686141968 362
1783704618098 0.48223114013671875 363
1783704618248 0.34007418155670166 364
1783704618424 0.5211648344993591 365
1783704618599 0.26154080033302307 366
1783704618757 0.318406343460083 367
1783704618895 0.5943679213523865 368
1783704619043 0.6272978782653809 369
1783704619199 0.3237011432647705 370
1783704619380 0.49312058091163635 371
1783704619524 0.5646700263023376 372
1783704619699 0.3928321301937103 373
1783704619863 0.49470239877700806 374
1783704620047 0.3328680992126465 375
1783704620247 0.2637530267238617 376
1783704620398 0.8325271010398865 377
1783704620561 0.6205112338066101 378
1783704620730 0.5633499622344971 379
1783704620898 0.4595535099506378 380
1783704621048 0.42432069778442383 381
1783704621245 0.4860617220401764 382
1783704621400 0.4052726924419403 383
1783704621532 0.3272517919540405 384
1783704621661 0.5510565638542175 385
1783704621826 0.32857194542884827 386
1783704622000 0.5142998695373535 387
1783704622169 0.11591355502605438 388
1783704622331 0.25672805309295654 389
1783704622460 0.3097178637981415 390
1783704622617 0.35883402824401855 391
1783704622779 0.3631329834461212 392
1783704622929 0.2043067216873169 393
1783704623075 0.29738375544548035 394
1783704623244 0.18534642457962036 395
1783704623436 0.30765506625175476 396
1783704623588 0.3568713366985321 397
1783704623760 0.3112822473049164 398
1783704623958 0.3589327335357666 399
1783704624177 0.24901661276817322 400
1783704624324 0.24675822257995605 401
1783704624498 0.3056938052177429 402
1783704624642 0.23715539276599884 403
1783704624758 0.3710096478462219 404
1783704624874 0.2428339570760727 405
1783704624998 0.3084413409233093 406
1783704625119 0.124984011054039 407
1783704625260 0.378917932510376 408
1783704625403 0.14738908410072327 409
1783704625564 0.16908469796180725 410
1783704625730 0.2701469361782074 411
1783704625909 0.40680110454559326 412
1783704626070 0.45095282793045044 413
1783704626194 0.22153034806251526 414
1783704626336 0.3927876949310303 415
1783704626439 0.15002334117889404 416
1783704626555 0.31583213806152344 417
1783704626662 0.2862333655357361 418
1783704626791 0.19845227897167206 419
1783704626909 0.2689571678638458 420
1783704627026 0.34556764364242554 421
1783704627130 0.3855149745941162 422
1783704627252 0.1803496778011322 423
1783704627387 0.3245173692703247 424
1783704627497 0.15195851027965546 425
1783704627622 0.21327000856399536 426
1783704627748 0.26957887411117554 427
1783704627874 0.22513829171657562 428
1783704627989 0.22508983314037323 429
1783704628076 0.13851502537727356 430
1783704628248 0.1959625482559204 431
1783704628445 0.3007659316062927 432
1783704628609 0.1934637725353241 433
1783704628746 0.16411200165748596 434
1783704628928 0.15816089510917664 435
1783704629205 0.1667647510766983 436
1783704629405 0.0849834531545639 437
1783704629604 0.16792307794094086 438
1783704629754 0.2096462845802307 439
1783704629921 0.2612690329551697 440
1783704630112 0.28652307391166687 441
1783704630283 0.14235003292560577 442
1783704630527 0.1782514899969101 443
1783704630702 0.25693899393081665 444
1783704630850 0.21479405462741852 445
1783704631009 0.26362380385398865 446
1783704631173 0.1606476902961731 447
1783704631345 0.1938542127609253 448
1783704631521 0.29219985008239746 449
1783704631680 0.18065959215164185 450
1783704631875 0.15400604903697968 451
1783704632040 0.1823994517326355 452
1783704632211 0.22394055128097534 453
1783704632393 0.162565678358078 454
1783704632577 0.2506270706653595 455
1783704632756 0.15558373928070068 456
1783704632931 0.1698431670665741 457
1783704633198 0.15043112635612488 458
1783704633374 0.18118715286254883 459
1783704633535 0.15208597481250763 460
1783704633705 0.1770370602607727 461
1783704633876 0.14891570806503296 462
1783704634042 0.2189759910106659 463
1783704634154 0.23811449110507965 464
1783704634306 0.17764067649841309 465
1783704634435 0.13973326981067657 466
1783704634545 0.17901387810707092 467
1783704634656 0.13977691531181335 468
1783704634781 0.16367051005363464 469
1783704634896 0.20071610808372498 470
1783704635028 0.13714751601219177 471
1783704635173 0.21331101655960083 472
1783704635300 0.18176612257957458 473
1783704635447 0.16052012145519257 474
1783704635559 0.18821612000465393 475
1783704635695 0.16325533390045166 476
1783704635813 0.1680820882320404 477
1783704635929 0.1383238136768341 478
1783704636060 0.18628986179828644 479
1783704636201 0.17600314319133759 480
1783704636347 0.11622263491153717 481
1783704636459 0.1645323634147644 482
1783704636564 0.16533643007278442 483
1783704636669 0.17853030562400818 484
1783704636797 0.11309801042079926 485
1783704636915 0.10628027468919754 486
1783704637028 0.17069777846336365 487
1783704637143 0.1991031914949417 488
1783704637270 0.09060295671224594 489
1783704637378 0.13544340431690216 490
1783704637494 0.12854322791099548 491
1783704637631 0.19178777933120728 492
1783704637748 0.17248064279556274 493
1783704637862 0.12499111890792847 494
1783704637978 0.16395536065101624 495
1783704638104 0.08643082529306412 496
1783704638225 0.0859963521361351 497
1783704638343 0.09020380675792694 498
1783704638453 0.15959635376930237 499
1783704638567 0.134871244430542 500
1783704638676 0.17994336783885956 501
1783704638791 0.10743650048971176 502
1783704638916 0.12860563397407532 503
1783704639052 0.19830530881881714 504
1783704639177 0.14150741696357727 505
1783704639348 0.13299626111984253 506
1783704639587 0.09693700075149536 507
1783704639738 0.15178647637367249 508
1783704639907 0.10451943427324295 509
1783704640094 0.1100139319896698 510
1783704640292 0.1262330412864685 511
1783704640482 0.17511726915836334 512
1783704640661 0.12596221268177032 513
1783704640798 0.14672356843948364 514
1783704640919 0.13018763065338135 515
1783704641083 0.16588670015335083 516
1783704641259 0.1703266054391861 517
1783704641434 0.19824671745300293 518
1783704641610 0.07840985059738159 519
1783704641795 0.08730827271938324 520
1783704642038 0.10965895652770996 521
1783704642213 0.13508501648902893 522
1783704642404 0.1291208267211914 523
1783704642585 0.19271957874298096 524
1783704642766 0.13089315593242645 525
1783704642940 0.08677998185157776 526
1783704643113 0.16055335104465485 527
1783704643284 0.11783505976200104 528
1783704643441 0.14675259590148926 529
1783704643579 0.1325838565826416 530
1783704643703 0.1575193554162979 531
1783704643857 0.13049465417861938 532
1783704644018 0.08096098899841309 533
1783704644162 0.16448985040187836 534
1783704644356 0.1008341833949089 535
1783704644509 0.12451695650815964 536
1783704644678 0.12395124137401581 537
1783704644835 0.11061026901006699 538
1783704644986 0.13533832132816315 539
1783704645135 0.134288489818573 540
1783704645271 0.1226201057434082 541
1783704645393 0.1058541089296341 542
1783704645516 0.10802361369132996 543
1783704645658 0.1011071503162384 544
1783704645783 0.12042875587940216 545
1783704645896 0.08850602805614471 546
1783704646006 0.09879886358976364 547
1783704646119 0.1333729475736618 548
1783704646269 0.13438910245895386 549
1783704646407 0.07012617588043213 550
1783704646514 0.12321145832538605 551
1783704646621 0.10066837072372437 552
1783704646737 0.18517878651618958 553
1783704646859 0.13921058177947998 554
1783704646985 0.14507830142974854 555
1783704647090 0.09648957848548889 556
1783704647222 0.07938914746046066 557
1783704647331 0.11913767457008362 558
1783704647448 0.09972870349884033 559
1783704647589 0.14925077557563782 560
1783704647698 0.10252590477466583 561
1783704647802 0.07155352830886841 562
1783704647918 0.14709806442260742 563
1783704648054 0.1430571973323822 564
1783704648183 0.13500002026557922 565
1783704648301 0.09391219913959503 566
1783704648423 0.11506491899490356 567
1783704648538 0.09496235847473145 568
1783704648651 0.12461511790752411 569
1783704648790 0.11435094475746155 570
1783704648928 0.10558108985424042 571
1783704649059 0.12536343932151794 572
1783704649192 0.13638195395469666 573
1783704649334 0.12739580869674683 574
1783704649506 0.09730834513902664 575
1783704649779 0.12052768468856812 576
1783704649954 0.16544266045093536 577
1783704650119 0.09443751722574234 578
1783704650307 0.12415540963411331 579
1783704650478 0.1121436208486557 580
1783704650654 0.16667698323726654 581
1783704650790 0.16626973450183868 582
1783704650931 0.11399826407432556 583
1783704651171 0.12748026847839355 584
1783704651358 0.11437337100505829 585
1783704651528 0.10641176998615265 586
1783704651707 0.15483394265174866 587
1783704651846 0.09192599356174469 588
1783704651997 0.10509570688009262 589
1783704652175 0.12500496208667755 590
1783704652379 0.1354651153087616 591
1783704652522 0.1344253271818161 592
1783704652675 0.12553521990776062 593
1783704652840 0.07169593870639801 594
1783704652976 0.13346827030181885 595
1783704653152 0.12734952569007874 596
1783704653343 0.052406713366508484 597
1783704653569 0.09351581335067749 598
1783704653722 0.0811811313033104 599
1783704653911 0.08454284071922302 600
1783704654071 0.11945943534374237 601
1783704654238 0.1352333128452301 602
1783704654422 0.07974112778902054 603
1783704654603 0.09828555583953857 604
1783704654906 0.09367427229881287 605
1783704655050 0.0778631642460823 606
1783704655238 0.08439360558986664 607
1783704655369 0.0744456946849823 608
1783704655486 0.0790434330701828 609
1783704655620 0.12550486624240875 610
1783704655745 0.07366927713155746 611
1783704655865 0.07634355872869492 612
1783704655983 0.0635918453335762 613
1783704656091 0.1213507354259491 614
1783704656207 0.07695293426513672 615
1783704656342 0.06073624640703201 616
1783704656465 0.10194723308086395 617
1783704656561 0.08301952481269836 618
1783704656665 0.15390747785568237 619
1783704656795 0.06048762798309326 620
1783704656923 0.15030284225940704 621
1783704657066 0.12501171231269836 622
1783704657178 0.06883407384157181 623
1783704657283 0.11354166269302368 624
1783704657405 0.15899328887462616 625
1783704657520 0.14709651470184326 626
1783704657639 0.0976409986615181 627
1783704657772 0.11642420291900635 628
1783704657911 0.06279759854078293 629
1783704658028 0.20112766325473785 630
1783704658144 0.08429843932390213 631
1783704658260 0.058367446064949036 632
1783704658473 0.12340998649597168 633
1783704658586 0.07452402263879776 634
1783704658709 0.12316955626010895 635
1783704658822 0.15586207807064056 636
1783704658951 0.15143783390522003 637
1783704659078 0.10815194994211197 638
1783704659206 0.10933651030063629 639
1783704659337 0.04298006743192673 640
1783704659474 0.12512749433517456 641
1783704659608 0.13476940989494324 642
1783704659724 0.06703698635101318 643
1783704660046 0.07955299317836761 644
1783704660167 0.09982693195343018 645
1783704660289 0.05011207237839699 646
1783704660423 0.09390892088413239 647
1783704660542 0.06883543729782104 648
1783704660673 0.06145559996366501 649
1783704660808 0.09241299331188202 650
1783704660928 0.10424403846263885 651
1783704661055 0.1470891684293747 652
1783704661176 0.07236848771572113 653
1783704661307 0.05726815015077591 654
1783704661441 0.12490225583314896 655
1783704661609 0.056861162185668945 656
1783704661792 0.09505979716777802 657
1783704661939 0.082265704870224 658
1783704662111 0.04709801450371742 659
1783704662274 0.15021145343780518 660
1783704662460 0.07199078053236008 661
1783704662679 0.07497246563434601 662
1783704662823 0.10252907127141953 663
1783704663003 0.053908102214336395 664
1783704663147 0.07644102722406387 665
1783704663323 0.07663536071777344 666
1783704663491 0.09918279200792313 667
1783704663640 0.09662563353776932 668
1783704663786 0.0898846834897995 669
1783704663898 0.07817652076482773 670
1783704664033 0.03830335661768913 671
1783704664182 0.08782748878002167 672
1783704664326 0.07872854173183441 673
1783704664484 0.09427005797624588 674
1783704664658 0.07427860796451569 675
1783704664820 0.08928638696670532 676
1783704664990 0.06948301941156387 677
1783704665205 0.05952847748994827 678
1783704665376 0.09773203730583191 679
1783704665501 0.19412878155708313 680
1783704665643 0.057931188493967056 681
1783704665757 0.08717329800128937 682
1783704665887 0.04978339374065399 683
1783704666005 0.06313803791999817 684
1783704666128 0.0913250595331192 685
1783704666254 0.1333964765071869 686
1783704666379 0.07801186293363571 687
1783704666490 0.06855610758066177 688
1783704666595 0.07918953895568848 689
1783704666693 0.04736964777112007 690
1783704666816 0.07366850972175598 691
1783704666962 0.13329482078552246 692
1783704667092 0.07667816430330276 693
1783704667219 0.0843023955821991 694
1783704667339 0.09522999823093414 695
1783704667454 0.11551135778427124 696
1783704667570 0.14284572005271912 697
1783704667688 0.1029563844203949 698
1783704667818 0.0477113202214241 699
1783704667961 0.09136830270290375 700
1783704668079 0.07584154605865479 701
1783704668204 0.0789492130279541 702
1783704668346 0.10394951701164246 703
1783704668462 0.0454121008515358 704
1783704668575 0.1152765303850174 705
1783704668686 0.09764740616083145 706
1783704668806 0.10293302685022354 707
1783704668942 0.08465567976236343 708
1783704669061 0.11163684725761414 709
1783704669170 0.11863542348146439 710
1783704669275 0.06446494907140732 711
1783704669396 0.0829450860619545 712
1783704669503 0.10586902499198914 713
1783704669687 0.07547348737716675 714
1783704669812 0.0959295928478241 715
1783704669937 0.07623568177223206 716
1783704670124 0.08558107167482376 717
1783704670293 0.0792073905467987 718
1783704670439 0.06938493251800537 719
1783704670633 0.13558700680732727 720
1783704670850 0.09354384988546371 721
1783704671043 0.11128958314657211 722
1783704671242 0.06757161021232605 723
1783704671387 0.05470191687345505 724
1783704671560 0.03374071419239044 725
1783704671694 0.060901522636413574 726
1783704671872 0.07760191708803177 727
1783704672037 0.03106694296002388 728
1783704672321 0.0976569801568985 729
1783704672516 0.11106652021408081 730
1783704672683 0.0794503390789032 731
1783704672953 0.06686155498027802 732
1783704673079 0.09083515405654907 733
1783704673260 0.07064256817102432 734
1783704673476 0.07715113461017609 735
1783704673707 0.0881677120923996 736
1783704673879 0.06905854493379593 737
1783704674079 0.1014256626367569 738
1783704674243 0.0932212769985199 739
1783704674369 0.08733420073986053 740
1783704674535 0.09704478830099106 741
1783704674679 0.07669882476329803 742
1783704674804 0.07389824092388153 743
1783704674930 0.06241703778505325 744
1783704675090 0.08512654155492783 745
1783704675216 0.10266734659671783 746
1783704675391 0.07788026332855225 747
1783704675536 0.06531494110822678 748
1783704675642 0.0944162979722023 749
1783704675760 0.1087493821978569 750
1783704675869 0.15949571132659912 751
1783704675994 0.08571706712245941 752
1783704676141 0.15438111126422882 753
1783704676269 0.07270772755146027 754
1783704676408 0.06670045852661133 755
1783704676527 0.06816494464874268 756
1783704676656 0.05122709274291992 757
1783704676770 0.048446886241436005 758
1783704676900 0.09065648913383484 759
1783704677042 0.05859523266553879 760
1783704677185 0.04828191176056862 761
1783704677325 0.0789593756198883 762
1783704677464 0.06897240877151489 763
1783704677582 0.055915478616952896 764
1783704677756 0.08809608221054077 765
1783704678110 0.07679145038127899 766
1783704678300 0.06539694964885712 767
1783704678477 0.07964762300252914 768
1783704678652 0.06239629536867142 769
1783704678844 0.03551753610372543 770
1783704679039 0.07914292812347412 771
1783704679260 0.055124636739492416 772
1783704679407 0.09392324835062027 773
1783704679600 0.050538573414087296 774
1783704679783 0.06425562500953674 775
1783704679969 0.054266009479761124 776
1783704680144 0.05496911332011223 777
1783704680321 0.07698523998260498 778
1783704680550 0.07415921241044998 779
1783704680722 0.1187722235918045 780
1783704680888 0.05731811374425888 781
1783704681074 0.0863337591290474 782
1783704681262 0.09606564044952393 783
1783704681439 0.08565382659435272 784
1783704681613 0.08313429355621338 785
1783704681808 0.07610955834388733 786
1783704681983 0.07390227913856506 787
1783704682176 0.09550820291042328 788
1783704682353 0.0836857333779335 789
1783704682524 0.0551748163998127 790
1783704682674 0.11544186621904373 791
1783704682802 0.11482775956392288 792
1783704682992 0.030826300382614136 793
1783704683120 0.08116364479064941 794
1783704683263 0.06917385756969452 795
1783704683402 0.056418877094984055 796
1783704683545 0.11949596554040909 797
1783704683693 0.11738289147615433 798
1783704683823 0.06663794070482254 799
1783704683961 0.09449026733636856 800
1783704684106 0.04905511438846588 801
1783704684256 0.07126127928495407 802
1783704684386 0.10164147615432739 803
1783704684528 0.0451883003115654 804
1783704684657 0.07015910744667053 805
1783704684805 0.0562383309006691 806
1783704684953 0.0847221314907074 807
1783704685101 0.044312745332717896 808
1783704685236 0.05211348086595535 809
1783704685377 0.060240138322114944 810
1783704685522 0.031917691230773926 811
1783704685650 0.04492412507534027 812
1783704685792 0.0928390622138977 813
1783704685919 0.06050910800695419 814
1783704686062 0.07519957423210144 815
1783704686219 0.10388331115245819 816
1783704686361 0.10162437707185745 817
1783704686503 0.06109725683927536 818
1783704686615 0.13210329413414001 819
1783704686729 0.06194670498371124 820
1783704686860 0.05422639101743698 821
1783704686994 0.04728539660573006 822
1783704687154 0.06317742168903351 823
1783704687308 0.06457531452178955 824
1783704687459 0.08564294874668121 825
1783704687592 0.07970339059829712 826
1783704687738 0.05214006081223488 827
1783704687879 0.0649949386715889 828
1783704688020 0.045939307659864426 829
1783704688159 0.06740281730890274 830
1783704688310 0.04862019792199135 831
1783704688462 0.048828668892383575 832
1783704688588 0.09444543719291687 833
1783704688719 0.05954642593860626 834
1783704688830 0.11597296595573425 835
1783704688975 0.1478653848171234 836
1783704689113 0.06592226028442383 837
1783704689442 0.05659683421254158 838
1783704689571 0.09332099556922913 839
1783704689754 0.09608666598796844 840
1783704689940 0.034566886723041534 841
1783704690141 0.061216168105602264 842
1783704690322 0.07372700423002243 843
1783704690480 0.060649361461400986 844
1783704690749 0.060918986797332764 845
1783704690891 0.11500074714422226 846
1783704691068 0.15904630720615387 847
1783704691254 0.13252773880958557 848
1783704691447 0.03214121609926224 849
1783704691629 0.08927834779024124 850
1783704691817 0.0948614776134491 851
1783704691988 0.03080904483795166 852
1783704692165 0.0779937207698822 853
1783704692333 0.07614614069461823 854
1783704692507 0.042786527425050735 855
1783704692694 0.04370162636041641 856
1783704692877 0.06966253370046616 857
1783704693040 0.1073116809129715 858
1783704693238 0.0813107043504715 859
1783704693452 0.07796277105808258 860
1783704693634 0.09507375955581665 861
1783704693818 0.07847926765680313 862
1783704694005 0.03247768431901932 863
1783704694179 0.0611097514629364 864
1783704694354 0.048270270228385925 865
1783704694572 0.06321518868207932 866
1783704694763 0.03536399081349373 867
1783704694963 0.0738144963979721 868
1783704695176 0.05027645826339722 869
1783704695358 0.03727130591869354 870
1783704695523 0.10789194703102112 871
1783704695686 0.11056464910507202 872
1783704695823 0.06812673062086105 873
1783704695955 0.10481366515159607 874
1783704696070 0.027795998379588127 875
1783704696221 0.095797099173069 876
1783704696334 0.0713280439376831 877
1783704696451 0.03793041408061981 878
1783704696561 0.0717940479516983 879
1783704696676 0.07703401893377304 880
1783704696821 0.06883181631565094 881
1783704696977 0.05532163381576538 882
1783704697110 0.06273411214351654 883
1783704697243 0.030191706493496895 884
1783704697388 0.074001744389534 885
1783704697517 0.06681856513023376 886
1783704697632 0.08870566636323929 887
1783704697778 0.05627026408910751 888
1783704697919 0.09042149037122726 889
1783704698050 0.06064983829855919 890
1783704698197 0.07607021182775497 891
1783704698352 0.1020963191986084 892
1783704698480 0.08146752417087555 893
1783704698604 0.026726843789219856 894
1783704698718 0.038893911987543106 895
1783704698817 0.05465049296617508 896
1783704698937 0.0358666256070137 897
1783704699054 0.027468115091323853 898
1783704699203 0.04528523609042168 899
1783704699342 0.09703480452299118 900
1783704699465 0.04139332473278046 901
1783704699626 0.04275989904999733 902
1783704699758 0.08448978513479233 903
1783704699919 0.02460625395178795 904
1783704700091 0.158341646194458 905
1783704700253 0.09864665567874908 906
1783704700441 0.05937768891453743 907
1783704700637 0.12496300786733627 908
1783704700939 0.08752124011516571 909
1783704701104 0.05008489638566971 910
1783704701284 0.10799701511859894 911
1783704701456 0.05384758487343788 912
1783704701651 0.033591076731681824 913
1783704701838 0.13160976767539978 914
1783704702004 0.0786486342549324 915
1783704702193 0.09024155139923096 916
1783704702377 0.06104273349046707 917
1783704702576 0.048364222049713135 918
1783704702755 0.03618517518043518 919
1783704702956 0.07496225088834763 920
1783704703139 0.10571789741516113 921
1783704703323 0.07044916599988937 922
1783704703555 0.049444787204265594 923
1783704703692 0.09020702540874481 924
1783704703818 0.04203520715236664 925
1783704703957 0.03357933089137077 926
1783704704077 0.03868275508284569 927
1783704704199 0.06729742884635925 928
1783704704343 0.031690724194049835 929
1783704704500 0.0952252745628357 930
1783704704774 0.027087034657597542 931
1783704704904 0.040236011147499084 932
1783704705040 0.05339810997247696 933
1783704705167 0.1291455328464508 934
1783704705306 0.10258970409631729 935
1783704705433 0.045265235006809235 936
1783704706599 0.08058095723390579 937
1783704706708 0.048987701535224915 938
1783704706840 0.08377248793840408 939
1783704706990 0.10645082592964172 940
1783704707126 0.03417668864130974 941
1783704707274 0.06647329032421112 942
1783704707412 0.07177739590406418 943
1783704707561 0.054205961525440216 944
1783704707708 0.03533104434609413 945
1783704707858 0.04096546769142151 946
1783704708010 0.06813748180866241 947
1783704708158 0.08071449398994446 948
1783704708292 0.07346764951944351 949
1783704708468 0.04882071167230606 950
1783704708587 0.050735682249069214 951
1783704708715 0.029059521853923798 952
1783704708856 0.037515319883823395 953
1783704709036 0.08410857617855072 954
1783704709206 0.07569993287324905 955
1783704709369 0.032296668738126755 956
1783704709562 0.024623235687613487 957
1783704709811 0.14997461438179016 958
1783704709975 0.09340871870517731 959
1783704710176 0.031029939651489258 960
1783704710413 0.10811097919940948 961
1783704710588 0.04395400360226631 962
1783704710754 0.08688017725944519 963
1783704710905 0.050877489149570465 964
1783704711050 0.06891447305679321 965
1783704711244 0.03777843713760376 966
1783704711407 0.04419223219156265 967
1783704711565 0.06264501810073853 968
1783704711726 0.054700516164302826 969
1783704711904 0.06426119059324265 970
1783704712071 0.02729753404855728 971
1783704712307 0.05380415543913841 972
1783704712488 0.03328145295381546 973
1783704712673 0.09831859916448593 974
1783704712867 0.06507500261068344 975
1783704713044 0.06571482867002487 976
1783704713207 0.07908811420202255 977
1783704713375 0.08070842921733856 978
1783704713545 0.03595302999019623 979
1783704713741 0.08600541949272156 980
1783704713934 0.044313620775938034 981
1783704714112 0.0704229325056076 982
1783704714258 0.03330887854099274 983
1783704714440 0.05899110436439514 984
1783704714614 0.03903955593705177 985
1783704714987 0.07326897233724594 986
1783704715162 0.054753758013248444 987
1783704715355 0.05973328277468681 988
1783704715603 0.05681478604674339 989
1783704715766 0.09330900013446808 990
1783704715901 0.10735014081001282 991
1783704716041 0.08115917444229126 992
1783704716171 0.1206565573811531 993
1783704716290 0.1363619714975357 994
1783704716415 0.07919317483901978 995
1783704716536 0.11392493546009064 996
1783704716649 0.09575960040092468 997
1783704716775 0.07536699622869492 998
1783704716908 0.030515093356370926 999
1783704717035 0.06804992258548737 1000
1783704717179 0.05468124896287918 1001
1783704717338 0.11465507745742798 1002
1783704717475 0.06965760141611099 1003
1783704717603 0.08376006036996841 1004
1783704717735 0.1159268394112587 1005
1783704717876 0.028784606605768204 1006
1783704718021 0.08552906662225723 1007
1783704718155 0.10129908472299576 1008
1783704718285 0.0363578274846077 1009
1783704718419 0.037756942212581635 1010
1783704718562 0.062097255140542984 1011
1783704718699 0.04672064259648323 1012
1783704718819 0.0277091097086668 1013
1783704718934 0.051620002835989 1014
1783704719054 0.05062994360923767 1015
1783704719190 0.06614367663860321 1016
1783704719326 0.04789246618747711 1017
1783704719456 0.043853506445884705 1018
1783704719586 0.03869466111063957 1019
1783704719713 0.035504117608070374 1020
1783704719857 0.08231654018163681 1021
1783704720008 0.04212226718664169 1022
1783704720135 0.04948402941226959 1023
1783704720269 0.03139706701040268 1024
1783704720422 0.06500209867954254 1025
1783704720558 0.02915326878428459 1026
1783704720699 0.12816177308559418 1027
1783704720847 0.06985476613044739 1028
1783704720972 0.10766347497701645 1029
1783704721181 0.028043556958436966 1030
1783704721345 0.045234691351652145 1031
1783704721532 0.06241629645228386 1032
1783704721723 0.05632369592785835 1033
1783704721895 0.04140840470790863 1034
1783704722033 0.05716603994369507 1035
1783704722197 0.04520633816719055 1036
1783704722433 0.049157846719026566 1037
1783704722603 0.05344116687774658 1038
1783704722785 0.09818859398365021 1039
1783704722952 0.0694381520152092 1040
1783704723092 0.06560606509447098 1041
1783704723250 0.0678112655878067 1042
1783704723421 0.03869176656007767 1043
1783704723685 0.057783421128988266 1044
1783704723875 0.04288752004504204 1045
1783704724067 0.04327968508005142 1046
1783704724225 0.0337274968624115 1047
1783704724388 0.10850288718938828 1048
1783704724549 0.06939937174320221 1049
1783704724721 0.07572842389345169 1050
1783704725016 0.06661286950111389 1051
1783704725203 0.1359204202890396 1052
1783704725371 0.05409819632768631 1053
1783704725540 0.06958989799022675 1054
1783704725717 0.07316812127828598 1055
1783704725882 0.06920027732849121 1056
1783704726042 0.06214859336614609 1057
1783704726275 0.05270828306674957 1058
1783704726423 0.08761075139045715 1059
1783704726546 0.06638899445533752 1060
1783704726675 0.11219533532857895 1061
1783704726859 0.10259979963302612 1062
1783704727003 0.08653296530246735 1063
1783704727149 0.07494638115167618 1064
1783704727298 0.06278683245182037 1065
1783704727500 0.08485020697116852 1066
1783704727626 0.09646080434322357 1067
1783704727770 0.07468674331903458 1068
1783704727910 0.06310737878084183 1069
1783704728050 0.027281906455755234 1070
1783704728197 0.03515028953552246 1071
1783704728336 0.08976376056671143 1072
1783704728473 0.07543224096298218 1073
1783704728605 0.05333707854151726 1074
1783704728769 0.031334664672613144 1075
1783704728921 0.04586028307676315 1076
1783704729048 0.0410245917737484 1077
1783704729188 0.03831101953983307 1078
1783704729309 0.06073838472366333 1079
1783704729463 0.06719567626714706 1080
1783704729600 0.042772673070430756 1081
1783704729747 0.0460217148065567 1082
1783704729897 0.06105150282382965 1083
1783704730038 0.039858750998973846 1084
1783704730177 0.11999446898698807 1085
1783704730325 0.047909535467624664 1086
1783704730450 0.06056806072592735 1087
1783704730577 0.04154901206493378 1088
1783704730693 0.1051974892616272 1089
1783704730840 0.05105840414762497 1090
1783704730984 0.04072129353880882 1091
1783704731126 0.0622338131070137 1092
1783704731256 0.05837400257587433 1093
1783704731403 0.06080523878335953 1094
1783704731519 0.04167073965072632 1095
1783704731656 0.04949085786938667 1096
1783704731784 0.060958802700042725 1097
1783704731919 0.05878923833370209 1098
1783704732053 0.13717028498649597 1099
1783704732192 0.07014846056699753 1100
1783704732340 0.091071218252182 1101
1783704732470 0.02947693131864071 1102
1783704732600 0.07030574977397919 1103
1783704732732 0.04089324176311493 1104
1783704732869 0.049516648054122925 1105
1783704733049 0.02078438177704811 1106
1783704733209 0.036391422152519226 1107
1783704733388 0.06559164822101593 1108
1783704733585 0.09404570609331131 1109
1783704733816 0.08113738894462585 1110
1783704733995 0.04287106916308403 1111
1783704734180 0.05473670735955238 1112
1783704734342 0.0694410651922226 1113
1783704734514 0.05269082635641098 1114
1783704734697 0.045360252261161804 1115
1783704734846 0.1039455235004425 1116
1783704735115 0.07584044337272644 1117
1783704735266 0.06588773429393768 1118
1783704735409 0.021962765604257584 1119
1783704735587 0.07579495757818222 1120
1783704735756 0.029116224497556686 1121
1783704735941 0.031463928520679474 1122
1783704736116 0.03485213220119476 1123
1783704736310 0.0594850592315197 1124
1783704736487 0.08986430615186691 1125
1783704736600 0.05008123442530632 1126
1783704736725 0.02766362950205803 1127
1783704736904 0.043140776455402374 1128
1783704737087 0.08488697558641434 1129
1783704737273 0.04271245747804642 1130
1783704737460 0.07065632194280624 1131
1783704737649 0.12575338780879974 1132
1783704737879 0.18804293870925903 1133
1783704738068 0.04254566878080368 1134
1783704738275 0.043929629027843475 1135
1783704738477 0.13714346289634705 1136
1783704738633 0.06822381168603897 1137
1783704738767 0.07262387871742249 1138
1783704738975 0.05136657878756523 1139
1783704739107 0.049709200859069824 1140
1783704739254 0.11826109141111374 1141
1783704739389 0.044904276728630066 1142
1783704739537 0.046214666217565536 1143
1783704739685 0.04237532243132591 1144
1783704739843 0.13266021013259888 1145
1783704739984 0.02861502766609192 1146
1783704740121 0.064425028860569 1147
1783704740276 0.033093277364969254 1148
1783704740407 0.04900263249874115 1149
1783704740535 0.030299857258796692 1150
1783704740673 0.07087329775094986 1151
1783704740823 0.04527530074119568 1152
1783704740968 0.05495158210396767 1153
1783704741089 0.017825273796916008 1154
1783704741222 0.057392753660678864 1155
1783704741342 0.03293741121888161 1156
1783704741503 0.06252993643283844 1157
1783704741638 0.0765213668346405 1158
1783704741767 0.07091758400201797 1159
1783704741912 0.019041281193494797 1160
1783704742034 0.04585374891757965 1161
1783704742206 0.04461480304598808 1162
1783704742391 0.06973770260810852 1163
1783704742563 0.07778932899236679 1164
1783704742863 0.0971677303314209 1165
1783704743039 0.052819155156612396 1166
1783704743218 0.07950615137815475 1167
1783704743424 0.023994285613298416 1168
1783704743608 0.08933567255735397 1169
1783704743786 0.08704745024442673 1170
1783704744033 0.06560415774583817 1171
1783704744178 0.052803464233875275 1172
1783704744334 0.02138776145875454 1173
1783704744537 0.0434747077524662 1174
1783704744725 0.029914528131484985 1175
1783704744952 0.03485938906669617 1176
1783704745149 0.1164936050772667 1177
1783704745353 0.02697412110865116 1178
1783704745529 0.07953523099422455 1179
1783704745736 0.05688009783625603 1180
1783704745907 0.03914370760321617 1181
1783704746092 0.051659129559993744 1182
1783704746267 0.0229365061968565 1183
1783704746442 0.04023224860429764 1184
1783704746607 0.06889589130878448 1185
1783704746719 0.03578383848071098 1186
1783704746865 0.07483558356761932 1187
1783704747031 0.08941097557544708 1188
1783704747177 0.014060596004128456 1189
1783704747332 0.06833063066005707 1190
1783704747480 0.0777282565832138 1191
1783704747630 0.07962561398744583 1192
1783704747954 0.031522877514362335 1193
1783704748108 0.0686194896697998 1194
1783704748253 0.08534097671508789 1195
1783704748398 0.0730285793542862 1196
1783704748531 0.06485406309366226 1197
1783704748651 0.04629441350698471 1198
1783704748801 0.027844423428177834 1199
1783704748943 0.043734245002269745 1200
1783704749231 0.06655464321374893 1201
1783704749365 0.07082618027925491 1202
1783704749502 0.04503688961267471 1203
1783704749637 0.12503483891487122 1204
1783704749777 0.05614915490150452 1205
1783704749922 0.05729973316192627 1206
1783704750055 0.04272516071796417 1207
1783704750180 0.06379004567861557 1208
1783704750378 0.07749705016613007 1209
1783704750517 0.06572987139225006 1210
1783704750648 0.08387916535139084 1211
1783704750786 0.05926787480711937 1212
1783704750924 0.06036805734038353 1213
1783704751038 0.0327736921608448 1214
1783704751166 0.15468581020832062 1215
1783704751316 0.0911598652601242 1216
1783704751471 0.09421034902334213 1217
1783704751618 0.03796806558966637 1218
1783704751755 0.08948708325624466 1219
1783704751897 0.08194194734096527 1220
1783704752042 0.013953674584627151 1221
1783704752180 0.03442639857530594 1222
1783704752321 0.032993245869874954 1223
1783704752454 0.04521119222044945 1224
1783704752592 0.06267093122005463 1225
1783704752743 0.061215419322252274 1226
1783704752895 0.10285734385251999 1227
1783704753055 0.09183461964130402 1228
1783704753212 0.03148173913359642 1229
1783704753344 0.03915933892130852 1230
1783704753488 0.038217801600694656 1231
1783704753637 0.04735180735588074 1232
1783704753837 0.04535629227757454 1233
1783704754008 0.06617134809494019 1234
1783704754216 0.021410472691059113 1235
1783704754386 0.07819177210330963 1236
1783704754574 0.03912296146154404 1237
1783704754776 0.02905251458287239 1238
1783704754964 0.08093582093715668 1239
1783704755174 0.05287913978099823 1240
1783704755439 0.034541670233011246 1241
1783704755624 0.045917291194200516 1242
1783704755824 0.04288959875702858 1243
1783704755989 0.0862487182021141 1244
1783704756175 0.021632110700011253 1245
1783704756358 0.14049308001995087 1246
1783704756530 0.03942935913801193 1247
1783704756632 0.04403406381607056 1248
1783704756747 0.05744844675064087 1249
1783704756918 0.042711254209280014 1250
1783704757088 0.02998749539256096 1251
1783704757249 0.03315688669681549 1252
1783704757432 0.03902547061443329 1253
1783704757591 0.052820928394794464 1254
1783704757740 0.09067775309085846 1255
1783704758168 0.02120404876768589 1256
1783704758320 0.02842801623046398 1257
1783704758503 0.04724818468093872 1258
1783704758666 0.04304768145084381 1259
1783704758797 0.039167050272226334 1260
1783704758934 0.045482903718948364 1261
1783704759090 0.04333702474832535 1262
1783704759235 0.03562898561358452 1263
1783704759374 0.029772577807307243 1264
1783704759503 0.06564387679100037 1265
1783704759647 0.061982158571481705 1266
1783704759782 0.026866182684898376 1267
1783704759924 0.07329577952623367 1268
1783704760066 0.04782912880182266 1269
1783704760203 0.12751388549804688 1270
1783704760386 0.08096399903297424 1271
1783704760715 0.07799187302589417 1272
1783704760891 0.024512549862265587 1273
1783704761067 0.02851564809679985 1274
1783704761267 0.06172948330640793 1275
1783704761442 0.06882410496473312 1276
1783704761633 0.06192304193973541 1277
1783704761821 0.033881399780511856 1278
1783704762005 0.06279116123914719 1279
1783704762225 0.1007295772433281 1280
1783704762407 0.04584265127778053 1281
1783704762603 0.09539348632097244 1282
1783704762790 0.02241920307278633 1283
1783704762994 0.039011117070913315 1284
1783704763139 0.06466760486364365 1285
1783704763263 0.0702013447880745 1286
1783704763385 0.07110358774662018 1287
1783704763521 0.10098163783550262 1288
1783704763650 0.05616511404514313 1289
1783704763793 0.0973939448595047 1290
1783704763922 0.020691419020295143 1291
1783704764066 0.06755813956260681 1292
1783704764199 0.03844635561108589 1293
1783704764333 0.0574788823723793 1294
1783704764457 0.04510768502950668 1295
1783704764579 0.014947284013032913 1296
1783704764700 0.06318826228380203 1297
1783704764847 0.04640809819102287 1298
1783704764998 0.07019801437854767 1299
1783704765149 0.07073038071393967 1300
1783704765298 0.02122686244547367 1301
1783704765446 0.09300835430622101 1302
1783704765598 0.08339715003967285 1303
1783704765733 0.09409613907337189 1304
1783704765882 0.0641498863697052 1305
1783704766021 0.04752018302679062 1306
1783704766170 0.061968740075826645 1307
1783704766300 0.09279127418994904 1308
1783704766436 0.07234582304954529 1309
1783704766566 0.022131334990262985 1310
1783704766701 0.07986612617969513 1311
1783704766834 0.11244359612464905 1312
1783704766974 0.09036383032798767 1313
1783704767088 0.09112830460071564 1314
1783704767204 0.041091080754995346 1315
1783704767320 0.04991645738482475 1316
1783704767454 0.04267208278179169 1317
1783704767592 0.06373459100723267 1318
1783704767732 0.03688124939799309 1319
1783704767846 0.04538765177130699 1320
1783704767996 0.07675662636756897 1321
1783704768120 0.02729533240199089 1322
1783704768255 0.04522965848445892 1323
1783704768466 0.12486539781093597 1324
1783704768638 0.0280213113874197 1325
1783704768807 0.045959170907735825 1326
1783704768939 0.09776729345321655 1327
1783704769131 0.04570784047245979 1328
1783704769301 0.028775982558727264 1329
1783704769476 0.10660836100578308 1330
1783704769717 0.04238298162817955 1331
1783704769856 0.12161395698785782 1332
1783704770036 0.03327013924717903 1333
1783704770221 0.059524744749069214 1334
1783704770384 0.049393780529499054 1335
1783704770589 0.0357016995549202 1336
1783704770790 0.026338940486311913 1337
1783704770951 0.04076763242483139 1338
1783704771123 0.06031595915555954 1339
1783704771303 0.05697700381278992 1340
1783704771517 0.03795088827610016 1341
1783704771687 0.03727538883686066 1342
1783704771854 0.031670477241277695 1343
1783704772023 0.05760679394006729 1344
1783704772177 0.05424027889966965 1345
1783704772373 0.09497363865375519 1346
1783704772558 0.02766779251396656 1347
1783704772739 0.06039212644100189 1348
1783704772905 0.07281537353992462 1349
1783704773071 0.0349709615111351 1350
1783704773230 0.10911255329847336 1351
1783704773449 0.047049038112163544 1352
1783704773700 0.04904761537909508 1353
1783704773873 0.034676700830459595 1354
1783704774038 0.02131064236164093 1355
1783704774206 0.07377485185861588 1356
1783704774386 0.04947783797979355 1357
1783704774556 0.04092301428318024 1358
1783704774852 0.07849962264299393 1359
1783704775032 0.10501693189144135 1360
1783704775252 0.07159337401390076 1361
1783704775426 0.0372040718793869 1362
1783704775644 0.07521370053291321 1363
1783704775839 0.03442537784576416 1364
1783704776132 0.055847518146038055 1365
1783704776265 0.06591822952032089 1366
1783704776387 0.025607571005821228 1367
1783704776534 0.08768226206302643 1368
1783704776641 0.11569620668888092 1369
1783704776740 0.07860901951789856 1370
1783704776868 0.036436282098293304 1371
1783704777015 0.08582845330238342 1372
1783704777151 0.07086233794689178 1373
1783704777277 0.0829542800784111 1374
1783704777397 0.04458048939704895 1375
1783704777506 0.05236882343888283 1376
1783704777645 0.06757773458957672 1377
1783704777787 0.15484684705734253 1378
1783704777935 0.01853291131556034 1379
1783704778068 0.11919145286083221 1380
1783704778199 0.04687102138996124 1381
1783704778338 0.09574275463819504 1382
1783704778473 0.05866780877113342 1383
1783704778622 0.05635078251361847 1384
1783704778752 0.06669014692306519 1385
1783704778866 0.13137617707252502 1386
1783704779000 0.03780820593237877 1387
1783704779146 0.04546613246202469 1388
1783704779272 0.04768771678209305 1389
1783704779412 0.03746066614985466 1390
1783704779563 0.03291745111346245 1391
1783704779713 0.029391035437583923 1392
1783704779864 0.1025228276848793 1393
1783704779990 0.05219981074333191 1394
1783704780111 0.08173996955156326 1395
1783704780252 0.07476821541786194 1396
1783704780394 0.03123793751001358 1397
1783704780535 0.11836083978414536 1398
1783704780668 0.04667900502681732 1399
1783704780818 0.07207728922367096 1400
1783704780943 0.022693544626235962 1401
1783704781078 0.07921937108039856 1402
1783704781237 0.0987466424703598 1403
1783704781370 0.05610744655132294 1404
1783704781516 0.05721849948167801 1405
1783704781662 0.027969863265752792 1406
1783704781793 0.05014022812247276 1407
1783704781937 0.05326756462454796 1408
1783704782082 0.11806640774011612 1409
1783704782220 0.04988141730427742 1410
1783704782366 0.10943043231964111 1411
1783704782506 0.08368311077356339 1412
1783704782622 0.0442257784307003 1413
1783704782734 0.03122531808912754 1414
1783704782858 0.09017203748226166 1415
1783704782981 0.03748629614710808 1416
1783704783099 0.07518564164638519 1417
1783704783245 0.04292159527540207 1418
1783704783373 0.05808562785387039 1419
1783704783537 0.10508677363395691 1420
1783704783753 0.07785133272409439 1421
1783704783931 0.03616882488131523 1422
1783704784106 0.04796016588807106 1423
1783704784268 0.07381212711334229 1424
1783704784411 0.03894181177020073 1425
1783704784586 0.09139088541269302 1426
1783704784779 0.03168795630335808 1427
1783704785083 0.10830465704202652 1428
1783704785263 0.03361763060092926 1429
1783704785432 0.037119071930646896 1430
1783704785606 0.04608277603983879 1431
1783704785806 0.02841438725590706 1432
1783704785985 0.0685320645570755 1433
1783704786165 0.10439680516719818 1434
1783704786425 0.03153982013463974 1435
1783704786578 0.08419449627399445 1436
1783704786696 0.02269974909722805 1437
1783704786867 0.019751887768507004 1438
1783704787062 0.056525539606809616 1439
1783704787235 0.034211885184049606 1440
1783704787424 0.03791799768805504 1441
1783704787651 0.07643678039312363 1442
1783704787837 0.08642085641622543 1443
1783704788017 0.08414962887763977 1444
1783704788186 0.08971686661243439 1445
1783704788363 0.027453400194644928 1446
1783704788557 0.0854509174823761 1447
1783704788765 0.07371316105127335 1448
1783704788946 0.0443820022046566 1449
1783704789101 0.04578610882163048 1450
1783704789263 0.02572813630104065 1451
1783704789438 0.050232671201229095 1452
1783704789619 0.06315577030181885 1453
1783704789785 0.0790967270731926 1454
1783704789935 0.06060709059238434 1455
1783704790092 0.06587107479572296 1456
1783704790249 0.08696278929710388 1457
1783704790362 0.061435431241989136 1458
1783704790477 0.03263178840279579 1459
1783704790604 0.048025649040937424 1460
1783704790744 0.08824571967124939 1461
1783704790899 0.05353456363081932 1462
1783704791051 0.06895533204078674 1463
1783704791200 0.09346575289964676 1464
1783704791346 0.11527606844902039 1465
1783704791503 0.05893503502011299 1466
1783704791630 0.047683123499155045 1467
1783704791865 0.04604635387659073 1468
1783704792018 0.07740533351898193 1469
1783704792168 0.023629216477274895 1470
1783704792339 0.03374779596924782 1471
1783704792521 0.05585622414946556 1472
1783704792791 0.07639128714799881 1473
1783704792975 0.12772983312606812 1474
1783704793121 0.0906420573592186 1475
1783704793285 0.032287731766700745 1476
1783704793481 0.018866363912820816 1477
1783704793628 0.06513244658708572 1478
1783704793838 0.01591138169169426 1479
1783704794021 0.06045185402035713 1480
1783704794152 0.041551653295755386 1481
1783704794319 0.034294042736291885 1482
1783704794508 0.04407286271452904 1483
1783704794688 0.021306296810507774 1484
1783704794870 0.06980990618467331 1485
1783704795053 0.03669010475277901 1486
1783704795300 0.07468823343515396 1487
1783704795442 0.09582346677780151 1488
1783704795579 0.08077444136142731 1489
1783704795722 0.03178893029689789 1490
1783704795852 0.14172542095184326 1491
1783704796004 0.042781565338373184 1492
1783704796129 0.015221904031932354 1493
1783704796271 0.07919065654277802 1494
1783704796417 0.10354191064834595 1495
1783704796548 0.05610349774360657 1496
1783704796664 0.02536444552242756 1497
1783704796773 0.10630998760461807 1498
1783704796905 0.126217782497406 1499
1783704797055 0.11157876253128052 1500
1783704797166 0.12449812144041061 1501
1783704797299 0.1005602478981018 1502
1783704797441 0.10762608051300049 1503
1783704797587 0.04652620106935501 1504
1783704797747 0.025935424491763115 1505
1783704797914 0.07537513971328735 1506
1783704798047 0.060228921473026276 1507
1783704798171 0.06655552238225937 1508
1783704798316 0.05252392962574959 1509
1783704798467 0.05933026969432831 1510
1783704798599 0.0379008986055851 1511
1783704798713 0.10233630985021591 1512
1783704798835 0.09635765105485916 1513
1783704798951 0.06069093570113182 1514
1783704799101 0.052271079272031784 1515
1783704799237 0.05428370088338852 1516
1783704799396 0.04493511840701103 1517
1783704799572 0.10590574145317078 1518
1783704799731 0.08435527980327606 1519
1783704799902 0.04601740092039108 1520
1783704800073 0.05447406321763992 1521
1783704800275 0.051179438829422 1522
1783704800488 0.04631071537733078 1523
1783704800672 0.06485404074192047 1524
1783704800877 0.03746508061885834 1525
1783704801038 0.07496580481529236 1526
1783704801218 0.07450993359088898 1527
1783704801410 0.07453538477420807 1528
1783704801584 0.03453724831342697 1529
1783704801834 0.04420312121510506 1530
1783704802005 0.04432252049446106 1531
1783704802173 0.0728878378868103 1532
1783704802352 0.06404151022434235 1533
1783704802528 0.12377326935529709 1534
1783704802717 0.0968470647931099 1535
1783704802902 0.10201719403266907 1536
1783704803114 0.06420635432004929 1537
1783704803280 0.06308881938457489 1538
1783704803470 0.027710622176527977 1539
1783704803652 0.04556071013212204 1540
1783704803837 0.0319177471101284 1541
1783704804035 0.1354684829711914 1542
1783704804254 0.10953891277313232 1543
1783704804427 0.059555407613515854 1544
1783704804603 0.06893393397331238 1545
1783704804785 0.0772387832403183 1546
1783704804929 0.10032020509243011 1547
1783704805085 0.050922129303216934 1548
1783704805263 0.05983145162463188 1549
1783704805435 0.03229496255517006 1550
1783704805600 0.06589748710393906 1551
1783704805716 0.06725095212459564 1552
1783704805829 0.0468602329492569 1553
1783704805968 0.028191624209284782 1554
1783704806119 0.0649619847536087 1555
1783704806232 0.03644854575395584 1556
1783704806381 0.048080191016197205 1557
1783704806508 0.036563776433467865 1558
1783704806629 0.03707066923379898 1559
1783704806751 0.08100825548171997 1560
1783704806895 0.028283648192882538 1561
1783704807021 0.01946406625211239 1562
1783704807136 0.051569730043411255 1563
1783704807280 0.20816326141357422 1564
1783704807422 0.03876979276537895 1565
1783704807564 0.03944830968976021 1566
1783704807703 0.07345365732908249 1567
1783704807837 0.09508445113897324 1568
1783704807970 0.018794190138578415 1569
1783704808098 0.0980360209941864 1570
1783704808228 0.027222443372011185 1571
1783704808356 0.10677552968263626 1572
1783704808482 0.041758447885513306 1573
1783704808614 0.07812005281448364 1574
1783704808721 0.04560980200767517 1575
1783704808869 0.11185702681541443 1576
1783704809022 0.10422386229038239 1577
1783704809148 0.06397231668233871 1578
1783704809278 0.09430354833602905 1579
1783704809438 0.0512576699256897 1580
1783704809571 0.061997927725315094 1581
1783704809697 0.039979785680770874 1582
1783704809836 0.04905097186565399 1583
1783704809957 0.14070457220077515 1584
1783704810107 0.10207676142454147 1585
1783704810241 0.04144134745001793 1586
1783704810380 0.021105090156197548 1587
1783704810520 0.07799562066793442 1588
1783704810678 0.06399896740913391 1589
1783704810820 0.051355838775634766 1590
1783704810945 0.03334939107298851 1591
1783704811069 0.04163844883441925 1592
1783704811194 0.07319054007530212 1593
1783704811314 0.062346186488866806 1594
1783704811448 0.05749965459108353 1595
1783704811615 0.04262455925345421 1596
1783704811813 0.06414774060249329 1597
1783704812047 0.15065249800682068 1598
1783704812215 0.08752468228340149 1599
1783704812389 0.04308518022298813 1600
1783704812581 0.06184966117143631 1601
1783704812779 0.05698017776012421 1602
1783704812968 0.06232292205095291 1603
1783704813151 0.0437145009636879 1604
1783704813427 0.07525479793548584 1605
1783704813595 0.09370662271976471 1606
1783704813783 0.033790361136198044 1607
1783704813969 0.05344592407345772 1608
1783704814155 0.07695098221302032 1609
1783704814305 0.06561436504125595 1610
1783704814456 0.07134702056646347 1611
1783704814781 0.12457659095525742 1612
1783704814930 0.06967546045780182 1613
1783704815087 0.07454653829336166 1614
1783704815249 0.05108568072319031 1615
1783704815416 0.04327886179089546 1616
1783704815589 0.043585602194070816 1617
1783704815769 0.09254546463489532 1618
1783704816027 0.07144642621278763 1619
1783704816207 0.10124421864748001 1620
1783704816387 0.039458468556404114 1621
1783704816547 0.048984721302986145 1622
1783704816655 0.06876631826162338 1623
1783704816813 0.07233279943466187 1624
1783704816987 0.03244343027472496 1625
1783704817243 0.06737342476844788 1626
1783704817400 0.09940271824598312 1627
1783704817531 0.07177811115980148 1628
1783704817659 0.046220868825912476 1629
1783704817786 0.05613787844777107 1630
1783704817900 0.09160681813955307 1631
1783704818027 0.08022618293762207 1632
1783704818168 0.0786316990852356 1633
1783704818296 0.03208828344941139 1634
1783704818536 0.044567473232746124 1635
1783704818664 0.04537512734532356 1636
1783704818778 0.02797168307006359 1637
1783704818923 0.12437273561954498 1638
1783704819062 0.06620346009731293 1639
1783704819182 0.06389513611793518 1640
1783704819315 0.1432114839553833 1641
1783704819441 0.03498275950551033 1642
1783704819584 0.06801179051399231 1643
1783704819716 0.020947713404893875 1644
1783704819863 0.052007488906383514 1645
1783704819997 0.091828852891922 1646
1783704820110 0.062803253531456 1647
1783704820219 0.07756007462739944 1648
1783704820334 0.05513559654355049 1649
1783704820482 0.09041910618543625 1650
1783704820616 0.040411219000816345 1651
1783704820781 0.10088884830474854 1652
1783704820936 0.04811990633606911 1653
1783704821115 0.05157788470387459 1654
1783704821286 0.14069035649299622 1655
1783704821500 0.05632144212722778 1656
1783704821680 0.06978801637887955 1657
1783704821841 0.10765794664621353 1658
1783704822052 0.13643485307693481 1659
1783704822219 0.06288318336009979 1660
1783704822519 0.03718264400959015 1661
1783704822705 0.09034688025712967 1662
1783704822881 0.0334152914583683 1663
1783704823064 0.05371308699250221 1664
1783704823189 0.06103894114494324 1665
1783704823339 0.04095166549086571 1666
1783704823532 0.06731723248958588 1667
1783704823761 0.10388019680976868 1668
1783704823919 0.059511952102184296 1669
1783704824102 0.09342621266841888 1670
1783704824277 0.11699340492486954 1671
1783704824433 0.15259890258312225 1672
1783704824608 0.09033471345901489 1673
1783704824790 0.010443699546158314 1674
1783704825041 0.11828500032424927 1675
1783704825208 0.05286690220236778 1676
1783704825341 0.1611262857913971 1677
1783704825508 0.07114391028881073 1678
1783704825670 0.12059705704450607 1679
1783704825786 0.08499200642108917 1680
1783704825911 0.1211942583322525 1681
1783704826062 0.06561938673257828 1682
1783704826197 0.08942235261201859 1683
1783704826331 0.06904071569442749 1684
1783704826466 0.09782864153385162 1685
1783704826604 0.10232529789209366 1686
1783704826717 0.034763153642416 1687
1783704826832 0.0597439706325531 1688
1783704826972 0.04686550796031952 1689
1783704827114 0.09197287261486053 1690
1783704827254 0.11160249263048172 1691
1783704827389 0.09703405201435089 1692
1783704827562 0.07121271640062332 1693
1783704827695 0.04702931270003319 1694
1783704827831 0.06562621146440506 1695
1783704827959 0.07152590155601501 1696
1783704828105 0.0815851166844368 1697
1783704828219 0.13784179091453552 1698
1783704828339 0.038299284875392914 1699
1783704828462 0.10061170905828476 1700
1783704828588 0.10549609363079071 1701
1783704828701 0.0652480274438858 1702
1783704828835 0.046620577573776245 1703
1783704828951 0.08214470744132996 1704
1783704829062 0.046985924243927 1705
1783704829186 0.06227061152458191 1706
1783704829328 0.10897818207740784 1707
1783704829456 0.06195002794265747 1708
1783704829600 0.06843215972185135 1709
1783704829720 0.12513086199760437 1710
1783704829846 0.11750127375125885 1711
1783704829964 0.08275257050991058 1712
1783704830096 0.04057016223669052 1713
1783704830230 0.040168311446905136 1714
1783704830351 0.1196347028017044 1715
1783704830496 0.0766793042421341 1716
1783704830649 0.0589977502822876 1717
1783704830804 0.08625192940235138 1718
1783704830981 0.06994002312421799 1719
1783704831155 0.08055952191352844 1720
1783704831349 0.06542187184095383 1721
1783704831588 0.15054264664649963 1722
1783704831749 0.10672014951705933 1723
1783704831954 0.03943769633769989 1724
1783704832107 0.05958244204521179 1725
1783704832259 0.07066692411899567 1726
1783704832453 0.12016761302947998 1727
1783704832625 0.0723351538181305 1728
1783704832854 0.05179698020219803 1729
1783704833024 0.059288159012794495 1730
1783704833179 0.06760247051715851 1731
1783704833347 0.062204889953136444 1732
1783704833521 0.13750384747982025 1733
1783704833701 0.13794469833374023 1734
1783704833899 0.08151824027299881 1735
1783704834108 0.07391739636659622 1736
1783704834258 0.12396418303251266 1737
1783704834420 0.12566599249839783 1738
1783704834608 0.08178875595331192 1739
1783704834802 0.1124030277132988 1740
1783704834970 0.1043025404214859 1741
1783704835136 0.06303603202104568 1742
1783704835332 0.07698632031679153 1743
1783704835479 0.0585356205701828 1744
1783704835630 0.11763790994882584 1745
1783704835815 0.09495970606803894 1746
1783704836000 0.09138717502355576 1747
1783704836189 0.07369691133499146 1748
1783704836368 0.11851979047060013 1749
1783704836528 0.07018779963254929 1750
1783704836661 0.11068956553936005 1751
1783704836785 0.16238880157470703 1752
1783704836918 0.054521623998880386 1753
1783704837056 0.11362403631210327 1754
1783704837214 0.11058030277490616 1755
1783704837380 0.15267634391784668 1756
1783704837522 0.06756822764873505 1757
1783704837674 0.21024078130722046 1758
1783704837817 0.1499338448047638 1759
1783704837980 0.027467356994748116 1760
1783704838109 0.12653815746307373 1761
1783704838239 0.055612869560718536 1762
1783704838393 0.09731929004192352 1763
1783704838533 0.06643018126487732 1764
1783704838656 0.05358327925205231 1765
1783704838789 0.07858885079622269 1766
1783704838929 0.04807092249393463 1767
1783704839077 0.061842963099479675 1768
1783704839225 0.05683348327875137 1769
1783704839362 0.05371827259659767 1770
1783704839518 0.027076635509729385 1771
1783704839666 0.15813703835010529 1772
1783704839787 0.11726292222738266 1773
1783704839911 0.080539770424366 1774
1783704840060 0.1680249124765396 1775
1783704840188 0.11487382650375366 1776
1783704840329 0.06429443508386612 1777
1783704840461 0.04836951196193695 1778
1783704840595 0.13857753574848175 1779
1783704840733 0.042808983474969864 1780
1783704840868 0.11051399260759354 1781
1783704841051 0.1270902305841446 1782
1783704841215 0.11844328045845032 1783
1783704841427 0.09122294187545776 1784
1783704841612 0.09905077517032623 1785
1783704841770 0.05440250039100647 1786
1783704841927 0.10932499170303345 1787
1783704842076 0.1086108386516571 1788
1783704842279 0.09150295704603195 1789
1783704842407 0.10818242281675339 1790
1783704842553 0.07501067221164703 1791
1783704842742 0.08166427165269852 1792
1783704843030 0.12662850320339203 1793
1783704843199 0.1714128702878952 1794
1783704843400 0.1980815976858139 1795
1783704843574 0.10229161381721497 1796
1783704843751 0.025870637968182564 1797
1783704843940 0.05412711203098297 1798
1783704844129 0.06314501911401749 1799
1783704844396 0.035210415720939636 1800
1783704844576 0.057959847152233124 1801
1783704844754 0.09163264185190201 1802
1783704844931 0.13752654194831848 1803
1783704845114 0.06826863437891006 1804
1783704845270 0.13027694821357727 1805
1783704845450 0.035105932503938675 1806
1783704845660 0.08367615193128586 1807
1783704845816 0.08110280334949493 1808
1783704846017 0.10770590603351593 1809
1783704846186 0.0483715683221817 1810
1783704846335 0.07278970628976822 1811
1783704846507 0.1021803617477417 1812
1783704846652 0.14632931351661682 1813
1783704846774 0.1661902368068695 1814
1783704846981 0.12468746304512024 1815
1783704847148 0.22916659712791443 1816
1783704847337 0.04141103848814964 1817
1783704847531 0.10757403820753098 1818
1783704847707 0.07519333809614182 1819
1783704847851 0.08699197322130203 1820
1783704847981 0.06571095436811447 1821
1783704848194 0.0742575004696846 1822
1783704848337 0.12274332344532013 1823
1783704848451 0.09002704918384552 1824
1783704848578 0.05963894724845886 1825
1783704848705 0.053340304642915726 1826
1783704848812 0.061912309378385544 1827
1783704848944 0.07100731134414673 1828
1783704849075 0.0968903973698616 1829
1783704849220 0.1423354595899582 1830
1783704849375 0.14566709101200104 1831
1783704849529 0.10168493539094925 1832
1783704849659 0.16561952233314514 1833
1783704849794 0.10615444928407669 1834
1783704849946 0.051948241889476776 1835
1783704850101 0.17267762124538422 1836
1783704850249 0.09868606179952621 1837
1783704850388 0.07424068450927734 1838
1783704850521 0.1872345358133316 1839
1783704850666 0.044415183365345 1840
1783704850811 0.06508839130401611 1841
1783704850927 0.039447929710149765 1842
1783704851054 0.023514458909630775 1843
1783704851191 0.055253662168979645 1844
1783704851359 0.13573560118675232 1845
1783704851485 0.08029400557279587 1846
1783704851630 0.047627776861190796 1847
1783704851780 0.14337562024593353 1848
1783704851921 0.0849490836262703 1849
1783704852051 0.14060723781585693 1850
1783704852167 0.16649660468101501 1851
1783704852265 0.07269734889268875 1852
1783704852380 0.18526875972747803 1853
1783704852497 0.05972074717283249 1854
1783704852616 0.13223573565483093 1855
1783704852720 0.06946276873350143 1856
1783704852854 0.16333581507205963 1857
1783704852960 0.2239319533109665 1858
1783704853087 0.1648915410041809 1859
1783704853212 0.11551856249570847 1860
1783704853332 0.12316424399614334 1861
1783704853450 0.10813656449317932 1862
1783704853559 0.052305541932582855 1863
1783704853688 0.11869439482688904 1864
1783704853814 0.11038751900196075 1865
1783704853935 0.11685220897197723 1866
1783704854077 0.19736897945404053 1867
1783704854210 0.12731564044952393 1868
1783704854349 0.11016023904085159 1869
1783704854484 0.08764789998531342 1870
1783704854671 0.08773408830165863 1871
1783704854807 0.18613314628601074 1872
1783704854970 0.06405705958604813 1873
1783704856213 0.10082279145717621 1874
1783704856365 0.1250522881746292 1875
1783704856553 0.1213519498705864 1876
1783704856686 0.11958564817905426 1877
1783704856811 0.13793638348579407 1878
1783704856984 0.1116761565208435 1879
1783704857215 0.14472270011901855 1880
1783704857389 0.08485808223485947 1881
1783704857552 0.11414926499128342 1882
1783704857740 0.03466518223285675 1883
1783704857934 0.12849941849708557 1884
1783704858086 0.0573803186416626 1885
1783704858266 0.21092090010643005 1886
1783704858567 0.1529228240251541 1887
1783704858742 0.07416163384914398 1888
1783704858916 0.08045072108507156 1889
1783704859099 0.07254505157470703 1890
1783704859262 0.11404237896203995 1891
1783704859433 0.14162731170654297 1892
1783704859589 0.19186946749687195 1893
1783704859812 0.0928528904914856 1894
1783704860000 0.07010553032159805 1895
1783704860169 0.13120323419570923 1896
1783704860347 0.10002587735652924 1897
1783704860531 0.10297376662492752 1898
1783704860708 0.0898379385471344 1899
1783704860874 0.1458319127559662 1900
1783704861077 0.12023815512657166 1901
1783704861247 0.09739643335342407 1902
1783704861421 0.1361619234085083 1903
1783704861604 0.08985117822885513 1904
1783704861778 0.0822276622056961 1905
1783704861967 0.06069085747003555 1906
1783704862142 0.1578991413116455 1907
1783704862301 0.059120096266269684 1908
1783704862606 0.23656854033470154 1909
1783704862780 0.2265160232782364 1910
1783704862914 0.10148036479949951 1911
1783704863082 0.08320607244968414 1912
1783704863281 0.05457594618201256 1913
1783704863450 0.208449125289917 1914
1783704863796 0.16983956098556519 1915
1783704863968 0.09752187132835388 1916
1783704864136 0.11049140244722366 1917
1783704864319 0.09433309733867645 1918
1783704864500 0.08988793939352036 1919
1783704864680 0.12102983891963959 1920
1783704864868 0.09962160885334015 1921
1783704865135 0.144309401512146 1922
1783704865279 0.1359562873840332 1923
1783704865468 0.18856270611286163 1924
1783704865659 0.1234419047832489 1925
1783704865829 0.05444983392953873 1926
1783704866013 0.10084358602762222 1927
1783704866168 0.15011152625083923 1928
1783704866348 0.10739326477050781 1929
1783704866553 0.20352748036384583 1930
1783704866666 0.18450601398944855 1931
1783704866785 0.11471638083457947 1932
1783704866951 0.29587143659591675 1933
1783704867095 0.13659438490867615 1934
1783704867245 0.2698143422603607 1935
1783704867385 0.04607139900326729 1936
1783704867514 0.17644713819026947 1937
1783704867636 0.07139615714550018 1938
1783704867767 0.059595756232738495 1939
1783704867904 0.15002724528312683 1940
1783704868052 0.11555223912000656 1941
1783704868190 0.1331518292427063 1942
1783704868320 0.14948435127735138 1943
1783704868462 0.1291617453098297 1944
1783704868602 0.07004157453775406 1945
1783704868736 0.06416277587413788 1946
1783704868877 0.11680062860250473 1947
1783704869001 0.1292489767074585 1948
1783704869124 0.1426476538181305 1949
1783704869265 0.09673387557268143 1950
1783704869405 0.08932559192180634 1951
1783704869549 0.15207722783088684 1952
1783704869699 0.040133245289325714 1953
1783704869841 0.15251673758029938 1954
1783704869993 0.18922406435012817 1955
1783704870150 0.06055364012718201 1956
1783704870293 0.1558423787355423 1957
1783704870420 0.11408735066652298 1958
1783704870560 0.11596459895372391 1959
1783704870712 0.1881038248538971 1960
1783704870828 0.1845116913318634 1961
1783704870957 0.11751875281333923 1962
1783704871083 0.10384542495012283 1963
1783704871201 0.18945786356925964 1964
1783704871349 0.12702664732933044 1965
1783704871466 0.12801776826381683 1966
1783704871578 0.11235298961400986 1967
1783704871692 0.2259301245212555 1968
1783704871830 0.0873003602027893 1969
1783704871957 0.14863015711307526 1970
1783704872132 0.18537461757659912 1971
1783704872313 0.06477223336696625 1972
1783704872499 0.1941387802362442 1973
1783704872657 0.048089705407619476 1974
1783704872858 0.18698707222938538 1975
1783704873010 0.14417868852615356 1976
1783704873189 0.17771601676940918 1977
1783704873358 0.24851775169372559 1978
1783704873529 0.1291368454694748 1979
1783704873700 0.16714976727962494 1980
1783704873883 0.14547212421894073 1981
1783704874104 0.12066197395324707 1982
1783704874244 0.09048138558864594 1983
1783704874429 0.2014184445142746 1984
1783704874611 0.24792811274528503 1985
1783704874781 0.2135380208492279 1986
1783704874948 0.22881431877613068 1987
1783704875103 0.245719313621521 1988
1783704875367 0.14354778826236725 1989
1783704875543 0.28430360555648804 1990
1783704875721 0.16122688353061676 1991
1783704875898 0.19659423828125 1992
1783704876098 0.32221537828445435 1993
1783704876258 0.16404317319393158 1994
1783704876442 0.1702587902545929 1995
1783704876637 0.20594416558742523 1996
1783704876747 0.14144021272659302 1997
1783704876866 0.11931470781564713 1998
1783704877049 0.30250364542007446 1999
1783704877212 0.0769229307770729 2000
1783704877364 0.26092827320098877 2001
1783704877535 0.1476949006319046 2002
1783704877717 0.22064155340194702 2003
1783704877963 0.20719975233078003 2004
1783704878094 0.1791328638792038 2005
1783704878216 0.15781238675117493 2006
1783704878345 0.08622460067272186 2007
1783704878487 0.20293265581130981 2008
1783704878615 0.15606845915317535 2009
1783704878743 0.17333078384399414 2010
1783704878876 0.1536947786808014 2011
1783704878993 0.27145493030548096 2012
1783704879124 0.2413254827260971 2013
1783704879241 0.2022700011730194 2014
1783704879363 0.18512021005153656 2015
1783704879500 0.21479475498199463 2016
1783704879630 0.22041548788547516 2017
1783704879775 0.21649037301540375 2018
1783704879902 0.19305668771266937 2019
1783704880022 0.2783975601196289 2020
1783704880160 0.15854953229427338 2021
1783704880277 0.13581347465515137 2022
1783704880416 0.2141353189945221 2023
1783704880543 0.333229660987854 2024
1783704880657 0.445710152387619 2025
1783704880796 0.1427813023328781 2026
1783704880921 0.27835574746131897 2027
1783704881064 0.28004133701324463 2028
1783704881236 0.25155481696128845 2029
1783704881436 0.19473496079444885 2030
1783704881596 0.270222932100296 2031
1783704881756 0.13441917300224304 2032
1783704881951 0.1743873953819275 2033
1783704882134 0.25588157773017883 2034
1783704882334 0.22822202742099762 2035
1783704882518 0.1476379632949829 2036
1783704882692 0.35128578543663025 2037
1783704882870 0.3808864653110504 2038
1783704883076 0.3517816662788391 2039
1783704883247 0.15552859008312225 2040
1783704883444 0.24549007415771484 2041
1783704883667 0.2024797797203064 2042
1783704883847 0.3577919900417328 2043
1783704884014 0.11221424490213394 2044
1783704884183 0.2653481662273407 2045
1783704884396 0.2621987760066986 2046
1783704884544 0.1691466122865677 2047
1783704884735 0.23925477266311646 2048
1783704884893 0.1178198754787445 2049
1783704885050 0.22090545296669006 2050
1783704885228 0.2114839106798172 2051
1783704885426 0.21011894941329956 2052
1783704885669 0.21302306652069092 2053
1783704885829 0.22496291995048523 2054
1783704886034 0.3188609182834625 2055
1783704886194 0.3097449541091919 2056
1783704886377 0.13775649666786194 2057
1783704886557 0.20862269401550293 2058
1783704886678 0.23379327356815338 2059
1783704886794 0.213870570063591 2060
1783704886974 0.2933887243270874 2061
1783704887130 0.3135024607181549 2062
1783704887277 0.1594342738389969 2063
1783704887431 0.39258795976638794 2064
1783704887561 0.2879405617713928 2065
1783704887711 0.2896525263786316 2066
1783704887847 0.3326583504676819 2067
1783704887996 0.24223139882087708 2068
1783704888225 0.22075282037258148 2069
1783704888360 0.2722543776035309 2070
1783704888487 0.26287904381752014 2071
1783704888633 0.2584267854690552 2072
1783704888771 0.3901490569114685 2073
1783704888891 0.3043420612812042 2074
1783704889020 0.3230952024459839 2075
1783704889146 0.2319367378950119 2076
1783704889294 0.27746039628982544 2077
1783704889552 0.4237286448478699 2078
1783704889672 0.24975869059562683 2079
1783704889812 0.2971843183040619 2080
1783704889952 0.3269766569137573 2081
1783704890102 0.4240637421607971 2082
1783704890248 0.39731380343437195 2083
1783704890391 0.16266819834709167 2084
1783704890534 0.3588595390319824 2085
1783704890701 0.22630414366722107 2086
1783704890849 0.1878177970647812 2087
1783704890977 0.32663750648498535 2088
1783704891128 0.26792073249816895 2089
1783704891265 0.21604159474372864 2090
1783704891401 0.31068503856658936 2091
1783704891533 0.3880585730075836 2092
1783704891663 0.23216331005096436 2093
1783704891800 0.31417185068130493 2094
1783704891945 0.35759931802749634 2095
1783704892079 0.45825323462486267 2096
1783704892231 0.2180660367012024 2097
1783704892442 0.3294152021408081 2098
1783704892630 0.43940937519073486 2099
1783704892816 0.32434675097465515 2100
1783704892972 0.5076587200164795 2101
1783704893145 0.24468615651130676 2102
1783704893427 0.37482520937919617 2103
1783704893616 0.43108975887298584 2104
1783704893798 0.45104527473449707 2105
1783704894004 0.3182178735733032 2106
1783704894157 0.29009324312210083 2107
1783704894345 0.2696201503276825 2108
1783704894540 0.2344752997159958 2109
1783704894754 0.2876043915748596 2110
1783704894892 0.4166993200778961 2111
1783704895043 0.21571186184883118 2112
1783704895189 0.3087122142314911 2113
1783704895352 0.37980201840400696 2114
1783704895520 0.3968399167060852 2115
1783704895664 0.390142023563385 2116
1783704895851 0.4084489345550537 2117
1783704896062 0.3500971496105194 2118
1783704896201 0.45266807079315186 2119
1783704896312 0.21103014051914215 2120
1783704896453 0.43974196910858154 2121
1783704896599 0.3854535222053528 2122
1783704896713 0.6183555722236633 2123
1783704896833 0.2907598912715912 2124
1783704896946 0.4639163017272949 2125
1783704897068 0.2806747555732727 2126
1783704897215 0.46441763639450073 2127
1783704897373 0.6211391687393188 2128
1783704897502 0.37682241201400757 2129
1783704897645 0.446422815322876 2130
1783704897788 0.23934046924114227 2131
1783704897900 0.4427879750728607 2132
1783704898037 0.6599158048629761 2133
1783704898183 0.5617468953132629 2134
1783704898350 0.4127824306488037 2135
1783704898538 0.4512959420681 2136
1783704898704 0.6741570830345154 2137
1783704898880 0.42550790309906006 2138
1783704899068 0.4403156042098999 2139
1783704899233 0.40619534254074097 2140
1783704899412 0.5501388311386108 2141
1783704899585 0.4918820559978485 2142
1783704899799 0.5248832106590271 2143
1783704900021 0.2755325436592102 2144
1783704900188 0.5353527069091797 2145
1783704900383 0.4869231879711151 2146
1783704900565 0.35206377506256104 2147
1783704900703 0.49730896949768066 2148
1783704900866 0.5096973180770874 2149
1783704901072 0.47096508741378784 2150
1783704901256 0.5334900617599487 2151
1783704901409 0.4895324110984802 2152
1783704901617 0.4483491778373718 2153
1783704901761 0.4137224853038788 2154
1783704901932 0.4463040828704834 2155
1783704902125 0.5496619343757629 2156
1783704902285 0.43997180461883545 2157
1783704902561 0.5349358916282654 2158
1783704902723 0.5100123882293701 2159
1783704902852 0.524978756904602 2160
1783704903017 0.6478731036186218 2161
1783704903179 0.6876198053359985 2162
1783704903317 0.6815700531005859 2163
1783704903465 0.6534614562988281 2164
1783704903613 0.4756619334220886 2165
1783704903738 0.49458175897598267 2166
1783704903866 0.5567690134048462 2167
1783704904008 0.5094760656356812 2168
1783704904156 0.5351557731628418 2169
1783704904296 0.455003023147583 2170
1783704904425 0.7276425957679749 2171
1783704904555 0.38223183155059814 2172
1783704904695 0.6156687140464783 2173
1783704904840 0.5479689836502075 2174
1783704904990 0.5060104131698608 2175
1783704905103 0.5502881407737732 2176
1783704905237 0.4501382112503052 2177
1783704905376 0.4974210262298584 2178
1783704905510 0.6744066476821899 2179
1783704905647 0.46568411588668823 2180
1783704905776 0.45638084411621094 2181
1783704905897 0.7172247767448425 2182
1783704906027 0.5963427424430847 2183
1783704906292 0.5050891637802124 2184
1783704906433 0.650124192237854 2185
1783704906560 0.6612974405288696 2186
1783704906673 0.6414458751678467 2187
1783704906778 0.7291789054870605 2188
1783704906883 0.6228594183921814 2189
1783704906973 0.49048271775245667 2190
1783704907091 0.6012997031211853 2191
1783704907229 0.972166121006012 2192
1783704907366 0.7507264614105225 2193
1783704907493 0.6709437966346741 2194
1783704907623 0.47322770953178406 2195
1783704907742 0.8541961908340454 2196
1783704907879 0.49624162912368774 2197
1783704908023 0.564957857131958 2198
1783704908164 0.8705623745918274 2199
1783704908296 0.6990581750869751 2200
1783704908418 0.7081476449966431 2201
1783704908543 0.8659403324127197 2202
1783704908673 0.6173554062843323 2203
1783704908811 0.5280272364616394 2204
1783704908946 0.6800427436828613 2205
1783704909064 0.773893415927887 2206
1783704909197 0.5922497510910034 2207
1783704909365 0.7556993961334229 2208
1783704909566 0.6825457215309143 2209
1783704909712 0.703723669052124 2210
1783704909878 0.7592084407806396 2211
1783704910107 0.6349221467971802 2212
1783704910315 0.6276934146881104 2213
1783704910495 0.7332450151443481 2214
1783704910672 0.6102678179740906 2215
1783704910817 0.6060564517974854 2216
1783704910978 0.4177854061126709 2217
1783704911184 0.4527146816253662 2218
1783704911468 0.419373482465744 2219
1783704911649 0.6693867444992065 2220
1783704911826 0.5635347366333008 2221
1783704912010 0.5487322211265564 2222
1783704912189 0.37054556608200073 2223
1783704912355 0.7306960225105286 2224
1783704912504 0.6264733672142029 2225
1783704912663 0.5587474703788757 2226
1783704912875 0.7190298438072205 2227
1783704913052 0.784907341003418 2228
1783704913237 0.6758925914764404 2229
1783704913417 0.6800217032432556 2230
1783704913608 0.47875291109085083 2231
1783704913785 0.75743567943573 2232
1783704914048 0.6599577069282532 2233
1783704914224 0.6481560468673706 2234
1783704914372 0.6457969546318054 2235
1783704914563 0.48386460542678833 2236
1783704914728 0.7084704041481018 2237
1783704914900 0.8661724328994751 2238
1783704915078 0.7039587497711182 2239
1783704915282 0.6280046701431274 2240
1783704915502 0.8776957988739014 2241
1783704915685 0.5226689577102661 2242
1783704915864 0.4908532500267029 2243
1783704916050 0.6919305324554443 2244
1783704916199 0.6617778539657593 2245
1783704916384 0.58653324842453 2246
1783704916648 0.6650024056434631 2247
1783704916767 0.6143918037414551 2248
1783704916880 0.5759850740432739 2249
1783704917045 0.5971366167068481 2250
1783704917233 0.5896119475364685 2251
1783704917428 0.5370995402336121 2252
1783704917598 0.3642813563346863 2253
1783704917793 0.6063178777694702 2254
1783704917989 0.5774224400520325 2255
1783704918141 0.6893483400344849 2256
1783704918299 0.553855299949646 2257
1783704918444 0.4936503767967224 2258
1783704918590 0.5079940557479858 2259
1783704918739 0.748891294002533 2260
1783704918865 0.5887817144393921 2261
1783704919005 0.527107834815979 2262
1783704919125 0.5412242412567139 2263
1783704919251 0.7578893899917603 2264
1783704919375 0.39846307039260864 2265
1783704919514 0.6577928066253662 2266
1783704919663 0.46283113956451416 2267
1783704919816 0.4556008279323578 2268
1783704919967 0.7466263175010681 2269
1783704920086 0.41027218103408813 2270
1783704920225 0.6886550188064575 2271
1783704920372 0.5908117890357971 2272
1783704920522 0.5002511143684387 2273
1783704920659 0.3998836874961853 2274
1783704920811 0.46645665168762207 2275
1783704920964 0.5249083042144775 2276
1783704921107 0.5744866132736206 2277
1783704921238 0.6855459213256836 2278
1783704921379 0.5253854990005493 2279
1783704921489 0.5283074378967285 2280
1783704921642 0.5680819749832153 2281
1783704921768 0.6147211194038391 2282
1783704921889 0.632205605506897 2283
1783704922038 0.6478531956672668 2284
1783704922169 0.5482849478721619 2285
1783704922309 0.4479564130306244 2286
1783704922437 0.5000993013381958 2287
1783704922579 0.6061134934425354 2288
1783704922718 0.4583972096443176 2289
1783704922857 0.5195857286453247 2290
1783704922998 0.4560531675815582 2291
1783704923133 0.567872941493988 2292
1783704923266 0.4799567461013794 2293
1783704923381 0.4440234899520874 2294
1783704923559 0.5182712078094482 2295
1783704923747 0.5780632495880127 2296
1783704923934 0.4465337097644806 2297
1783704924117 0.7471678256988525 2298
1783704924289 0.5681713223457336 2299
1783704924463 0.4739840030670166 2300
1783704924650 0.4874739646911621 2301
1783704924841 0.6470439434051514 2302
1783704924986 0.5477186441421509 2303
1783704925127 0.8300110101699829 2304
1783704925247 0.5428932905197144 2305
1783704925406 0.48683422803878784 2306
1783704925696 0.5386146306991577 2307
1783704925864 0.49991631507873535 2308
1783704926032 0.6366586685180664 2309
1783704926222 0.5792142152786255 2310
1783704926378 0.531826376914978 2311
1783704926573 0.5386307239532471 2312
1783704926707 0.6852578520774841 2313
1783704926826 0.5650174617767334 2314
1783704926952 0.6386556029319763 2315
1783704927128 0.766779899597168 2316
1783704927315 0.5654424428939819 2317
1783704927480 0.5645386576652527 2318
1783704927657 0.7169227004051208 2319
1783704927826 0.6150388717651367 2320
1783704928074 0.5180272459983826 2321
1783704928260 0.5765435099601746 2322
1783704928407 0.7493009567260742 2323
1783704928563 0.7506112456321716 2324
1783704928763 0.49065524339675903 2325
1783704928944 0.7440437078475952 2326
1783704929161 0.7878837585449219 2327
1783704929328 0.6789286136627197 2328
1783704929473 0.7182146310806274 2329
1783704929644 0.7024103403091431 2330
1783704929831 0.5868175029754639 2331
1783704930009 0.6457296013832092 2332
1783704930196 0.6116921305656433 2333
1783704930365 0.8359906077384949 2334
1783704930573 0.7680679559707642 2335
1783704930743 0.6801489591598511 2336
1783704930936 0.7737100124359131 2337
1783704931140 0.8378390669822693 2338
1783704931310 0.7025471925735474 2339
1783704931475 0.664537787437439 2340
1783704931607 0.8786697387695312 2341
1783704931752 0.8603813648223877 2342
1783704931890 0.8735486268997192 2343
1783704932034 0.7143079042434692 2344
1783704932180 0.7090398073196411 2345
1783704932330 0.7948169708251953 2346
1783704932458 0.6009117364883423 2347
1783704932599 0.7573590874671936 2348
1783704932747 0.695297122001648 2349
1783704932875 0.7052358388900757 2350
1783704933010 0.7215055227279663 2351
1783704933165 0.6457444429397583 2352
1783704933296 0.9152728319168091 2353
1783704933438 0.7501897811889648 2354
1783704933562 0.8593107461929321 2355
1783704933689 0.8425726294517517 2356
1783704933830 0.7370748519897461 2357
1783704933969 0.7207520008087158 2358
1783704934098 1.2530819177627563 2359
1783704934220 0.9065313339233398 2360
1783704934367 0.8917253017425537 2361
1783704934515 1.0073213577270508 2362
1783704934648 0.7836783528327942 2363
1783704934788 0.872887134552002 2364
1783704934924 1.0084986686706543 2365
1783704935060 1.0559355020523071 2366
1783704935189 0.8494076132774353 2367
1783704935327 0.7783066630363464 2368
1783704935474 0.8296459317207336 2369
1783704935598 0.9385800361633301 2370
1783704935722 0.7051927447319031 2371
1783704935867 0.6907850503921509 2372
1783704935987 0.8836080431938171 2373
1783704936123 0.7748773097991943 2374
1783704936254 0.6955723762512207 2375
1783704936369 0.8185683488845825 2376
1783704936534 0.7052464485168457 2377
1783704936692 1.0235902070999146 2378
1783704936813 0.7760186195373535 2379
1783704937075 0.9899215698242188 2380
1783704937263 0.8915033936500549 2381
1783704937434 0.7595841288566589 2382
1783704937599 0.9012098908424377 2383
1783704937771 0.8382021188735962 2384
1783704937977 0.8307554125785828 2385
1783704938165 0.6385188102722168 2386
1783704938403 1.024113416671753 2387
1783704938562 0.8265378475189209 2388
1783704938747 0.7849799990653992 2389
1783704938913 0.8658643960952759 2390
1783704939124 0.8164592385292053 2391
1783704939316 0.8336628079414368 2392
1783704939499 0.7238956093788147 2393
1783704939766 0.7477407455444336 2394
1783704939953 0.7821611166000366 2395
1783704940133 0.6879258155822754 2396
1783704940308 0.735951840877533 2397
1783704940481 0.9089604020118713 2398
1783704940645 0.7340908050537109 2399
1783704940831 0.9187431335449219 2400
1783704941014 0.7480136156082153 2401
1783704941215 0.9977515935897827 2402
1783704941389 0.552847683429718 2403
1783704941510 0.8667048215866089 2404
1783704941636 0.8967642188072205 2405
1783704941749 0.8782833814620972 2406
1783704941893 1.0013700723648071 2407
1783704942008 0.4678683280944824 2408
1783704942140 0.7602313756942749 2409
1783704942271 0.8112006187438965 2410
1783704942402 0.8543769121170044 2411
1783704942525 0.7753262519836426 2412
1783704942672 0.7073825597763062 2413
1783704942798 0.7748441100120544 2414
1783704942921 0.7950499653816223 2415
1783704943069 0.8484249114990234 2416
1783704943213 0.9786400198936462 2417
1783704943341 0.8098106384277344 2418
1783704943473 0.8228697776794434 2419
1783704943612 0.7617398500442505 2420
1783704943758 0.9407253265380859 2421
1783704943893 0.7918205261230469 2422
1783704944021 0.8097277283668518 2423
1783704944142 0.8675978779792786 2424
1783704944275 0.8844462633132935 2425
1783704944417 0.6692036390304565 2426
1783704944557 0.9032717347145081 2427
1783704944715 0.726748526096344 2428
1783704944859 0.7091677188873291 2429
1783704945011 0.8668659329414368 2430
1783704945159 0.7345843315124512 2431
1783704945289 0.8745146989822388 2432
1783704945432 0.6315363049507141 2433
1783704945565 0.7990604043006897 2434
1783704945709 1.0073459148406982 2435
1783704945861 0.7795329093933105 2436
1783704946007 0.7126798629760742 2437
1783704946141 0.7777327299118042 2438
1783704946280 0.820991039276123 2439
1783704946429 0.8382579684257507 2440
1783704946547 0.8326936364173889 2441
1783704946689 0.8928685188293457 2442
1783704946802 0.7407745122909546 2443
1783704946906 0.7504739761352539 2444
1783704947034 0.7634514570236206 2445
1783704947173 0.6441978216171265 2446
1783704947310 0.8075016736984253 2447
1783704947447 0.718660295009613 2448
1783704947572 0.8417667150497437 2449
1783704947739 0.8481123447418213 2450
1783704947925 0.7051354646682739 2451
1783704948114 0.6057248115539551 2452
1783704948290 0.736818253993988 2453
1783704948558 0.6740208864212036 2454
1783704948737 0.6962393522262573 2455
1783704948890 0.5987201929092407 2456
1783704949053 0.6924852132797241 2457
1783704949232 0.5988225936889648 2458
1783704949414 0.7101681232452393 2459
1783704949600 0.7369369268417358 2460
1783704949808 0.693649411201477 2461
1783704949999 0.7622078061103821 2462
1783704950149 0.6619774699211121 2463
1783704950358 0.8176308274269104 2464
1783704950522 0.6119073629379272 2465
1783704950720 0.4910030663013458 2466
1783704950859 0.7489096522331238 2467
1783704951215 0.8139511346817017 2468
1783704951415 0.6715627312660217 2469
1783704951615 0.7363091111183167 2470
1783704951787 0.6026303172111511 2471
1783704951959 0.6820357441902161 2472
1783704952162 0.765701413154602 2473
1783704952371 0.7439479231834412 2474
1783704952560 0.7752252817153931 2475
1783704952742 0.6989339590072632 2476
1783704952911 0.9121291637420654 2477
1783704953076 0.7933460474014282 2478
1783704953273 0.7129513025283813 2479
1783704953447 0.6504347324371338 2480
1783704953621 0.7191282510757446 2481
1783704953839 0.7420452833175659 2482
1783704953999 0.7794971466064453 2483
1783704954178 0.9097601771354675 2484
1783704954377 0.8050405979156494 2485
1783704954547 0.7534632682800293 2486
1783704954706 0.9933410286903381 2487
1783704954840 0.8052141666412354 2488
1783704955031 0.9844368696212769 2489
1783704955149 0.8214053511619568 2490
1783704955275 0.9003445506095886 2491
1783704955398 0.8279411792755127 2492
1783704955560 0.6769343614578247 2493
1783704955673 0.8675693869590759 2494
1783704955775 0.773047685623169 2495
1783704955931 1.0197961330413818 2496
1783704956063 0.8037993311882019 2497
1783704956205 0.9199709892272949 2498
1783704956359 0.9095640778541565 2499
1783704956499 0.8165497183799744 2500
1783704956618 0.8775349259376526 2501
1783704956732 0.816481351852417 2502
1783704956850 0.8124679327011108 2503
1783704956995 0.7335084676742554 2504
1783704957128 0.7267910242080688 2505
1783704957265 0.9035784602165222 2506
1783704957375 0.8957862257957458 2507
1783704957508 0.8193970918655396 2508
1783704957645 0.7600802183151245 2509
1783704957765 0.7358303070068359 2510
1783704957875 0.7837164998054504 2511
1783704957995 0.7837825417518616 2512
1783704958128 0.6729170680046082 2513
1783704958281 0.8014881014823914 2514
1783704958431 0.8116427659988403 2515
1783704958558 0.8083335161209106 2516
1783704958698 0.7641048431396484 2517
1783704958879 0.6065783500671387 2518
1783704959086 0.7554337978363037 2519
1783704959241 0.7816064357757568 2520
1783704959389 0.7084515690803528 2521
1783704959579 0.7012220621109009 2522
1783704959740 0.7381900548934937 2523
1783704959938 0.6662060618400574 2524
1783704960179 0.6573078632354736 2525
1783704960358 0.5877693295478821 2526
1783704960538 0.7419971227645874 2527
1783704960739 0.752995491027832 2528
1783704960929 0.7218074202537537 2529
1783704961126 0.6735851764678955 2530
1783704961328 0.7911863327026367 2531
1783704961560 0.6166335940361023 2532
1783704961742 0.7137763500213623 2533
1783704961918 0.7837814092636108 2534
1783704962084 0.6554853916168213 2535
1783704962261 0.657341480255127 2536
1783704962444 0.824600338935852 2537
1783704962626 0.708573043346405 2538
1783704962839 0.7885798215866089 2539
1783704962955 0.7585479021072388 2540
1783704963129 0.8299973607063293 2541
1783704963355 0.8636239171028137 2542
1783704963537 0.7197051048278809 2543
1783704963708 0.6828776597976685 2544
1783704963906 0.6523180603981018 2545
1783704964127 0.8965493440628052 2546
1783704964322 0.8393042087554932 2547
1783704964525 0.7735644578933716 2548
1783704964703 0.9134714603424072 2549
1783704964892 0.9409226179122925 2550
1783704965048 0.8690308332443237 2551
1783704965255 0.8691019415855408 2552
1783704965473 0.9034388065338135 2553
1783704965667 0.7908517122268677 2554
1783704965859 0.9284325838088989 2555
1783704966040 0.8081387281417847 2556
1783704966197 0.886306643486023 2557
1783704966358 0.9215467572212219 2558
1783704966536 0.8138700723648071 2559
1783704966696 0.7652492523193359 2560
1783704966812 0.8170065879821777 2561
1783704966920 0.7346526384353638 2562
1783704967042 0.5978105068206787 2563
1783704967172 0.7274348735809326 2564
1783704967310 0.6352807283401489 2565
1783704967476 0.6534563302993774 2566
1783704967608 0.757951021194458 2567
1783704967750 0.5840227603912354 2568
1783704967881 0.5267811417579651 2569
1783704968009 0.6217457056045532 2570
1783704968156 0.6792106628417969 2571
1783704968287 0.5523474812507629 2572
1783704968436 0.6233415603637695 2573
1783704968555 0.7866034507751465 2574
1783704968690 0.6649156808853149 2575
1783704968822 0.5760009288787842 2576
1783704968942 0.48404914140701294 2577
1783704969074 0.7025816440582275 2578
1783704969205 0.5455970764160156 2579
1783704969376 0.6524260640144348 2580
1783704969498 0.5049557685852051 2581
1783704969652 0.697965681552887 2582
1783704969779 0.5597480535507202 2583
1783704969931 0.6222845911979675 2584
1783704970075 0.6093662977218628 2585
1783704970204 0.6046223640441895 2586
1783704970330 0.5349196791648865 2587
1783704970471 0.697128176689148 2588
1783704970602 0.6211755871772766 2589
1783704970724 0.6569911241531372 2590
1783704970861 0.6949822902679443 2591
1783704970997 0.6670063138008118 2592
1783704971129 0.6711262464523315 2593
1783704971278 0.8066100478172302 2594
1783704971410 0.617788553237915 2595
1783704971545 0.6302822828292847 2596
1783704971758 0.7075696587562561 2597
1783704971898 0.5821764469146729 2598
1783704972045 0.6714190244674683 2599
1783704972253 0.7498027086257935 2600
1783704972427 0.8039111495018005 2601
1783704972589 0.7430524826049805 2602
1783704972786 0.8111911416053772 2603
1783704973188 0.8713451623916626 2604
1783704973398 0.8419299125671387 2605
1783704973592 0.8161102533340454 2606
1783704973768 0.8941699266433716 2607
1783704973965 0.9324347376823425 2608
1783704974168 0.952544629573822 2609
1783704974407 0.8762168884277344 2610
1783704974556 0.9595238566398621 2611
1783704974706 0.874630331993103 2612
1783704974892 0.9835408926010132 2613
1783704975065 1.0353132486343384 2614
1783704975198 0.8012034893035889 2615
1783704975368 1.0439285039901733 2616
1783704975544 0.8716009855270386 2617
1783704975723 1.2129777669906616 2618
1783704975863 1.1401948928833008 2619
1783704976002 1.2613667249679565 2620
1783704976178 1.5079045295715332 2621
1783704976380 1.1659740209579468 2622
1783704976544 1.522151231765747 2623
1783704976704 1.358238697052002 2624
1783704976817 1.3279004096984863 2625
1783704976952 1.4412556886672974 2626
1783704977096 1.47800612449646 2627
1783704977280 1.412103533744812 2628
1783704977466 1.455944538116455 2629
1783704977654 1.3261044025421143 2630
1783704977885 1.3880658149719238 2631
1783704978087 1.459746241569519 2632
1783704978309 1.601386308670044 2633
1783704978488 1.3108564615249634 2634
1783704978664 1.5281730890274048 2635
1783704978842 1.5742523670196533 2636
1783704979028 1.406923770904541 2637
1783704979224 1.5151004791259766 2638
1783704979459 1.5844368934631348 2639
1783704979675 1.369164228439331 2640
1783704979858 1.501084327697754 2641
1783704980031 1.3792715072631836 2642
1783704980224 1.3660176992416382 2643
1783704980417 1.6372535228729248 2644
1783704980572 1.6112756729125977 2645
1783704980764 1.4846277236938477 2646
1783704980896 1.519313097000122 2647
1783704981044 1.7179152965545654 2648
1783704981237 1.6917133331298828 2649
1783704981410 1.5787327289581299 2650
1783704981608 1.6144332885742188 2651
1783704981772 1.4323656558990479 2652
1783704982095 1.6896634101867676 2653
1783704982304 1.4475761651992798 2654
1783704982458 1.581673264503479 2655
1783704982642 1.4707353115081787 2656
1783704982846 1.0079269409179688 2657
1783704983029 1.4466617107391357 2658
1783704983276 1.0472359657287598 2659
1783704983498 1.2317883968353271 2660
1783704983645 1.2461917400360107 2661
1783704983811 1.0459749698638916 2662
1783704983946 0.9655976891517639 2663
1783704984096 1.0214684009552002 2664
1783704984246 1.0576279163360596 2665
1783704984374 0.9847044944763184 2666
1783704984502 1.0492706298828125 2667
1783704984643 0.926689088344574 2668
1783704984778 0.8303593993186951 2669
1783704984926 0.8040165305137634 2670
1783704985105 0.6413277387619019 2671
1783704985295 0.6770431995391846 2672
1783704985493 0.8272159695625305 2673
1783704985700 0.8831958770751953 2674
1783704985938 0.6774020195007324 2675
1783704986064 0.6342848539352417 2676
1783704986206 0.750177264213562 2677
1783704986341 0.713167130947113 2678
1783704986477 0.518470048904419 2679
1783704986624 0.5060928463935852 2680
1783704986740 0.6319873929023743 2681
1783704986856 0.5702197551727295 2682
1783704986988 0.5086784362792969 2683
1783704987120 0.6501926779747009 2684
1783704987290 0.5472489595413208 2685
1783704987418 0.6440450549125671 2686
1783704987560 0.5694342255592346 2687
1783704987709 0.6578450798988342 2688
1783704987839 0.6603793501853943 2689
1783704987997 0.6073210835456848 2690
1783704988130 0.5210050940513611 2691
1783704988254 0.514946699142456 2692
1783704988401 0.5797321796417236 2693
1783704988538 0.6715168952941895 2694
1783704988670 0.4939468204975128 2695
1783704988803 0.5145038962364197 2696
1783704988954 0.5021214485168457 2697
1783704989119 0.501443088054657 2698
1783704989236 0.5283453464508057 2699
1783704989392 0.533748984336853 2700
1783704989509 0.5144087076187134 2701
1783704989604 0.4115842282772064 2702
1783704989755 0.39431777596473694 2703
1783704989886 0.49265405535697937 2704
1783704990014 0.6167937517166138 2705
1783704990155 0.4692898392677307 2706
1783704990283 0.520462155342102 2707
1783704990412 0.49186721444129944 2708
1783704990560 0.5887318849563599 2709
1783704990720 0.42073193192481995 2710
1783704990917 0.4906179904937744 2711
1783704991102 0.5355765223503113 2712
1783704991256 0.367501437664032 2713
1783704991423 0.4450673758983612 2714
1783704991595 0.40494972467422485 2715
1783704991771 0.42696624994277954 2716
1783704991957 0.5265811681747437 2717
1783704992153 0.4024386703968048 2718
1783704992417 0.5020214915275574 2719
1783704992611 0.5035467147827148 2720
1783704992778 0.5553686022758484 2721
1783704992957 0.5458556413650513 2722
1783704993139 0.3482930064201355 2723
1783704993321 0.34927380084991455 2724
1783704993499 0.46454745531082153 2725
1783704993706 0.455456018447876 2726
1783704993861 0.32571810483932495 2727
1783704994037 0.30450013279914856 2728
1783704994231 0.4324856400489807 2729
1783704994429 0.44847267866134644 2730
1783704994587 0.40875184535980225 2731
1783704994759 0.4088324308395386 2732
1783704994957 0.38609200716018677 2733
1783704995160 0.2878802418708801 2734
1783704995352 0.3290562629699707 2735
1783704995536 0.36327293515205383 2736
1783704995733 0.36363208293914795 2737
1783704995923 0.4311894178390503 2738
1783704996101 0.37113407254219055 2739
1783704996396 0.41521915793418884 2740
1783704996578 0.39977341890335083 2741
1783704996726 0.3468814194202423 2742
1783704996833 0.33546432852745056 2743
1783704996961 0.3276519775390625 2744
1783704997113 0.2963517904281616 2745
1783704997337 0.3266940116882324 2746
1783704997566 0.31317731738090515 2747
1783704997799 0.3033877909183502 2748
1783704997964 0.43236249685287476 2749
1783704998136 0.3138861656188965 2750
1783704998287 0.36779749393463135 2751
1783704998456 0.29738205671310425 2752
1783704998676 0.3291037082672119 2753
1783704998871 0.38930678367614746 2754
1783704999058 0.3391363024711609 2755
1783704999219 0.3447350859642029 2756
1783704999389 0.28570377826690674 2757
1783704999595 0.36241066455841064 2758
1783704999796 0.3656412363052368 2759
1783704999974 0.26072314381599426 2760
1783705000119 0.2844972312450409 2761
1783705000259 0.31945154070854187 2762
1783705000380 0.26707205176353455 2763
1783705000507 0.35107338428497314 2764
1783705000657 0.3656717538833618 2765
1783705000774 0.28109341859817505 2766
1783705000925 0.2504815459251404 2767
1783705001092 0.3027052879333496 2768
1783705001279 0.23215928673744202 2769
1783705001471 0.2940208613872528 2770
1783705001649 0.2947920560836792 2771
1783705001828 0.3055591583251953 2772
1783705001978 0.28600743412971497 2773
1783705002126 0.23581194877624512 2774
1783705002281 0.2575242519378662 2775
1783705002425 0.2528882920742035 2776
1783705002563 0.2933691143989563 2777
1783705002755 0.22235314548015594 2778
1783705002898 0.2684134542942047 2779
1783705003021 0.30269235372543335 2780
1783705003160 0.3296850621700287 2781
1783705003293 0.2815549969673157 2782
1783705003453 0.31195831298828125 2783
1783705003593 0.31128865480422974 2784
1783705003743 0.29059693217277527 2785
1783705003873 0.2928772568702698 2786
1783705004012 0.24656012654304504 2787
1783705004140 0.316995233297348 2788
1783705004280 0.23734638094902039 2789
1783705004410 0.2472122311592102 2790
1783705004558 0.28876766562461853 2791
1783705004708 0.3566088378429413 2792
1783705004854 0.28909265995025635 2793
1783705004991 0.24617117643356323 2794
1783705005125 0.3390144109725952 2795
1783705005257 0.2284402698278427 2796
1783705005395 0.2471814602613449 2797
1783705005537 0.3246752619743347 2798
1783705005664 0.25055959820747375 2799
1783705005811 0.22734373807907104 2800
1783705005946 0.22109881043434143 2801
1783705006079 0.22339019179344177 2802
1783705006265 0.21399161219596863 2803
1783705006450 0.3328949213027954 2804
1783705006654 0.24023598432540894 2805
1783705006776 0.326656699180603 2806
1783705006874 0.21490401029586792 2807
1783705007033 0.21365612745285034 2808
1783705007201 0.29552146792411804 2809
1783705007361 0.3595775067806244 2810
