1783705039540 2.6764419078826904 0
1783705039724 3.1863174438476562 1
1783705039981 3.981902599334717 2
1783705040145 4.192493915557861 3
1783705040323 5.083348274230957 4
1783705040520 5.655463695526123 5
1783705040675 7.052750110626221 6
1783705040833 7.881044387817383 7
1783705041010 7.875056743621826 8
1783705041324 8.464138984680176 9
1783705041542 9.087876319885254 10
1783705041687 12.434293746948242 11
1783705041858 13.742791175842285 12
1783705042041 15.357203483581543 13
1783705042211 15.46811294555664 14
1783705042407 15.035809516906738 15
1783705042548 17.380571365356445 16
1783705042657 22.274227142333984 17
1783705042755 19.68727684020996 18
1783705042861 23.809125900268555 19
1783705042988 24.108333587646484 20
1783705043109 28.134092330932617 21
1783705043233 31.345863342285156 22
1783705043375 30.595748901367188 23
1783705043501 29.054576873779297 24
1783705043638 32.86566925048828 25
1783705043787 41.29154968261719 26
1783705043906 47.61577606201172 27
1783705044041 44.59100341796875 28
1783705044147 50.154972076416016 29
1783705044274 58.744083404541016 30
1783705044380 62.358638763427734 31
1783705044507 63.0988883972168 32
1783705044643 62.550498962402344 33
1783705044779 66.26606750488281 34
1783705044911 65.93934631347656 35
1783705045043 75.60047149658203 36
1783705045158 84.0372543334961 37
1783705045298 89.4231185913086 38
1783705045443 88.57575988769531 39
1783705045572 85.86176300048828 40
1783705045711 91.17604064941406 41
1783705045855 112.40247344970703 42
1783705045981 106.23756408691406 43
1783705046112 101.28024291992188 44
1783705046276 108.2994613647461 45
1783705046405 129.69654846191406 46
1783705046528 110.90467834472656 47
1783705046654 116.49665832519531 48
1783705046794 125.18519592285156 49
1783705046902 132.73704528808594 50
1783705047034 128.97488403320312 51
1783705047176 136.2255859375 52
1783705047335 127.87590789794922 53
1783705047514 151.07273864746094 54
1783705047640 130.40847778320312 55
1783705047759 138.21627807617188 56
1783705047909 141.98065185546875 57
1783705048036 153.84478759765625 58
1783705048172 139.1046600341797 59
1783705048299 140.87002563476562 60
1783705048445 151.49807739257812 61
1783705048592 155.90414428710938 62
1783705048828 146.07272338867188 63
1783705048997 154.7344207763672 64
1783705049208 151.82833862304688 65
1783705049412 138.9599609375 66
1783705049571 168.2701873779297 67
1783705049729 137.318603515625 68
1783705049905 156.00466918945312 69
1783705050297 147.85040283203125 70
1783705050461 155.74571228027344 71
1783705050609 148.93557739257812 72
1783705050794 121.36366271972656 73
1783705050976 149.52944946289062 74
1783705051155 156.53102111816406 75
1783705051481 147.1028594970703 76
1783705051640 148.365966796875 77
1783705051783 151.54660034179688 78
1783705051933 155.22947692871094 79
1783705052108 141.0087432861328 80
1783705052271 142.16998291015625 81
1783705052443 135.19378662109375 82
1783705052657 126.58232116699219 83
1783705052907 150.0444793701172 84
1783705053093 132.18585205078125 85
1783705053252 132.17892456054688 86
1783705053403 128.99429321289062 87
1783705053615 136.8511505126953 88
1783705053808 129.254150390625 89
1783705053969 115.55524444580078 90
1783705054086 130.7543487548828 91
1783705054244 133.17669677734375 92
1783705054410 119.15824127197266 93
1783705054577 121.24451446533203 94
1783705054742 124.48072814941406 95
1783705054902 122.00729370117188 96
1783705055113 129.46409606933594 97
1783705055357 120.7321548461914 98
1783705055489 109.69368743896484 99
1783705055608 119.7955322265625 100
1783705055736 106.37781524658203 101
1783705055858 110.73905944824219 102
1783705055972 112.89772033691406 103
1783705056090 111.95868682861328 104
1783705056217 107.15707397460938 105
1783705056357 106.41856384277344 106
1783705056509 103.72157287597656 107
1783705056647 103.56291961669922 108
1783705056772 104.861572265625 109
1783705056880 111.02046966552734 110
1783705056988 97.12177276611328 111
1783705057123 98.66304016113281 112
1783705057256 108.346923828125 113
1783705057369 99.06741333007812 114
1783705057508 86.42643737792969 115
1783705057643 94.12435913085938 116
1783705057834 89.93962097167969 117
1783705057988 90.66175842285156 118
1783705058107 87.81571960449219 119
1783705058235 95.71046447753906 120
1783705058369 93.43099975585938 121
1783705058495 90.03321838378906 122
1783705058646 87.50741577148438 123
1783705058787 84.66226959228516 124
1783705058897 84.59114074707031 125
1783705059032 83.20445251464844 126
1783705059170 78.59580993652344 127
1783705059307 82.09584045410156 128
1783705059423 76.42662048339844 129
1783705059557 80.21980285644531 130
1783705059695 72.616455078125 131
1783705059820 79.43009948730469 132
1783705059952 77.69563293457031 133
1783705060082 70.09839630126953 134
1783705060217 71.53666687011719 135
1783705060389 70.80152130126953 136
1783705060509 76.18693542480469 137
1783705060615 66.71157836914062 138
1783705060749 72.73078918457031 139
1783705060894 68.46678161621094 140
1783705061015 68.70208740234375 141
1783705061124 67.6446533203125 142
1783705061256 65.66470336914062 143
1783705061377 67.1573486328125 144
1783705061540 61.60316848754883 145
1783705061754 64.26704406738281 146
1783705061918 59.83763885498047 147
1783705062085 62.78473663330078 148
1783705062251 55.328147888183594 149
1783705062421 59.88806915283203 150
1783705062608 64.18675231933594 151
1783705062790 58.7485237121582 152
1783705062968 54.463626861572266 153
1783705063187 55.385108947753906 154
1783705063346 54.94172668457031 155
1783705063538 58.19263458251953 156
1783705063718 50.17438888549805 157
1783705063903 50.63404846191406 158
1783705064077 54.78101348876953 159
1783705064305 50.430641174316406 160
1783705064523 48.19646072387695 161
1783705064679 49.415252685546875 162
1783705064855 43.634620666503906 163
1783705065035 47.47114181518555 164
1783705065193 47.38898468017578 165
1783705065363 44.44831085205078 166
1783705065551 44.15313720703125 167
1783705065844 41.11777877807617 168
1783705065994 44.120445251464844 169
1783705066141 37.95206069946289 170
1783705066287 41.522438049316406 171
1783705066457 38.06568908691406 172
1783705066615 36.73262023925781 173
1783705066752 37.731449127197266 174
1783705066855 33.27827453613281 175
1783705066993 36.85114288330078 176
1783705067125 33.955101013183594 177
1783705067253 34.589935302734375 178
1783705067392 31.912818908691406 179
1783705067521 32.45289611816406 180
1783705067667 29.14871597290039 181
1783705067793 31.659313201904297 182
1783705067935 29.773664474487305 183
1783705068063 27.86298179626465 184
1783705068216 29.225358963012695 185
1783705068347 26.490455627441406 186
1783705068486 23.824825286865234 187
1783705068626 25.32498550415039 188
1783705068755 21.478429794311523 189
1783705068874 22.467931747436523 190
1783705069007 21.781124114990234 191
1783705069144 20.20673370361328 192
1783705069273 20.383394241333008 193
1783705069458 18.410633087158203 194
1783705069593 17.42045783996582 195
1783705069697 16.364477157592773 196
1783705069832 16.781641006469727 197
1783705069956 14.137899398803711 198
1783705070091 13.510496139526367 199
1783705070216 16.125642776489258 200
1783705070344 13.299249649047852 201
1783705070471 12.846905708312988 202
1783705070614 10.255708694458008 203
1783705070739 11.82838249206543 204
1783705070889 9.412970542907715 205
1783705071025 8.123257637023926 206
1783705071155 7.2729291915893555 207
1783705071280 6.3642578125 208
1783705071387 5.865991592407227 209
1783705071534 3.897650718688965 210
1783705071720 4.242984771728516 211
1783705071849 4.253484725952148 212
1783705072122 2.917325258255005 213
1783705072299 2.7735888957977295 214
1783705072456 2.0104780197143555 215
1783705072646 2.6841611862182617 216
1783705072806 3.2033066749572754 217
1783705072978 2.4343690872192383 218
1783705073151 3.467059373855591 219
1783705073505 2.574155807495117 220
1783705073676 2.610663890838623 221
1783705073840 1.8536288738250732 222
1783705073982 2.3287899494171143 223
1783705074148 2.463104009628296 224
1783705074299 2.3289284706115723 225
1783705074458 2.7043685913085938 226
1783705074692 2.03977108001709 227
1783705074857 2.2076594829559326 228
1783705075022 2.3247575759887695 229
1783705075207 1.6095647811889648 230
1783705075390 2.1494803428649902 231
1783705075560 1.783635139465332 232
1783705075752 2.0441813468933105 233
1783705076007 2.516758680343628 234
1783705076126 2.1527626514434814 235
1783705076306 1.9881298542022705 236
1783705076486 1.3881508111953735 237
1783705076613 2.2619564533233643 238
1783705076753 1.5153334140777588 239
1783705076853 1.2347891330718994 240
1783705076961 1.813455581665039 241
1783705077109 2.136587619781494 242
1783705077254 1.1497998237609863 243
1783705077396 1.0911321640014648 244
1783705077541 0.8361566066741943 245
1783705077676 1.5432407855987549 246
1783705077814 1.900618553161621 247
1783705077938 1.933639407157898 248
1783705078060 1.3923585414886475 249
1783705078191 1.4903644323349 250
1783705078328 1.4464056491851807 251
1783705078485 2.512647867202759 252
1783705078626 1.2093849182128906 253
1783705078749 0.7943300604820251 254
1783705078867 1.3393094539642334 255
1783705078976 0.8074924945831299 256
1783705079092 1.6602084636688232 257
1783705079229 1.6006925106048584 258
1783705079376 1.4946658611297607 259
1783705079489 0.7182663083076477 260
1783705079734 1.0809252262115479 261
1783705079876 1.9668962955474854 262
1783705080005 0.45938199758529663 263
1783705080151 0.6248432397842407 264
1783705080289 1.2695841789245605 265
1783705080425 0.7932692766189575 266
1783705080530 1.630626916885376 267
1783705080653 1.1053715944290161 268
1783705080774 0.7803431749343872 269
1783705080890 0.7962245345115662 270
1783705081035 1.2602553367614746 271
1783705081150 1.5401432514190674 272
1783705081273 1.1330204010009766 273
1783705081406 0.7447416186332703 274
1783705081518 0.5757415294647217 275
1783705081636 1.573400616645813 276
1783705081773 1.942586064338684 277
1783705081911 0.8700012564659119 278
1783705082049 1.019387125968933 279
1783705082264 1.1958119869232178 280
1783705082415 0.9745969176292419 281
1783705082554 0.9992940425872803 282
1783705082687 1.1069648265838623 283
1783705082816 0.6068650484085083 284
1783705082971 1.231220006942749 285
1783705083097 1.4829282760620117 286
1783705083236 0.5371182560920715 287
1783705083371 1.2038068771362305 288
1783705083529 0.8430365324020386 289
1783705083646 0.43682777881622314 290
1783705083743 1.2873591184616089 291
1783705083872 0.6179738640785217 292
1783705083998 0.7177620530128479 293
1783705084143 1.3087363243103027 294
1783705084275 1.0953612327575684 295
1783705084404 1.1067417860031128 296
1783705084533 0.6615355610847473 297
1783705084706 0.6594533920288086 298
1783705084901 0.9723251461982727 299
1783705085068 0.7466034889221191 300
1783705085243 1.2011046409606934 301
1783705085418 1.171003818511963 302
1783705085582 0.6447110176086426 303
1783705085755 0.7169450521469116 304
1783705085917 0.6893342733383179 305
1783705086158 0.7645580768585205 306
1783705086320 0.8201274871826172 307
1783705086483 0.7050277590751648 308
1783705086645 0.8809258937835693 309
1783705086823 0.8075815439224243 310
1783705086936 1.124636173248291 311
1783705087093 1.5701484680175781 312
1783705087341 0.9401405453681946 313
1783705087500 0.7540201544761658 314
1783705087669 0.36273032426834106 315
1783705087827 1.0217878818511963 316
1783705088009 0.9527297019958496 317
1783705088204 0.7264334559440613 318
1783705088363 0.4738563895225525 319
1783705088673 0.31240665912628174 320
1783705088837 0.8045161962509155 321
1783705089026 0.4573572874069214 322
1783705089256 0.8604277968406677 323
1783705089440 0.9670736789703369 324
1783705089581 0.996469259262085 325
1783705089739 1.0074173212051392 326
1783705090028 0.5730513334274292 327
1783705090203 0.4869486689567566 328
1783705090381 0.40999671816825867 329
1783705090541 0.7876155972480774 330
1783705090685 0.7557050585746765 331
1783705090808 0.9493492841720581 332
1783705090922 0.5114750862121582 333
1783705091050 1.08942449092865 334
1783705091183 0.3985002636909485 335
1783705091345 0.720710813999176 336
1783705091478 0.6982399821281433 337
1783705091622 1.0683248043060303 338
1783705091745 0.3212429881095886 339
1783705091882 0.6179509162902832 340
1783705092024 0.6887906789779663 341
1783705092156 0.822259247303009 342
1783705092298 0.672431230545044 343
1783705092608 0.6074701547622681 344
1783705092733 0.5593233108520508 345
1783705092872 0.5018447041511536 346
1783705092998 0.5288636088371277 347
1783705093140 0.46226659417152405 348
1783705093291 0.38641950488090515 349
1783705093418 0.33923524618148804 350
1783705093570 0.4828674793243408 351
1783705093707 0.5040016770362854 352
1783705093823 0.4779306650161743 353
1783705093959 0.3040992021560669 354
1783705094103 0.5933698415756226 355
1783705094223 0.7131769061088562 356
1783705094372 0.3982611298561096 357
1783705094489 0.3714650869369507 358
1783705094617 0.4382602572441101 359
1783705094741 0.7393010854721069 360
1783705094868 0.38050180673599243 361
1783705095072 0.2802157998085022 362
1783705095214 0.6333179473876953 363
1783705095347 0.5806339383125305 364
1783705095489 0.5704188942909241 365
1783705095631 0.31310346722602844 366
1783705095795 0.22435390949249268 367
1783705095967 0.4774937927722931 368
1783705096140 0.37998995184898376 369
1783705096412 0.3859095573425293 370
1783705096562 0.20582818984985352 371
1783705096716 0.3954538106918335 372
1783705096849 0.47511059045791626 373
1783705096989 0.24207282066345215 374
1783705097171 0.15805405378341675 375
1783705097354 0.2880405783653259 376
1783705097507 0.4379246234893799 377
1783705097719 0.257285475730896 378
1783705097874 0.6196536421775818 379
1783705098024 0.296096533536911 380
1783705098201 0.4804893136024475 381
1783705098367 0.2921801209449768 382
1783705098555 0.1836358606815338 383
1783705098669 0.5666800737380981 384
1783705098806 0.259920597076416 385
1783705098990 0.30191290378570557 386
1783705099103 0.3978654742240906 387
1783705099257 0.29701027274131775 388
1783705099386 0.2840805649757385 389
1783705099507 0.5641164779663086 390
1783705099644 0.5142784118652344 391
1783705099782 0.3138063848018646 392
1783705099950 0.42830193042755127 393
1783705100191 0.2885591387748718 394
1783705100356 0.3893802762031555 395
1783705100540 0.43321946263313293 396
1783705100680 0.3948894739151001 397
1783705100810 0.2853434085845947 398
1783705100947 0.328357994556427 399
1783705101090 0.23949557542800903 400
1783705101219 0.18351082503795624 401
1783705101337 0.37173372507095337 402
1783705101472 0.3380013108253479 403
1783705101606 0.13063102960586548 404
1783705101723 0.2075439989566803 405
1783705101849 0.32282963395118713 406
1783705101969 0.45475661754608154 407
1783705102091 0.5237188339233398 408
1783705102234 0.3054036498069763 409
1783705102365 0.3493022620677948 410
1783705102506 0.24203252792358398 411
1783705102639 0.2223474085330963 412
1783705102877 0.1654186248779297 413
1783705103052 0.2998735308647156 414
1783705103211 0.24676063656806946 415
1783705103380 0.17538368701934814 416
1783705103548 0.14376458525657654 417
1783705103709 0.20227013528347015 418
1783705103878 0.23130273818969727 419
1783705104135 0.30031782388687134 420
1783705104299 0.3370259404182434 421
1783705104458 0.2821348309516907 422
1783705104639 0.3740224838256836 423
1783705104794 0.38162875175476074 424
1783705104978 0.23911552131175995 425
1783705105151 0.3528384566307068 426
1783705105301 0.2981189489364624 427
1783705105461 0.3575815260410309 428
1783705105650 0.3110363185405731 429
1783705105812 0.264373242855072 430
1783705105958 0.30343097448349 431
1783705106126 0.19757765531539917 432
1783705106291 0.33062121272087097 433
1783705106479 0.2585137188434601 434
1783705106683 0.16774168610572815 435
1783705106817 0.16434013843536377 436
1783705106932 0.24097490310668945 437
1783705107064 0.17073166370391846 438
1783705107204 0.24724873900413513 439
1783705107336 0.2861173152923584 440
1783705107467 0.32393792271614075 441
1783705107601 0.11284167319536209 442
1783705107735 0.18399056792259216 443
1783705107900 0.21156001091003418 444
1783705108029 0.1795547753572464 445
1783705108174 0.1438600867986679 446
1783705108304 0.17633327841758728 447
1783705108439 0.3003414273262024 448
1783705108567 0.30512070655822754 449
1783705108719 0.2513749599456787 450
1783705108858 0.2895205616950989 451
1783705108988 0.1945958435535431 452
1783705109106 0.30670401453971863 453
1783705109251 0.1706482470035553 454
1783705109373 0.2487870454788208 455
1783705109499 0.14878061413764954 456
1783705109615 0.23174192011356354 457
1783705109756 0.17289888858795166 458
1783705109886 0.22960877418518066 459
1783705110007 0.15001830458641052 460
1783705110155 0.18042594194412231 461
1783705110278 0.12552203238010406 462
1783705110389 0.2172863483428955 463
1783705110539 0.1443810760974884 464
1783705110669 0.21267321705818176 465
1783705110805 0.13141769170761108 466
1783705110934 0.21635375916957855 467
1783705111054 0.1837804913520813 468
1783705111179 0.1292920559644699 469
1783705111315 0.2407088428735733 470
1783705111439 0.16411742568016052 471
1783705111574 0.17605647444725037 472
1783705111701 0.19502125680446625 473
1783705111910 0.21292665600776672 474
1783705112052 0.1872677206993103 475
1783705112237 0.19623740017414093 476
1783705112408 0.16128621995449066 477
1783705112567 0.13827383518218994 478
1783705112745 0.11464624851942062 479
1783705113046 0.23407503962516785 480
1783705113201 0.11057507991790771 481
1783705113377 0.1631578505039215 482
1783705113549 0.17892545461654663 483
1783705113704 0.18615403771400452 484
1783705113879 0.1934475600719452 485
1783705114067 0.17016959190368652 486
1783705114367 0.15055394172668457 487
1783705114534 0.16475240886211395 488
1783705114713 0.17022332549095154 489
1783705114888 0.23235225677490234 490
1783705115059 0.16071489453315735 491
1783705115202 0.16147339344024658 492
1783705115375 0.17429836094379425 493
1783705115658 0.18233075737953186 494
1783705115792 0.17469778656959534 495
1783705115921 0.15525026619434357 496
1783705116082 0.15821874141693115 497
1783705116221 0.21567529439926147 498
1783705116360 0.1218532919883728 499
1783705116497 0.09667687863111496 500
1783705116626 0.16777870059013367 501
1783705116784 0.18466265499591827 502
1783705116901 0.17591193318367004 503
1783705117008 0.14592668414115906 504
1783705117143 0.17000854015350342 505
1783705117298 0.1915510594844818 506
1783705117439 0.13102377951145172 507
1783705117588 0.14481422305107117 508
1783705117738 0.18820764124393463 509
1783705117892 0.11575242131948471 510
1783705118059 0.13819757103919983 511
1783705118212 0.14890876412391663 512
1783705118342 0.22075620293617249 513
1783705118485 0.19796833395957947 514
1783705118610 0.2099311351776123 515
1783705118737 0.17096546292304993 516
1783705118862 0.117942214012146 517
1783705118974 0.12879759073257446 518
1783705119086 0.19210870563983917 519
1783705119211 0.14697633683681488 520
1783705119367 0.13240545988082886 521
1783705119508 0.14516110718250275 522
1783705119629 0.13100676238536835 523
1783705119769 0.12103249132633209 524
1783705119905 0.2277531623840332 525
1783705120056 0.17275011539459229 526
1783705120186 0.10885857045650482 527
1783705120330 0.13673758506774902 528
1783705120470 0.1409212201833725 529
1783705120690 0.14421500265598297 530
1783705120835 0.13685758411884308 531
1783705120957 0.16409191489219666 532
1783705121087 0.14494666457176208 533
1783705121208 0.1412116140127182 534
1783705121336 0.1506408005952835 535
1783705121451 0.11736328154802322 536
1783705121579 0.11715885251760483 537
1783705121732 0.1670510172843933 538
1783705121864 0.16168880462646484 539
1783705122065 0.14537778496742249 540
1783705122241 0.13627485930919647 541
1783705122418 0.1909959763288498 542
1783705122601 0.11406224966049194 543
1783705122774 0.08480244874954224 544
1783705122924 0.08073155581951141 545
1783705123077 0.07836811244487762 546
1783705123241 0.17506708204746246 547
1783705123471 0.1222950667142868 548
1783705123637 0.10543225705623627 549
1783705123784 0.11906515061855316 550
1783705123948 0.12181688845157623 551
1783705124115 0.1311614215373993 552
1783705124245 0.09686270356178284 553
1783705124396 0.10268799215555191 554
1783705124632 0.12398283928632736 555
1783705124803 0.12311212718486786 556
1783705124989 0.1156790480017662 557
1783705125138 0.10901884734630585 558
1783705125290 0.12366551160812378 559
1783705125450 0.08780383318662643 560
1783705125613 0.08621776103973389 561
1783705125903 0.09096001088619232 562
1783705126048 0.18662437796592712 563
1783705126232 0.09894896298646927 564
1783705126424 0.074544757604599 565
1783705126573 0.1537097990512848 566
1783705126771 0.14878645539283752 567
1783705126890 0.08512617647647858 568
1783705127060 0.12976446747779846 569
1783705127270 0.06779235601425171 570
1783705127410 0.12723058462142944 571
1783705127582 0.10395637154579163 572
1783705127752 0.09097863733768463 573
1783705127942 0.1827220618724823 574
1783705128097 0.0760883092880249 575
1783705128266 0.09517121315002441 576
1783705128550 0.16181161999702454 577
1783705128708 0.15894824266433716 578
1783705128865 0.18088164925575256 579
1783705128985 0.09598740935325623 580
1783705129106 0.12208136916160583 581
1783705129238 0.13476970791816711 582
1783705129373 0.12023182213306427 583
1783705129501 0.17542517185211182 584
1783705129634 0.14809063076972961 585
1783705129793 0.1835189163684845 586
1783705129934 0.13184206187725067 587
1783705130087 0.14833305776119232 588
1783705130235 0.12680228054523468 589
1783705130356 0.12943319976329803 590
1783705130485 0.09700560569763184 591
1783705130616 0.14383888244628906 592
1783705130720 0.09574143588542938 593
1783705130844 0.09559597820043564 594
1783705131028 0.127142995595932 595
1783705131165 0.1545467972755432 596
1783705131298 0.10231198370456696 597
1783705131435 0.12256316840648651 598
1783705131572 0.10783049464225769 599
1783705131709 0.09725026041269302 600
1783705131841 0.1404261589050293 601
1783705131987 0.17011448740959167 602
1783705132116 0.1727990061044693 603
1783705132281 0.09512363374233246 604
1783705132408 0.09818363189697266 605
1783705132552 0.11022917926311493 606
1783705132679 0.12574683129787445 607
1783705132826 0.10334756970405579 608
1783705132972 0.10098960995674133 609
1783705133128 0.08665432780981064 610
1783705133274 0.10127630829811096 611
1783705133541 0.09115389734506607 612
1783705133724 0.10514970868825912 613
1783705133899 0.10306456685066223 614
1783705134064 0.11309582740068436 615
1783705134218 0.10491812229156494 616
1783705134370 0.10926376283168793 617
1783705134538 0.11298877000808716 618
1783705134698 0.11924007534980774 619
1783705134920 0.11557702720165253 620
1783705135077 0.08451603353023529 621
1783705135250 0.10692299902439117 622
1783705135424 0.09207311272621155 623
1783705135601 0.10270438343286514 624
1783705135826 0.0895213633775711 625
1783705135968 0.1172119677066803 626
1783705136172 0.07514175772666931 627
1783705136307 0.1412375569343567 628
1783705136426 0.09016238898038864 629
1783705136569 0.13813386857509613 630
1783705136692 0.07491922378540039 631
1783705136840 0.16062846779823303 632
1783705136945 0.07870133221149445 633
1783705137053 0.13278359174728394 634
1783705137206 0.09940366446971893 635
1783705137328 0.13642892241477966 636
1783705137483 0.08387322723865509 637
1783705137624 0.10063119232654572 638
1783705137746 0.14740429818630219 639
1783705137890 0.09885299205780029 640
1783705138001 0.12235257774591446 641
1783705138133 0.11662131547927856 642
1783705138272 0.09754955023527145 643
1783705138405 0.10265077650547028 644
1783705138551 0.136893630027771 645
1783705138704 0.09819360077381134 646
1783705138826 0.0665522962808609 647
1783705138969 0.1325361430644989 648
1783705139126 0.09994624555110931 649
1783705139275 0.11070820689201355 650
1783705139439 0.08556137979030609 651
1783705139588 0.13897383213043213 652
1783705139750 0.08049396425485611 653
1783705139921 0.07106457650661469 654
1783705140159 0.11764783412218094 655
1783705140323 0.07333128154277802 656
1783705140482 0.058202020823955536 657
1783705140656 0.11696889996528625 658
1783705140826 0.10333804786205292 659
1783705140969 0.09668362140655518 660
1783705141353 0.08230772614479065 661
1783705141521 0.09553302824497223 662
1783705141702 0.07372114062309265 663
1783705141856 0.1476859450340271 664
1783705142010 0.11593253910541534 665
1783705142164 0.10782143473625183 666
1783705142349 0.09151902049779892 667
1783705142601 0.09388386458158493 668
1783705142765 0.055855460464954376 669
1783705142927 0.1300920844078064 670
1783705143059 0.09234470129013062 671
1783705143197 0.13350389897823334 672
1783705143322 0.046506933867931366 673
1783705143443 0.12611019611358643 674
1783705143577 0.09061089903116226 675
1783705143723 0.07764837890863419 676
1783705143890 0.0984964370727539 677
1783705144015 0.0808170884847641 678
1783705144135 0.12111473083496094 679
1783705144257 0.07942259311676025 680
1783705144393 0.08001796901226044 681
1783705144536 0.08210594952106476 682
1783705144671 0.06566812098026276 683
1783705144817 0.11885230243206024 684
1783705144946 0.047488532960414886 685
1783705145077 0.07260209321975708 686
1783705145220 0.11438004672527313 687
1783705145331 0.09418904781341553 688
1783705145439 0.10972180962562561 689
1783705145570 0.07610392570495605 690
1783705145692 0.15026473999023438 691
1783705145833 0.10550939291715622 692
1783705145963 0.07958424091339111 693
1783705146101 0.10300567746162415 694
1783705146244 0.09980811923742294 695
1783705146403 0.08290532976388931 696
1783705146522 0.05083872005343437 697
1783705146656 0.09840874373912811 698
1783705146790 0.16982892155647278 699
1783705146896 0.11337990313768387 700
1783705147037 0.10502834618091583 701
1783705147164 0.06559507548809052 702
1783705147282 0.04778439551591873 703
1783705147408 0.10319822281599045 704
1783705147529 0.10360705852508545 705
1783705147680 0.13221067190170288 706
1783705147815 0.05611072853207588 707
1783705147950 0.06806352734565735 708
1783705148084 0.06304683536291122 709
1783705148204 0.12612426280975342 710
1783705148317 0.0699029341340065 711
1783705148451 0.09668613970279694 712
1783705148544 0.05789303779602051 713
1783705148660 0.11344458162784576 714
1783705148774 0.09667132794857025 715
1783705148922 0.06570885330438614 716
1783705149055 0.10526278614997864 717
1783705149168 0.05975436791777611 718
1783705149290 0.1583244502544403 719
1783705149416 0.07325661182403564 720
1783705149541 0.10939088463783264 721
1783705149681 0.05624690651893616 722
1783705149809 0.07368762791156769 723
1783705149929 0.04886646941304207 724
1783705150073 0.0758972242474556 725
1783705150273 0.07107899338006973 726
1783705150429 0.05987321957945824 727
1783705150618 0.05535002052783966 728
1783705150770 0.05619733780622482 729
1783705150948 0.11348969489336014 730
1783705151094 0.08720585703849792 731
1783705151267 0.08214691281318665 732
1783705151464 0.09727774560451508 733
1783705151630 0.06257086247205734 734
1783705151781 0.07204873114824295 735
1783705151935 0.08839088678359985 736
1783705152085 0.059223100543022156 737
1783705152215 0.1095675453543663 738
1783705152387 0.08439883589744568 739
1783705152552 0.0655333399772644 740
1783705152771 0.13073892891407013 741
1783705152938 0.06910117715597153 742
1783705153098 0.08343546092510223 743
1783705153256 0.08829225599765778 744
1783705153405 0.11025987565517426 745
1783705153549 0.05822654068470001 746
1783705153719 0.0642460435628891 747
1783705153891 0.09592926502227783 748
1783705154051 0.07206886261701584 749
1783705154235 0.07583913207054138 750
1783705154358 0.05732691287994385 751
1783705154544 0.06823506206274033 752
1783705154726 0.06330551952123642 753
1783705154901 0.1009228453040123 754
1783705155053 0.1067708283662796 755
1783705155230 0.08069156110286713 756
1783705155472 0.0957939401268959 757
1783705155668 0.058870963752269745 758
1783705155833 0.07418681681156158 759
1783705156004 0.13103798031806946 760
1783705156139 0.061254967004060745 761
1783705156264 0.0858025848865509 762
1783705156410 0.13113704323768616 763
1783705156568 0.0871657133102417 764
1783705156701 0.12135585397481918 765
1783705156865 0.07447028160095215 766
1783705156975 0.0741899386048317 767
1783705157108 0.06987574696540833 768
1783705157242 0.11196565628051758 769
1783705157387 0.10943817347288132 770
1783705157542 0.07663501054048538 771
1783705157665 0.1088014468550682 772
1783705157805 0.07516413182020187 773
1783705157925 0.06982939690351486 774
1783705158030 0.051725614815950394 775
1783705158143 0.10699476301670074 776
1783705158292 0.07477514445781708 777
1783705158437 0.07378621399402618 778
1783705158553 0.07755828648805618 779
1783705158685 0.06473492830991745 780
1783705158835 0.04695327952504158 781
1783705158975 0.11553369462490082 782
1783705159106 0.03720448166131973 783
1783705159240 0.06598622351884842 784
1783705159371 0.09245746582746506 785
1783705159494 0.05043437331914902 786
1783705159610 0.07438717782497406 787
1783705159735 0.12010118365287781 788
1783705159857 0.07583816349506378 789
1783705159987 0.049769069999456406 790
1783705160092 0.06648702174425125 791
1783705160216 0.10778528451919556 792
1783705160361 0.06595449149608612 793
1783705160496 0.030505936592817307 794
1783705160652 0.0781828910112381 795
1783705160774 0.09013014286756516 796
1783705160904 0.0395481213927269 797
1783705161025 0.08314763009548187 798
1783705161145 0.095542311668396 799
1783705161303 0.14294669032096863 800
1783705161493 0.07386967539787292 801
1783705161753 0.06792043894529343 802
1783705161936 0.07539438456296921 803
1783705162100 0.10424868762493134 804
1783705162264 0.05780402198433876 805
1783705162440 0.07392565160989761 806
1783705162624 0.09576521068811417 807
1783705162820 0.12240156531333923 808
1783705162984 0.07640713453292847 809
1783705163136 0.12947902083396912 810
1783705163307 0.06726261973381042 811
1783705163453 0.06986276805400848 812
1783705163629 0.0778626799583435 813
1783705163787 0.05502251908183098 814
1783705163979 0.10195416957139969 815
1783705164262 0.036314934492111206 816
1783705164421 0.05292128399014473 817
1783705164591 0.036598023027181625 818
1783705164774 0.05469805747270584 819
1783705164957 0.07419996708631516 820
1783705165140 0.06012602895498276 821
1783705165306 0.14347656071186066 822
1783705165516 0.04118684306740761 823
1783705165662 0.08834831416606903 824
1783705165855 0.0689035952091217 825
1783705166058 0.08770756423473358 826
1783705166240 0.09496645629405975 827
1783705166432 0.06725800037384033 828
1783705166603 0.0952763706445694 829
1783705166807 0.09487646818161011 830
1783705166912 0.06011531502008438 831
1783705167021 0.08894287049770355 832
1783705167168 0.0461999736726284 833
1783705167294 0.0779130831360817 834
1783705167444 0.09469091147184372 835
1783705167589 0.06531516462564468 836
1783705167712 0.07607445120811462 837
1783705167819 0.035733144730329514 838
1783705167969 0.04448673129081726 839
1783705168101 0.1064663678407669 840
1783705168221 0.06379503756761551 841
1783705168342 0.08465057611465454 842
1783705168461 0.15068650245666504 843
1783705168612 0.12162815034389496 844
1783705168723 0.04081536456942558 845
1783705168855 0.06291346997022629 846
1783705168987 0.05030755326151848 847
1783705169106 0.07270199060440063 848
1783705169256 0.08175104111433029 849
1783705169418 0.048428475856781006 850
1783705169534 0.0855032354593277 851
1783705169663 0.06133558601140976 852
1783705169802 0.07347343116998672 853
1783705169941 0.08860594779253006 854
1783705170053 0.10005825012922287 855
1783705170177 0.041256196796894073 856
1783705170290 0.056975990533828735 857
1783705170404 0.061455193907022476 858
1783705170511 0.0974244773387909 859
1783705170637 0.046266257762908936 860
1783705170765 0.06970490515232086 861
1783705170894 0.05520510673522949 862
1783705171010 0.03224257007241249 863
1783705171127 0.15877972543239594 864
1783705171251 0.11006057262420654 865
1783705171371 0.07643595337867737 866
1783705171491 0.07061605155467987 867
1783705171614 0.05575881525874138 868
1783705171803 0.05294409394264221 869
1783705171943 0.11332789063453674 870
1783705172076 0.08466077595949173 871
1783705172205 0.0716366246342659 872
1783705172329 0.034284304827451706 873
1783705172473 0.07308664917945862 874
1783705172633 0.03945818543434143 875
1783705172800 0.07569874823093414 876
1783705173031 0.025426767766475677 877
1783705173318 0.09242784231901169 878
1783705173436 0.0602542906999588 879
1783705173549 0.06952293962240219 880
1783705173689 0.08156494051218033 881
1783705173806 0.04739872366189957 882
1783705173937 0.05075913667678833 883
1783705174067 0.02853843942284584 884
1783705174197 0.09866435825824738 885
1783705174498 0.0816064178943634 886
1783705174669 0.04785861447453499 887
1783705174859 0.06805077940225601 888
1783705175035 0.05173063278198242 889
1783705175219 0.06325839459896088 890
1783705175387 0.1018775999546051 891
1783705175576 0.12656494975090027 892
1783705175790 0.0713285282254219 893
1783705175963 0.05262644961476326 894
1783705176161 0.09951068460941315 895
1783705176334 0.07123012095689774 896
1783705176547 0.05136899650096893 897
1783705176697 0.03556032478809357 898
1783705176944 0.10956814885139465 899
1783705177066 0.09999974071979523 900
1783705177252 0.07115878909826279 901
1783705177451 0.043396417051553726 902
1783705177636 0.05138922482728958 903
1783705177783 0.06569843739271164 904
1783705177943 0.059424784034490585 905
1783705178131 0.044928617775440216 906
1783705178361 0.04316595196723938 907
1783705178513 0.054607801139354706 908
1783705178712 0.12011981010437012 909
1783705178893 0.08024400472640991 910
1783705179076 0.08857616037130356 911
1783705179278 0.04621143639087677 912
1783705179448 0.06034214794635773 913
1783705179681 0.061871688812971115 914
1783705179838 0.09809960424900055 915
1783705179991 0.0992707908153534 916
1783705180193 0.033451519906520844 917
1783705180319 0.09860394895076752 918
1783705180457 0.03213108330965042 919
1783705180566 0.049648672342300415 920
1783705180683 0.09965766966342926 921
1783705180806 0.08131664991378784 922
1783705180948 0.06356266140937805 923
1783705181092 0.04232316091656685 924
1783705181238 0.11289194226264954 925
1783705181363 0.05291871353983879 926
1783705181506 0.05708176642656326 927
1783705181633 0.04722210019826889 928
1783705181749 0.07160276174545288 929
1783705181869 0.0938986986875534 930
1783705182020 0.0748225674033165 931
1783705182213 0.0767693892121315 932
1783705182340 0.04275020211935043 933
1783705182467 0.07078006863594055 934
1783705182581 0.04687226563692093 935
1783705182707 0.08004029095172882 936
1783705183753 0.06832323223352432 937
1783705183870 0.038189779967069626 938
1783705184005 0.05336456745862961 939
1783705184137 0.05723416060209274 940
1783705184274 0.0681203305721283 941
1783705184487 0.05769755691289902 942
1783705184613 0.035795822739601135 943
1783705184743 0.11229079961776733 944
1783705184880 0.026443248614668846 945
1783705185015 0.04061174765229225 946
1783705185145 0.06038687378168106 947
1783705185281 0.08808492869138718 948
1783705185431 0.06163620203733444 949
1783705185630 0.04171843081712723 950
1783705185949 0.0811905711889267 951
1783705186100 0.036713868379592896 952
1783705186253 0.07829434424638748 953
1783705186416 0.05917423963546753 954
1783705186619 0.123007632791996 955
1783705186800 0.07544827461242676 956
1783705186935 0.03526059538125992 957
1783705187071 0.08535031974315643 958
1783705187295 0.11085204035043716 959
1783705187469 0.06019622087478638 960
1783705187641 0.08300408720970154 961
1783705187799 0.033691078424453735 962
1783705188006 0.04254186898469925 963
1783705188203 0.10136754810810089 964
1783705188514 0.06439141929149628 965
1783705188721 0.052849218249320984 966
1783705188886 0.04011383652687073 967
1783705189094 0.0719849169254303 968
1783705189286 0.02382231131196022 969
1783705189451 0.08041226118803024 970
1783705189692 0.0679871141910553 971
1783705189848 0.10888486355543137 972
1783705189975 0.05521360784769058 973
1783705190128 0.08163309842348099 974
1783705190292 0.06189342960715294 975
1783705190466 0.024421464651823044 976
1783705190637 0.04888388514518738 977
1783705190962 0.08867312967777252 978
1783705191097 0.047292836010456085 979
1783705191289 0.09594064950942993 980
1783705191427 0.060178324580192566 981
1783705191550 0.0890313982963562 982
1783705191683 0.05474652722477913 983
1783705191825 0.052241548895835876 984
1783705191952 0.07146681845188141 985
1783705192080 0.03327197581529617 986
1783705192210 0.06427962332963943 987
1783705192336 0.062365658581256866 988
1783705192463 0.1084035187959671 989
1783705192585 0.04854074865579605 990
1783705192733 0.08141956478357315 991
1783705192881 0.0469404011964798 992
1783705193002 0.13100296258926392 993
1783705193151 0.09288464486598969 994
1783705193276 0.03287222981452942 995
1783705193414 0.0525655597448349 996
1783705193581 0.058986686170101166 997
1783705193735 0.04600144177675247 998
1783705193868 0.08370031416416168 999
1783705194000 0.09299955517053604 1000
1783705194136 0.0412713922560215 1001
1783705194272 0.04758264124393463 1002
1783705194387 0.06000146642327309 1003
1783705194488 0.04370235651731491 1004
1783705194623 0.055648285895586014 1005
1783705194752 0.05516139045357704 1006
1783705194890 0.04201141744852066 1007
1783705195034 0.09312986582517624 1008
1783705195162 0.06357868015766144 1009
1783705195300 0.05414094775915146 1010
1783705195432 0.05860428139567375 1011
1783705195561 0.05564519390463829 1012
1783705195670 0.047562360763549805 1013
1783705195796 0.04708527401089668 1014
1783705195971 0.06794910132884979 1015
1783705196090 0.0799197107553482 1016
1783705196195 0.08816920220851898 1017
1783705196333 0.08651380240917206 1018
1783705196474 0.06946836411952972 1019
1783705196608 0.025435807183384895 1020
1783705196747 0.09060873091220856 1021
1783705196895 0.0483643002808094 1022
1783705197000 0.0469503328204155 1023
1783705197200 0.03984735161066055 1024
1783705197347 0.039183229207992554 1025
1783705197500 0.03936833143234253 1026
1783705197672 0.08362511545419693 1027
1783705197850 0.06585688143968582 1028
1783705198030 0.03477097302675247 1029
1783705198231 0.10805798321962357 1030
1783705198465 0.04507877677679062 1031
1783705198707 0.07077369838953018 1032
1783705198891 0.07270254194736481 1033
1783705199034 0.1260429173707962 1034
1783705199212 0.1194043830037117 1035
1783705199387 0.054597850888967514 1036
1783705199601 0.04141555726528168 1037
1783705199846 0.09200901538133621 1038
1783705200017 0.08743463456630707 1039
1783705200153 0.08666127920150757 1040
1783705200330 0.06114223599433899 1041
1783705200511 0.11020518094301224 1042
1783705200685 0.06022190675139427 1043
1783705200834 0.044319916516542435 1044
1783705201134 0.03232763707637787 1045
1783705201295 0.07359374314546585 1046
1783705201529 0.11935963481664658 1047
1783705201707 0.05405457317829132 1048
1783705201874 0.05414102226495743 1049
1783705202049 0.05601130425930023 1050
1783705202217 0.06442692875862122 1051
1783705202395 0.08624564856290817 1052
1783705202532 0.06929254531860352 1053
1783705202662 0.06888087093830109 1054
1783705202783 0.12350168824195862 1055
1783705202917 0.06084442138671875 1056
1783705203051 0.12194293737411499 1057
1783705203196 0.05818239599466324 1058
1783705203324 0.0711946040391922 1059
1783705203463 0.046912387013435364 1060
1783705203593 0.13486063480377197 1061
1783705203705 0.04145851731300354 1062
1783705203833 0.019365966320037842 1063
1783705203977 0.10288962721824646 1064
1783705204103 0.062115468084812164 1065
1783705204229 0.02970450185239315 1066
1783705204356 0.0336112417280674 1067
1783705204502 0.08595964312553406 1068
1783705204641 0.03238717466592789 1069
1783705204783 0.04361799731850624 1070
1783705204926 0.12493295967578888 1071
1783705205060 0.04836157709360123 1072
1783705205169 0.05901356041431427 1073
1783705205301 0.10620222985744476 1074
1783705205436 0.1401677131652832 1075
1783705205569 0.05122403800487518 1076
1783705205705 0.033518534153699875 1077
1783705205829 0.04541725292801857 1078
1783705205963 0.0599532276391983 1079
1783705206094 0.06754057109355927 1080
1783705206250 0.09251797199249268 1081
1783705206383 0.02906065061688423 1082
1783705206529 0.05776619166135788 1083
1783705206715 0.06269246339797974 1084
1783705206908 0.03634605556726456 1085
1783705207011 0.042020030319690704 1086
1783705207158 0.03620219603180885 1087
1783705207335 0.15120214223861694 1088
1783705207547 0.0634479969739914 1089
1783705207700 0.026808667927980423 1090
1783705207827 0.061769358813762665 1091
1783705207961 0.07324384897947311 1092
1783705208116 0.09330843389034271 1093
1783705208234 0.04345026612281799 1094
1783705208362 0.04002043977379799 1095
1783705208482 0.05837131291627884 1096
1783705208678 0.066989466547966 1097
1783705208869 0.03949221596121788 1098
1783705209007 0.1112152710556984 1099
1783705209158 0.08113517612218857 1100
1783705209376 0.11442536860704422 1101
1783705209562 0.07915720343589783 1102
1783705209781 0.04644662141799927 1103
1783705210122 0.06500493735074997 1104
1783705210311 0.03464436158537865 1105
1783705210469 0.05701976269483566 1106
1783705210645 0.03391612321138382 1107
1783705210817 0.07969950884580612 1108
1783705210985 0.04956122487783432 1109
1783705211138 0.07401668280363083 1110
1783705211465 0.06353339552879333 1111
1783705211615 0.12227878719568253 1112
1783705211794 0.06829433143138885 1113
1783705211982 0.04233810305595398 1114
1783705212168 0.050077565014362335 1115
1783705212326 0.022725151851773262 1116
1783705212482 0.04930473491549492 1117
1783705212649 0.03168616071343422 1118
1783705212764 0.039968255907297134 1119
1783705212878 0.08604416251182556 1120
1783705213013 0.061127711087465286 1121
1783705213160 0.106263667345047 1122
1783705213285 0.03633192181587219 1123
1783705213409 0.039800554513931274 1124
1783705213551 0.10397385060787201 1125
1783705213700 0.0928473249077797 1126
1783705213882 0.06936781108379364 1127
1783705214019 0.05154973641037941 1128
1783705214142 0.02915506809949875 1129
1783705214273 0.08617865294218063 1130
1783705214395 0.0411972776055336 1131
1783705214533 0.046091798692941666 1132
1783705214657 0.07057744264602661 1133
1783705214794 0.057562123984098434 1134
1783705214940 0.0570434108376503 1135
1783705215133 0.04846855625510216 1136
1783705215273 0.046271175146102905 1137
1783705215414 0.020345591008663177 1138
1783705215536 0.04670985788106918 1139
1783705215682 0.08257630467414856 1140
1783705215817 0.07071320712566376 1141
1783705215949 0.06941202282905579 1142
1783705216090 0.0625472441315651 1143
1783705216217 0.0396747961640358 1144
1783705216332 0.10962329804897308 1145
1783705216480 0.09838943928480148 1146
1783705216597 0.0962972491979599 1147
1783705216730 0.05953039228916168 1148
1783705216878 0.07783424109220505 1149
1783705216985 0.040741924196481705 1150
1783705217116 0.10452021658420563 1151
1783705217248 0.040686096996068954 1152
1783705217398 0.0524812676012516 1153
1783705217534 0.0809963047504425 1154
1783705217688 0.04886860400438309 1155
1783705217913 0.036106567829847336 1156
1783705218080 0.03369813784956932 1157
1783705218269 0.02325485274195671 1158
1783705218462 0.03903497755527496 1159
1783705218635 0.02490033581852913 1160
1783705218826 0.07664935290813446 1161
1783705219070 0.05049492418766022 1162
1783705219255 0.05502959340810776 1163
1783705219438 0.04744277149438858 1164
1783705219630 0.1091650053858757 1165
1783705219812 0.06864026188850403 1166
1783705219976 0.04149039834737778 1167
1783705220120 0.05869562178850174 1168
1783705220400 0.05299176648259163 1169
1783705220575 0.04881266504526138 1170
1783705220759 0.054662883281707764 1171
1783705220907 0.06593210995197296 1172
1783705221059 0.01602943427860737 1173
1783705221240 0.03529191017150879 1174
1783705221414 0.06702841073274612 1175
1783705221590 0.0626288428902626 1176
1783705221847 0.0769951120018959 1177
1783705222024 0.06098104268312454 1178
1783705222216 0.11666514724493027 1179
1783705222389 0.04310986027121544 1180
1783705222562 0.04880276322364807 1181
1783705222697 0.05604063719511032 1182
1783705222829 0.06892335414886475 1183
1783705223002 0.02602032572031021 1184
1783705223137 0.07362416386604309 1185
1783705223269 0.07844790816307068 1186
1783705223392 0.07605724781751633 1187
1783705223540 0.07403633743524551 1188
1783705223667 0.04950236529111862 1189
1783705223795 0.047286901623010635 1190
1783705223930 0.08184192329645157 1191
1783705224051 0.06418785452842712 1192
1783705224178 0.09357355535030365 1193
1783705224290 0.03140177205204964 1194
1783705224394 0.07218386232852936 1195
1783705224533 0.045931361615657806 1196
1783705224652 0.05511964112520218 1197
1783705224787 0.02990104630589485 1198
1783705224930 0.03499173745512962 1199
1783705225073 0.08226867765188217 1200
1783705225219 0.0817658007144928 1201
1783705225445 0.11025799065828323 1202
1783705225560 0.035857025533914566 1203
1783705225670 0.07318651676177979 1204
1783705225794 0.09384201467037201 1205
1783705225930 0.0449138879776001 1206
1783705226080 0.10549089312553406 1207
1783705226212 0.043771810829639435 1208
1783705226359 0.04187857732176781 1209
1783705226511 0.033870257437229156 1210
1783705226698 0.06906591355800629 1211
1783705226818 0.10543470829725266 1212
1783705226934 0.024752287194132805 1213
1783705227046 0.03962128609418869 1214
1783705227186 0.04159901291131973 1215
1783705227320 0.031130250543355942 1216
1783705227435 0.047707974910736084 1217
1783705227566 0.018850861117243767 1218
1783705227689 0.08569049835205078 1219
1783705227839 0.07683461904525757 1220
1783705228020 0.06627600640058517 1221
1783705228218 0.07390514016151428 1222
1783705228401 0.08526668697595596 1223
1783705228559 0.028099168092012405 1224
1783705228745 0.06957972794771194 1225
1783705228969 0.052434042096138 1226
1783705229134 0.12677651643753052 1227
1783705229419 0.06960663199424744 1228
1783705229577 0.07273697853088379 1229
1783705229747 0.04940115660429001 1230
1783705229912 0.07456287741661072 1231
1783705230050 0.04142197221517563 1232
1783705230187 0.017102178186178207 1233
1783705230352 0.04637611284852028 1234
1783705230668 0.06909676641225815 1235
1783705230847 0.07215383648872375 1236
1783705231018 0.04152984544634819 1237
1783705231179 0.04446607455611229 1238
1783705231359 0.05726250261068344 1239
1783705231555 0.058581508696079254 1240
1783705231733 0.08860157430171967 1241
1783705232035 0.0672154352068901 1242
1783705232181 0.11085584759712219 1243
1783705232316 0.0557807981967926 1244
1783705232504 0.08714460581541061 1245
1783705232663 0.08671485632658005 1246
1783705232789 0.02937004156410694 1247
1783705232930 0.06557713449001312 1248
1783705233051 0.020864177495241165 1249
1783705233182 0.047850318253040314 1250
1783705233340 0.029548345133662224 1251
1783705233476 0.10472061485052109 1252
1783705233619 0.05222845822572708 1253
1783705233744 0.07760858535766602 1254
1783705233885 0.01812957040965557 1255
1783705234011 0.05920194089412689 1256
1783705234138 0.034423451870679855 1257
1783705234252 0.08006420731544495 1258
1783705234371 0.04289725422859192 1259
1783705234525 0.05253947898745537 1260
1783705234668 0.01481431070715189 1261
1783705234812 0.07249566912651062 1262
1783705234943 0.07982215285301208 1263
1783705235053 0.09962744265794754 1264
1783705235192 0.037285320460796356 1265
1783705235312 0.04356567561626434 1266
1783705235448 0.023274384438991547 1267
1783705235562 0.09392040967941284 1268
1783705235713 0.07198236882686615 1269
1783705235869 0.07581847161054611 1270
1783705235999 0.017309032380580902 1271
1783705236138 0.04676690697669983 1272
1783705236268 0.1270294338464737 1273
1783705236393 0.05199999362230301 1274
1783705236510 0.057656846940517426 1275
1783705236649 0.10302844643592834 1276
1783705236769 0.04848867654800415 1277
1783705236904 0.10957255214452744 1278
1783705237016 0.041169192641973495 1279
1783705237120 0.02079678885638714 1280
1783705237249 0.11816656589508057 1281
1783705237384 0.041139449924230576 1282
1783705237515 0.0662597194314003 1283
1783705237643 0.04993458837270737 1284
1783705237793 0.02904609777033329 1285
1783705237931 0.09609891474246979 1286
1783705238075 0.08603428304195404 1287
1783705238213 0.06443153321743011 1288
1783705238343 0.04933612793684006 1289
1783705238481 0.06242876872420311 1290
1783705238597 0.05755755305290222 1291
1783705238719 0.08788076043128967 1292
1783705238895 0.07347296923398972 1293
1783705239092 0.04618622362613678 1294
1783705239275 0.04257615655660629 1295
1783705239615 0.08080469071865082 1296
1783705239797 0.10856445133686066 1297
1783705239962 0.09084032475948334 1298
1783705240114 0.0841246098279953 1299
1783705240279 0.05938361585140228 1300
1783705240464 0.07353336364030838 1301
1783705240644 0.08821435272693634 1302
1783705240961 0.06909757107496262 1303
1783705241130 0.03223605826497078 1304
1783705241294 0.029573068022727966 1305
1783705241486 0.0348200649023056 1306
1783705241682 0.05109633505344391 1307
1783705241861 0.10506005585193634 1308
1783705242188 0.021803492680191994 1309
1783705242329 0.13720542192459106 1310
1783705242502 0.06754672527313232 1311
1783705242669 0.08842107653617859 1312
1783705242843 0.04260829836130142 1313
1783705243016 0.04255838692188263 1314
1783705243208 0.05068991333246231 1315
1783705243580 0.04625196009874344 1316
1783705243761 0.06319819390773773 1317
1783705243948 0.09193486720323563 1318
1783705244126 0.02702024020254612 1319
1783705244303 0.044038381427526474 1320
1783705244480 0.07425982505083084 1321
1783705244853 0.08129198104143143 1322
1783705244983 0.07508201152086258 1323
1783705245115 0.045502759516239166 1324
1783705245259 0.08320559561252594 1325
1783705245389 0.03468053787946701 1326
1783705245527 0.046329278498888016 1327
1783705245665 0.027164475992321968 1328
1783705245801 0.03757975995540619 1329
1783705245967 0.046266041696071625 1330
1783705246133 0.11062310636043549 1331
1783705246257 0.062242284417152405 1332
1783705246422 0.03949762508273125 1333
1783705246554 0.07052988559007645 1334
1783705246695 0.1445578932762146 1335
1783705246823 0.09422551840543747 1336
1783705246955 0.11709333956241608 1337
1783705247060 0.08281522244215012 1338
1783705247203 0.0898982584476471 1339
1783705247360 0.06639398634433746 1340
1783705247488 0.02764676883816719 1341
1783705247624 0.07892867922782898 1342
1783705247764 0.07702536880970001 1343
1783705247895 0.06899920105934143 1344
1783705248023 0.03279717266559601 1345
1783705248133 0.13809771835803986 1346
1783705248257 0.1341276913881302 1347
1783705248383 0.06388916820287704 1348
1783705248505 0.06291109323501587 1349
1783705248646 0.03263675421476364 1350
1783705248774 0.05816803127527237 1351
1783705248894 0.05469253286719322 1352
1783705249023 0.07365871965885162 1353
1783705249158 0.026897504925727844 1354
1783705249258 0.03135150671005249 1355
1783705249402 0.0689312145113945 1356
1783705249522 0.06595216691493988 1357
1783705249630 0.07025738060474396 1358
1783705249757 0.03207514435052872 1359
1783705249887 0.05328710004687309 1360
1783705250009 0.05872216075658798 1361
1783705250125 0.023396585136651993 1362
1783705250245 0.0719548687338829 1363
1783705250369 0.0498589389026165 1364
1783705250499 0.10604628920555115 1365
1783705250635 0.11030079424381256 1366
1783705250777 0.0994294285774231 1367
1783705250922 0.07974228262901306 1368
1783705251124 0.02383045107126236 1369
1783705251270 0.022513749077916145 1370
1783705251415 0.08536561578512192 1371
1783705251537 0.03644855320453644 1372
1783705251681 0.06489934772253036 1373
1783705251801 0.044483937323093414 1374
1783705251968 0.03775175288319588 1375
1783705252166 0.13680127263069153 1376
1783705252541 0.025218892842531204 1377
1783705252702 0.04132620617747307 1378
1783705252855 0.11797304451465607 1379
1783705253036 0.048455893993377686 1380
1783705253250 0.06023175269365311 1381
1783705253453 0.03379448875784874 1382
1783705253579 0.036506135016679764 1383
1783705253857 0.023913247510790825 1384
1783705254031 0.04546026885509491 1385
1783705254192 0.03425278887152672 1386
1783705254351 0.08881431818008423 1387
1783705254541 0.09185086935758591 1388
1783705254702 0.031402911990880966 1389
1783705255020 0.055272363126277924 1390
1783705255185 0.046958427876234055 1391
1783705255366 0.054555270820856094 1392
1783705255596 0.06193678453564644 1393
1783705255744 0.07430890202522278 1394
1783705255890 0.06445243209600449 1395
1783705256034 0.08709941804409027 1396
1783705256215 0.03581865504384041 1397
1783705256394 0.02273143082857132 1398
1783705256552 0.057833582162857056 1399
1783705256744 0.08246125280857086 1400
1783705256929 0.050919003784656525 1401
1783705257032 0.0848584920167923 1402
1783705257169 0.07964581251144409 1403
1783705257326 0.07991354167461395 1404
1783705257566 0.05625360086560249 1405
1783705257704 0.06214062497019768 1406
1783705257833 0.06546323746442795 1407
1783705257953 0.03461150825023651 1408
1783705258070 0.031861674040555954 1409
1783705258191 0.032742924988269806 1410
1783705258330 0.04317333176732063 1411
1783705258464 0.046553999185562134 1412
1783705258676 0.046550557017326355 1413
1783705258837 0.10609108209609985 1414
1783705258988 0.13920176029205322 1415
1783705259119 0.06563346832990646 1416
1783705259252 0.1024954617023468 1417
1783705259397 0.05435645580291748 1418
1783705259544 0.023992624133825302 1419
1783705259691 0.050533536821603775 1420
1783705259810 0.019714582711458206 1421
1783705259932 0.09177643805742264 1422
1783705260079 0.09061487019062042 1423
1783705260229 0.022942479699850082 1424
1783705260369 0.05961310863494873 1425
1783705260509 0.06323713064193726 1426
1783705260656 0.019308224320411682 1427
1783705260773 0.07286252826452255 1428
1783705260915 0.046175457537174225 1429
1783705261046 0.052256979048252106 1430
1783705261188 0.07237961143255234 1431
1783705261464 0.0751151368021965 1432
1783705261578 0.019798852503299713 1433
1783705261747 0.0702480748295784 1434
1783705261878 0.04236346110701561 1435
1783705262028 0.077880859375 1436
1783705262194 0.13760553300380707 1437
1783705262366 0.03261091560125351 1438
1783705262488 0.02113594301044941 1439
1783705262775 0.05554046854376793 1440
1783705262934 0.08205016702413559 1441
1783705263093 0.04563932493329048 1442
1783705263260 0.03977760672569275 1443
1783705263436 0.032080620527267456 1444
1783705263590 0.08303336054086685 1445
1783705263750 0.0865183025598526 1446
1783705264078 0.06208096072077751 1447
1783705264263 0.03173225745558739 1448
1783705264428 0.07262909412384033 1449
1783705264590 0.03842085227370262 1450
1783705264734 0.05595068261027336 1451
1783705264896 0.04112537205219269 1452
1783705265061 0.050917867571115494 1453
1783705265443 0.02010275050997734 1454
1783705265597 0.03811108320951462 1455
1783705265766 0.07919242233037949 1456
1783705265936 0.03605831041932106 1457
1783705266089 0.12118535488843918 1458
1783705266230 0.05147144943475723 1459
1783705266388 0.03654421493411064 1460
1783705266562 0.09153259545564651 1461
1783705266713 0.04410768300294876 1462
1783705266868 0.051463644951581955 1463
1783705267001 0.04386552795767784 1464
1783705267147 0.03311607614159584 1465
1783705267333 0.013946102932095528 1466
1783705267509 0.03337233513593674 1467
1783705267696 0.07744503766298294 1468
1783705267927 0.085801862180233 1469
1783705268079 0.07603340595960617 1470
1783705268211 0.03967490792274475 1471
1783705268359 0.045439258217811584 1472
1783705268481 0.03429215028882027 1473
1783705268631 0.04645532742142677 1474
1783705268755 0.05029197409749031 1475
1783705268887 0.06214672699570656 1476
1783705269044 0.0687359869480133 1477
1783705269192 0.04644252359867096 1478
1783705269319 0.04753466323018074 1479
1783705269470 0.06994865834712982 1480
1783705269611 0.03663300722837448 1481
1783705269746 0.12763644754886627 1482
1783705269884 0.0869995504617691 1483
1783705270011 0.06763488054275513 1484
1783705270196 0.025339335203170776 1485
1783705270334 0.05228256434202194 1486
1783705270482 0.044142335653305054 1487
1783705270610 0.07992474734783173 1488
1783705270735 0.06985513120889664 1489
1783705270879 0.03568962216377258 1490
1783705271007 0.06257154047489166 1491
1783705271146 0.13574066758155823 1492
1783705271271 0.06892229616641998 1493
1783705271407 0.08012652397155762 1494
1783705271524 0.03551095724105835 1495
1783705271686 0.0679812952876091 1496
1783705271834 0.05551851913332939 1497
1783705271959 0.07040345668792725 1498
1783705272089 0.07179848849773407 1499
1783705272233 0.05098694562911987 1500
1783705272352 0.035076383501291275 1501
1783705272472 0.05400722473859787 1502
1783705272582 0.04722419008612633 1503
1783705272707 0.08508143573999405 1504
1783705272861 0.07988908886909485 1505
1783705273001 0.045069899410009384 1506
1783705273134 0.060515396296978 1507
1783705273255 0.035134583711624146 1508
1783705273382 0.07071025669574738 1509
1783705273510 0.03541618958115578 1510
1783705273640 0.018311627209186554 1511
1783705273768 0.0840957760810852 1512
1783705273909 0.10147549211978912 1513
1783705274024 0.09222055971622467 1514
1783705274350 0.06107398867607117 1515
1783705274528 0.050096504390239716 1516
1783705274667 0.08089598268270493 1517
1783705274833 0.06677181273698807 1518
1783705275008 0.07153241336345673 1519
1783705275180 0.05807102471590042 1520
1783705275357 0.052840132266283035 1521
1783705275540 0.06979822367429733 1522
1783705275719 0.06486207991838455 1523
1783705275926 0.08133552223443985 1524
1783705276111 0.02169780619442463 1525
1783705276279 0.04985712096095085 1526
1783705276477 0.0886077880859375 1527
1783705276700 0.0749734565615654 1528
1783705276859 0.06977406144142151 1529
1783705276968 0.0305798202753067 1530
1783705277071 0.0665910616517067 1531
1783705277221 0.03442911431193352 1532
1783705277419 0.09524858742952347 1533
1783705277593 0.03898430988192558 1534
1783705277753 0.10914064943790436 1535
1783705278048 0.058320190757513046 1536
1783705278234 0.045635778456926346 1537
1783705278413 0.06655200570821762 1538
1783705278620 0.032390546053647995 1539
1783705278806 0.0737917497754097 1540
1783705278975 0.03899727761745453 1541
1783705279144 0.02797676809132099 1542
1783705279475 0.06053471565246582 1543
1783705279673 0.1077163815498352 1544
1783705279859 0.06685219705104828 1545
1783705280041 0.042795173823833466 1546
1783705280213 0.10316869616508484 1547
1783705280391 0.02330091968178749 1548
1783705280600 0.13049696385860443 1549
1783705280781 0.056489430367946625 1550
1783705280956 0.09662825614213943 1551
1783705281097 0.09462276101112366 1552
1783705281263 0.07608118653297424 1553
1783705281381 0.05522822588682175 1554
1783705281498 0.08709154278039932 1555
1783705281631 0.080805204808712 1556
1783705281851 0.04912419244647026 1557
1783705281980 0.07036217302083969 1558
1783705282115 0.02697598561644554 1559
1783705282258 0.11887334287166595 1560
1783705282369 0.1340799182653427 1561
1783705282482 0.06620828062295914 1562
1783705282610 0.06609422713518143 1563
1783705282714 0.05938975140452385 1564
1783705282853 0.07081647962331772 1565
1783705282982 0.05422160401940346 1566
1783705283094 0.07934574782848358 1567
1783705283222 0.07587870955467224 1568
1783705283357 0.04884883388876915 1569
1783705283481 0.023561839014291763 1570
1783705283627 0.04678301140666008 1571
1783705283748 0.058907389640808105 1572
1783705283872 0.12014762312173843 1573
1783705284012 0.03573920577764511 1574
1783705284151 0.019494935870170593 1575
1783705284289 0.05314544215798378 1576
1783705284474 0.11001328378915787 1577
1783705284595 0.0448753647506237 1578
1783705284722 0.0328589528799057 1579
1783705284858 0.031610146164894104 1580
1783705284978 0.07060892879962921 1581
1783705285103 0.07158888131380081 1582
1783705285227 0.046714987605810165 1583
1783705285367 0.07966642081737518 1584
1783705285496 0.10422518104314804 1585
1783705285614 0.07106412947177887 1586
1783705285739 0.08276522159576416 1587
1783705285860 0.03201991692185402 1588
1783705285995 0.03801107034087181 1589
1783705286123 0.07592970877885818 1590
1783705286281 0.049783408641815186 1591
1783705286463 0.06750611960887909 1592
1783705286646 0.04493279755115509 1593
1783705286825 0.08316577970981598 1594
1783705286993 0.07328294962644577 1595
1783705287104 0.06170496344566345 1596
1783705287270 0.038476280868053436 1597
1783705287427 0.05336233973503113 1598
1783705287605 0.08253359794616699 1599
1783705287779 0.036370567977428436 1600
1783705287948 0.02310708910226822 1601
1783705288124 0.08581554889678955 1602
1783705288359 0.10894887894392014 1603
1783705288513 0.028985049575567245 1604
1783705288680 0.0784258171916008 1605
1783705288849 0.12658025324344635 1606
1783705289002 0.03164871782064438 1607
1783705289144 0.045150771737098694 1608
1783705289300 0.06073162704706192 1609
1783705289561 0.0624157153069973 1610
1783705289739 0.057034049183130264 1611
1783705289903 0.06254200637340546 1612
1783705290081 0.028964029625058174 1613
1783705290217 0.07975145429372787 1614
1783705290369 0.04169158637523651 1615
1783705290528 0.0602751150727272 1616
1783705290768 0.10196033120155334 1617
1783705290940 0.14924955368041992 1618
1783705291107 0.08757267892360687 1619
1783705291261 0.11210440844297409 1620
1783705291429 0.06283288449048996 1621
1783705291581 0.015803992748260498 1622
1783705291749 0.07504258304834366 1623
1783705291914 0.11593464016914368 1624
1783705292185 0.031336862593889236 1625
1783705292315 0.06678256392478943 1626
1783705292452 0.030425766482949257 1627
1783705292629 0.13238748908042908 1628
1783705292819 0.10276710242033005 1629
1783705292998 0.09900258481502533 1630
1783705293145 0.0636439248919487 1631
1783705293301 0.06006522476673126 1632
1783705293416 0.06520093232393265 1633
1783705293543 0.07226568460464478 1634
1783705293682 0.0890248566865921 1635
1783705293791 0.09593839198350906 1636
1783705293913 0.04410850629210472 1637
1783705294047 0.06661663949489594 1638
1783705294192 0.04207155480980873 1639
1783705294329 0.054039452224969864 1640
1783705294558 0.04055464640259743 1641
1783705294723 0.03662421554327011 1642
1783705294849 0.031540192663669586 1643
1783705294976 0.05090181902050972 1644
1783705295115 0.07101194560527802 1645
1783705295242 0.06877712905406952 1646
1783705295364 0.08874406665563583 1647
1783705295508 0.0325779989361763 1648
1783705295628 0.03809279948472977 1649
1783705295795 0.0889623612165451 1650
1783705295959 0.057625070214271545 1651
1783705296079 0.05093295872211456 1652
1783705296204 0.06245101988315582 1653
1783705296326 0.05930158495903015 1654
1783705296467 0.0821898877620697 1655
1783705296589 0.07022923976182938 1656
1783705296725 0.16647741198539734 1657
1783705296864 0.07296958565711975 1658
1783705296994 0.0832967460155487 1659
1783705297098 0.09141887724399567 1660
1783705297253 0.023214217275381088 1661
1783705297386 0.05457264930009842 1662
1783705297510 0.10000507533550262 1663
1783705297619 0.05934406444430351 1664
1783705297749 0.0745135098695755 1665
1783705297895 0.18033276498317719 1666
1783705298015 0.12783554196357727 1667
1783705298152 0.047543033957481384 1668
1783705298281 0.05570629611611366 1669
1783705298415 0.10125233232975006 1670
1783705298544 0.0710628554224968 1671
1783705298652 0.059502046555280685 1672
1783705298778 0.054935481399297714 1673
1783705298917 0.07250282168388367 1674
1783705299043 0.09481337666511536 1675
1783705299153 0.045836441218853 1676
1783705299260 0.13074219226837158 1677
1783705299443 0.03485758230090141 1678
1783705299731 0.03761864826083183 1679
1783705299891 0.08050129562616348 1680
1783705300048 0.04817331209778786 1681
1783705300215 0.08433473855257034 1682
1783705300355 0.05475487932562828 1683
1783705300512 0.05785631760954857 1684
1783705300689 0.06564214080572128 1685
1783705300941 0.04191092029213905 1686
1783705301086 0.07265187054872513 1687
1783705301256 0.12170644849538803 1688
1783705301413 0.029787439852952957 1689
1783705301597 0.0968787670135498 1690
1783705301770 0.03272917866706848 1691
1783705301951 0.09896625578403473 1692
1783705302260 0.03154108300805092 1693
1783705302415 0.060560353100299835 1694
1783705302554 0.09150184690952301 1695
1783705302730 0.14571845531463623 1696
1783705302932 0.09241437166929245 1697
1783705303096 0.03511512652039528 1698
1783705303270 0.10448319464921951 1699
1783705303620 0.04716571420431137 1700
1783705303777 0.04095199704170227 1701
1783705303957 0.02904745563864708 1702
1783705304113 0.06555736064910889 1703
1783705304259 0.10512995719909668 1704
1783705304388 0.07509523630142212 1705
1783705304520 0.06780897080898285 1706
1783705304649 0.07222943753004074 1707
1783705304778 0.05143212527036667 1708
1783705304896 0.07587099075317383 1709
1783705305031 0.06475242972373962 1710
1783705305171 0.035329047590494156 1711
1783705305308 0.06385795027017593 1712
1783705305446 0.10331656783819199 1713
1783705305578 0.03389780968427658 1714
1783705305709 0.05057281255722046 1715
1783705305846 0.08599018305540085 1716
1783705305976 0.13055014610290527 1717
1783705306099 0.041296012699604034 1718
1783705306235 0.06534159183502197 1719
1783705306354 0.12743528187274933 1720
1783705306506 0.08259477466344833 1721
1783705306626 0.08686527609825134 1722
1783705306761 0.07911262661218643 1723
1783705306896 0.054512325674295425 1724
1783705307016 0.07459405809640884 1725
1783705307117 0.057055503129959106 1726
1783705307277 0.03954151272773743 1727
1783705307409 0.0752958133816719 1728
1783705307559 0.04224094748497009 1729
1783705307691 0.15679840743541718 1730
1783705307820 0.07851452380418777 1731
1783705307947 0.0667419508099556 1732
1783705308094 0.0497940331697464 1733
1783705308226 0.03889231011271477 1734
1783705308363 0.12490224838256836 1735
1783705308490 0.10183067619800568 1736
1783705308621 0.06317965686321259 1737
1783705308759 0.09935969859361649 1738
1783705308906 0.03764771670103073 1739
1783705309032 0.05837597697973251 1740
1783705309143 0.04698783531785011 1741
1783705309259 0.1004791334271431 1742
1783705309391 0.04539566859602928 1743
1783705309527 0.0659177154302597 1744
1783705309651 0.04126278683543205 1745
1783705309828 0.13369984924793243 1746
1783705309938 0.03624715283513069 1747
1783705310045 0.0420488677918911 1748
1783705310169 0.08869200944900513 1749
1783705310332 0.0829959288239479 1750
1783705310470 0.14284898340702057 1751
1783705310608 0.0972730815410614 1752
1783705310793 0.08320799469947815 1753
1783705311165 0.13012510538101196 1754
1783705311348 0.03899140655994415 1755
1783705311523 0.07604320347309113 1756
1783705311669 0.05082566663622856 1757
1783705311829 0.07112526893615723 1758
1783705312006 0.07770640403032303 1759
1783705312187 0.09514135122299194 1760
1783705312357 0.04116426408290863 1761
1783705312529 0.09496582299470901 1762
1783705312668 0.06856681406497955 1763
1783705312844 0.1236741840839386 1764
1783705313025 0.07441485673189163 1765
1783705313191 0.07476592808961868 1766
1783705313382 0.07301715016365051 1767
1783705313672 0.10269488394260406 1768
1783705313833 0.09845190495252609 1769
1783705314006 0.03556865453720093 1770
1783705314179 0.18028762936592102 1771
1783705314317 0.08524686843156815 1772
1783705314436 0.04371478036046028 1773
1783705314564 0.05558127909898758 1774
1783705314688 0.07317838072776794 1775
1783705314836 0.19692108035087585 1776
1783705314964 0.08134835958480835 1777
1783705315099 0.061814192682504654 1778
1783705315217 0.05782752111554146 1779
1783705315367 0.08786824345588684 1780
1783705315495 0.0665278434753418 1781
1783705315639 0.033966563642024994 1782
1783705315779 0.059454843401908875 1783
1783705315926 0.06427484005689621 1784
1783705316124 0.09001852571964264 1785
1783705316254 0.08955846726894379 1786
1783705316395 0.036519259214401245 1787
1783705316522 0.05691380426287651 1788
1783705316659 0.03922533243894577 1789
1783705316790 0.046133726835250854 1790
1783705316931 0.04399551451206207 1791
1783705317051 0.13479797542095184 1792
1783705317159 0.07420968264341354 1793
1783705317447 0.1692284345626831 1794
1783705317571 0.21784749627113342 1795
1783705317705 0.05707433819770813 1796
1783705317834 0.06030164659023285 1797
1783705317970 0.13046200573444366 1798
1783705318102 0.09510617703199387 1799
1783705318243 0.049146320670843124 1800
1783705318379 0.15820027887821198 1801
1783705318527 0.16385135054588318 1802
1783705318676 0.13771896064281464 1803
1783705318794 0.04552352428436279 1804
1783705318927 0.04963211715221405 1805
1783705319062 0.06987367570400238 1806
1783705319174 0.057651884853839874 1807
1783705319294 0.09890025854110718 1808
1783705319429 0.2592105269432068 1809
1783705319561 0.15230721235275269 1810
1783705319704 0.04426136240363121 1811
1783705319844 0.08513540029525757 1812
1783705319967 0.04622330516576767 1813
1783705320120 0.15679851174354553 1814
1783705320262 0.09951002150774002 1815
1783705320397 0.07500454783439636 1816
1783705320531 0.06752213090658188 1817
1783705320675 0.12416118383407593 1818
1783705320825 0.1138971671462059 1819
1783705320981 0.05316893383860588 1820
1783705321286 0.11294247955083847 1821
1783705321498 0.10721399635076523 1822
1783705321648 0.047789886593818665 1823
1783705321803 0.07905871421098709 1824
1783705321960 0.06776215881109238 1825
1783705322132 0.07756118476390839 1826
1783705322315 0.0671505331993103 1827
1783705322680 0.11012300848960876 1828
1783705322851 0.16734625399112701 1829
1783705323022 0.13563387095928192 1830
1783705323181 0.05393686145544052 1831
1783705323356 0.06111125275492668 1832
1783705323528 0.06274005770683289 1833
1783705323829 0.053550560027360916 1834
1783705324010 0.05622459948062897 1835
1783705324218 0.11775186657905579 1836
1783705324383 0.12491762638092041 1837
1783705324565 0.07518717646598816 1838
1783705324730 0.06618451327085495 1839
1783705324872 0.09636574983596802 1840
1783705325198 0.04145864024758339 1841
1783705325338 0.11051366478204727 1842
1783705325477 0.13857397437095642 1843
1783705325594 0.09371097385883331 1844
1783705325735 0.06624888628721237 1845
1783705325877 0.08853651583194733 1846
1783705325997 0.1140383705496788 1847
1783705326120 0.0788174495100975 1848
1783705326262 0.034193240106105804 1849
1783705326441 0.08360046148300171 1850
1783705326560 0.051083043217659 1851
1783705326688 0.07093074917793274 1852
1783705326818 0.1716829091310501 1853
1783705326951 0.06779918074607849 1854
1783705327057 0.04443667083978653 1855
1783705327172 0.09458489716053009 1856
1783705327295 0.09045428037643433 1857
1783705327428 0.09668746590614319 1858
1783705327563 0.09656515717506409 1859
1783705327747 0.08195770531892776 1860
1783705327879 0.11264564096927643 1861
1783705328009 0.08785571902990341 1862
1783705328129 0.1727980226278305 1863
1783705328250 0.052308693528175354 1864
1783705328389 0.10968980938196182 1865
1783705328515 0.10721126198768616 1866
1783705328645 0.10730619728565216 1867
1783705328778 0.0900348424911499 1868
1783705328912 0.10534272342920303 1869
1783705329070 0.1282035857439041 1870
1783705329202 0.029357966035604477 1871
1783705329325 0.14216554164886475 1872
1783705329464 0.13317523896694183 1873
1783705330530 0.05869780480861664 1874
1783705330706 0.12981250882148743 1875
1783705330871 0.03863139450550079 1876
1783705331048 0.09234319627285004 1877
1783705331222 0.1187872365117073 1878
1783705331479 0.12481658905744553 1879
1783705331667 0.11231809109449387 1880
1783705331814 0.08250159025192261 1881
1783705331986 0.1146807074546814 1882
1783705332150 0.06572062522172928 1883
1783705332307 0.10698521137237549 1884
1783705332483 0.12025110423564911 1885
1783705332661 0.08230014890432358 1886
1783705332886 0.12546950578689575 1887
1783705333034 0.12921413779258728 1888
1783705333220 0.15877288579940796 1889
1783705333356 0.07929236441850662 1890
1783705333532 0.1511482298374176 1891
1783705333738 0.03786204755306244 1892
1783705333922 0.061977505683898926 1893
1783705334194 0.07445232570171356 1894
1783705334360 0.08642309159040451 1895
1783705334513 0.04924015328288078 1896
1783705334709 0.10255471616983414 1897
1783705334848 0.10118238627910614 1898
1783705335023 0.13542073965072632 1899
1783705335213 0.1331421434879303 1900
1783705335481 0.1306544691324234 1901
1783705335633 0.09474945813417435 1902
1783705335834 0.10710938274860382 1903
1783705335989 0.13562431931495667 1904
1783705336161 0.11938127130270004 1905
1783705336344 0.08514397591352463 1906
1783705336622 0.21011541783809662 1907
1783705336861 0.09646952897310257 1908
1783705336998 0.09342827647924423 1909
1783705337091 0.15443843603134155 1910
1783705337231 0.06639676541090012 1911
1783705337420 0.05831238999962807 1912
1783705337546 0.11493167281150818 1913
1783705337678 0.08195792138576508 1914
1783705337814 0.14027893543243408 1915
1783705337942 0.15252485871315002 1916
1783705338059 0.14967066049575806 1917
1783705338172 0.12308353930711746 1918
1783705338302 0.06973855942487717 1919
1783705338446 0.12234468013048172 1920
1783705338575 0.0912122130393982 1921
1783705338710 0.07952696830034256 1922
1783705338832 0.11216144263744354 1923
1783705338949 0.07591120898723602 1924
1783705339080 0.1083732321858406 1925
1783705339211 0.1332543045282364 1926
1783705339340 0.20172592997550964 1927
1783705339470 0.1497153341770172 1928
1783705339609 0.12606585025787354 1929
1783705339732 0.12567532062530518 1930
1783705339861 0.09516217559576035 1931
1783705339986 0.09535276889801025 1932
1783705340096 0.15692178905010223 1933
1783705340230 0.11232423037290573 1934
1783705340370 0.1206095814704895 1935
1783705340549 0.13677634298801422 1936
1783705340690 0.09570735692977905 1937
1783705340831 0.15089164674282074 1938
1783705340972 0.1729382872581482 1939
1783705341098 0.10642895847558975 1940
1783705341213 0.2126500904560089 1941
1783705341340 0.09898559004068375 1942
1783705341474 0.10897774994373322 1943
1783705341606 0.13446150720119476 1944
1783705341770 0.15602096915245056 1945
1783705341882 0.09029322862625122 1946
1783705342005 0.07204542309045792 1947
1783705342147 0.1404896378517151 1948
1783705342292 0.1291465163230896 1949
1783705342421 0.22261354327201843 1950
1783705342538 0.09432569891214371 1951
1783705342661 0.11720706522464752 1952
1783705342802 0.10254035890102386 1953
1783705343027 0.0686984583735466 1954
1783705343170 0.07751420140266418 1955
1783705343310 0.07318063080310822 1956
1783705343442 0.1616312563419342 1957
1783705343604 0.10837414115667343 1958
1783705343775 0.1146513894200325 1959
1783705343936 0.08728072047233582 1960
1783705344111 0.10955962538719177 1961
1783705344349 0.12759724259376526 1962
1783705344502 0.10793858021497726 1963
1783705344675 0.22025534510612488 1964
1783705344831 0.30825912952423096 1965
1783705344981 0.12408959865570068 1966
1783705345160 0.20355619490146637 1967
1783705345343 0.1432315558195114 1968
1783705345656 0.08554801344871521 1969
1783705345812 0.08079249411821365 1970
1783705345975 0.17372778058052063 1971
1783705346145 0.21727663278579712 1972
1783705346330 0.14989005029201508 1973
1783705346502 0.19589680433273315 1974
1783705346799 0.14742958545684814 1975
1783705346995 0.128790020942688 1976
1783705347122 0.12683096528053284 1977
1783705347248 0.10727828741073608 1978
1783705347421 0.2174690067768097 1979
1783705347586 0.17296522855758667 1980
1783705347760 0.18781577050685883 1981
1783705347911 0.20861279964447021 1982
1783705348159 0.15207140147686005 1983
1783705348308 0.13476519286632538 1984
1783705348481 0.11106923967599869 1985
1783705348628 0.06541377305984497 1986
1783705348772 0.1814184933900833 1987
1783705348908 0.13781598210334778 1988
1783705349045 0.11584948003292084 1989
1783705349169 0.1225767731666565 1990
1783705349284 0.17140226066112518 1991
1783705349427 0.236339271068573 1992
1783705349529 0.11949075758457184 1993
1783705349650 0.2580711841583252 1994
1783705349793 0.07161577045917511 1995
1783705349927 0.2007327526807785 1996
1783705350059 0.2027144432067871 1997
1783705350199 0.15332424640655518 1998
1783705350321 0.07519184798002243 1999
1783705350459 0.15858086943626404 2000
1783705350708 0.15372125804424286 2001
1783705350839 0.1063646674156189 2002
1783705350974 0.31055957078933716 2003
1783705351115 0.12929561734199524 2004
1783705351266 0.04950030893087387 2005
1783705351394 0.12952515482902527 2006
1783705351525 0.08553144335746765 2007
1783705351660 0.16065697371959686 2008
1783705351784 0.22142407298088074 2009
1783705351943 0.26836055517196655 2010
1783705352082 0.16550078988075256 2011
1783705352228 0.20950675010681152 2012
1783705352372 0.20683473348617554 2013
1783705352496 0.3845022916793823 2014
1783705352627 0.13006281852722168 2015
1783705352760 0.1671644002199173 2016
1783705352893 0.1522485315799713 2017
1783705353038 0.18363675475120544 2018
1783705353180 0.10879802703857422 2019
1783705353335 0.202325239777565 2020
1783705353459 0.2296493947505951 2021
1783705353579 0.1928332895040512 2022
1783705353705 0.23789100348949432 2023
1783705353838 0.34246134757995605 2024
1783705353979 0.13364958763122559 2025
1783705354121 0.1613585650920868 2026
1783705354259 0.18093639612197876 2027
1783705354444 0.22761178016662598 2028
1783705354550 0.16100762784481049 2029
1783705354639 0.22991836071014404 2030
1783705354771 0.2852204144001007 2031
1783705354900 0.2518277168273926 2032
1783705355029 0.16831178963184357 2033
1783705355160 0.1896573305130005 2034
1783705355291 0.18764939904212952 2035
1783705355410 0.1324450522661209 2036
1783705355558 0.1859809160232544 2037
1783705355776 0.2075381577014923 2038
1783705355922 0.21158432960510254 2039
1783705356063 0.1448744386434555 2040
1783705356192 0.189774289727211 2041
1783705356335 0.10943199694156647 2042
1783705356458 0.16804425418376923 2043
1783705356576 0.3308227062225342 2044
1783705356755 0.11185457557439804 2045
1783705357007 0.2519874572753906 2046
1783705357116 0.11085246503353119 2047
1783705357240 0.2180849313735962 2048
1783705357384 0.287802517414093 2049
1783705357568 0.13241277635097504 2050
1783705357732 0.150174081325531 2051
1783705357906 0.2195345014333725 2052
1783705358075 0.18332986533641815 2053
1783705358260 0.29534733295440674 2054
1783705358431 0.3525088131427765 2055
1783705358624 0.21034522354602814 2056
1783705358796 0.22036436200141907 2057
1783705358976 0.3161870539188385 2058
1783705359160 0.19145482778549194 2059
1783705359310 0.2332925945520401 2060
1783705359493 0.2774355113506317 2061
1783705359688 0.27637219429016113 2062
1783705359876 0.16083410382270813 2063
1783705360051 0.16012771427631378 2064
1783705360224 0.1758897453546524 2065
1783705360396 0.2550123929977417 2066
1783705360578 0.25225478410720825 2067
1783705360941 0.121159628033638 2068
1783705361105 0.16071195900440216 2069
1783705361260 0.36630356311798096 2070
1783705361410 0.2521548569202423 2071
1783705361560 0.14592072367668152 2072
1783705361727 0.2060079574584961 2073
1783705361899 0.25727376341819763 2074
1783705362192 0.1989801824092865 2075
1783705362357 0.2173609733581543 2076
1783705362529 0.2013140320777893 2077
1783705362677 0.14151032269001007 2078
1783705362862 0.10015438497066498 2079
1783705363032 0.2932014763355255 2080
1783705363222 0.33018016815185547 2081
1783705363429 0.24952036142349243 2082
1783705363629 0.15942490100860596 2083
1783705363776 0.30091923475265503 2084
1783705363902 0.330026775598526 2085
1783705364046 0.1322043538093567 2086
1783705364178 0.2898949384689331 2087
1783705364319 0.19484549760818481 2088
1783705364439 0.19578489661216736 2089
1783705364547 0.19225317239761353 2090
1783705364739 0.207113116979599 2091
1783705364859 0.3548506498336792 2092
1783705365001 0.3792964816093445 2093
1783705365129 0.43396425247192383 2094
1783705365271 0.2474592924118042 2095
1783705365399 0.27582401037216187 2096
1783705365508 0.37247276306152344 2097
1783705365641 0.51751309633255 2098
1783705365789 0.18069255352020264 2099
1783705366014 0.292813241481781 2100
1783705366147 0.34357738494873047 2101
1783705366280 0.3318963646888733 2102
1783705366423 0.2549281120300293 2103
1783705366572 0.3388717770576477 2104
1783705366715 0.3259690999984741 2105
1783705366834 0.2458673119544983 2106
1783705366963 0.25701290369033813 2107
1783705367091 0.3691328763961792 2108
1783705367216 0.4106547236442566 2109
1783705367370 0.2686571180820465 2110
1783705367498 0.38846415281295776 2111
1783705367643 0.32115438580513 2112
1783705367784 0.3306887149810791 2113
1783705367898 0.4245871305465698 2114
1783705368042 0.4934609532356262 2115
1783705368169 0.39601653814315796 2116
1783705368307 0.4349808096885681 2117
1783705368505 0.39263343811035156 2118
1783705368641 0.345273494720459 2119
1783705368771 0.36578118801116943 2120
1783705368897 0.496620237827301 2121
1783705369030 0.5113154649734497 2122
1783705369156 0.24927201867103577 2123
1783705369270 0.39807000756263733 2124
1783705369386 0.259982705116272 2125
1783705369511 0.3056970536708832 2126
1783705369635 0.28028106689453125 2127
1783705369790 0.41658544540405273 2128
1783705369928 0.20486071705818176 2129
1783705370076 0.45460885763168335 2130
1783705370227 0.4290369749069214 2131
1783705370354 0.3190969228744507 2132
1783705370495 0.35898780822753906 2133
1783705370626 0.4879402220249176 2134
1783705370760 0.4654086232185364 2135
1783705371010 0.39498138427734375 2136
1783705371138 0.44563281536102295 2137
1783705371277 0.39008432626724243 2138
1783705371405 0.3000979423522949 2139
1783705371540 0.34441298246383667 2140
1783705371686 0.5535320043563843 2141
1783705371809 0.3532383143901825 2142
1783705371963 0.44028663635253906 2143
1783705372177 0.42216771841049194 2144
1783705372469 0.2226880043745041 2145
1783705372624 0.4895012676715851 2146
1783705372782 0.5723581314086914 2147
1783705372926 0.35417789220809937 2148
1783705373080 0.4617691934108734 2149
1783705373229 0.3203481137752533 2150
1783705373387 0.435551255941391 2151
1783705373675 0.47974520921707153 2152
1783705373837 0.4011680483818054 2153
1783705373997 0.3743879795074463 2154
1783705374163 0.6675406694412231 2155
1783705374344 0.5655255317687988 2156
1783705374508 0.4841565191745758 2157
1783705374674 0.36356791853904724 2158
1783705374905 0.5323996543884277 2159
1783705375060 0.436962366104126 2160
1783705375230 0.3349555730819702 2161
1783705375446 0.5068246722221375 2162
1783705375632 0.31094470620155334 2163
1783705375800 0.5056745409965515 2164
1783705375959 0.6561925411224365 2165
1783705376142 0.34758591651916504 2166
1783705376312 0.48108094930648804 2167
1783705376507 0.5071126818656921 2168
1783705376681 0.555381178855896 2169
1783705376875 0.6012680530548096 2170
1783705377058 0.7217190265655518 2171
1783705377157 0.5366200804710388 2172
1783705377290 0.4953460097312927 2173
1783705377534 0.5248474478721619 2174
1783705377730 0.6946009397506714 2175
1783705377889 0.5407048463821411 2176
1783705378060 0.5592141151428223 2177
1783705378207 0.5635424852371216 2178
1783705378362 0.45057016611099243 2179
1783705378524 0.7202556133270264 2180
1783705378842 0.6722791790962219 2181
1783705378959 0.49131107330322266 2182
1783705379111 0.7914915084838867 2183
1783705379211 0.574275016784668 2184
1783705379323 0.7458809614181519 2185
1783705379452 0.44135501980781555 2186
1783705379576 0.723845899105072 2187
1783705379704 0.46277540922164917 2188
1783705379826 0.820845901966095 2189
1783705379964 0.45797431468963623 2190
1783705380128 0.5485795736312866 2191
1783705380247 0.723923921585083 2192
1783705380401 0.5267219543457031 2193
1783705380522 0.580357551574707 2194
1783705380633 0.7523560523986816 2195
1783705380757 0.6574133634567261 2196
1783705380871 0.7658891677856445 2197
1783705380999 0.6541998982429504 2198
1783705381141 0.6351906657218933 2199
1783705381276 0.7764004468917847 2200
1783705381420 0.5689578056335449 2201
1783705381544 0.5851560235023499 2202
1783705381690 0.4673555791378021 2203
1783705381818 0.5940192341804504 2204
1783705381961 0.8267391920089722 2205
1783705382098 0.7320592403411865 2206
1783705382230 0.8122347593307495 2207
1783705382374 0.8181220293045044 2208
1783705382522 0.8416566252708435 2209
1783705382684 0.670219898223877 2210
1783705382816 0.9211434125900269 2211
1783705382955 0.7055649757385254 2212
1783705383096 0.8962030410766602 2213
1783705383222 0.6228764057159424 2214
1783705383352 0.6639689207077026 2215
1783705383491 0.876713216304779 2216
1783705383640 0.8389314413070679 2217
1783705383891 0.8495216965675354 2218
1783705384029 0.6430547833442688 2219
1783705384157 0.9469136595726013 2220
1783705384292 0.7722633481025696 2221
1783705384425 0.9866355657577515 2222
1783705384572 0.9117590188980103 2223
1783705384689 0.7131738662719727 2224
1783705384819 0.5281461477279663 2225
1783705384957 0.6286828517913818 2226
1783705385106 0.8749110698699951 2227
1783705385232 0.5458033084869385 2228
1783705385347 0.9604119658470154 2229
1783705385487 0.875124990940094 2230
1783705385625 0.7830945253372192 2231
1783705385734 0.750079333782196 2232
1783705385909 0.4986063838005066 2233
1783705386068 0.6700887680053711 2234
1783705386239 0.7828055620193481 2235
1783705386468 0.663007915019989 2236
1783705386650 0.7131212949752808 2237
1783705386804 0.6679547429084778 2238
1783705386978 0.6338586211204529 2239
1783705387103 0.6388230323791504 2240
1783705387262 0.8669097423553467 2241
1783705387389 0.7498608827590942 2242
1783705387533 0.49426770210266113 2243
1783705387833 0.7437630891799927 2244
1783705387973 0.8144702911376953 2245
1783705388138 0.6875459551811218 2246
1783705388303 0.5996799468994141 2247
1783705388464 0.7061793804168701 2248
1783705388610 0.5607297420501709 2249
1783705388766 0.7610745429992676 2250
1783705388956 0.6282269954681396 2251
1783705389168 0.4375172555446625 2252
1783705389329 0.7096023559570312 2253
1783705389492 0.5967239737510681 2254
1783705389682 0.43701887130737305 2255
1783705389874 0.5128849148750305 2256
1783705390037 0.7000455856323242 2257
1783705390229 0.518734335899353 2258
1783705390494 0.6500574946403503 2259
1783705390635 0.6724205017089844 2260
1783705390790 0.5754299163818359 2261
1783705390928 0.521837592124939 2262
1783705391058 0.6173912286758423 2263
1783705391191 0.5312281847000122 2264
1783705391322 0.562749445438385 2265
1783705391447 0.6059689521789551 2266
1783705391655 0.6279919147491455 2267
1783705391794 0.6400336027145386 2268
1783705391939 0.7933739423751831 2269
1783705392064 0.46895503997802734 2270
1783705392213 0.756235659122467 2271
1783705392329 0.6179366111755371 2272
1783705392459 0.6364558339118958 2273
1783705392593 0.7909728288650513 2274
1783705392724 0.5273131728172302 2275
1783705392841 0.4851634204387665 2276
1783705392991 0.5885482430458069 2277
1783705393127 0.6625534892082214 2278
1783705393256 0.5877962112426758 2279
1783705393388 0.6422396898269653 2280
1783705393526 0.5674791932106018 2281
1783705393666 0.3426462709903717 2282
1783705393788 0.6080478429794312 2283
1783705393927 0.5185807943344116 2284
1783705394096 0.516346275806427 2285
1783705394269 0.7539411783218384 2286
1783705394374 0.6652300357818604 2287
1783705394494 0.5037786960601807 2288
1783705394642 0.49294084310531616 2289
1783705394772 0.6050049066543579 2290
1783705394890 0.5468597412109375 2291
1783705395029 0.5202534198760986 2292
1783705395153 0.4010189175605774 2293
1783705395295 0.40968871116638184 2294
1783705395439 0.6574913859367371 2295
1783705395599 0.46266651153564453 2296
1783705395734 0.7800790071487427 2297
1783705395878 0.5405571460723877 2298
1783705396060 0.5693861842155457 2299
1783705396246 0.45482292771339417 2300
1783705396389 0.4738513231277466 2301
1783705396537 0.581244170665741 2302
1783705396745 0.6010768413543701 2303
1783705396909 0.41115450859069824 2304
1783705397104 0.5226678252220154 2305
1783705397214 0.5534825921058655 2306
1783705397394 0.37787386775016785 2307
1783705397545 0.567233145236969 2308
1783705397722 0.5996091365814209 2309
1783705398036 0.5943282842636108 2310
1783705398197 0.5140341520309448 2311
1783705398399 0.6349160671234131 2312
1783705398579 0.6884534358978271 2313
1783705398752 0.4817609488964081 2314
1783705398922 0.5821269154548645 2315
1783705399089 0.5488078594207764 2316
1783705399257 0.7278975248336792 2317
1783705399480 0.6552333831787109 2318
1783705399609 0.5835449695587158 2319
1783705399773 0.7016172409057617 2320
1783705399933 0.6470175981521606 2321
1783705400103 0.4855276942253113 2322
1783705400270 0.735730767250061 2323
1783705400441 0.6797654032707214 2324
1783705400680 0.5347429513931274 2325
1783705400841 0.6467600464820862 2326
1783705401012 0.6619415283203125 2327
1783705401170 0.6179718971252441 2328
1783705401352 0.8173415660858154 2329
1783705401536 0.6192837357521057 2330
1783705401699 0.6031895875930786 2331
1783705401903 0.6247396469116211 2332
1783705402058 0.5774248242378235 2333
1783705402180 0.7159566879272461 2334
1783705402303 0.6060892939567566 2335
1783705402425 0.659359335899353 2336
1783705402557 0.579352617263794 2337
1783705402685 0.5959489345550537 2338
1783705402816 0.5687679648399353 2339
1783705402953 0.49120786786079407 2340
1783705403154 0.7173100709915161 2341
1783705403290 0.5809904932975769 2342
1783705403439 0.5546320080757141 2343
1783705403590 0.829277753829956 2344
1783705403711 0.6036475300788879 2345
1783705403835 0.620471179485321 2346
1783705403974 0.6203422546386719 2347
1783705404102 0.6316089034080505 2348
1783705404247 0.5869846343994141 2349
1783705404369 0.7038715481758118 2350
1783705404496 0.798025369644165 2351
1783705404640 0.5856701135635376 2352
1783705404768 0.7769284248352051 2353
1783705404883 0.6192026138305664 2354
1783705405028 0.7358840703964233 2355
1783705405152 0.9530438184738159 2356
1783705405273 0.9902603626251221 2357
1783705405386 0.8256227970123291 2358
1783705405510 0.7357997298240662 2359
1783705405624 0.7329728603363037 2360
1783705405756 0.8099090456962585 2361
1783705405902 0.7731243968009949 2362
1783705406042 0.9550433158874512 2363
1783705406177 0.830292820930481 2364
1783705406322 0.6433790326118469 2365
1783705406452 0.9872493147850037 2366
1783705406579 0.6845408082008362 2367
1783705406709 0.7702158689498901 2368
1783705406838 0.6967285871505737 2369
1783705406972 0.9204823970794678 2370
1783705407095 1.0179928541183472 2371
1783705407197 0.7311422824859619 2372
1783705407337 0.8593764305114746 2373
1783705407458 1.026625156402588 2374
1783705407578 0.7625430822372437 2375
1783705407698 0.8552571535110474 2376
1783705407823 0.8719609975814819 2377
1783705407947 1.0895612239837646 2378
1783705408219 0.6236197352409363 2379
1783705408353 0.7117974758148193 2380
1783705408481 0.9171303510665894 2381
1783705408598 0.8329882621765137 2382
1783705408741 0.8490548729896545 2383
1783705408880 0.7934370040893555 2384
1783705409005 0.9216713309288025 2385
1783705409226 0.8921020030975342 2386
1783705409428 0.7229992151260376 2387
1783705409624 0.8935045003890991 2388
1783705409775 0.8373339176177979 2389
1783705409959 0.8581228256225586 2390
1783705410117 0.8037757873535156 2391
1783705410293 0.8401840925216675 2392
1783705410475 0.9883398413658142 2393
1783705410643 0.9177327156066895 2394
1783705410874 0.7058044672012329 2395
1783705411047 0.9705904722213745 2396
1783705411236 0.8491418361663818 2397
1783705411438 0.8654260635375977 2398
1783705411630 0.8794819116592407 2399
1783705411816 1.0223424434661865 2400
1783705411973 0.6535581350326538 2401
1783705412206 0.8896540403366089 2402
1783705412365 0.9232101440429688 2403
1783705412515 0.8610343933105469 2404
1783705412697 1.0007843971252441 2405
1783705412871 0.8166579008102417 2406
1783705413014 1.045123815536499 2407
1783705413233 0.7480342388153076 2408
1783705413501 0.9172574877738953 2409
1783705413692 0.9543853402137756 2410
1783705413855 0.8948333263397217 2411
1783705414021 0.9058457612991333 2412
1783705414205 0.8081700801849365 2413
1783705414370 0.876702070236206 2414
1783705414714 1.0065629482269287 2415
1783705414916 1.034466028213501 2416
1783705415051 0.8826311826705933 2417
1783705415187 0.9906113147735596 2418
1783705415324 0.9685611724853516 2419
1783705415458 0.7591990232467651 2420
1783705415581 0.9851415157318115 2421
1783705415713 0.7358639240264893 2422
1783705415852 0.9366947412490845 2423
1783705416036 0.9689622521400452 2424
1783705416155 1.012898564338684 2425
1783705416307 0.8750673532485962 2426
1783705416440 0.9731056690216064 2427
1783705416572 0.8725337386131287 2428
1783705416701 0.7717769145965576 2429
1783705416839 0.8480026721954346 2430
1783705416979 0.7506582736968994 2431
1783705417109 0.8007774949073792 2432
1783705417226 0.9001322984695435 2433
1783705417359 0.8577966690063477 2434
1783705417509 1.0665545463562012 2435
1783705417646 1.0205628871917725 2436
1783705417776 0.8790836334228516 2437
1783705417905 0.9180164933204651 2438
1783705418043 0.6399236917495728 2439
1783705418177 0.8755730390548706 2440
1783705418309 0.8514198660850525 2441
1783705418551 1.0468748807907104 2442
1783705418702 0.738121747970581 2443
1783705418825 0.9396488666534424 2444
1783705418951 0.8327540159225464 2445
1783705419093 0.707281231880188 2446
1783705419209 0.8772966861724854 2447
1783705419342 0.6508979201316833 2448
1783705419465 0.8530341982841492 2449
1783705419580 0.7280910611152649 2450
1783705419704 0.7425461411476135 2451
1783705419840 0.6527317762374878 2452
1783705419956 0.6293778419494629 2453
1783705420102 0.7731801271438599 2454
1783705420234 0.8377534747123718 2455
1783705420383 0.6086210012435913 2456
1783705420514 0.8559384346008301 2457
1783705420650 0.5787439346313477 2458
1783705420787 0.728458046913147 2459
1783705420912 0.5680919289588928 2460
1783705421056 0.5706205368041992 2461
1783705421189 0.5522595643997192 2462
1783705421321 0.5606192946434021 2463
1783705421442 0.556092381477356 2464
1783705421552 0.5306072235107422 2465
1783705421687 0.5331564545631409 2466
1783705421832 0.6809052228927612 2467
1783705421977 0.5648720264434814 2468
1783705422124 0.5683066248893738 2469
1783705422268 0.4986180067062378 2470
1783705422490 0.5055727362632751 2471
1783705422638 0.7304188013076782 2472
1783705422815 0.4925546944141388 2473
1783705422989 0.5465354919433594 2474
1783705423176 0.6011775732040405 2475
1783705423319 0.4557983875274658 2476
1783705423714 0.47638198733329773 2477
1783705423909 0.5602912306785583 2478
1783705424085 0.5994589924812317 2479
1783705424261 0.4820725917816162 2480
1783705424439 0.5191673040390015 2481
1783705424607 0.5250716805458069 2482
1783705424779 0.4768088161945343 2483
1783705425091 0.5579338073730469 2484
1783705425292 0.6194251775741577 2485
1783705425420 0.6561084985733032 2486
1783705425597 0.5678414106369019 2487
1783705425789 0.6113513708114624 2488
1783705425981 0.5690284967422485 2489
1783705426249 0.6050037145614624 2490
1783705426407 0.5275102257728577 2491
1783705426558 0.49436837434768677 2492
1783705426713 0.46565335988998413 2493
1783705426883 0.5776855945587158 2494
1783705427047 0.6161466836929321 2495
1783705427162 0.5749655961990356 2496
1783705427273 0.47320669889450073 2497
1783705427468 0.5567171573638916 2498
1783705427611 0.554800271987915 2499
1783705427756 0.4859897494316101 2500
1783705427882 0.5996156930923462 2501
1783705428022 0.5655597448348999 2502
1783705428150 0.5562300682067871 2503
1783705428260 0.5348122715950012 2504
1783705428372 0.5875892043113708 2505
1783705428505 0.6394480466842651 2506
1783705428720 0.5855675935745239 2507
1783705428841 0.5327242016792297 2508
1783705428960 0.6422556638717651 2509
1783705429104 0.6960867643356323 2510
1783705429231 0.7263150215148926 2511
1783705429347 0.7367531061172485 2512
1783705429465 0.5383400917053223 2513
1783705429602 0.6041560769081116 2514
1783705429754 0.6603750586509705 2515
1783705429882 0.6203674077987671 2516
1783705430023 0.7063729763031006 2517
1783705430167 0.6416067481040955 2518
1783705430309 0.7015930414199829 2519
1783705430445 0.7148864269256592 2520
1783705430581 0.6023279428482056 2521
1783705430717 0.6655802726745605 2522
1783705430839 0.7572304010391235 2523
1783705430961 0.7145599126815796 2524
1783705431084 0.79483562707901 2525
1783705431291 0.7902721166610718 2526
1783705431406 0.779777467250824 2527
1783705431517 0.7730994820594788 2528
1783705431655 0.8237888216972351 2529
1783705431780 0.795316219329834 2530
1783705431903 0.6472205519676208 2531
1783705432044 0.8019543886184692 2532
1783705432157 0.6779037714004517 2533
1783705432283 0.7159328460693359 2534
1783705432618 0.8112072944641113 2535
1783705432800 0.7994846105575562 2536
1783705432978 0.7893320322036743 2537
1783705433151 0.8151075839996338 2538
1783705433286 0.879167377948761 2539
1783705433460 0.7704593539237976 2540
1783705433641 0.8357381820678711 2541
1783705433902 0.9098331928253174 2542
1783705434090 0.8433701992034912 2543
1783705434274 0.8743379712104797 2544
1783705434415 1.050793170928955 2545
1783705434598 0.8538938760757446 2546
1783705434783 1.0306754112243652 2547
1783705434970 0.8378034234046936 2548
1783705435214 1.0837838649749756 2549
1783705435375 1.1967400312423706 2550
1783705435538 0.9230790734291077 2551
1783705435757 0.900128960609436 2552
1783705435957 1.0634548664093018 2553
1783705436132 0.7952930331230164 2554
1783705436310 1.1124234199523926 2555
1783705436521 1.0107975006103516 2556
1783705436702 0.9933513402938843 2557
1783705436886 0.839638352394104 2558
1783705437114 1.0218658447265625 2559
1783705437222 1.0164463520050049 2560
1783705437399 1.0554560422897339 2561
1783705437590 0.974583625793457 2562
1783705437767 1.0847667455673218 2563
1783705437939 0.9536216855049133 2564
1783705438105 1.2871997356414795 2565
1783705438255 1.2178761959075928 2566
1783705438377 0.9788084030151367 2567
1783705438501 1.0824081897735596 2568
1783705438607 1.1260247230529785 2569
1783705438724 1.0041052103042603 2570
1783705438906 1.147240400314331 2571
1783705439052 0.9902061223983765 2572
1783705439177 1.036637544631958 2573
1783705439306 0.953951358795166 2574
1783705439426 0.9486231207847595 2575
1783705439571 1.1628633737564087 2576
1783705439697 1.0610613822937012 2577
1783705439842 0.9742178320884705 2578
1783705439959 1.0566160678863525 2579
1783705440107 0.9583516120910645 2580
1783705440251 1.133568286895752 2581
1783705440377 0.8560464382171631 2582
1783705440505 0.8885340690612793 2583
1783705440633 0.9649808406829834 2584
1783705440752 0.9536702632904053 2585
1783705440879 0.7831658124923706 2586
1783705441014 0.7562007308006287 2587
1783705441129 0.7508978843688965 2588
1783705441258 0.6877546310424805 2589
1783705441466 0.6598682403564453 2590
1783705441587 0.6787963509559631 2591
1783705441713 0.5948782563209534 2592
1783705441853 0.6302666664123535 2593
1783705441977 0.5916959643363953 2594
1783705442095 0.6714688539505005 2595
1783705442204 0.5597676038742065 2596
1783705442321 0.6648578643798828 2597
1783705442451 0.6203778982162476 2598
1783705442574 0.5536162853240967 2599
1783705442709 0.7486456036567688 2600
1783705442874 0.5089948177337646 2601
1783705442989 0.5356738567352295 2602
1783705443111 0.56345534324646 2603
1783705443243 0.5437601804733276 2604
1783705443386 0.5758460760116577 2605
1783705443549 0.49845725297927856 2606
1783705443688 0.429033100605011 2607
1783705443806 0.5583609342575073 2608
1783705443949 0.47580963373184204 2609
1783705444064 0.5942867398262024 2610
1783705444180 0.598561704158783 2611
1783705444335 0.4354473948478699 2612
1783705444471 0.4629131257534027 2613
1783705444620 0.5155614018440247 2614
1783705444823 0.597874641418457 2615
1783705445007 0.5681356191635132 2616
1783705445372 0.582521915435791 2617
1783705445530 0.5111877918243408 2618
1783705445686 0.5283836722373962 2619
1783705445852 0.5379325151443481 2620
1783705446035 0.5378058552742004 2621
1783705446202 0.4796883463859558 2622
1783705446360 0.5107183456420898 2623
1783705446599 0.58366459608078 2624
1783705446753 0.5962263345718384 2625
1783705446917 0.4182823896408081 2626
1783705447113 0.3582492470741272 2627
1783705447210 0.5588247776031494 2628
1783705447366 0.6363771557807922 2629
1783705447534 0.4431176781654358 2630
1783705447702 0.4883454740047455 2631
1783705447982 0.5588024258613586 2632
1783705448148 0.5753186345100403 2633
1783705448321 0.5919347405433655 2634
1783705448486 0.5163823366165161 2635
1783705448681 0.7537348866462708 2636
1783705448817 0.7785966396331787 2637
1783705448973 0.6394784450531006 2638
1783705449225 0.7585629224777222 2639
1783705449389 0.7686557769775391 2640
1783705449595 0.8075017929077148 2641
1783705449779 0.7637287378311157 2642
1783705449930 0.8533798456192017 2643
1783705450096 0.9297270178794861 2644
1783705450263 0.7200347185134888 2645
1783705450589 0.74029141664505 2646
1783705450806 1.059014916419983 2647
1783705450986 0.9332628846168518 2648
1783705451155 0.9957811832427979 2649
1783705451289 1.0400675535202026 2650
1783705451425 1.1808104515075684 2651
1783705451540 1.0263726711273193 2652
1783705451670 1.3084123134613037 2653
1783705451813 1.0506460666656494 2654
1783705451925 1.1713707447052002 2655
1783705452022 1.3629753589630127 2656
1783705452146 1.5022666454315186 2657
1783705452289 1.3160592317581177 2658
1783705452419 1.5007108449935913 2659
1783705452545 1.2170588970184326 2660
1783705452680 1.4473811388015747 2661
1783705452807 1.336533784866333 2662
1783705452928 1.1088453531265259 2663
1783705453056 1.1915560960769653 2664
1783705453189 1.5462414026260376 2665
1783705453321 1.2510079145431519 2666
1783705453449 1.2124862670898438 2667
1783705453577 1.662865161895752 2668
1783705453703 1.3196626901626587 2669
1783705453824 1.2227535247802734 2670
1783705453972 1.4691948890686035 2671
1783705454244 1.6314395666122437 2672
1783705454384 1.2367839813232422 2673
1783705454523 1.442886471748352 2674
1783705454644 1.3822431564331055 2675
1783705454770 1.3984801769256592 2676
1783705454907 1.3937020301818848 2677
1783705455035 1.166504144668579 2678
1783705455173 1.2311561107635498 2679
1783705455318 1.3239614963531494 2680
1783705455514 1.5283656120300293 2681
1783705455626 1.245065689086914 2682
1783705455745 1.2382700443267822 2683
1783705455858 1.0235402584075928 2684
1783705455996 1.1299397945404053 2685
1783705456137 1.1631011962890625 2686
1783705456280 0.8993098735809326 2687
1783705456406 0.9214459657669067 2688
1783705456540 0.8773069381713867 2689
1783705456747 0.7730845808982849 2690
1783705456869 0.7775773406028748 2691
1783705457004 0.8092851638793945 2692
1783705457128 0.7433992624282837 2693
1783705457227 0.7170740365982056 2694
1783705457350 0.6706581115722656 2695
1783705457508 0.5817828178405762 2696
1783705457677 0.6292774081230164 2697
1783705457963 0.6817061901092529 2698
1783705458158 0.5938949584960938 2699
1783705458344 0.7134871482849121 2700
1783705458474 0.6167557239532471 2701
1783705458591 0.7198415994644165 2702
1783705458721 0.5541527271270752 2703
1783705458861 0.48644694685935974 2704
1783705459001 0.4613705277442932 2705
1783705459201 0.4769652485847473 2706
1783705459419 0.5348161458969116 2707
1783705459516 0.49366188049316406 2708
1783705459642 0.6124023199081421 2709
1783705459792 0.5352596044540405 2710
1783705459915 0.40637344121932983 2711
1783705460035 0.4821903109550476 2712
1783705460135 0.4830438494682312 2713
1783705460271 0.4738196134567261 2714
1783705460391 0.49262452125549316 2715
1783705460590 0.4741215705871582 2716
1783705460789 0.47871601581573486 2717
1783705460969 0.4964105784893036 2718
1783705461158 0.47721654176712036 2719
1783705461319 0.4857879877090454 2720
1783705461534 0.4211253523826599 2721
1783705461729 0.4547984004020691 2722
1783705462037 0.4203873872756958 2723
1783705462220 0.44534438848495483 2724
1783705462391 0.509925365447998 2725
1783705462577 0.37906283140182495 2726
1783705462731 0.5917609930038452 2727
1783705462904 0.4375866949558258 2728
1783705463197 0.44240233302116394 2729
1783705463394 0.378533273935318 2730
1783705463551 0.4208717942237854 2731
1783705463730 0.3348289430141449 2732
1783705463906 0.4523504972457886 2733
1783705464089 0.46453529596328735 2734
1783705464236 0.5078701376914978 2735
1783705464421 0.4809674322605133 2736
1783705464635 0.4195002317428589 2737
1783705464805 0.44412094354629517 2738
1783705464985 0.4903864562511444 2739
1783705465155 0.5126451849937439 2740
1783705465342 0.4412717819213867 2741
1783705465467 0.4432326555252075 2742
1783705465650 0.41731852293014526 2743
1783705465994 0.4390769600868225 2744
1783705466168 0.4380676746368408 2745
1783705466339 0.4744076132774353 2746
1783705466527 0.38085639476776123 2747
1783705466694 0.5519899725914001 2748
1783705466858 0.4540271461009979 2749
1783705467120 0.4597010016441345 2750
1783705467218 0.3979969024658203 2751
1783705467379 0.4290437400341034 2752
1783705467534 0.4893738329410553 2753
1783705467656 0.5024345517158508 2754
1783705467795 0.40867477655410767 2755
1783705467937 0.3403444290161133 2756
1783705468072 0.4714445471763611 2757
1783705468201 0.5356554985046387 2758
1783705468352 0.45319482684135437 2759
1783705468493 0.55086350440979 2760
1783705468625 0.4109116792678833 2761
1783705468764 0.4183027148246765 2762
1783705468885 0.4139786958694458 2763
1783705469011 0.33834517002105713 2764
1783705469130 0.4652595520019531 2765
1783705469243 0.49091213941574097 2766
1783705469366 0.4106953740119934 2767
1783705469469 0.452411413192749 2768
1783705469587 0.3557840883731842 2769
1783705469771 0.5625061392784119 2770
1783705469882 0.3694893717765808 2771
1783705470002 0.5821723937988281 2772
1783705470114 0.5235472917556763 2773
1783705470227 0.5180524587631226 2774
1783705470354 0.5130348205566406 2775
1783705470495 0.4830372929573059 2776
1783705470625 0.5182101726531982 2777
1783705470770 0.5461613535881042 2778
1783705470910 0.5530835390090942 2779
1783705471030 0.45243561267852783 2780
1783705471162 0.4619074761867523 2781
1783705471299 0.38714712858200073 2782
1783705471432 0.545464813709259 2783
1783705471553 0.7031280398368835 2784
1783705471696 0.6132024526596069 2785
1783705471821 0.5405912399291992 2786
1783705471946 0.4847647547721863 2787
1783705472121 0.48698338866233826 2788
1783705472247 0.4060323238372803 2789
1783705472356 0.5317744612693787 2790
1783705472476 0.5120110511779785 2791
1783705472617 0.46677112579345703 2792
1783705472772 0.5890419483184814 2793
1783705472903 0.5608806014060974 2794
1783705473035 0.4678979516029358 2795
1783705473174 0.5676806569099426 2796
1783705473375 0.5799517631530762 2797
1783705473534 0.6000107526779175 2798
1783705473656 0.7056742906570435 2799
1783705473802 0.596185564994812 2800
1783705473933 0.474243700504303 2801
1783705474063 0.5931017398834229 2802
1783705474202 0.5521045327186584 2803
1783705474336 0.6077089309692383 2804
1783705474501 0.778156042098999 2805
1783705474631 0.758172869682312 2806
1783705474843 0.761304497718811 2807
1783705475026 0.776395320892334 2808
1783705475195 0.8026278018951416 2809
1783705475347 1.0030386447906494 2810
