1783695540759 18.874160766601562 0
1783695540936 18.520164489746094 1
1783695541055 17.24125862121582 2
1783695541212 13.710328102111816 3
1783695541379 14.9621000289917 4
1783695541550 14.659188270568848 5
1783695541716 13.800141334533691 6
1783695541865 14.754837036132812 7
1783695542013 15.741034507751465 8
1783695542130 10.601154327392578 9
1783695542327 9.951593399047852 10
1783695542498 8.67695140838623 11
1783695542693 10.115762710571289 12
1783695542882 10.412527084350586 13
1783695543034 10.71630859375 14
1783695543196 9.34813404083252 15
1783695543408 7.857916355133057 16
1783695543582 8.45497989654541 17
1783695543731 5.65276575088501 18
1783695543884 7.133388996124268 19
1783695544072 7.3748602867126465 20
1783695544216 7.205226898193359 21
1783695544334 5.876418590545654 22
1783695544453 4.003140926361084 23
1783695544606 3.8661928176879883 24
1783695544736 4.249261379241943 25
1783695544871 5.049476623535156 26
1783695545065 5.391855716705322 27
1783695545235 3.787130355834961 28
1783695545403 4.006643295288086 29
1783695545543 4.43108606338501 30
1783695545683 4.622533798217773 31
1783695545816 3.5011699199676514 32
1783695545958 2.170334815979004 33
1783695546145 2.9955742359161377 34
1783695546316 1.6463836431503296 35
1783695546489 1.5876739025115967 36
1783695546666 2.4709720611572266 37
1783695546848 1.8856810331344604 38
1783695546984 2.5102992057800293 39
1783695547113 2.558772563934326 40
1783695547257 2.1388351917266846 41
1783695547397 1.7854373455047607 42
1783695547561 2.337458848953247 43
1783695547680 1.68919837474823 44
1783695547804 1.3283711671829224 45
1783695548002 1.4433379173278809 46
1783695548146 2.0151031017303467 47
1783695548269 1.5022804737091064 48
1783695548369 1.421676516532898 49
1783695548479 1.6356418132781982 50
1783695548596 1.148744821548462 51
1783695548715 1.186988353729248 52
1783695548831 1.1930296421051025 53
1783695548985 1.304457426071167 54
1783695549163 1.0271440744400024 55
1783695549370 1.3675185441970825 56
1783695549525 1.1972992420196533 57
1783695549661 1.494430661201477 58
1783695549773 1.1431968212127686 59
1783695549879 1.2096326351165771 60
1783695549980 1.1367818117141724 61
1783695550092 0.9915019273757935 62
1783695550216 0.9917722940444946 63
1783695550328 0.9008390307426453 64
1783695550455 0.9228504300117493 65
1783695550547 0.8772679567337036 66
1783695550685 0.8812599778175354 67
1783695550808 0.8204752802848816 68
1783695550910 1.113105058670044 69
1783695551002 0.9662953019142151 70
1783695551107 0.7091880440711975 71
1783695551202 0.8306559920310974 72
1783695551324 0.8861634135246277 73
1783695551421 1.245758295059204 74
1783695551515 0.8721163272857666 75
1783695551613 1.0921334028244019 76
1783695551763 0.7606860399246216 77
1783695551881 0.8223965167999268 78
1783695552015 0.7461891174316406 79
1783695552185 0.9372815489768982 80
1783695552328 0.8302260041236877 81
1783695552439 0.7542725801467896 82
1783695552598 0.7817502617835999 83
1783695552743 0.825175404548645 84
1783695552849 0.8779690265655518 85
1783695552970 1.093897819519043 86
1783695553128 0.9980607628822327 87
1783695553286 0.8999119400978088 88
1783695553483 0.9301745891571045 89
1783695553629 0.7781698107719421 90
1783695553748 0.8381564021110535 91
1783695553949 0.7831137180328369 92
1783695554066 0.7607833743095398 93
1783695554271 0.8681135177612305 94
1783695554423 0.6774440407752991 95
1783695554551 0.6402097344398499 96
1783695554740 0.7113124132156372 97
1783695554912 0.9001790881156921 98
1783695555043 0.7924097776412964 99
1783695555178 0.941002368927002 100
1783695555337 0.6687045693397522 101
1783695555516 0.7146532535552979 102
1783695555649 0.6803767085075378 103
1783695555801 0.5494487881660461 104
1783695555963 0.7347058057785034 105
1783695556104 0.9108838438987732 106
1783695556254 0.8528624773025513 107
1783695556397 0.8465341329574585 108
1783695556530 0.6452282071113586 109
1783695556659 0.5601561665534973 110
1783695556816 0.6896822452545166 111
1783695556955 0.49385225772857666 112
1783695557084 0.5666689276695251 113
1783695557229 0.6346662044525146 114
1783695557374 0.6425551176071167 115
1783695557481 0.7285382747650146 116
1783695557565 0.7336852550506592 117
1783695557647 0.4712337255477905 118
1783695557731 0.8686391115188599 119
1783695557822 0.5752986669540405 120
1783695557927 0.7231478691101074 121
1783695558012 0.6601942777633667 122
1783695558112 0.7393993735313416 123
1783695558221 0.8567531108856201 124
1783695558360 0.6951615214347839 125
1783695558457 0.7193775177001953 126
1783695558544 0.7438786625862122 127
1783695558677 0.465097576379776 128
1783695558817 0.5393638014793396 129
1783695558952 0.7191806435585022 130
1783695559072 0.5871700048446655 131
1783695559164 0.5341382026672363 132
1783695560351 0.6786119937896729 133
1783695560468 0.7863906621932983 134
1783695560587 0.6257234811782837 135
1783695560701 0.5528807640075684 136
1783695560816 0.5145918130874634 137
1783695560945 0.7790201902389526 138
1783695561074 0.8252964615821838 139
1783695561176 0.7491567730903625 140
1783695561267 0.6910545825958252 141
1783695561348 0.7479878664016724 142
1783695561448 0.7187934517860413 143
1783695561569 0.6937651634216309 144
1783695561683 0.4786246716976166 145
1783695561817 0.6505792140960693 146
1783695561972 0.6913855075836182 147
1783695562123 0.4215596318244934 148
1783695562229 0.7270954847335815 149
1783695562358 0.4762084484100342 150
1783695562506 0.9607826471328735 151
1783695562614 0.7681584358215332 152
1783695562720 0.6664028763771057 153
1783695562854 0.4368364214897156 154
1783695562990 0.5105205178260803 155
1783695563167 0.7893400192260742 156
1783695563290 0.5868308544158936 157
1783695563400 0.5516563653945923 158
1783695563509 0.6243748664855957 159
1783695563644 0.5740362405776978 160
1783695563782 0.5921262502670288 161
1783695563940 0.4183397889137268 162
1783695564101 0.5708484649658203 163
1783695564292 0.6448926329612732 164
1783695564439 0.4732952117919922 165
1783695564570 0.6217690110206604 166
1783695564690 0.3350675106048584 167
1783695564820 0.7090633511543274 168
1783695564988 0.6391429305076599 169
1783695565155 0.40276429057121277 170
1783695565331 0.38284364342689514 171
1783695565493 0.5407832264900208 172
1783695565642 0.6980065703392029 173
1783695565775 0.7572242617607117 174
1783695565896 0.649133026599884 175
1783695566046 0.565098762512207 176
1783695566255 0.3856792151927948 177
1783695566367 0.27158573269844055 178
1783695566491 0.39072275161743164 179
1783695566626 0.36263325810432434 180
1783695566908 0.8382459282875061 181
1783695567092 0.612664520740509 182
1783695567290 0.5287002325057983 183
1783695567523 0.557056725025177 184
1783695567707 0.5222747921943665 185
1783695567835 0.6326563954353333 186
1783695567964 0.43693235516548157 187
1783695568122 0.7264729142189026 188
1783695568291 0.5198878049850464 189
1783695568437 0.6292359828948975 190
1783695568574 0.442750483751297 191
1783695568757 0.5366751551628113 192
1783695568987 0.4888377785682678 193
1783695569085 0.6264606714248657 194
1783695569222 0.7153104543685913 195
1783695569388 0.7257979512214661 196
1783695569556 0.607603907585144 197
1783695569736 0.45545899868011475 198
1783695569874 0.5238848328590393 199
1783695569990 0.7191229462623596 200
1783695570145 0.4643647074699402 201
1783695570284 0.449013352394104 202
1783695570422 0.5609395503997803 203
1783695570602 0.587971568107605 204
1783695570782 0.5406091213226318 205
1783695570942 0.5718947052955627 206
1783695571108 0.3930639922618866 207
1783695571252 0.6875450611114502 208
1783695571466 0.29576319456100464 209
1783695571700 0.5261703133583069 210
1783695571865 0.4539509415626526 211
1783695572004 0.4733932614326477 212
1783695572145 0.7516620755195618 213
1783695572296 0.7858391404151917 214
1783695572471 0.5729820728302002 215
1783695572653 0.5718412399291992 216
1783695572870 0.3454994857311249 217
1783695573026 0.3658921420574188 218
1783695573167 0.4598408639431 219
1783695573353 0.692307710647583 220
1783695573569 0.593082070350647 221
1783695573769 0.46567386388778687 222
1783695573989 0.4377235472202301 223
1783695574152 0.573095440864563 224
1783695574349 0.5144671201705933 225
1783695574528 0.4999983310699463 226
1783695574807 0.5903331637382507 227
1783695575020 0.4943963885307312 228
1783695575287 0.5523897409439087 229
1783695575461 0.61844801902771 230
1783695575609 0.38735049962997437 231
1783695575702 0.6968309879302979 232
1783695575852 0.43886154890060425 233
1783695576088 0.5938246846199036 234
1783695576276 0.5682082772254944 235
1783695576469 0.515027642250061 236
1783695576639 0.8321345448493958 237
1783695576852 0.6565394401550293 238
1783695577034 0.3387068808078766 239
1783695577203 0.3921024203300476 240
1783695577384 0.5059273838996887 241
1783695577522 0.4434126019477844 242
1783695577724 0.43773791193962097 243
1783695577865 0.317579448223114 244
1783695578071 0.42737507820129395 245
1783695578239 0.7799252867698669 246
1783695578385 0.7360596656799316 247
1783695578536 0.30673807859420776 248
1783695578705 0.5509037971496582 249
1783695578855 0.5364084839820862 250
1783695579031 0.3819763958454132 251
1783695579169 0.4937916100025177 252
1783695579400 0.4994615316390991 253
1783695579585 0.431180864572525 254
1783695579723 0.4906439483165741 255
1783695579906 0.401091068983078 256
1783695580089 0.5541020631790161 257
1783695580206 0.5455154776573181 258
1783695580409 0.45927464962005615 259
1783695580591 0.8363480567932129 260
1783695580804 0.5789611339569092 261
1783695580953 0.6709297895431519 262
1783695581057 0.6730633974075317 263
1783695581223 0.4658227264881134 264
1783695581442 0.4236142933368683 265
1783695581633 0.4797929525375366 266
1783695581803 0.34224334359169006 267
1783695581978 0.4931521415710449 268
1783695582120 0.6500511169433594 269
1783695582298 0.5290041565895081 270
1783695582462 0.4246289134025574 271
1783695582607 0.505057692527771 272
1783695582952 0.7341874837875366 273
1783695583232 0.7948552370071411 274
1783695583410 0.46211764216423035 275
1783695583610 0.4766556918621063 276
1783695583730 0.6816867589950562 277
1783695583864 0.4474075138568878 278
1783695584301 0.3363763391971588 279
1783695584492 0.5258856415748596 280
1783695584656 0.5994600653648376 281
1783695584964 0.3402264416217804 282
1783695585123 0.582805335521698 283
1783695585338 0.4020310044288635 284
1783695585524 0.3607805073261261 285
1783695585737 0.3268429934978485 286
1783695585902 0.7070837020874023 287
1783695586337 0.4801236391067505 288
1783695586460 0.6523044109344482 289
1783695586615 0.4245169162750244 290
1783695586784 0.45131388306617737 291
1783695586971 0.38968271017074585 292
1783695587138 0.3339274525642395 293
1783695587306 0.5650883913040161 294
1783695587584 0.3578377664089203 295
1783695587725 0.7037058472633362 296
1783695587871 0.3746415972709656 297
1783695588054 0.7247140407562256 298
1783695588204 0.3824259638786316 299
1783695588362 0.6358377933502197 300
1783695588525 0.5858145952224731 301
1783695588679 0.5925989747047424 302
1783695588932 0.41297203302383423 303
1783695589047 0.690331757068634 304
1783695589219 0.39280444383621216 305
1783695589369 0.6704666018486023 306
1783695589507 0.4309390187263489 307
1783695589644 0.4081905782222748 308
1783695589764 0.6716946363449097 309
1783695589925 0.3230796456336975 310
1783695590118 0.503703773021698 311
1783695590244 0.4326041340827942 312
1783695590403 0.38664326071739197 313
1783695590555 0.8071483373641968 314
1783695590687 0.8622351884841919 315
1783695590821 0.5020016431808472 316
1783695590988 0.6488431096076965 317
1783695591092 0.3552871644496918 318
1783695591255 0.4718242287635803 319
1783695591471 0.35283318161964417 320
1783695591613 0.43989264965057373 321
1783695591784 0.3661539852619171 322
1783695591955 0.5559924244880676 323
1783695592141 0.5781931281089783 324
1783695592308 0.4343828558921814 325
1783695592456 0.5115091800689697 326
1783695592669 0.33994027972221375 327
1783695592922 0.3826506733894348 328
1783695593082 0.5843053460121155 329
1783695593227 0.3611152470111847 330
1783695593389 0.3708537817001343 331
1783695593556 0.49689480662345886 332
1783695593737 0.4234136641025543 333
1783695593947 0.4134696424007416 334
1783695594197 0.4820587933063507 335
1783695594361 0.278551310300827 336
1783695594531 0.4046469032764435 337
1783695594671 0.3966640830039978 338
1783695594832 0.3454533815383911 339
1783695594997 0.546495795249939 340
1783695595137 0.5232130885124207 341
1783695595560 0.8748927116394043 342
1783695595717 0.8827048540115356 343
1783695595874 0.3302225172519684 344
1783695596027 0.42824941873550415 345
1783695596135 0.47373515367507935 346
1783695596303 0.4651086628437042 347
1783695596507 0.5393571257591248 348
1783695596712 0.433702677488327 349
1783695596853 0.51972496509552 350
1783695597025 0.4883384704589844 351
1783695597172 0.29112982749938965 352
1783695597322 0.2959318161010742 353
1783695597478 0.2656647861003876 354
1783695597683 0.41710442304611206 355
1783695597849 0.32149723172187805 356
1783695598141 0.5582543015480042 357
1783695598280 0.4097534418106079 358
1783695598439 0.49412035942077637 359
1783695598607 0.48528435826301575 360
1783695598737 0.40336331725120544 361
1783695598877 0.4422153830528259 362
1783695599023 0.5381208658218384 363
1783695599328 0.6612111330032349 364
1783695599464 0.32587966322898865 365
1783695599620 0.6819188594818115 366
1783695599756 0.256994366645813 367
1783695599904 0.4310162365436554 368
1783695600104 0.17881745100021362 369
1783695600227 0.6417017579078674 370
1783695600390 0.4368414878845215 371
1783695600628 0.5863142013549805 372
1783695600778 0.41034358739852905 373
1783695600955 0.7695034146308899 374
1783695601111 0.37223875522613525 375
1783695601249 0.6260817646980286 376
1783695601440 0.39021551609039307 377
1783695601592 0.5182593464851379 378
1783695602041 0.3126564025878906 379
1783695602176 0.7617362141609192 380
1783695602327 0.5694575905799866 381
1783695602497 0.45313337445259094 382
1783695602626 0.40329843759536743 383
1783695602744 0.4343984127044678 384
1783695602878 0.6003302335739136 385
1783695603145 0.4025731384754181 386
1783695603477 0.4646695554256439 387
1783695603643 0.411904901266098 388
1783695603785 0.41151341795921326 389
1783695603958 0.875480055809021 390
1783695604140 0.43118682503700256 391
1783695604294 0.330049067735672 392
1783695604606 0.5244821310043335 393
1783695604736 0.33838701248168945 394
1783695604854 0.45645782351493835 395
1783695605029 0.5379999279975891 396
1783695605175 0.5188313722610474 397
1783695605343 0.5208319425582886 398
1783695605512 0.598939836025238 399
1783695605665 0.3767381012439728 400
1783695605857 0.43824294209480286 401
1783695605971 0.3160979449748993 402
1783695606097 0.6689560413360596 403
1783695606299 0.45752963423728943 404
1783695606454 0.49877408146858215 405
1783695606644 0.29874539375305176 406
1783695606778 0.7105792164802551 407
1783695606899 0.48877817392349243 408
1783695607099 0.43271568417549133 409
1783695607267 0.2840719223022461 410
1783695607436 0.3896387219429016 411
1783695607610 0.4876326024532318 412
1783695607761 0.4073929488658905 413
1783695607943 0.3515143096446991 414
1783695608108 0.6154366731643677 415
1783695608272 0.3477086126804352 416
1783695608556 0.438882976770401 417
1783695608710 0.7088093757629395 418
1783695608907 0.5250260233879089 419
1783695609019 0.44493386149406433 420
1783695609127 0.37669235467910767 421
1783695609276 0.3349176347255707 422
1783695609416 0.2649116516113281 423
1783695609571 0.6634132862091064 424
1783695609776 0.5993083715438843 425
1783695609940 0.4358954131603241 426
1783695610063 0.33300352096557617 427
1783695610199 0.6610826849937439 428
1783695610364 0.32875168323516846 429
1783695610536 0.3945777416229248 430
1783695610679 0.6327999234199524 431
1783695610840 0.18005183339118958 432
1783695611021 0.640344500541687 433
1783695611136 0.2615754008293152 434
1783695611260 0.7112290263175964 435
1783695611399 0.3884054124355316 436
1783695611578 0.351237028837204 437
1783695611784 0.502881646156311 438
1783695611898 0.294746458530426 439
1783695612057 0.4134220778942108 440
1783695612193 0.19498039782047272 441
1783695612576 0.5340083241462708 442
1783695612728 0.2979154884815216 443
1783695612897 0.6461060643196106 444
1783695613051 0.4416167438030243 445
1783695613192 0.46307265758514404 446
1783695613348 0.4696858823299408 447
1783695613495 0.6698811054229736 448
1783695613896 0.25987446308135986 449
1783695614031 0.36372655630111694 450
1783695614213 0.5648415088653564 451
1783695614376 0.2636309564113617 452
1783695614488 0.5662009119987488 453
1783695614604 0.37396320700645447 454
1783695614756 0.3558637499809265 455
1783695615105 0.5054342746734619 456
1783695615261 0.4233447015285492 457
1783695615448 0.7681314945220947 458
1783695615592 0.301150918006897 459
1783695615748 0.7907766699790955 460
1783695615917 0.2775590419769287 461
1783695616059 0.3196369707584381 462
1783695616226 0.3505421280860901 463
1783695616458 0.5014980435371399 464
1783695616620 0.4249986410140991 465
1783695616776 0.35022449493408203 466
1783695616990 0.29578259587287903 467
1783695617247 0.31392306089401245 468
1783695617412 0.3571436107158661 469
1783695617593 0.3644568622112274 470
1783695617814 0.23387151956558228 471
1783695617990 0.4927337169647217 472
1783695618161 0.45955899357795715 473
1783695618343 0.20461608469486237 474
1783695618527 0.40431156754493713 475
1783695618685 0.4119144678115845 476
1783695618825 0.25760531425476074 477
1783695619000 0.5591254830360413 478
1783695619099 0.42816922068595886 479
1783695619187 0.4977201223373413 480
1783695619327 0.5630418062210083 481
1783695619502 0.38448652625083923 482
1783695619666 0.5971532464027405 483
1783695619827 0.42860671877861023 484
1783695620009 0.31670382618904114 485
1783695620172 0.23408760130405426 486
1783695620335 0.6054934859275818 487
1783695620474 0.4561236798763275 488
1783695620649 0.32067567110061646 489
1783695620789 0.19565419852733612 490
1783695620979 0.36353379487991333 491
1783695621089 0.4776497781276703 492
1783695621270 0.3026195168495178 493
1783695621469 0.812186062335968 494
1783695621596 0.371197372674942 495
1783695621800 0.5246453881263733 496
1783695621967 0.3203035891056061 497
1783695622168 0.6460898518562317 498
1783695622322 0.5714141726493835 499
1783695622465 0.2922965884208679 500
1783695622622 0.49652808904647827 501
1783695622897 0.630861759185791 502
1783695623036 0.4199790060520172 503
1783695623177 0.32862281799316406 504
1783695623323 0.12406915426254272 505
1783695623475 0.4306226968765259 506
1783695623625 0.45245862007141113 507
1783695623796 0.36710307002067566 508
1783695623974 0.559444785118103 509
1783695624211 0.46882152557373047 510
1783695624335 0.3246169984340668 511
1783695624519 0.5565241575241089 512
1783695624683 0.5197577476501465 513
1783695624811 0.33043330907821655 514
1783695624973 0.4923173785209656 515
1783695625138 0.5343806743621826 516
1783695625370 0.4275462031364441 517
1783695625587 0.29266390204429626 518
1783695625772 0.5991865992546082 519
1783695625929 0.46914032101631165 520
1783695626088 0.2654283344745636 521
1783695626288 0.2774119973182678 522
1783695626451 0.3706129789352417 523
1783695626636 0.4259754717350006 524
1783695626785 0.17503108084201813 525
1783695626894 0.21122917532920837 526
1783695627055 0.2764149010181427 527
1783695627203 0.4166880249977112 528
1783695627352 0.6417050957679749 529
1783695627450 0.6173155903816223 530
1783695627540 0.37476032972335815 531
1783695627690 0.3163945972919464 532
1783695627835 0.20168869197368622 533
1783695628021 0.591659665107727 534
1783695628142 0.30989307165145874 535
1783695628302 0.20922844111919403 536
1783695628454 0.38182011246681213 537
1783695628589 0.4956621825695038 538
1783695628757 0.5922676920890808 539
1783695628904 0.5596509575843811 540
1783695629048 0.4128893315792084 541
1783695629177 0.45123398303985596 542
1783695629376 0.30706050992012024 543
1783695629506 0.6605610847473145 544
1783695629656 0.298015296459198 545
1783695629827 0.4866412580013275 546
1783695630004 0.3826628625392914 547
1783695630160 0.3290863037109375 548
1783695630280 0.27516457438468933 549
1783695630442 0.4280642867088318 550
1783695630752 0.5623126029968262 551
1783695630893 0.3733505308628082 552
1783695631065 0.49212685227394104 553
1783695631217 0.33894962072372437 554
1783695631375 0.4323523938655853 555
1783695631550 0.36494341492652893 556
1783695631719 0.49530643224716187 557
1783695631939 0.5109134316444397 558
1783695632089 0.27577847242355347 559
1783695632254 0.2889637351036072 560
1783695632422 0.6317601799964905 561
1783695632587 0.2974436581134796 562
1783695632706 0.5603744387626648 563
1783695632871 0.40841275453567505 564
1783695633024 0.3721058666706085 565
1783695633212 0.3663250803947449 566
1783695633424 0.28915926814079285 567
1783695633542 0.2855927348136902 568
1783695633695 0.2496998906135559 569
1783695633853 0.42064687609672546 570
1783695633977 0.4966426193714142 571
1783695634123 0.527795672416687 572
1783695634338 0.2516132891178131 573
1783695634605 0.32706576585769653 574
1783695634713 0.2397015392780304 575
1783695634866 0.2808240056037903 576
1783695635017 0.44324007630348206 577
1783695635171 0.4952492117881775 578
1783695635322 0.37227103114128113 579
1783695635508 0.37085941433906555 580
1783695635638 0.3640669584274292 581
1783695635991 0.4289869964122772 582
1783695636142 0.31822896003723145 583
1783695636296 0.4930587112903595 584
1783695636460 0.2585103511810303 585
1783695636621 0.4745880365371704 586
1783695636770 0.29623594880104065 587
1783695636929 0.5500521063804626 588
1783695637166 0.6372405290603638 589
1783695637304 0.4629259407520294 590
1783695637491 0.25915226340293884 591
1783695637673 0.5110310316085815 592
1783695637858 0.4454856514930725 593
1783695638106 0.4906695783138275 594
1783695638259 0.48694437742233276 595
1783695638469 0.4244025945663452 596
1783695638639 0.42716920375823975 597
1783695638800 0.44063860177993774 598
1783695639054 0.3510335087776184 599
1783695639166 0.3544868528842926 600
1783695639352 0.2128169983625412 601
1783695639465 0.6052213907241821 602
1783695639666 0.3732917308807373 603
1783695639780 0.4822973608970642 604
1783695639941 0.271823525428772 605
1783695640134 0.31378373503685 606
1783695640277 0.3352506160736084 607
1783695640441 0.6843880414962769 608
1783695640583 0.3215932548046112 609
1783695640741 0.5257466435432434 610
1783695641039 0.407051146030426 611
1783695641194 0.5274614095687866 612
1783695641359 0.39624205231666565 613
1783695641550 0.569497287273407 614
1783695641736 0.530367374420166 615
1783695641886 0.2164149135351181 616
1783695642049 0.508791446685791 617
1783695642237 0.3172397315502167 618
1783695642422 0.5612556338310242 619
1783695642570 0.7102398872375488 620
1783695642708 0.26505112648010254 621
1783695642870 0.2848433256149292 622
1783695643039 0.5331540703773499 623
1783695643224 0.4382445812225342 624
1783695643397 0.3985007405281067 625
1783695643766 0.4494645595550537 626
1783695643861 0.3227696120738983 627
1783695644019 0.5562258958816528 628
1783695644191 0.48151424527168274 629
1783695644340 0.19460587203502655 630
1783695644496 0.35535866022109985 631
1783695644657 0.4577823579311371 632
1783695644978 0.7196845412254333 633
1783695645135 0.5503471493721008 634
1783695645354 0.6604433655738831 635
1783695645512 0.4282726049423218 636
1783695645673 0.35670432448387146 637
1783695645840 0.6840049028396606 638
1783695645974 0.7676525115966797 639
1783695646294 0.31140705943107605 640
1783695646447 0.4720492660999298 641
1783695646610 0.3436267375946045 642
1783695646788 0.2723950743675232 643
1783695646957 0.33821606636047363 644
1783695647127 0.7087526917457581 645
1783695647241 0.3154120445251465 646
1783695647415 0.19250866770744324 647
1783695647640 0.49064910411834717 648
1783695647791 0.38723817467689514 649
1783695647960 0.49761492013931274 650
1783695648082 0.522575855255127 651
1783695648198 0.5689841508865356 652
1783695648338 0.2363145649433136 653
1783695648489 0.29368355870246887 654
1783695648650 0.32926318049430847 655
1783695648877 0.34247440099716187 656
1783695649034 0.3739675283432007 657
1783695649167 0.6356354355812073 658
1783695649334 0.32780879735946655 659
1783695649494 0.21947400271892548 660
1783695649659 0.3535817265510559 661
1783695649839 0.46715646982192993 662
1783695650015 0.4669536054134369 663
1783695650169 0.47925135493278503 664
1783695650266 0.5719360709190369 665
1783695650410 0.44609493017196655 666
1783695650588 0.4179675877094269 667
1783695650752 0.2954511344432831 668
1783695650904 0.3248179852962494 669
1783695651045 0.5843506455421448 670
1783695651201 0.3055831491947174 671
1783695651385 0.37068304419517517 672
1783695651523 0.13032600283622742 673
1783695651639 0.9462253451347351 674
1783695651810 0.4605274200439453 675
1783695651954 0.41599133610725403 676
1783695652140 0.24425148963928223 677
1783695652302 0.18885283172130585 678
1783695652426 0.32577523589134216 679
1783695652563 0.33094945549964905 680
1783695652759 0.3688580393791199 681
1783695652934 0.470920205116272 682
1783695653121 0.7014400959014893 683
1783695653289 0.1360398828983307 684
1783695653478 0.46442821621894836 685
1783695653631 0.33258846402168274 686
1783695653803 0.568742573261261 687
1783695654019 0.3385525941848755 688
1783695654174 0.30400291085243225 689
1783695654276 0.24169261753559113 690
1783695654431 0.6910956501960754 691
1783695654591 0.18737463653087616 692
1783695654746 0.48701637983322144 693
1783695654924 0.4681428074836731 694
1783695655047 0.35127657651901245 695
1783695655322 0.24865394830703735 696
1783695655465 0.2650396227836609 697
1783695655609 0.5748633146286011 698
1783695655710 0.2784396708011627 699
1783695655898 0.2761841118335724 700
1783695656051 0.3301410973072052 701
1783695656178 0.46566078066825867 702
1783695656334 0.5401688814163208 703
1783695656538 0.5154691934585571 704
1783695656727 0.6720983386039734 705
1783695656819 0.311886727809906 706
1783695656971 0.5655273199081421 707
1783695657136 0.441491037607193 708
1783695657321 0.39893102645874023 709
1783695657556 0.40231478214263916 710
1783695657737 0.3950866162776947 711
1783695657885 0.32168856263160706 712
1783695658037 0.39369380474090576 713
1783695658223 0.21917347609996796 714
1783695658388 0.5001152753829956 715
1783695658571 0.27788588404655457 716
1783695658719 0.16110482811927795 717
1783695658903 0.4763869047164917 718
1783695659139 0.34805285930633545 719
1783695659274 0.5277420878410339 720
1783695659390 0.484407901763916 721
1783695659538 0.45985937118530273 722
1783695659707 0.1385575383901596 723
1783695659855 0.5091418623924255 724
1783695659990 0.22113585472106934 725
1783695660136 0.6999357342720032 726
1783695660247 0.3918941915035248 727
1783695660425 0.38453465700149536 728
1783695660602 0.48228180408477783 729
1783695660752 0.18043293058872223 730
1783695660905 0.42443400621414185 731
1783695661054 0.3956928253173828 732
1783695661195 0.44365301728248596 733
1783695661372 0.21756504476070404 734
1783695661541 0.526745617389679 735
1783695661737 0.6500115394592285 736
1783695661904 0.35027122497558594 737
1783695662070 0.5201230645179749 738
1783695662210 0.4320726692676544 739
1783695662358 0.2825303077697754 740
1783695662545 0.49131134152412415 741
1783695662722 0.5348052978515625 742
1783695662916 0.29072943329811096 743
1783695663122 0.5949078798294067 744
1783695663250 0.43368592858314514 745
1783695663390 0.3310406506061554 746
1783695663587 0.3821447789669037 747
1783695663756 0.3502694070339203 748
1783695663927 0.8235931992530823 749
1783695664093 0.44031068682670593 750
1783695664240 0.581453263759613 751
1783695664403 0.3143012225627899 752
1783695664567 0.596941351890564 753
1783695664722 0.3707764148712158 754
1783695664873 0.29506465792655945 755
1783695665007 0.4204532504081726 756
1783695665170 0.2234371304512024 757
1783695665305 0.47225478291511536 758
1783695665438 0.3215588331222534 759
1783695665743 0.28209203481674194 760
1783695665918 0.15453185141086578 761
1783695666044 0.2843855023384094 762
1783695666206 0.46458306908607483 763
1783695666366 0.2596271336078644 764
1783695666491 0.27381661534309387 765
1783695666637 0.6086540818214417 766
1783695666802 0.369497150182724 767
1783695667065 0.36520516872406006 768
1783695667252 0.4892977178096771 769
1783695667402 0.1619902104139328 770
1783695667571 0.273968905210495 771
1783695667721 0.1583726555109024 772
1783695667886 0.16000209748744965 773
1783695668023 0.2806589901447296 774
1783695668188 0.4574733376502991 775
1783695668407 0.592595100402832 776
1783695668524 0.3264085650444031 777
1783695668659 0.39675042033195496 778
1783695668809 0.20436705648899078 779
1783695668984 0.5236464142799377 780
1783695669131 0.3644566535949707 781
1783695669270 0.43582451343536377 782
1783695669434 0.4564865529537201 783
1783695669733 0.22026202082633972 784
1783695669872 0.3912791907787323 785
1783695670016 0.42682209610939026 786
1783695670158 0.2952403724193573 787
1783695670298 0.6137140393257141 788
1783695670457 0.5794603228569031 789
1783695670595 0.3862019181251526 790
1783695670754 0.4766277074813843 791
1783695670948 0.1525195986032486 792
1783695671061 0.40873458981513977 793
1783695671177 0.31708577275276184 794
1783695671338 0.27602508664131165 795
1783695671522 0.23437249660491943 796
1783695671698 0.5097833871841431 797
1783695671873 0.5298181176185608 798
1783695671996 0.1697956919670105 799
1783695672205 0.22106462717056274 800
1783695672439 0.19254140555858612 801
1783695672562 0.598884642124176 802
1783695672739 0.2963975667953491 803
1783695672915 0.1735648810863495 804
1783695673103 0.22666729986667633 805
1783695673242 0.2965988516807556 806
1783695673458 0.3100130259990692 807
1783695673738 0.4117938280105591 808
1783695673918 0.3337365984916687 809
1783695674057 0.5778362154960632 810
1783695674195 0.41233858466148376 811
1783695674339 0.6247081756591797 812
1783695674505 0.1291922777891159 813
1783695674622 0.4260626435279846 814
1783695674935 0.42057788372039795 815
1783695675073 0.36635345220565796 816
1783695675219 0.3024985194206238 817
1783695675371 0.24240030348300934 818
1783695675524 0.2373487502336502 819
1783695675676 0.3395804464817047 820
1783695675825 0.4513396620750427 821
1783695675953 0.3638502359390259 822
1783695676196 0.23482182621955872 823
1783695676352 0.6864008903503418 824
1783695676504 0.3546507656574249 825
1783695676648 0.5648339986801147 826
1783695676808 0.18742802739143372 827
1783695676993 0.4422553777694702 828
1783695677144 0.15008728206157684 829
1783695677292 0.5386893153190613 830
1783695677472 0.37644335627555847 831
1783695677722 0.2606847584247589 832
1783695677856 0.1352313756942749 833
1783695678012 0.12030280381441116 834
1783695678171 0.4281831383705139 835
1783695678338 0.3877164125442505 836
1783695678488 0.13591508567333221 837
1783695678638 0.6180254817008972 838
1783695678870 0.284824401140213 839
1783695679041 0.5076478123664856 840
1783695679193 0.5025056004524231 841
1783695679357 0.08649812638759613 842
1783695679486 0.4220436215400696 843
1783695679621 0.18947969377040863 844
1783695679768 0.1874948889017105 845
1783695679937 0.24493609368801117 846
1783695680113 0.3498995304107666 847
1783695680232 0.35094454884529114 848
1783695680383 0.5583128333091736 849
1783695680520 0.36258354783058167 850
1783695680675 0.3008303940296173 851
1783695680833 0.5619558691978455 852
1783695681022 0.4702444076538086 853
1783695681169 0.25107067823410034 854
1783695681415 0.18757858872413635 855
1783695681610 0.2369031459093094 856
1783695681765 0.8443436622619629 857
1783695681935 0.48901644349098206 858
1783695682087 0.26968374848365784 859
1783695682263 0.3624895215034485 860
1783695682428 0.578371524810791 861
1783695682582 0.2269423007965088 862
1783695682718 0.18601813912391663 863
1783695682849 0.12986129522323608 864
1783695683017 0.44869884848594666 865
1783695683183 0.2900690734386444 866
1783695683339 0.6920045018196106 867
1783695683502 0.30641743540763855 868
1783695683660 0.7778009176254272 869
1783695683779 0.3331463932991028 870
1783695683926 0.45076045393943787 871
1783695684198 0.32863590121269226 872
1783695684346 0.30835625529289246 873
1783695684501 0.244477778673172 874
1783695684652 0.1250138133764267 875
1783695684766 0.24988001585006714 876
1783695684899 0.17230430245399475 877
1783695685034 0.41614237427711487 878
1783695685192 0.5530552864074707 879
1783695685451 0.14059634506702423 880
1783695685585 0.30643585324287415 881
1783695685734 0.46513086557388306 882
1783695685871 0.18255969882011414 883
1783695686004 0.49982014298439026 884
1783695686153 0.20085178315639496 885
1783695686321 0.9929685592651367 886
1783695686488 0.28235137462615967 887
1783695686686 0.18691152334213257 888
1783695686837 0.2013879120349884 889
1783695686990 0.39829760789871216 890
1783695687128 0.21377168595790863 891
1783695687303 0.6564632058143616 892
1783695687468 0.4215559661388397 893
1783695687617 0.2580029368400574 894
1783695687769 0.494098961353302 895
1783695688032 0.14284656941890717 896
1783695688150 0.297374427318573 897
1783695688317 0.37164393067359924 898
1783695688473 0.14249040186405182 899
1783695688635 0.42756733298301697 900
1783695688797 0.26741141080856323 901
1783695688933 0.37628307938575745 902
1783695689083 0.4157775342464447 903
1783695689188 0.5320842266082764 904
1783695689354 0.37266191840171814 905
1783695689505 0.500339150428772 906
1783695689650 0.31665682792663574 907
1783695689810 0.2726326882839203 908
1783695689951 0.2738667130470276 909
1783695690086 0.39316585659980774 910
1783695690210 0.5208402276039124 911
1783695690319 0.6757446527481079 912
1783695690549 0.43298789858818054 913
1783695690681 0.36612367630004883 914
1783695690826 0.27822792530059814 915
1783695691011 0.15341751277446747 916
1783695691132 0.16426682472229004 917
1783695691333 0.2654092609882355 918
1783695691466 0.4050140380859375 919
1783695691645 0.2060617357492447 920
1783695691916 0.38993602991104126 921
1783695692051 0.34270358085632324 922
1783695692221 0.2889130413532257 923
1783695692372 0.14489081501960754 924
1783695692516 0.252221941947937 925
1783695692669 0.5715310573577881 926
1783695692814 0.4271652400493622 927
1783695692986 0.34113457798957825 928
1783695693170 0.2269885540008545 929
1783695693333 0.7620823383331299 930
1783695693468 0.47510188817977905 931
1783695693594 0.20757673680782318 932
1783695693750 0.5870197415351868 933
1783695693905 0.41034722328186035 934
1783695694056 0.3248690366744995 935
1783695694203 0.23136630654335022 936
1783695694439 0.34622693061828613 937
1783695694571 0.14003457129001617 938
1783695694697 0.18610773980617523 939
1783695694869 0.24234993755817413 940
1783695695036 0.3988463878631592 941
1783695695188 0.710552990436554 942
1783695695317 0.5317394137382507 943
1783695695465 0.2097110003232956 944
1783695695674 0.18194988369941711 945
1783695695830 0.27088797092437744 946
1783695695973 0.4090360999107361 947
1783695696143 0.4526125192642212 948
1783695696306 0.12267270684242249 949
1783695696511 0.4235270917415619 950
1783695696685 0.23165521025657654 951
1783695696831 0.24422258138656616 952
1783695697080 0.3956506848335266 953
1783695697211 0.2514788508415222 954
1783695697369 0.2953416407108307 955
1783695697491 0.14677509665489197 956
1783695697662 0.40329989790916443 957
1783695697787 0.5189883708953857 958
1783695697937 0.3645809590816498 959
1783695698087 0.34889018535614014 960
1783695698368 0.45138677954673767 961
1783695698509 0.24541893601417542 962
1783695698665 0.38247838616371155 963
1783695698781 0.4976230263710022 964
1783695698923 0.25804010033607483 965
1783695699076 0.5775302052497864 966
1783695699193 0.5403621792793274 967
1783695699322 0.31998249888420105 968
1783695699560 0.3051832318305969 969
1783695699711 0.37201809883117676 970
1783695699858 0.3600608706474304 971
1783695700008 0.2160789966583252 972
1783695700169 0.3582664132118225 973
1783695700327 0.23985424637794495 974
1783695700502 0.3171929717063904 975
1783695700692 0.1731947958469391 976
1783695700900 0.2665930986404419 977
1783695701011 0.271544486284256 978
1783695701129 0.7168657183647156 979
1783695701282 0.62397301197052 980
1783695701423 0.40347766876220703 981
1783695701601 0.2576364278793335 982
1783695701767 0.5156014561653137 983
1783695701910 0.26505428552627563 984
1783695702164 0.5921970009803772 985
1783695702307 0.1935192346572876 986
1783695702485 0.27661454677581787 987
1783695702650 0.4033312201499939 988
1783695702819 0.23283439874649048 989
1783695702969 0.5422893166542053 990
1783695703129 0.26787400245666504 991
1783695703259 0.35785529017448425 992
1783695703413 0.6475133299827576 993
1783695703619 0.28493940830230713 994
1783695703786 0.5769070982933044 995
1783695703946 0.4134066104888916 996
1783695704086 0.33012688159942627 997
1783695704243 0.33810997009277344 998
1783695704371 0.30094578862190247 999
1783695704529 0.4417147636413574 1000
1783695704754 0.20075327157974243 1001
1783695704881 0.4830189645290375 1002
1783695705003 0.20884010195732117 1003
1783695705169 0.46343347430229187 1004
1783695705320 0.3231005370616913 1005
1783695705440 0.41408398747444153 1006
1783695705594 0.2676147520542145 1007
1783695705737 0.23742882907390594 1008
1783695705937 0.4819231927394867 1009
1783695706149 0.45175570249557495 1010
1783695706303 0.45802339911460876 1011
1783695706476 0.25348007678985596 1012
1783695706618 0.1605483740568161 1013
1783695706770 0.38251709938049316 1014
1783695706944 0.2718934714794159 1015
1783695707081 0.20010681450366974 1016
1783695707331 0.4259699881076813 1017
1783695707472 0.4656306207180023 1018
1783695707623 0.557817280292511 1019
1783695707785 0.1925908327102661 1020
1783695707945 0.14962325990200043 1021
1783695708098 0.26176005601882935 1022
1783695708247 0.3738919198513031 1023
1783695708367 0.12011425942182541 1024
1783695708670 0.2509623169898987 1025
1783695708820 0.6145421266555786 1026
1783695709005 0.44517242908477783 1027
1783695709158 0.0764562338590622 1028
1783695709275 0.18225044012069702 1029
1783695709459 0.4360063076019287 1030
1783695709609 0.45976659655570984 1031
1783695709857 0.38718873262405396 1032
1783695709984 0.39975789189338684 1033
1783695710127 0.34379565715789795 1034
1783695710241 0.34248343110084534 1035
1783695710420 0.3504907190799713 1036
1783695710566 0.34064823389053345 1037
1783695710736 0.3768507242202759 1038
1783695710900 0.27034249901771545 1039
1783695711059 0.32033854722976685 1040
1783695711199 0.34363090991973877 1041
1783695711331 0.5739415884017944 1042
1783695711511 0.3772522509098053 1043
1783695711675 0.15335267782211304 1044
1783695711819 0.30148833990097046 1045
1783695711964 0.2225799262523651 1046
1783695712123 0.3736538290977478 1047
1783695712295 0.5606408715248108 1048
1783695712501 0.26575610041618347 1049
1783695712668 0.5726884603500366 1050
1783695712837 0.22196687757968903 1051
1783695713000 0.3747073709964752 1052
1783695713156 0.340640664100647 1053
1783695713320 0.21344472467899323 1054
1783695713480 0.3567061126232147 1055
1783695713827 0.8425139784812927 1056
1783695713971 0.1399465799331665 1057
1783695714115 0.26272884011268616 1058
1783695714285 0.24331067502498627 1059
1783695714440 0.467753142118454 1060
1783695714604 0.3387891948223114 1061
1783695714763 0.2871156334877014 1062
1783695714987 0.3472474217414856 1063
1783695715151 0.7474624514579773 1064
1783695715284 0.5937212705612183 1065
1783695715432 0.1451333612203598 1066
1783695715567 0.6200178265571594 1067
1783695715723 0.12926466763019562 1068
1783695715879 0.2615761458873749 1069
1783695716047 0.5009790658950806 1070
1783695716201 0.6443376541137695 1071
1783695716425 0.5064672827720642 1072
1783695716566 0.5066184401512146 1073
1783695716734 0.6111975908279419 1074
1783695716879 0.4754297137260437 1075
1783695717034 0.47570672631263733 1076
1783695717208 0.13561855256557465 1077
1783695717353 0.5953457355499268 1078
1783695717559 0.3714034855365753 1079
1783695717721 0.5593515634536743 1080
1783695717875 0.37169894576072693 1081
1783695718012 0.4339043200016022 1082
1783695718185 0.10589783638715744 1083
1783695718326 0.3358476161956787 1084
1783695718467 0.29366883635520935 1085
1783695718616 0.29472991824150085 1086
1783695718774 0.4309282898902893 1087
1783695719001 0.6256420612335205 1088
1783695719121 0.1619543433189392 1089
1783695719269 0.4441898763179779 1090
1783695719417 0.30972301959991455 1091
1783695719570 0.25453829765319824 1092
1783695719732 0.5372192859649658 1093
1783695719870 0.3474231958389282 1094
1783695720019 0.46124547719955444 1095
1783695720180 0.4356843829154968 1096
1783695720309 0.6330335140228271 1097
1783695720460 0.4111526906490326 1098
1783695720616 0.2998003661632538 1099
1783695720780 0.27216798067092896 1100
1783695720932 0.3993362486362457 1101
1783695721102 0.40853530168533325 1102
1783695721230 0.19322903454303741 1103
1783695721449 0.4027259647846222 1104
1783695721613 0.4446554183959961 1105
1783695721729 0.28839677572250366 1106
1783695721867 0.33073410391807556 1107
1783695722031 0.6296414136886597 1108
1783695722179 0.4041716456413269 1109
1783695722335 0.8030922412872314 1110
1783695722467 0.3341173827648163 1111
1783695722614 0.3891206979751587 1112
1783695722760 0.5026370286941528 1113
1783695722985 0.4388788640499115 1114
1783695723103 0.4307665228843689 1115
1783695723272 0.10897330194711685 1116
1783695723426 0.44646862149238586 1117
1783695723582 0.2641296684741974 1118
1783695723736 0.28726306557655334 1119
1783695723897 0.20079562067985535 1120
1783695724174 0.3575405478477478 1121
1783695724347 0.5567508935928345 1122
1783695724517 0.502795398235321 1123
1783695724702 0.6896560192108154 1124
1783695724851 0.15806995332241058 1125
1783695725021 0.3245786428451538 1126
1783695725196 0.460586279630661 1127
1783695725425 0.2947521507740021 1128
1783695725578 0.229086235165596 1129
1783695725709 0.7110773921012878 1130
1783695725878 0.2779725193977356 1131
1783695726015 0.31536102294921875 1132
1783695726170 0.4501957297325134 1133
1783695726340 0.34818851947784424 1134
1783695726534 0.44536489248275757 1135
1783695726724 0.30030396580696106 1136
1783695726888 0.4569028913974762 1137
1783695727005 0.44305962324142456 1138
1783695727133 0.28837254643440247 1139
1783695727299 0.25766319036483765 1140
1783695727479 0.2968485355377197 1141
1783695727649 0.3878967761993408 1142
1783695727786 0.2809596061706543 1143
1783695728010 0.34745675325393677 1144
1783695728105 0.4343107342720032 1145
1783695728216 0.35187387466430664 1146
1783695728367 0.3764770030975342 1147
1783695728510 0.2977904677391052 1148
1783695728678 0.42122408747673035 1149
1783695728814 0.22667260468006134 1150
1783695728995 0.29930439591407776 1151
1783695729158 0.30920231342315674 1152
1783695729282 0.3861924111843109 1153
1783695729463 0.32313212752342224 1154
1783695729585 0.291345477104187 1155
1783695729724 0.2512282729148865 1156
1783695729850 0.5122650861740112 1157
1783695730016 0.25904107093811035 1158
1783695730159 0.5783519744873047 1159
1783695730291 0.3903527557849884 1160
1783695730437 0.24280372262001038 1161
1783695730612 0.32229408621788025 1162
1783695730766 0.4133549630641937 1163
1783695730918 0.5065566897392273 1164
1783695731078 0.27056074142456055 1165
1783695731176 0.5387071371078491 1166
1783695731346 0.26154470443725586 1167
1783695731498 0.4977807104587555 1168
1783695731667 0.3880062699317932 1169
1783695731841 0.3309452533721924 1170
1783695732033 0.43917956948280334 1171
1783695732170 0.08027933537960052 1172
1783695732334 0.2798580229282379 1173
1783695732473 0.735164999961853 1174
1783695732600 0.5170397162437439 1175
1783695732750 0.5313989520072937 1176
1783695732914 0.5660494565963745 1177
1783695733256 0.37279361486434937 1178
1783695733401 0.36495786905288696 1179
1783695733531 0.24827104806900024 1180
1783695733712 0.4174762964248657 1181
1783695733872 0.9387377500534058 1182
1783695734034 0.4461502730846405 1183
1783695734177 0.24412384629249573 1184
1783695734289 0.4687943756580353 1185
1783695734576 0.271331250667572 1186
1783695734725 0.2914558947086334 1187
1783695734869 0.21480591595172882 1188
1783695734987 0.20210662484169006 1189
1783695735155 0.342985063791275 1190
1783695735302 0.18753930926322937 1191
1783695735467 0.3467710018157959 1192
1783695735598 0.34975096583366394 1193
1783695735721 0.6050026416778564 1194
1783695735936 0.30413463711738586 1195
1783695736068 0.44224563241004944 1196
1783695736205 0.3309966027736664 1197
1783695736346 0.6422998309135437 1198
1783695736521 0.4320032000541687 1199
1783695736671 0.26773467659950256 1200
1783695736819 0.3527573049068451 1201
1783695737136 0.24990105628967285 1202
1783695737285 0.2317807674407959 1203
1783695737435 0.19441239535808563 1204
1783695737586 0.3739891052246094 1205
1783695737719 0.17614257335662842 1206
1783695737872 0.42908695340156555 1207
1783695738011 0.26115334033966064 1208
1783695738161 0.1974622756242752 1209
1783695738433 0.1516219526529312 1210
1783695738584 0.3141159117221832 1211
1783695738719 0.3742309808731079 1212
1783695738871 0.2621466815471649 1213
1783695739002 0.30061039328575134 1214
1783695739151 0.15238985419273376 1215
1783695739261 0.40798571705818176 1216
1783695739418 0.4075573682785034 1217
1783695739712 0.3762310743331909 1218
1783695739847 0.30008307099342346 1219
1783695739982 0.39697808027267456 1220
1783695740068 0.6278237104415894 1221
1783695740218 0.25799527764320374 1222
1783695740329 0.44712263345718384 1223
1783695740446 0.2655737102031708 1224
1783695740618 0.15246571600437164 1225
1783695740778 0.1669638603925705 1226
1783695741077 0.31691116094589233 1227
1783695741180 0.5066850185394287 1228
1783695741382 0.6325625777244568 1229
1783695741568 0.35154446959495544 1230
1783695741716 0.23285488784313202 1231
1783695741963 0.2245551198720932 1232
1783695742193 0.30742761492729187 1233
1783695742328 0.130319282412529 1234
1783695742461 0.30085280537605286 1235
1783695742614 0.8370516896247864 1236
1783695742800 0.29998186230659485 1237
1783695742968 0.48716220259666443 1238
1783695743112 0.21336553990840912 1239
1783695743265 0.46525275707244873 1240
1783695743449 0.5909539461135864 1241
1783695743625 0.2440105825662613 1242
1783695743784 0.2962990403175354 1243
1783695743962 0.3313358724117279 1244
1783695744118 0.38881537318229675 1245
1783695744265 0.12456836551427841 1246
1783695744406 0.5134918093681335 1247
1783695744566 0.1744833141565323 1248
1783695744746 0.20880413055419922 1249
1783695744998 0.18404491245746613 1250
1783695745133 0.1405985802412033 1251
1783695745286 0.43344253301620483 1252
1783695745424 0.20346517860889435 1253
1783695745567 0.48453429341316223 1254
1783695745715 0.27746978402137756 1255
1783695745853 0.5467285513877869 1256
1783695746116 0.47885647416114807 1257
1783695746293 0.2692067325115204 1258
1783695746422 0.6006417274475098 1259
1783695746569 0.2644849419593811 1260
1783695746731 0.29441913962364197 1261
1783695746886 0.22498278319835663 1262
1783695747024 0.37236300110816956 1263
1783695747185 0.44988900423049927 1264
1783695747395 0.2866927981376648 1265
1783695747558 0.24217702448368073 1266
1783695747670 0.3226459324359894 1267
1783695747821 0.28740841150283813 1268
1783695747987 0.2521093785762787 1269
1783695748152 0.5235856175422668 1270
1783695748297 0.22369098663330078 1271
1783695748438 0.33231377601623535 1272
1783695748574 0.3557102382183075 1273
1783695748777 0.2014778107404709 1274
1783695748934 0.5634564757347107 1275
1783695749096 0.2976294755935669 1276
1783695749241 0.5209916234016418 1277
1783695749398 0.24550196528434753 1278
1783695749539 0.36618730425834656 1279
1783695749685 0.23539011180400848 1280
1783695749818 0.4549778997898102 1281
1783695750085 0.20434536039829254 1282
1783695750231 0.8697655200958252 1283
1783695750353 0.27312931418418884 1284
1783695750510 0.3553614914417267 1285
1783695750665 0.24396692216396332 1286
1783695750797 0.4130740761756897 1287
1783695750934 0.4799549877643585 1288
1783695751067 0.5069044828414917 1289
1783695751228 0.5824344158172607 1290
1783695751423 0.4684830605983734 1291
1783695751549 0.5480673313140869 1292
1783695751753 0.28988057374954224 1293
1783695751883 0.18610315024852753 1294
1783695752029 0.5139890313148499 1295
1783695752165 0.22713720798492432 1296
1783695752325 0.17431247234344482 1297
1783695752496 0.22313931584358215 1298
1783695752717 0.44258153438568115 1299
1783695752843 0.4070729911327362 1300
1783695752995 0.16727876663208008 1301
1783695753137 0.11879780888557434 1302
1783695753286 0.4010564982891083 1303
1783695753444 0.3356296718120575 1304
1783695753601 0.3612852990627289 1305
1783695753769 0.37602171301841736 1306
1783695754027 0.17806173861026764 1307
1783695754158 0.21982519328594208 1308
1783695754326 0.17766109108924866 1309
1783695754469 0.47593754529953003 1310
1783695754612 0.2242424488067627 1311
1783695754753 0.312734454870224 1312
1783695754911 0.28429943323135376 1313
1783695755067 0.3660699427127838 1314
1783695755276 0.20405378937721252 1315
1783695755425 0.3925822377204895 1316
1783695755601 0.540709912776947 1317
1783695755749 0.3251796364784241 1318
1783695755904 0.4366343319416046 1319
1783695756057 0.27413251996040344 1320
1783695756216 0.3146309554576874 1321
1783695756364 0.17270207405090332 1322
1783695756577 0.3360370993614197 1323
1783695756734 0.36760327219963074 1324
1783695756883 0.08874145895242691 1325
1783695757041 0.2871174216270447 1326
1783695757181 0.3569212555885315 1327
1783695757344 0.2896648645401001 1328
1783695757503 0.1411987990140915 1329
1783695757742 0.30114027857780457 1330
1783695757900 0.3925416171550751 1331
1783695758040 0.6056589484214783 1332
1783695758200 0.5202553272247314 1333
1783695758354 0.1336725503206253 1334
1783695758487 0.1710876077413559 1335
1783695758653 0.22898347675800323 1336
1783695758798 0.1891939491033554 1337
1783695758999 0.3740611672401428 1338
1783695759142 0.5391819477081299 1339
1783695759261 0.4821889102458954 1340
1783695759416 0.14269576966762543 1341
1783695759570 0.2608054578304291 1342
1783695759751 0.2727910578250885 1343
1783695759930 0.32015037536621094 1344
1783695760089 0.7057182788848877 1345
1783695760252 0.5551954507827759 1346
1783695760400 0.33924344182014465 1347
1783695760552 0.17149794101715088 1348
1783695760707 0.5353741645812988 1349
1783695760859 0.34836190938949585 1350
1783695760961 0.2548221945762634 1351
1783695761092 0.3565375506877899 1352
1783695761219 0.3084688186645508 1353
1783695761369 0.6853306293487549 1354
1783695761569 0.45614761114120483 1355
1783695761798 0.32298552989959717 1356
1783695761960 0.28003719449043274 1357
1783695762115 0.31267473101615906 1358
1783695762274 0.4084721505641937 1359
1783695762447 0.11291052401065826 1360
1783695762596 0.4151717722415924 1361
1783695762742 0.488994836807251 1362
1783695763015 0.29455429315567017 1363
1783695763150 0.369956374168396 1364
1783695763303 0.447893887758255 1365
1783695763452 0.365499347448349 1366
1783695763599 0.39894914627075195 1367
1783695763755 0.30847904086112976 1368
1783695763906 0.34105610847473145 1369
1783695764101 0.5440453290939331 1370
1783695764284 0.8402152061462402 1371
1783695764418 0.44882121682167053 1372
1783695764564 0.22038476169109344 1373
1783695764700 0.179108127951622 1374
1783695764839 0.5990927219390869 1375
1783695764951 0.2962765395641327 1376
1783695765094 0.2524835765361786 1377
1783695765228 0.34610673785209656 1378
1783695765506 0.28794601559638977 1379
1783695765636 0.37150025367736816 1380
1783695765787 0.28391239047050476 1381
1783695765907 0.5962666869163513 1382
1783695766035 0.1865466833114624 1383
1783695766161 0.2140159159898758 1384
1783695766302 0.40229055285453796 1385
1783695766453 0.13794857263565063 1386
1783695766600 0.47023364901542664 1387
1783695766816 0.42912453413009644 1388
1783695766952 0.39926278591156006 1389
1783695767095 0.2293000966310501 1390
1783695767206 0.3063870668411255 1391
1783695767350 0.5877997875213623 1392
1783695767500 0.22636224329471588 1393
1783695767622 0.41879403591156006 1394
1783695767767 0.5369490385055542 1395
1783695768035 0.6792160868644714 1396
1783695768194 0.3144693672657013 1397
1783695768329 0.3283904790878296 1398
1783695768476 0.19274277985095978 1399
1783695768684 0.4585682153701782 1400
1783695768877 0.3688511252403259 1401
1783695769038 0.18489377200603485 1402
1783695769167 0.5360693335533142 1403
1783695769316 0.3430866599082947 1404
1783695769521 0.4535128176212311 1405
1783695769678 0.4031945765018463 1406
1783695769887 0.29176631569862366 1407
1783695770050 0.11205518990755081 1408
1783695770231 0.24762655794620514 1409
1783695770354 0.1771785169839859 1410
1783695770547 0.28384509682655334 1411
1783695770653 0.23556552827358246 1412
1783695770762 0.22123725712299347 1413
1783695770876 0.3682757019996643 1414
1783695771004 0.46265098452568054 1415
1783695771122 0.17240241169929504 1416
1783695771220 0.31940579414367676 1417
1783695771318 0.050661467015743256 1418
1783695771444 0.29440978169441223 1419
1783695771592 0.5272029042243958 1420
1783695771721 0.3236096501350403 1421
1783695771909 0.22758999466896057 1422
1783695772113 0.44095495343208313 1423
1783695772277 0.2912111282348633 1424
1783695772427 0.36516037583351135 1425
1783695772536 0.435657262802124 1426
1783695772642 0.28252995014190674 1427
1783695772755 0.1880883127450943 1428
1783695772860 0.4191100001335144 1429
1783695772953 0.22768022119998932 1430
1783695773045 0.710101842880249 1431
1783695773154 0.1545124351978302 1432
1783695773258 0.4961307942867279 1433
1783695773359 0.5821328163146973 1434
1783695773451 0.36051109433174133 1435
1783695773583 0.2803035080432892 1436
1783695773828 0.5570743083953857 1437
1783695773990 0.17074663937091827 1438
1783695774130 0.18347012996673584 1439
1783695774293 0.6509074568748474 1440
1783695774462 0.18344256281852722 1441
1783695774621 0.18027175962924957 1442
1783695774769 0.2807304263114929 1443
1783695774913 0.14404691755771637 1444
1783695775080 0.35162556171417236 1445
1783695775215 0.2866534888744354 1446
1783695775382 0.23076306283473969 1447
1783695775526 0.4398891031742096 1448
1783695775778 0.23683856427669525 1449
1783695775953 0.48548609018325806 1450
1783695776111 0.3017408847808838 1451
1783695776265 0.33592870831489563 1452
1783695776432 0.27990299463272095 1453
1783695776600 0.08283993601799011 1454
1783695776729 0.4506947994232178 1455
1783695776869 0.42739352583885193 1456
1783695777207 0.35484692454338074 1457
1783695777341 0.46209657192230225 1458
1783695777515 0.6286606192588806 1459
1783695777689 0.44818419218063354 1460
1783695777828 0.5721980333328247 1461
1783695777962 0.5677420496940613 1462
1783695778110 0.22705404460430145 1463
1783695778341 0.2685750722885132 1464
1783695778509 0.43822649121284485 1465
1783695778699 0.5106711387634277 1466
1783695778906 0.4612181782722473 1467
1783695779038 0.16873978078365326 1468
1783695779192 0.11857947707176208 1469
1783695779335 0.4061615765094757 1470
1783695779472 0.2818555533885956 1471
1783695779649 0.30767637491226196 1472
1783695779797 0.2107631117105484 1473
1783695779962 0.3583950400352478 1474
1783695780111 0.2609536051750183 1475
1783695780252 0.12427394837141037 1476
1783695780397 0.27287063002586365 1477
1783695780543 0.5256654024124146 1478
1783695780701 0.5868843793869019 1479
1783695780947 0.2315656840801239 1480
1783695781075 0.4527103304862976 1481
1783695781186 0.26222240924835205 1482
1783695781349 0.1462344229221344 1483
1783695781493 0.2592582702636719 1484
1783695781664 0.17567536234855652 1485
1783695781831 0.6009644865989685 1486
1783695781967 0.5687081813812256 1487
1783695782220 0.23762020468711853 1488
1783695782371 0.21564005315303802 1489
1783695782499 0.31728029251098633 1490
1783695782647 0.34442606568336487 1491
1783695782795 0.23825977742671967 1492
1783695782967 0.38747408986091614 1493
1783695783127 0.192280575633049 1494
1783695783251 0.6667700409889221 1495
1783695783400 0.3822746276855469 1496
1783695783550 0.42292124032974243 1497
1783695783716 0.47335755825042725 1498
1783695783851 0.25285154581069946 1499
1783695783984 0.4785275161266327 1500
1783695784166 0.538228452205658 1501
1783695784305 0.380239874124527 1502
1783695784464 0.23289570212364197 1503
1783695784632 0.6340674757957458 1504
1783695784864 0.4058108329772949 1505
1783695785018 0.5147911906242371 1506
1783695785176 0.8514283895492554 1507
1783695785315 0.5949971675872803 1508
1783695785450 0.5577889680862427 1509
1783695785575 0.21402476727962494 1510
1783695785730 0.5124977827072144 1511
1783695785883 0.9023725986480713 1512
1783695786064 0.5233615040779114 1513
1783695786305 0.23530621826648712 1514
1783695786446 0.5223883986473083 1515
1783695786580 0.38235968351364136 1516
1783695786724 0.2884324789047241 1517
1783695786851 0.561715304851532 1518
1783695786996 0.6511318683624268 1519
1783695787187 0.31934526562690735 1520
1783695787417 0.1624973714351654 1521
1783695787557 0.5242354869842529 1522
1783695787665 0.25437816977500916 1523
1783695787810 0.2759787440299988 1524
1783695787972 0.5207536816596985 1525
1783695788099 0.4027324318885803 1526
1783695788235 0.3403579592704773 1527
1783695788396 0.16005805134773254 1528
1783695788653 0.5864325165748596 1529
1783695788814 0.30415666103363037 1530
1783695788980 0.3303142786026001 1531
1783695789115 0.23968495428562164 1532
1783695789253 0.6149001717567444 1533
1783695789420 0.44199830293655396 1534
1783695789565 0.4071514904499054 1535
1783695789690 0.44912317395210266 1536
1783695789885 0.4211888611316681 1537
1783695790181 0.1752348244190216 1538
1783695790334 0.40484383702278137 1539
1783695790487 0.29155805706977844 1540
1783695790648 0.46081677079200745 1541
1783695790783 0.10521294921636581 1542
1783695790907 0.316218763589859 1543
1783695791064 0.2646755576133728 1544
1783695791203 0.17429544031620026 1545
1783695791372 0.274403840303421 1546
1783695791521 0.40319356322288513 1547
1783695791786 0.28529563546180725 1548
1783695791934 0.6725293397903442 1549
1783695792092 0.36302486062049866 1550
1783695792259 0.397957444190979 1551
1783695792402 0.3216933608055115 1552
1783695792643 0.4069392681121826 1553
1783695792783 0.18568041920661926 1554
1783695792933 0.4450945258140564 1555
1783695793089 0.2944698929786682 1556
1783695793247 0.2204742282629013 1557
1783695793389 0.3254287540912628 1558
1783695793534 0.3791687786579132 1559
1783695793751 0.5352835059165955 1560
1783695793898 0.3579789102077484 1561
1783695794002 0.15613240003585815 1562
1783695794101 0.3279339075088501 1563
1783695794193 0.518028974533081 1564
1783695794358 0.42008668184280396 1565
1783695794536 0.5690560936927795 1566
1783695794727 0.5595700740814209 1567
1783695794880 0.2855347692966461 1568
1783695795132 0.09860246628522873 1569
1783695795270 0.26113492250442505 1570
1783695795431 0.3357909023761749 1571
1783695795584 0.6189187169075012 1572
1783695795735 0.1017923504114151 1573
1783695795865 0.15684770047664642 1574
1783695796036 0.3056918978691101 1575
1783695796180 0.23797011375427246 1576
1783695796355 0.3368004858493805 1577
1783695796517 0.7419316172599792 1578
1783695796650 0.1388414055109024 1579
1783695796812 0.40022528171539307 1580
1783695797001 0.406372606754303 1581
1783695797214 0.3481656610965729 1582
1783695797400 0.3077874183654785 1583
1783695797647 0.5131121873855591 1584
1783695797824 0.2628069519996643 1585
1783695797994 0.46289998292922974 1586
1783695798136 0.33015376329421997 1587
1783695798308 0.428037166595459 1588
1783695798423 0.24966959655284882 1589
1783695798616 0.08378566056489944 1590
1783695798783 0.12742064893245697 1591
1783695798955 0.3252202272415161 1592
1783695799092 0.1680605411529541 1593
1783695799198 0.8113363981246948 1594
1783695799350 0.2604820132255554 1595
1783695799457 0.31257426738739014 1596
1783695799615 0.09934309870004654 1597
1783695799768 0.45481613278388977 1598
1783695799958 0.12029153108596802 1599
1783695800132 0.6941229104995728 1600
1783695800306 0.2652347683906555 1601
1783695800424 0.2829296886920929 1602
1783695800538 0.19855280220508575 1603
1783695800728 0.35290786623954773 1604
1783695800863 0.29462072253227234 1605
1783695801047 0.30008769035339355 1606
1783695801170 0.4074207544326782 1607
1783695801306 0.37744349241256714 1608
1783695801459 0.27542299032211304 1609
1783695801629 0.5946451425552368 1610
1783695801786 0.5942202806472778 1611
1783695802004 0.21260887384414673 1612
1783695802206 0.43922847509384155 1613
1783695802344 0.5862568616867065 1614
1783695802496 0.3581983149051666 1615
1783695802721 0.15107214450836182 1616
1783695802922 0.4439462125301361 1617
1783695803094 1.3149244785308838 1618
1783695803285 0.3835228383541107 1619
1783695803499 0.343300461769104 1620
1783695803721 0.3383675813674927 1621
1783695803874 0.2672967314720154 1622
1783695803999 0.44487208127975464 1623
1783695804157 0.47798779606819153 1624
1783695804294 0.21072782576084137 1625
1783695804434 0.2757605016231537 1626
1783695804635 0.20019762217998505 1627
1783695804773 0.3048899471759796 1628
1783695804921 0.4167868494987488 1629
1783695805059 0.20107409358024597 1630
1783695805204 0.43808141350746155 1631
1783695805341 0.24608160555362701 1632
1783695805463 0.3139694929122925 1633
1783695805574 0.30534040927886963 1634
1783695805698 0.18512792885303497 1635
1783695805806 0.3928986191749573 1636
1783695805943 0.4925963282585144 1637
1783695806078 0.12138687819242477 1638
1783695806263 0.2733416259288788 1639
1783695806461 0.21375638246536255 1640
1783695806636 0.29684382677078247 1641
1783695806753 0.11031542718410492 1642
1783695806898 0.3304515779018402 1643
1783695806986 0.5348325371742249 1644
1783695807092 0.2095537781715393 1645
1783695807267 0.18031109869480133 1646
1783695807462 0.6116330623626709 1647
1783695807615 0.6266602277755737 1648
1783695807811 0.5987366437911987 1649
1783695807951 0.2880640923976898 1650
1783695808048 0.4882279336452484 1651
1783695808148 0.35750818252563477 1652
1783695808280 0.4472476541996002 1653
1783695808456 0.1448034942150116 1654
1783695808638 0.13759517669677734 1655
1783695808810 0.44932103157043457 1656
1783695808924 0.3280681371688843 1657
1783695809043 0.33012986183166504 1658
1783695809153 0.3546503484249115 1659
1783695809237 0.16497065126895905 1660
1783695809360 0.3816134035587311 1661
1783695809514 0.5728654265403748 1662
1783695809760 0.38589954376220703 1663
1783695809892 0.5666277408599854 1664
1783695810076 0.33073705434799194 1665
1783695810225 0.5673922300338745 1666
1783695810343 0.37834012508392334 1667
1783695810444 0.7072628140449524 1668
1783695810558 0.4450271427631378 1669
1783695810715 0.33293092250823975 1670
1783695810815 0.2556871771812439 1671
1783695810962 0.30206194519996643 1672
1783695811166 0.4413391649723053 1673
1783695811261 0.3126682937145233 1674
1783695811377 0.3876514136791229 1675
1783695811493 0.21362382173538208 1676
1783695811685 0.1187339797616005 1677
1783695811808 0.2178143709897995 1678
1783695811986 0.3975682258605957 1679
1783695812146 0.21751023828983307 1680
1783695812280 0.296804815530777 1681
1783695812419 0.18139266967773438 1682
1783695812630 0.25506195425987244 1683
1783695812898 0.3122434914112091 1684
1783695813122 0.2669488787651062 1685
1783695813298 0.29551512002944946 1686
1783695813458 0.4858614504337311 1687
1783695813662 0.2107723355293274 1688
1783695813839 0.24321232736110687 1689
1783695813997 0.9452489614486694 1690
1783695814199 0.46893370151519775 1691
1783695814321 0.3767138123512268 1692
1783695814445 0.3965565860271454 1693
1783695814596 0.34328293800354004 1694
1783695814778 0.6235848069190979 1695
1783695814933 0.32812586426734924 1696
1783695815095 0.4089953899383545 1697
1783695815264 0.1735910177230835 1698
1783695815559 0.2009200155735016 1699
1783695815692 0.4506447911262512 1700
1783695815851 0.24843454360961914 1701
1783695815995 0.3560267686843872 1702
1783695816146 0.5193745493888855 1703
1783695816291 0.21858952939510345 1704
1783695816413 0.21539059281349182 1705
1783695816563 0.48811376094818115 1706
1783695816704 0.29114094376564026 1707
1783695816838 0.20154500007629395 1708
1783695816966 0.1917535811662674 1709
1783695817183 0.30676209926605225 1710
1783695817428 0.42415910959243774 1711
1783695817585 0.49580028653144836 1712
1783695817765 0.5923781991004944 1713
1783695817962 0.2684710919857025 1714
1783695818179 0.4751274883747101 1715
1783695818313 0.4863399565219879 1716
1783695818473 0.42215561866760254 1717
1783695818648 0.08282242715358734 1718
1783695818797 0.26126617193222046 1719
1783695818949 0.17626971006393433 1720
1783695819146 0.4424936771392822 1721
1783695819374 0.2284882515668869 1722
1783695819543 0.3275965452194214 1723
1783695819695 0.4318174421787262 1724
1783695819838 0.6034008264541626 1725
1783695819980 0.3986837863922119 1726
1783695820124 0.2397831827402115 1727
1783695820294 0.6928001046180725 1728
1783695820418 0.2688351273536682 1729
1783695820548 0.2899848520755768 1730
1783695820825 0.20117956399917603 1731
1783695820950 0.4726896584033966 1732
1783695821073 0.41359537839889526 1733
1783695821215 0.3424239158630371 1734
1783695821385 0.2649328410625458 1735
1783695821529 0.4229205250740051 1736
1783695821696 0.8978361487388611 1737
1783695821989 0.24322031438350677 1738
1783695822118 0.1585526019334793 1739
1783695822265 0.38640928268432617 1740
1783695822432 0.15021130442619324 1741
1783695822581 0.47983282804489136 1742
1783695822731 0.5696897506713867 1743
1783695822895 0.29218539595603943 1744
1783695823029 0.238332137465477 1745
1783695823270 0.3516714572906494 1746
1783695823449 0.5950175523757935 1747
1783695823570 0.41343533992767334 1748
1783695823751 0.32650455832481384 1749
1783695823877 0.7632203102111816 1750
1783695824047 0.15187156200408936 1751
1783695824207 0.40354636311531067 1752
1783695824379 0.35233646631240845 1753
1783695824514 0.2111593782901764 1754
1783695824633 0.43591076135635376 1755
1783695824783 0.1865444928407669 1756
1783695824949 0.5110232830047607 1757
1783695825125 0.3407829701900482 1758
1783695825268 0.11876370012760162 1759
1783695825424 0.34432655572891235 1760
1783695825587 0.6556313633918762 1761
1783695825711 0.2370254546403885 1762
1783695825841 0.2412848025560379 1763
1783695825963 0.5828334093093872 1764
1783695826078 0.6440142393112183 1765
1783695826199 0.3109039068222046 1766
1783695826296 0.3431321680545807 1767
1783695826435 0.14232610166072845 1768
1783695826556 0.12928812205791473 1769
1783695826662 0.34617313742637634 1770
1783695826763 0.4611760973930359 1771
1783695826871 0.21701578795909882 1772
1783695826968 0.45602110028266907 1773
1783695827076 0.15080392360687256 1774
1783695827185 0.22410213947296143 1775
1783695827303 0.2907220125198364 1776
1783695827416 1.2374615669250488 1777
1783695827513 0.32275480031967163 1778
1783695827631 0.16819196939468384 1779
1783695827731 0.2834519147872925 1780
1783695827836 0.1608654409646988 1781
1783695827963 0.22623051702976227 1782
1783695828087 0.22051873803138733 1783
1783695828179 0.4439246952533722 1784
1783695828345 0.20369163155555725 1785
1783695828476 0.29779085516929626 1786
1783695828599 0.1982586681842804 1787
1783695828717 0.5795965790748596 1788
1783695828838 0.27245500683784485 1789
1783695828955 0.29405686259269714 1790
1783695829078 0.15389148890972137 1791
1783695829184 0.402340829372406 1792
1783695829293 0.3965476155281067 1793
1783695829408 0.588482141494751 1794
1783695829626 0.341426819562912 1795
1783695829734 0.18136507272720337 1796
1783695829855 0.3091464936733246 1797
1783695829972 0.5476866364479065 1798
1783695830075 0.145560160279274 1799
1783695830192 0.5638030767440796 1800
1783695830299 0.3216468393802643 1801
1783695830379 0.36564120650291443 1802
1783695830474 0.5952438712120056 1803
1783695830559 0.32223135232925415 1804
1783695830692 0.28962162137031555 1805
1783695830820 0.5095958113670349 1806
1783695830920 0.2853136956691742 1807
1783695831009 0.2663556933403015 1808
1783695831096 0.04732685908675194 1809
1783695831184 0.2217787355184555 1810
1783695831330 0.2254917025566101 1811
1783695831509 0.2946408689022064 1812
1783695831670 0.34272345900535583 1813
1783695831801 0.2965352237224579 1814
1783695831937 0.33052951097488403 1815
1783695832200 0.2097383737564087 1816
1783695832338 0.308981716632843 1817
1783695832495 0.47225549817085266 1818
1783695832664 0.3538947105407715 1819
1783695832797 0.40429726243019104 1820
1783695832902 0.3444859981536865 1821
1783695833031 0.27858787775039673 1822
1783695833181 0.5420275926589966 1823
1783695833463 0.4700958728790283 1824
1783695833606 0.15783816576004028 1825
1783695833844 0.3986254930496216 1826
1783695834033 0.4216371774673462 1827
1783695834234 0.16987745463848114 1828
1783695834399 0.6170722842216492 1829
1783695834554 0.2551969885826111 1830
1783695834721 0.49304264783859253 1831
1783695834869 0.19606783986091614 1832
1783695835003 0.6176457405090332 1833
1783695835141 0.37480854988098145 1834
1783695835297 0.32932567596435547 1835
1783695835450 0.14614436030387878 1836
1783695835594 0.2742508053779602 1837
1783695835790 0.6353468894958496 1838
1783695836005 0.8741918206214905 1839
1783695836165 0.1749846488237381 1840
1783695836281 0.49149012565612793 1841
1783695836404 0.3326689600944519 1842
1783695836570 0.3535376787185669 1843
1783695836744 0.4292322099208832 1844
1783695836904 0.17864148318767548 1845
1783695837063 0.38561826944351196 1846
1783695837210 0.308270126581192 1847
1783695837496 0.20275722444057465 1848
1783695837704 0.1670401692390442 1849
1783695837845 0.6943959593772888 1850
1783695837962 0.46168091893196106 1851
1783695838077 0.22106069326400757 1852
1783695838221 0.26724880933761597 1853
1783695838354 0.44342368841171265 1854
1783695838625 0.24160121381282806 1855
1783695838751 0.3727317154407501 1856
1783695838894 0.3130858838558197 1857
1783695839079 0.15182217955589294 1858
1783695839187 0.25347641110420227 1859
1783695839324 0.19232787191867828 1860
1783695839441 0.22818613052368164 1861
1783695839602 0.25798285007476807 1862
1783695840008 0.6166201233863831 1863
1783695840118 0.6829475164413452 1864
1783695840273 0.39814695715904236 1865
1783695840392 0.09964428842067719 1866
1783695840538 0.22640614211559296 1867
1783695840711 0.28684282302856445 1868
1783695840865 0.35373547673225403 1869
1783695841015 0.15705668926239014 1870
1783695841211 0.3767576515674591 1871
1783695841342 0.3028927147388458 1872
1783695841518 0.48507562279701233 1873
1783695841699 0.588513195514679 1874
1783695842785 0.267647385597229 1875
1783695842946 0.19281788170337677 1876
1783695843072 0.5672247409820557 1877
1783695843240 0.7184979915618896 1878
1783695843369 0.32914668321609497 1879
1783695843526 0.2963625192642212 1880
1783695843800 0.33391186594963074 1881
1783695843947 0.3134745657444 1882
1783695844119 0.19076041877269745 1883
1783695844277 0.27409598231315613 1884
1783695844446 0.41325268149375916 1885
1783695844614 0.3585873246192932 1886
1783695844758 0.42632362246513367 1887
1783695844916 0.13199181854724884 1888
1783695845092 0.39555978775024414 1889
1783695845222 0.37377968430519104 1890
1783695845394 0.39551520347595215 1891
1783695845571 0.24968469142913818 1892
1783695845728 0.28186309337615967 1893
1783695845857 0.26229679584503174 1894
1783695846006 0.41671448945999146 1895
1783695846163 0.3858933448791504 1896
1783695846357 0.32671254873275757 1897
1783695846512 0.5252344608306885 1898
1783695846689 0.5502817630767822 1899
1783695846835 0.35752981901168823 1900
1783695846966 0.55618816614151 1901
1783695847110 0.2377731055021286 1902
1783695847239 0.6105384230613708 1903
1783695847395 0.3668261468410492 1904
1783695847714 0.5096737742424011 1905
1783695847820 0.3065042495727539 1906
1783695847983 0.4013289511203766 1907
1783695848134 0.27818313241004944 1908
1783695848291 0.42895278334617615 1909
1783695848404 0.18982702493667603 1910
1783695848527 0.10629762709140778 1911
1783695848687 0.18298645317554474 1912
1783695848926 0.4133046567440033 1913
1783695849027 0.2283405214548111 1914
1783695849170 0.21075323224067688 1915
1783695849303 0.3807457983493805 1916
1783695849467 0.5239881277084351 1917
1783695849624 0.2731838822364807 1918
1783695849768 0.24303559958934784 1919
1783695849924 0.320313423871994 1920
1783695850239 0.6803138852119446 1921
1783695850336 0.4836280941963196 1922
1783695850487 0.22542105615139008 1923
1783695850636 0.2889818549156189 1924
1783695850803 0.2726569175720215 1925
1783695850951 0.39888879656791687 1926
1783695851125 0.21694788336753845 1927
1783695851242 0.36506134271621704 1928
1783695851441 0.10542189329862595 1929
1783695851557 0.37269189953804016 1930
1783695851699 0.579748809337616 1931
1783695851875 0.25006017088890076 1932
1783695852025 0.5234639644622803 1933
1783695852242 0.2447100579738617 1934
1783695852471 0.6137561798095703 1935
1783695852621 0.21521322429180145 1936
1783695852907 0.25301072001457214 1937
1783695853046 0.0835665911436081 1938
1783695853188 0.45736563205718994 1939
1783695853360 0.36709293723106384 1940
1783695853498 0.2588440477848053 1941
1783695853647 0.1636730581521988 1942
1783695853820 0.2789042890071869 1943
1783695854153 0.32206690311431885 1944
1783695854291 0.4524960219860077 1945
1783695854457 0.6780536770820618 1946
1783695854576 0.31559938192367554 1947
1783695854701 0.6113981008529663 1948
1783695854879 0.38234177231788635 1949
1783695855019 0.2569495439529419 1950
1783695855299 0.38561445474624634 1951
1783695855467 0.16486047208309174 1952
1783695855632 0.21456299722194672 1953
1783695855773 0.12575757503509521 1954
1783695855909 0.3260296881198883 1955
1783695856071 0.45762932300567627 1956
1783695856212 0.3640020787715912 1957
1783695856358 0.49243590235710144 1958
1783695856523 0.5315813422203064 1959
1783695856666 0.20601175725460052 1960
1783695856773 0.30866071581840515 1961
1783695856838 0.30688899755477905 1962
1783695856891 0.1308285892009735 1963
1783695856958 0.23356635868549347 1964
1783695857020 0.3979031443595886 1965
1783695857111 0.25146484375 1966
1783695857178 0.3863154351711273 1967
1783695857230 0.33762624859809875 1968
1783695857283 0.3265469968318939 1969
1783695857336 0.17765922844409943 1970
1783695857399 0.3123798668384552 1971
1783695857478 0.30721402168273926 1972
1783695857551 0.3518666625022888 1973
1783695857607 0.32830092310905457 1974
1783695857664 0.2470715343952179 1975
1783695857720 0.36566081643104553 1976
1783695857776 0.370941698551178 1977
1783695857836 0.16737499833106995 1978
1783695857888 0.40799033641815186 1979
1783695857952 0.22314545512199402 1980
1783695858021 0.2685241401195526 1981
1783695858076 0.2962898910045624 1982
1783695858129 0.2024625986814499 1983
1783695858176 0.34666091203689575 1984
1783695858228 0.39528313279151917 1985
1783695858288 0.3145464062690735 1986
1783695858365 0.08888692408800125 1987
1783695858429 0.4850389063358307 1988
1783695858489 0.47696781158447266 1989
1783695858545 0.3537273705005646 1990
1783695858603 0.2527868151664734 1991
1783695858664 0.6982520818710327 1992
1783695858723 0.43672311305999756 1993
1783695858783 0.47619014978408813 1994
1783695858835 0.16656549274921417 1995
1783695858898 0.24261611700057983 1996
1783695858952 0.617846667766571 1997
1783695859005 0.24393054842948914 1998
1783695859052 0.17622418701648712 1999
1783695859098 0.18392159044742584 2000
1783695859146 0.5093365907669067 2001
1783695859196 0.4827439785003662 2002
1783695859244 0.32563304901123047 2003
1783695859294 0.2784571349620819 2004
1783695859344 0.3420501947402954 2005
1783695859398 0.3010719120502472 2006
1783695859446 0.5354801416397095 2007
1783695859496 0.38236042857170105 2008
1783695859549 0.22871841490268707 2009
1783695859596 0.43819674849510193 2010
1783695859639 0.4539700448513031 2011
1783695859684 0.36993300914764404 2012
1783695859738 0.46014246344566345 2013
1783695859796 0.26518017053604126 2014
1783695859851 0.25472015142440796 2015
1783695859900 0.170836940407753 2016
1783695859944 0.34694233536720276 2017
1783695859986 0.232866570353508 2018
1783695860029 0.14227421581745148 2019
1783695860074 0.31201639771461487 2020
1783695860118 0.5359551310539246 2021
1783695860161 0.3275258243083954 2022
1783695860203 0.3885897397994995 2023
1783695860250 0.3722464442253113 2024
1783695875730 0.44224265217781067 2025
1783695875778 0.2905164361000061 2026
1783695875824 0.274281769990921 2027
1783695875873 0.2892102301120758 2028
1783695875927 0.28421056270599365 2029
1783695875978 0.42958077788352966 2030
1783695876034 0.3093469738960266 2031
1783695876082 0.37595289945602417 2032
1783695876123 0.1731753796339035 2033
1783695876170 0.2994518578052521 2034
1783695876210 0.15580779314041138 2035
1783695876254 0.11401479691267014 2036
1783695876301 0.4128938615322113 2037
1783695876352 0.44513580203056335 2038
1783695876401 0.25542208552360535 2039
1783695876454 0.21344177424907684 2040
1783695876500 0.7679759860038757 2041
1783695876547 0.19362960755825043 2042
1783695876588 0.4061351716518402 2043
1783695876630 0.12326281517744064 2044
1783695876671 0.2808709144592285 2045
1783695876726 0.1446806788444519 2046
1783695876772 0.6345375180244446 2047
1783695876813 0.22559712827205658 2048
1783695876856 0.5436554551124573 2049
1783695876924 0.3226327896118164 2050
1783695877079 0.2787332534790039 2051
1783695877225 0.2949991226196289 2052
1783695877362 0.30768877267837524 2053
1783695877515 0.3118455410003662 2054
1783695877786 0.11719513684511185 2055
1783695877944 0.2583388388156891 2056
1783695878096 0.34977108240127563 2057
1783695878262 0.5884019732475281 2058
1783695878410 0.5619246363639832 2059
1783695878540 0.16636259853839874 2060
1783695878707 0.1331733614206314 2061
1783695878982 0.5337413549423218 2062
1783695879114 0.3183748126029968 2063
1783695879291 0.21450071036815643 2064
1783695879451 0.45900827646255493 2065
1783695879597 0.2461792528629303 2066
1783695879755 0.4002091586589813 2067
1783695879902 0.7412514686584473 2068
1783695880054 0.2936937212944031 2069
1783695880267 0.28057166934013367 2070
1783695880402 0.5595260858535767 2071
1783695880560 0.4711621403694153 2072
1783695880671 0.40596309304237366 2073
1783695880831 0.09233894944190979 2074
1783695880983 0.3912062644958496 2075
1783695881122 0.2969699800014496 2076
1783695881265 0.33125412464141846 2077
1783695881481 0.3688824772834778 2078
1783695881647 0.1706102192401886 2079
1783695881786 0.1460762619972229 2080
1783695881978 0.3294794261455536 2081
1783695882087 0.08248201012611389 2082
1783695882215 0.6303937435150146 2083
1783695882380 0.43564558029174805 2084
1783695882540 0.20925424993038177 2085
1783695882834 0.2774573862552643 2086
1783695882951 0.503394365310669 2087
1783695883086 0.47964969277381897 2088
1783695883263 0.20669487118721008 2089
1783695883463 0.10867422074079514 2090
1783695883585 0.26048004627227783 2091
1783695883759 0.5055506229400635 2092
1783695883900 0.4160279929637909 2093
1783695884057 0.12431672215461731 2094
1783695884203 0.11488637328147888 2095
1783695884341 0.4603269100189209 2096
1783695884581 0.31217530369758606 2097
1783695884751 0.2616715431213379 2098
1783695884916 0.20285604894161224 2099
1783695885070 0.34038206934928894 2100
1783695885213 0.4834490120410919 2101
1783695885482 0.09787806123495102 2102
1783695885629 0.4410882294178009 2103
1783695885800 0.5626086592674255 2104
1783695885997 0.4616919755935669 2105
1783695886121 0.15353770554065704 2106
1783695886379 0.21821878850460052 2107
1783695886594 0.5136139988899231 2108
1783695886753 0.19007648527622223 2109
1783695886904 0.0818624347448349 2110
1783695887065 0.32036635279655457 2111
1783695887217 0.14156094193458557 2112
1783695887385 0.33394232392311096 2113
1783695887540 0.16239574551582336 2114
1783695887690 0.34666353464126587 2115
1783695888019 0.2894219160079956 2116
1783695888175 0.31189674139022827 2117
1783695888345 0.21130384504795074 2118
1783695888496 0.26679062843322754 2119
1783695888660 0.3364664912223816 2120
1783695888823 0.372441828250885 2121
1783695888960 0.3328380584716797 2122
1783695889114 0.4925448000431061 2123
1783695889324 0.4844180941581726 2124
1783695889479 0.14047402143478394 2125
1783695889628 0.2374904453754425 2126
1783695889765 0.13156281411647797 2127
1783695889913 0.2777838706970215 2128
1783695890105 0.37798774242401123 2129
1783695890262 0.647962212562561 2130
1783695890558 0.3992905914783478 2131
1783695890712 0.6023036241531372 2132
1783695890853 0.2871541976928711 2133
1783695890997 0.35761699080467224 2134
1783695891130 0.17741017043590546 2135
1783695891282 0.3476344347000122 2136
1783695891426 0.6024438142776489 2137
1783695891563 0.16290773451328278 2138
1783695891859 0.5314121842384338 2139
1783695892002 0.3921377956867218 2140
1783695892098 0.3241613805294037 2141
1783695892200 0.40212512016296387 2142
1783695892362 0.17397406697273254 2143
1783695892518 0.3872442841529846 2144
1783695892647 0.40834230184555054 2145
1783695892797 0.15503284335136414 2146
1783695893053 0.22890976071357727 2147
1783695893241 0.3049946129322052 2148
1783695893336 0.44195249676704407 2149
1783695893496 0.3799206018447876 2150
1783695893628 0.3510509729385376 2151
1783695893753 0.32146334648132324 2152
1783695893915 0.2411828488111496 2153
1783695894049 0.24903087317943573 2154
1783695894201 0.2250305861234665 2155
1783695894396 0.07983873039484024 2156
1783695894539 0.3830457925796509 2157
1783695894710 0.1751406043767929 2158
1783695894852 0.35084453225135803 2159
1783695895015 0.1845518946647644 2160
1783695895198 0.06414470821619034 2161
1783695895385 0.20744681358337402 2162
1783695895530 0.1872721165418625 2163
1783695895795 0.120547354221344 2164
1783695895933 0.4664706289768219 2165
1783695896112 0.28205606341362 2166
1783695896250 0.49158480763435364 2167
1783695896405 0.43541765213012695 2168
1783695896572 0.8723950386047363 2169
1783695896746 0.18523380160331726 2170
1783695896896 0.5352113246917725 2171
1783695897087 0.13420607149600983 2172
1783695897251 0.09745892882347107 2173
1783695897380 0.10338102281093597 2174
1783695897545 0.26950985193252563 2175
1783695897678 0.6123664379119873 2176
1783695897850 0.6982698440551758 2177
1783695897965 0.38731369376182556 2178
1783695898114 0.0841425210237503 2179
1783695898281 0.26933753490448 2180
1783695898426 0.350767582654953 2181
1783695898562 0.40025997161865234 2182
1783695898700 0.46309271454811096 2183
1783695898830 0.2635135054588318 2184
1783695898971 0.16248758137226105 2185
1783695899079 0.1774512380361557 2186
1783695899232 0.35196545720100403 2187
1783695899374 0.2840067744255066 2188
1783695899547 0.3347240388393402 2189
1783695899682 0.21336020529270172 2190
1783695899865 0.3145545423030853 2191
1783695900004 0.3931710124015808 2192
1783695900128 0.5840766429901123 2193
1783695900264 0.16751514375209808 2194
1783695900481 0.33059075474739075 2195
1783695900634 0.11835721880197525 2196
1783695900909 0.3095327913761139 2197
1783695901040 0.2722264528274536 2198
1783695901194 0.5713613629341125 2199
1783695901346 0.2677319347858429 2200
1783695901514 0.5049545168876648 2201
1783695901645 0.3786306381225586 2202
1783695901800 0.324419230222702 2203
1783695901998 0.4068222641944885 2204
1783695902100 0.3995043933391571 2205
1783695902197 0.35915297269821167 2206
1783695902299 0.21044668555259705 2207
1783695902421 0.2767121195793152 2208
1783695902581 0.16008375585079193 2209
1783695902743 0.23061271011829376 2210
1783695902914 0.3880177438259125 2211
1783695903045 0.7178968787193298 2212
1783695903231 0.16710279881954193 2213
1783695903379 0.26181602478027344 2214
1783695903492 0.42690160870552063 2215
1783695903633 0.36090216040611267 2216
1783695903771 0.115455262362957 2217
1783695903912 0.33200886845588684 2218
1783695904067 0.4664878249168396 2219
1783695904216 0.08282393217086792 2220
1783695904342 0.40409937500953674 2221
1783695904485 0.4125605821609497 2222
1783695904738 0.38353589177131653 2223
1783695904892 0.30880704522132874 2224
1783695905032 0.25125399231910706 2225
1783695905172 0.6895294189453125 2226
1783695905299 0.6738200187683105 2227
1783695905452 0.44259896874427795 2228
1783695905582 0.48783040046691895 2229
1783695905713 0.4346791207790375 2230
1783695905879 0.2974966764450073 2231
1783695906015 0.3143792748451233 2232
1783695906158 0.41477689146995544 2233
1783695906272 0.053543563932180405 2234
1783695906426 0.3864181637763977 2235
1783695906545 0.49786049127578735 2236
1783695906671 0.2712855637073517 2237
1783695906823 0.5850746035575867 2238
1783695906940 0.2713601291179657 2239
1783695907087 0.403367280960083 2240
1783695907325 0.29665476083755493 2241
1783695907448 0.23478050529956818 2242
1783695907596 0.5355619192123413 2243
1783695907718 0.19804726541042328 2244
1783695907862 0.4893089532852173 2245
1783695907995 0.3007354140281677 2246
1783695908144 0.3587334156036377 2247
1783695908313 0.424277126789093 2248
1783695908459 0.15939800441265106 2249
1783695908632 0.27451616525650024 2250
1783695908761 0.6890437602996826 2251
1783695908894 0.29825153946876526 2252
1783695909044 0.36768636107444763 2253
1783695909182 0.5435436964035034 2254
1783695909339 0.10238458216190338 2255
1783695909487 0.19645622372627258 2256
1783695909727 0.4877147972583771 2257
1783695909860 0.40873637795448303 2258
1783695909994 0.16598133742809296 2259
1783695910151 0.16165897250175476 2260
1783695910319 0.5893214344978333 2261
1783695910480 0.09477467089891434 2262
1783695910647 0.31262075901031494 2263
1783695910799 0.3186695873737335 2264
1783695911112 0.28856930136680603 2265
1783695911244 0.6343175172805786 2266
1783695911376 0.13006815314292908 2267
1783695911530 0.5082458853721619 2268
1783695911662 0.21294640004634857 2269
1783695911794 0.6689345836639404 2270
1783695911915 0.2727526128292084 2271
1783695912039 0.20149514079093933 2272
1783695912132 0.3271194398403168 2273
1783695912284 0.16485100984573364 2274
1783695912464 0.2132151871919632 2275
1783695912597 0.44975483417510986 2276
1783695912769 0.510639488697052 2277
1783695912911 0.2316545695066452 2278
1783695913038 0.6060853004455566 2279
1783695913209 0.8264625668525696 2280
1783695913371 0.14187650382518768 2281
1783695913537 0.07712039351463318 2282
1783695913771 0.07392799854278564 2283
1783695913943 0.2006191462278366 2284
1783695914108 0.22058621048927307 2285
1783695914246 0.3107074797153473 2286
1783695914429 0.16196410357952118 2287
1783695914593 0.16134722530841827 2288
1783695914746 0.2796258330345154 2289
1783695914930 0.4285587668418884 2290
1783695915111 0.22418567538261414 2291
1783695915245 0.19210657477378845 2292
1783695915346 0.23332346975803375 2293
1783695915515 0.41416704654693604 2294
1783695915662 0.0944221019744873 2295
1783695915812 0.23117336630821228 2296
1783695915946 0.4837973713874817 2297
1783695916177 0.3661434054374695 2298
1783695916324 0.23892880976200104 2299
1783695916461 0.14639966189861298 2300
1783695916611 0.4044860005378723 2301
1783695916751 0.21498996019363403 2302
1783695916878 0.3495803773403168 2303
1783695917011 0.41249245405197144 2304
1783695917169 0.27687758207321167 2305
1783695917315 0.19444707036018372 2306
1783695917458 0.4801275432109833 2307
1783695917630 0.5989100933074951 2308
1783695917737 0.3348148465156555 2309
1783695917901 0.11617588251829147 2310
1783695918041 0.310193806886673 2311
1783695918191 0.23413872718811035 2312
1783695918362 0.15753348171710968 2313
1783695918485 0.5197495818138123 2314
1783695918714 0.25269925594329834 2315
1783695918934 0.4811787009239197 2316
1783695919059 0.612732470035553 2317
1783695919210 0.3431977331638336 2318
1783695919350 0.20849233865737915 2319
1783695919491 0.3807041049003601 2320
1783695919628 0.25371861457824707 2321
1783695919786 0.3579612374305725 2322
1783695919946 0.32712841033935547 2323
1783695920086 0.4411020278930664 2324
1783695920279 0.37813058495521545 2325
1783695920432 0.2371918112039566 2326
1783695920597 0.17776116728782654 2327
1783695920705 0.44045644998550415 2328
1783695920861 0.30435582995414734 2329
1783695921013 0.21826200187206268 2330
1783695921165 0.26826462149620056 2331
1783695921378 0.49065476655960083 2332
1783695921542 0.2570827305316925 2333
1783695921700 0.27873674035072327 2334
1783695921814 0.16912172734737396 2335
1783695921964 0.21169033646583557 2336
1783695922079 0.37389326095581055 2337
1783695922182 0.5741854310035706 2338
1783695922336 0.30086052417755127 2339
1783695922540 0.4194938838481903 2340
1783695922793 0.10975698381662369 2341
1783695922909 0.14859485626220703 2342
1783695923063 0.23263898491859436 2343
1783695923198 0.16496561467647552 2344
1783695923329 0.3495308756828308 2345
1783695923470 0.32418712973594666 2346
1783695923628 0.6555705666542053 2347
1783695923768 0.2181650847196579 2348
1783695923950 0.12829071283340454 2349
1783695924068 0.21055859327316284 2350
1783695924200 0.20377177000045776 2351
1783695924359 0.17824135720729828 2352
1783695924531 0.23180122673511505 2353
1783695924693 0.24054384231567383 2354
1783695924830 0.262073814868927 2355
1783695924956 0.568078339099884 2356
1783695925092 0.15082308650016785 2357
1783695925229 0.31506258249282837 2358
1783695925374 0.20804648101329803 2359
1783695925519 0.1667698621749878 2360
1783695925650 0.4363909661769867 2361
1783695925779 0.2578737735748291 2362
1783695925934 0.25382331013679504 2363
1783695926073 0.23876021802425385 2364
1783695926220 0.21542289853096008 2365
1783695926356 0.13440319895744324 2366
1783695926545 0.48234567046165466 2367
1783695926674 0.5122873187065125 2368
1783695926846 0.19919972121715546 2369
1783695926991 0.2790296673774719 2370
1783695927128 0.5117075443267822 2371
1783695927268 0.21931962668895721 2372
1783695927459 0.3941035568714142 2373
1783695927613 0.18172022700309753 2374
1783695927888 0.419770747423172 2375
1783695927991 0.486320436000824 2376
1783695928130 0.3448617458343506 2377
1783695928265 0.18369393050670624 2378
1783695928425 0.3407692313194275 2379
1783695928569 0.3861716687679291 2380
1783695928696 0.20560809969902039 2381
1783695928849 0.25523871183395386 2382
1783695929017 0.3245743215084076 2383
1783695929203 0.17587167024612427 2384
1783695929289 0.4396618604660034 2385
1783695929411 0.5933798551559448 2386
1783695929563 0.2266155183315277 2387
1783695929734 0.3867257237434387 2388
1783695929865 0.3550449013710022 2389
1783695930013 0.3192863464355469 2390
1783695930157 0.33723318576812744 2391
1783695930279 0.19582928717136383 2392
1783695930371 0.34379541873931885 2393
1783695930515 0.24266482889652252 2394
1783695930673 0.4266511797904968 2395
1783695930834 0.30239537358283997 2396
1783695930979 0.5904254913330078 2397
1783695931113 0.28818026185035706 2398
1783695931255 0.09058049321174622 2399
1783695931390 0.16144974529743195 2400
1783695931651 0.21944336593151093 2401
1783695931788 0.39711594581604004 2402
1783695931972 0.8820785880088806 2403
1783695932096 0.2212565541267395 2404
1783695932186 0.1414022147655487 2405
1783695932325 0.1933821588754654 2406
1783695932451 0.18917185068130493 2407
1783695932588 0.6899837851524353 2408
1783695932770 0.2392227053642273 2409
1783695932959 0.38219550251960754 2410
1783695933089 0.5344110131263733 2411
1783695933237 0.3458220660686493 2412
1783695933397 0.23644140362739563 2413
1783695933548 0.6497633457183838 2414
1783695933671 0.6456773281097412 2415
1783695933824 0.23592589795589447 2416
1783695933985 0.3029085397720337 2417
1783695934193 0.11918464303016663 2418
1783695934347 0.5070114135742188 2419
1783695934486 0.16413912177085876 2420
1783695934631 0.3763464391231537 2421
1783695934766 0.47194117307662964 2422
1783695934932 0.5193580985069275 2423
1783695935092 0.5586273074150085 2424
1783695935246 0.5727264285087585 2425
1783695935425 0.2526898682117462 2426
1783695935579 0.3283633589744568 2427
1783695935695 0.27218836545944214 2428
1783695935827 0.7790912389755249 2429
1783695935964 0.5567081570625305 2430
1783695936130 0.12608648836612701 2431
1783695936276 0.7820211052894592 2432
1783695936423 0.9350880980491638 2433
1783695936568 0.379751980304718 2434
1783695936726 0.32242730259895325 2435
1783695936859 0.24026526510715485 2436
1783695937013 0.6943517923355103 2437
1783695937163 0.31779617071151733 2438
1783695937305 0.14382952451705933 2439
1783695937446 0.16978618502616882 2440
1783695937609 0.4620760381221771 2441
1783695937758 0.14322111010551453 2442
1783695937882 0.47056370973587036 2443
1783695938019 0.5790694355964661 2444
1783695938196 0.25275948643684387 2445
1783695938343 0.11935272067785263 2446
1783695938478 0.3317636251449585 2447
1783695938628 0.25258734822273254 2448
1783695938785 0.6865743398666382 2449
1783695938911 0.10641027987003326 2450
1783695939064 0.16763216257095337 2451
1783695939227 0.1932523548603058 2452
1783695939425 0.33560803532600403 2453
1783695939581 0.26462703943252563 2454
1783695939738 0.13668859004974365 2455
1783695939873 0.3147982060909271 2456
1783695939998 0.6547244191169739 2457
1783695940145 0.3344642221927643 2458
1783695940296 0.175581157207489 2459
1783695940447 0.5584615468978882 2460
1783695940634 0.3689517676830292 2461
1783695940762 0.26513928174972534 2462
1783695940920 0.5534972548484802 2463
1783695941078 0.19235853850841522 2464
1783695941200 0.23253518342971802 2465
1783695941364 0.2305784821510315 2466
1783695941513 0.2130081057548523 2467
1783695941667 1.4805166721343994 2468
1783695941775 0.32926470041275024 2469
1783695942009 0.33039385080337524 2470
1783695942103 0.30345872044563293 2471
1783695942194 0.2126137614250183 2472
1783695942326 0.07615308463573456 2473
1783695942494 0.3222269117832184 2474
1783695942646 0.5151081681251526 2475
1783695942810 0.39712390303611755 2476
1783695942946 0.11600539833307266 2477
1783695943127 0.48202139139175415 2478
1783695943287 0.3656192123889923 2479
1783695943425 0.24815768003463745 2480
1783695943571 0.12912753224372864 2481
1783695943712 0.32123318314552307 2482
1783695943896 0.19202560186386108 2483
1783695944025 0.2275572419166565 2484
1783695944176 0.17146290838718414 2485
1783695944354 0.07643429934978485 2486
1783695944510 0.5274637937545776 2487
1783695944670 0.38679492473602295 2488
1783695944828 0.45949646830558777 2489
1783695944979 0.34519436955451965 2490
1783695945141 0.18058040738105774 2491
1783695945281 0.2189738154411316 2492
1783695945430 0.4738582670688629 2493
1783695945569 0.24600017070770264 2494
1783695945846 0.7305691838264465 2495
1783695946001 0.5095797181129456 2496
1783695946164 0.23497670888900757 2497
1783695946300 0.3064139783382416 2498
1783695946477 0.20704077184200287 2499
1783695946645 0.24148988723754883 2500
1783695946783 0.1971312314271927 2501
1783695947018 0.23890332877635956 2502
1783695947197 0.5085544586181641 2503
1783695947365 0.36411893367767334 2504
1783695947494 0.5366420745849609 2505
1783695947612 0.4504026472568512 2506
1783695947729 0.5615176558494568 2507
1783695947869 0.42222535610198975 2508
1783695948013 0.06360029429197311 2509
1783695948148 0.33216550946235657 2510
1783695948406 0.17996931076049805 2511
1783695948504 0.18576312065124512 2512
1783695948642 0.19765980541706085 2513
1783695948794 0.08242868632078171 2514
1783695948899 0.1583128422498703 2515
1783695949065 0.10866870731115341 2516
1783695949210 0.23411253094673157 2517
1783695949386 0.4620395600795746 2518
1783695949543 0.5952969789505005 2519
1783695949782 0.26028457283973694 2520
1783695949872 0.5113259553909302 2521
1783695950020 0.14657774567604065 2522
1783695950176 0.19767241179943085 2523
1783695950326 0.4634053111076355 2524
1783695950485 0.5528051853179932 2525
1783695950646 0.11457640677690506 2526
1783695950997 0.11610288172960281 2527
1783695951128 0.1043548509478569 2528
1783695951298 0.324677973985672 2529
1783695951454 0.22362452745437622 2530
1783695951614 0.2523697316646576 2531
1783695951768 0.2859966456890106 2532
1783695951914 0.2703094482421875 2533
1783695952010 0.48442408442497253 2534
1783695952104 0.2534271776676178 2535
1783695952204 0.19511401653289795 2536
1783695952329 0.11148879677057266 2537
1783695952483 0.43086692690849304 2538
1783695952620 0.11612546443939209 2539
1783695952763 0.3728472888469696 2540
1783695952897 0.3320031762123108 2541
1783695953028 0.4003046154975891 2542
1783695953218 0.3001295030117035 2543
1783695953430 0.3708162009716034 2544
1783695953577 0.550240695476532 2545
1783695953743 0.30867427587509155 2546
1783695953881 0.33302608132362366 2547
1783695954059 0.20185190439224243 2548
1783695954181 0.46141287684440613 2549
1783695954346 0.17569762468338013 2550
1783695954496 0.4914935231208801 2551
1783695954688 0.35549402236938477 2552
1783695954859 0.3431805372238159 2553
1783695955008 0.06353162229061127 2554
1783695955136 0.6842111349105835 2555
1783695955269 0.051086775958538055 2556
1783695955425 0.47687843441963196 2557
1783695955727 0.6346789598464966 2558
1783695955943 0.38105666637420654 2559
1783695956159 0.41566580533981323 2560
1783695956280 0.2004455029964447 2561
1783695956438 0.33315300941467285 2562
1783695956660 0.42163652181625366 2563
1783695956796 0.17757070064544678 2564
1783695956947 0.1786482185125351 2565
1783695957098 0.35362371802330017 2566
1783695957261 0.073606476187706 2567
1783695957369 0.3481017053127289 2568
1783695957511 0.2864915132522583 2569
1783695957656 0.23814041912555695 2570
1783695957809 0.48106715083122253 2571
1783695957966 0.522618293762207 2572
1783695958121 0.3718874156475067 2573
1783695958284 0.2733263373374939 2574
1783695958411 0.20234932005405426 2575
1783695958656 0.4924725592136383 2576
1783695958808 0.29926878213882446 2577
1783695958979 0.3687697649002075 2578
1783695959114 0.38947346806526184 2579
1783695959239 0.3904271721839905 2580
1783695959383 0.1924007087945938 2581
1783695959496 0.6694707274436951 2582
1783695959602 0.19386565685272217 2583
1783695959928 0.1780095398426056 2584
1783695960080 0.24821998178958893 2585
1783695960254 0.42616963386535645 2586
1783695960369 0.2390281856060028 2587
1783695960510 0.17714716494083405 2588
1783695960662 0.2259889543056488 2589
1783695960795 0.2776101529598236 2590
1783695960921 0.356418251991272 2591
1783695961114 0.17615045607089996 2592
1783695961274 0.39453989267349243 2593
1783695961453 0.30073583126068115 2594
1783695961613 0.3191571831703186 2595
1783695961783 0.2906249165534973 2596
1783695961930 0.36119183897972107 2597
1783695962039 0.5794637203216553 2598
1783695962135 0.3802207112312317 2599
1783695962229 0.243439182639122 2600
1783695962436 0.11019402742385864 2601
1783695962598 0.3558756411075592 2602
1783695962726 0.6582165360450745 2603
1783695962858 0.13814854621887207 2604
1783695963033 0.3032531142234802 2605
1783695963167 0.3061225712299347 2606
1783695963306 0.4740135073661804 2607
1783695963462 0.2636265158653259 2608
1783695963758 0.17704972624778748 2609
1783695963886 0.3590734601020813 2610
1783695964107 0.2491675764322281 2611
1783695964269 0.42619195580482483 2612
1783695964474 0.12501005828380585 2613
1783695964630 0.21559616923332214 2614
1783695964763 0.5974447727203369 2615
1783695964892 0.24098311364650726 2616
1783695965037 0.4412372410297394 2617
1783695965176 0.5157297849655151 2618
1783695965320 0.486619234085083 2619
1783695965479 0.1757054328918457 2620
1783695965617 0.18285256624221802 2621
1783695965775 0.11794432997703552 2622
1783695965924 0.24010726809501648 2623
1783695966058 0.18890346586704254 2624
1783695966237 0.2257705181837082 2625
1783695966408 0.36206939816474915 2626
1783695966569 0.1422645002603531 2627
1783695966724 0.35850101709365845 2628
1783695966874 0.29524174332618713 2629
1783695967028 0.6092475056648254 2630
1783695967178 0.13983479142189026 2631
1783695967327 0.3211345374584198 2632
1783695967597 0.219564750790596 2633
1783695967741 0.4228877127170563 2634
1783695967894 0.40775197744369507 2635
1783695968016 0.4652130603790283 2636
1783695968158 0.22146087884902954 2637
1783695968290 0.24914515018463135 2638
1783695968442 0.36729979515075684 2639
1783695968546 0.061788443475961685 2640
1783695968738 0.2156601846218109 2641
1783695968912 0.3300653100013733 2642
1783695969071 0.370626837015152 2643
1783695969208 0.2750917971134186 2644
1783695969355 0.19637303054332733 2645
1783695969506 0.42569079995155334 2646
1783695969636 0.19195614755153656 2647
1783695969787 0.2840740978717804 2648
1783695969896 0.14466701447963715 2649
1783695970052 0.4481417238712311 2650
1783695970225 0.5208377838134766 2651
1783695970362 0.4221128225326538 2652
1783695970510 0.24231624603271484 2653
1783695970661 0.22956471145153046 2654
1783695970809 0.6824005842208862 2655
1783695970962 0.19203981757164001 2656
1783695971092 0.20234405994415283 2657
1783695971282 0.3338431715965271 2658
1783695971426 0.16346459090709686 2659
1783695971589 0.30893123149871826 2660
1783695971744 0.3727978765964508 2661
1783695971857 0.2737361490726471 2662
1783695972012 0.5480193495750427 2663
1783695972118 0.09535806626081467 2664
1783695972229 0.5094917416572571 2665
1783695972390 0.43679001927375793 2666
1783695972506 0.34449663758277893 2667
1783695972786 0.19973522424697876 2668
1783695972949 0.13636881113052368 2669
1783695973113 0.25459322333335876 2670
1783695973281 0.8695225715637207 2671
1783695973425 0.07144962251186371 2672
1783695973549 0.34098827838897705 2673
1783695973692 0.46854496002197266 2674
1783695973836 0.4968265891075134 2675
1783695974053 0.06349626928567886 2676
1783695974176 0.34239131212234497 2677
1783695974325 0.387875497341156 2678
1783695974465 0.335492342710495 2679
1783695974575 0.13161897659301758 2680
1783695974694 0.24047130346298218 2681
1783695974858 0.22734858095645905 2682
1783695975012 0.312182754278183 2683
1783695975296 0.3857491612434387 2684
1783695975450 0.553313672542572 2685
1783695975594 0.1468793749809265 2686
1783695975725 0.5121356844902039 2687
1783695975888 0.08061982691287994 2688
1783695976042 0.4387628138065338 2689
1783695976176 0.1627911776304245 2690
1783695976335 0.283592164516449 2691
1783695976525 0.7662869095802307 2692
1783695976694 0.3054834008216858 2693
1783695976787 0.40820035338401794 2694
1783695976915 0.33859696984291077 2695
1783695977057 0.4258829951286316 2696
1783695977200 0.1508726328611374 2697
1783695977302 0.6999049186706543 2698
1783695977471 0.27080070972442627 2699
1783695977608 0.3921918570995331 2700
1783695977847 1.0218688249588013 2701
1783695977993 0.10460975766181946 2702
1783695978150 0.27260324358940125 2703
1783695978309 0.08927306532859802 2704
1783695978463 0.5750466585159302 2705
1783695978606 0.3938157558441162 2706
1783695978757 0.13559827208518982 2707
1783695978908 0.2798084318637848 2708
1783695979053 0.326357364654541 2709
1783695979265 0.08419321477413177 2710
1783695979392 0.669291079044342 2711
1783695979529 0.21212103962898254 2712
1783695979688 0.26285427808761597 2713
1783695979835 0.10818237066268921 2714
1783695979973 0.2756411135196686 2715
1783695980074 0.43439531326293945 2716
1783695980179 0.17846542596817017 2717
1783695980413 0.40276744961738586 2718
1783695980556 0.35903871059417725 2719
1783695980710 0.187002494931221 2720
1783695980862 0.33095821738243103 2721
1783695980990 0.11520788818597794 2722
1783695981123 0.4864582121372223 2723
1783695981246 0.3615042269229889 2724
1783695981411 0.2233968824148178 2725
1783695981597 0.10310550779104233 2726
1783695981741 0.10178365558385849 2727
1783695981843 0.20721296966075897 2728
1783695981992 0.4022073745727539 2729
1783695982100 0.45070523023605347 2730
1783695982182 0.7332372665405273 2731
1783695982278 0.0692729577422142 2732
1783695982425 0.1600973755121231 2733
1783695982580 0.20193402469158173 2734
1783695982720 0.13059650361537933 2735
1783695982869 0.9116128087043762 2736
1783695983064 0.3904985189437866 2737
1783695983195 0.4404688775539398 2738
1783695983338 0.3543819785118103 2739
1783695983495 0.5140237212181091 2740
1783695983654 0.2055051177740097 2741
1783695983803 0.20554444193840027 2742
1783695983960 0.6808347105979919 2743
1783695984159 0.14038874208927155 2744
1783695984310 0.2789892852306366 2745
1783695984459 0.2986137568950653 2746
1783695984642 0.35245129466056824 2747
1783695984793 0.3103298842906952 2748
1783695984927 0.38780146837234497 2749
1783695985080 0.45850157737731934 2750
1783695985227 0.6607006788253784 2751
1783695985359 0.27786386013031006 2752
1783695985473 0.36111658811569214 2753
1783695985602 0.2920302152633667 2754
1783695985722 0.21888890862464905 2755
1783695985861 0.1803096979856491 2756
1783695986016 0.4250575304031372 2757
1783695986177 0.35465556383132935 2758
1783695986324 0.8078979849815369 2759
1783695986454 0.2673039138317108 2760
1783695986598 0.3219548463821411 2761
1783695986778 0.3813534080982208 2762
1783695986910 0.08991925418376923 2763
1783695987045 0.38334834575653076 2764
1783695987174 0.2601068317890167 2765
1783695987342 0.21254649758338928 2766
1783695987492 0.39364293217658997 2767
1783695987606 0.14929209649562836 2768
1783695987757 0.2658727467060089 2769
1783695987882 0.556609570980072 2770
1783695988113 0.24461045861244202 2771
1783695988273 0.21644830703735352 2772
1783695988429 0.567039430141449 2773
1783695988563 0.4694432020187378 2774
1783695988684 0.3072052001953125 2775
1783695988826 0.24315005540847778 2776
1783695988991 0.21961969137191772 2777
1783695989142 0.39492785930633545 2778
1783695989296 0.40829938650131226 2779
1783695989492 0.17524908483028412 2780
1783695989639 0.38105538487434387 2781
1783695989838 0.18770618736743927 2782
1783695989959 0.14511041343212128 2783
1783695990094 0.24838238954544067 2784
1783695990228 0.20745910704135895 2785
1783695990423 0.3892219364643097 2786
1783695990576 0.35828426480293274 2787
1783695990650 0.3953130841255188 2788
1783695990752 0.22706736624240875 2789
1783695990834 0.36883345246315 2790
1783695990936 0.21597875654697418 2791
1783695991079 0.325636625289917 2792
1783695991246 0.14462782442569733 2793
1783695991393 0.41943150758743286 2794
1783695991548 0.5510126352310181 2795
1783695991690 0.27953341603279114 2796
1783695991823 0.2709256112575531 2797
1783695991915 0.31412169337272644 2798
1783695991999 0.3455650508403778 2799
1783695992100 0.2354014813899994 2800
1783695992189 0.8315021395683289 2801
1783695992256 0.15836329758167267 2802
1783695992363 0.1335638016462326 2803
1783695992532 0.24439263343811035 2804
1783695992658 0.44990795850753784 2805
1783695992813 0.4373929798603058 2806
1783695992942 0.1635863333940506 2807
1783695993070 0.6723154783248901 2808
1783695993269 0.3415268063545227 2809
1783695993400 0.24260522425174713 2810
1783695993545 0.6634854078292847 2811
1783695993710 0.490354061126709 2812
1783695993851 0.06929010152816772 2813
1783695993995 0.37032777070999146 2814
1783695994111 0.16580884158611298 2815
1783695994263 0.5551307797431946 2816
1783695994470 0.1445091962814331 2817
1783695994610 0.3626696765422821 2818
1783695994750 0.31472137570381165 2819
1783695994926 0.45045238733291626 2820
1783695995079 0.2508637309074402 2821
1783695995211 0.4843984842300415 2822
1783695995362 0.19345180690288544 2823
1783695995505 0.28028208017349243 2824
1783695995676 0.20628617703914642 2825
1783695995837 0.3337884247303009 2826
1783695995976 0.31932660937309265 2827
1783695996101 0.22856082022190094 2828
1783695996253 0.13165222108364105 2829
1783695996407 0.18874910473823547 2830
1783695996557 0.403962105512619 2831
1783695996688 0.6299213767051697 2832
1783695996839 0.31501996517181396 2833
1783695997013 0.3757733106613159 2834
1783695997156 0.2074919193983078 2835
1783695997273 0.2784760296344757 2836
1783695997411 0.20740151405334473 2837
1783695997556 0.6631804704666138 2838
1783695997695 0.5880292654037476 2839
1783695997894 0.08714737743139267 2840
1783695998017 0.22711323201656342 2841
1783695998154 0.3853185474872589 2842
1783695998273 0.3062216341495514 2843
1783695998382 0.4664127230644226 2844
1783695998520 0.589605987071991 2845
1783695998677 0.2519645392894745 2846
1783695998822 0.19578257203102112 2847
1783695998957 0.40801355242729187 2848
1783695999106 0.23694562911987305 2849
1783695999253 0.1267780363559723 2850
1783695999468 0.5212745070457458 2851
1783695999622 0.3055809438228607 2852
1783695999757 0.16307811439037323 2853
1783695999933 0.39243197441101074 2854
1783696000099 0.1618582159280777 2855
1783696000251 0.20776711404323578 2856
1783696000439 0.3065718412399292 2857
1783696000584 0.14469937980175018 2858
1783696000802 0.48616230487823486 2859
1783696000957 0.4560352563858032 2860
1783696001121 0.07923944294452667 2861
1783696001249 0.30742162466049194 2862
1783696001405 0.18983696401119232 2863
1783696001557 0.15027157962322235 2864
1783696001699 0.26336783170700073 2865
1783696001842 0.4918160140514374 2866
1783696002018 0.3037739396095276 2867
1783696002129 0.1724148690700531 2868
1783696002208 0.388310045003891 2869
1783696002313 0.3133445084095001 2870
1783696002475 0.2469775676727295 2871
1783696002636 0.1624721735715866 2872
1783696002785 0.39307084679603577 2873
1783696002937 0.28028467297554016 2874
1783696003092 0.0814412534236908 2875
1783696003274 0.24127373099327087 2876
1783696003446 0.37091973423957825 2877
1783696003587 0.1951943039894104 2878
1783696003691 0.23627038300037384 2879
1783696003789 0.2507377862930298 2880
1783696003947 0.5158191919326782 2881
1783696004092 0.2888404130935669 2882
1783696004240 0.4809105396270752 2883
1783696004389 0.21882064640522003 2884
1783696004589 0.3078916072845459 2885
1783696004779 0.412885844707489 2886
1783696004906 0.37504079937934875 2887
1783696005045 0.24494685232639313 2888
1783696005207 0.2654570937156677 2889
1783696005340 0.16092681884765625 2890
1783696005490 0.19438780844211578 2891
1783696005654 0.44815611839294434 2892
1783696005945 0.36600467562675476 2893
1783696006081 0.18919356167316437 2894
1783696006245 0.2897305190563202 2895
1783696006397 0.3332624137401581 2896
1783696006562 0.20205461978912354 2897
1783696006708 0.14338423311710358 2898
1783696006860 0.21413369476795197 2899
1783696006983 0.313069611787796 2900
1783696007167 0.28588902950286865 2901
1783696007329 0.2663714289665222 2902
1783696007492 0.19173748791217804 2903
1783696007634 0.5870633125305176 2904
1783696007776 0.3062264919281006 2905
1783696007916 0.2147308886051178 2906
1783696008041 0.7730783820152283 2907
1783696008176 0.6418009400367737 2908
1783696008363 0.21072770655155182 2909
1783696008505 0.2807968258857727 2910
1783696008660 0.12326104938983917 2911
1783696008791 0.2866964340209961 2912
1783696008964 0.30331888794898987 2913
1783696009107 0.1410895138978958 2914
1783696009240 0.5479504466056824 2915
1783696009378 0.5558682084083557 2916
1783696009511 0.4924573302268982 2917
1783696009816 0.22054661810398102 2918
1783696009957 0.3254719376564026 2919
1783696010106 0.3083431124687195 2920
1783696010198 0.265308141708374 2921
1783696010326 0.3270208537578583 2922
1783696010456 0.5113282203674316 2923
1783696010567 0.4699866771697998 2924
1783696010712 0.2981339693069458 2925
1783696011028 0.23978658020496368 2926
1783696011179 0.28548410534858704 2927
1783696011300 0.20977763831615448 2928
1783696011418 0.17316851019859314 2929
1783696011562 0.2906678318977356 2930
1783696011712 0.41533464193344116 2931
1783696011845 0.40177005529403687 2932
1783696011992 0.36234158277511597 2933
1783696012137 0.44809186458587646 2934
1783696012233 0.2668018341064453 2935
1783696012341 0.6721367835998535 2936
1783696012454 0.3262622356414795 2937
1783696012611 0.44857853651046753 2938
1783696012771 0.254988431930542 2939
1783696012913 0.1685505360364914 2940
1783696013059 0.4669361710548401 2941
1783696013219 0.3235137164592743 2942
1783696013376 0.22232215106487274 2943
1783696013644 0.3473758399486542 2944
1783696013795 0.3531389534473419 2945
1783696013975 0.1892751157283783 2946
1783696014130 0.20563527941703796 2947
1783696014262 0.9183521866798401 2948
1783696014430 0.41701436042785645 2949
1783696014576 0.5310308933258057 2950
1783696014892 0.23450039327144623 2951
1783696015020 0.5122495293617249 2952
1783696015176 0.08550301939249039 2953
1783696015313 0.20684652030467987 2954
1783696015460 0.19079069793224335 2955
1783696015612 0.3572630286216736 2956
1783696015752 0.2846289873123169 2957
1783696015908 0.16488032042980194 2958
1783696016071 0.07999784499406815 2959
1783696016210 0.258861243724823 2960
1783696016369 0.22299624979496002 2961
1783696016516 0.12794269621372223 2962
1783696016634 0.46934908628463745 2963
1783696016781 0.16131384670734406 2964
1783696016942 0.283969908952713 2965
1783696017091 0.7200027704238892 2966
1783696017264 0.3448820114135742 2967
1783696017440 0.5962580442428589 2968
1783696017558 0.4068090319633484 2969
1783696017671 0.13696660101413727 2970
1783696017826 0.6754764318466187 2971
1783696017975 0.4484976530075073 2972
1783696018111 0.4221700131893158 2973
1783696018251 0.21600420773029327 2974
1783696018410 0.2391546666622162 2975
1783696018584 0.5535869002342224 2976
1783696018703 0.6593083143234253 2977
1783696018845 0.22877661883831024 2978
1783696018976 0.3087768852710724 2979
1783696019128 0.5411390066146851 2980
1783696019262 0.29018548130989075 2981
1783696019424 0.36724862456321716 2982
1783696019570 0.5426251888275146 2983
1783696019692 0.26166409254074097 2984
1783696019931 0.16589897871017456 2985
1783696020077 0.4402027130126953 2986
1783696020243 0.23857051134109497 2987
1783696020391 0.3515253961086273 2988
1783696020558 0.1907614916563034 2989
1783696020702 0.342678040266037 2990
1783696020836 0.18630893528461456 2991
1783696021009 0.6957945227622986 2992
1783696021159 0.19680115580558777 2993
1783696021310 0.4440966844558716 2994
1783696021494 0.9407597780227661 2995
1783696021658 0.31901440024375916 2996
1783696021791 0.5854880213737488 2997
1783696021940 0.2510295808315277 2998
1783696022101 0.24106091260910034 2999
1783696022190 0.36716094613075256 3000
1783696022300 0.17579613626003265 3001
1783696022454 0.4218502640724182 3002
1783696022561 0.17727547883987427 3003
1783696022703 0.2532225251197815 3004
1783696022849 0.3412712514400482 3005
1783696023004 0.3990805149078369 3006
1783696023167 0.31919553875923157 3007
1783696023294 0.5446152091026306 3008
1783696023445 0.26075947284698486 3009
1783696023811 0.38034796714782715 3010
1783696023928 0.258987694978714 3011
1783696024094 0.5848289132118225 3012
1783696024235 0.1662672460079193 3013
1783696024362 0.49767839908599854 3014
1783696024538 0.4045447111129761 3015
1783696024691 0.33328384160995483 3016
1783696024855 0.6258929967880249 3017
1783696025064 0.23416662216186523 3018
1783696025186 0.03435201197862625 3019
1783696025337 0.20941610634326935 3020
1783696025458 0.11783169955015182 3021
1783696025609 0.6646564602851868 3022
1783696025741 0.1317533403635025 3023
1783696025906 0.47833865880966187 3024
1783696026060 0.5006784200668335 3025
1783696026220 0.1754140406847 3026
1783696026383 0.5010495185852051 3027
1783696026517 0.1270756870508194 3028
1783696026673 0.20333971083164215 3029
1783696026836 0.490005224943161 3030
1783696026979 0.7945626974105835 3031
1783696027142 0.24381515383720398 3032
1783696027294 0.6185601949691772 3033
1783696027528 0.42248106002807617 3034
1783696027645 0.2580296993255615 3035
1783696027791 0.5752560496330261 3036
1783696027956 0.2183169722557068 3037
1783696028097 0.1966848075389862 3038
1783696028239 0.1278107762336731 3039
1783696028393 0.3404095768928528 3040
1783696028543 0.2715893089771271 3041
1783696028656 0.6139976978302002 3042
1783696028867 0.18899783492088318 3043
1783696028997 0.45087897777557373 3044
1783696029139 0.23241275548934937 3045
1783696029289 0.13840939104557037 3046
1783696029436 0.29289689660072327 3047
1783696029570 0.25554153323173523 3048
1783696029685 0.38866591453552246 3049
1783696029800 0.27221888303756714 3050
1783696029966 0.256990909576416 3051
1783696030236 0.21520450711250305 3052
1783696030343 0.10844577848911285 3053
1783696030498 0.4773424565792084 3054
1783696030637 0.5305891633033752 3055
1783696030756 0.24360471963882446 3056
1783696030857 0.3291502296924591 3057
1783696030991 0.35021543502807617 3058
1783696031133 0.36332833766937256 3059
1783696031284 0.21183276176452637 3060
1783696031495 0.730693519115448 3061
1783696031622 0.4352749288082123 3062
1783696031771 0.3301898241043091 3063
1783696031867 0.2059989869594574 3064
1783696032006 0.13823114335536957 3065
1783696032109 0.3159995973110199 3066
1783696032193 0.12413722276687622 3067
1783696032313 0.46346211433410645 3068
1783696032455 0.6740691065788269 3069
1783696032615 0.1013844683766365 3070
1783696032744 0.09109244495630264 3071
1783696032890 0.33384427428245544 3072
1783696033006 0.3907977342605591 3073
1783696033135 0.1891786903142929 3074
1783696033303 0.31696343421936035 3075
1783696033448 0.22446796298027039 3076
1783696033587 0.32223251461982727 3077
1783696033690 0.6341090202331543 3078
1783696033840 0.5417478084564209 3079
1783696033987 0.2453138679265976 3080
1783696034122 0.37583354115486145 3081
1783696034274 0.4230015277862549 3082
1783696034438 0.4554053246974945 3083
1783696034595 0.4096720218658447 3084
1783696034739 0.165233314037323 3085
1783696034887 0.24571746587753296 3086
1783696035019 0.21008867025375366 3087
1783696035200 0.8301607370376587 3088
1783696035422 0.1455858200788498 3089
1783696035583 0.31251421570777893 3090
1783696035716 0.2873791754245758 3091
1783696035858 0.6118796467781067 3092
1783696036011 0.20467858016490936 3093
1783696036150 0.10239393264055252 3094
1783696036296 0.2731809914112091 3095
1783696036489 0.28946661949157715 3096
1783696036636 0.4154317080974579 3097
1783696036794 0.24424663186073303 3098
1783696036936 0.3004988431930542 3099
1783696037089 0.27950355410575867 3100
1783696037205 0.3046106696128845 3101
1783696037330 0.2275335043668747 3102
1783696037471 0.20479722321033478 3103
1783696037599 0.5342490077018738 3104
1783696037950 0.5662988424301147 3105
1783696038082 0.32092341780662537 3106
1783696038240 0.0736289694905281 3107
1783696038375 0.10680869221687317 3108
1783696038523 0.5864270925521851 3109
1783696038677 0.10825413465499878 3110
1783696038827 0.5025646686553955 3111
1783696039007 0.2960391044616699 3112
1783696039283 0.21038231253623962 3113
1783696039400 0.1615847945213318 3114
1783696039563 0.2417636215686798 3115
1783696039705 0.3893899917602539 3116
1783696039856 0.25043871998786926 3117
1783696040006 0.1796630322933197 3118
1783696040154 0.6680709719657898 3119
1783696040272 0.3026318848133087 3120
1783696040420 0.39468270540237427 3121
1783696040611 0.3385062515735626 3122
1783696040722 0.4294351041316986 3123
1783696040879 0.15904593467712402 3124
1783696041025 0.4544999897480011 3125
1783696041143 0.4417603313922882 3126
1783696041291 0.2865619957447052 3127
1783696041405 0.22114357352256775 3128
1783696041553 0.6931662559509277 3129
1783696041696 0.18307475745677948 3130
1783696042242 0.1870381385087967 3131
1783696042346 0.20239421725273132 3132
1783696042452 0.15888896584510803 3133
1783696042573 0.23494039475917816 3134
1783696042669 0.632893443107605 3135
1783696042798 0.5497600436210632 3136
1783696042904 0.08803622424602509 3137
1783696043003 0.3275901973247528 3138
1783696043161 0.32254523038864136 3139
1783696043264 0.49797284603118896 3140
1783696043411 0.36158105731010437 3141
1783696043555 0.11873835325241089 3142
1783696043689 0.47353848814964294 3143
1783696043804 0.06592858582735062 3144
1783696043940 0.12502990663051605 3145
1783696044088 0.3994416892528534 3146
1783696044329 0.1501951515674591 3147
1783696044473 0.2590709924697876 3148
1783696044625 0.24420160055160522 3149
1783696044803 0.5370581746101379 3150
1783696044923 0.2975771129131317 3151
1783696045090 0.545532763004303 3152
1783696045240 0.3600337505340576 3153
1783696045374 0.3656541705131531 3154
1783696045505 0.5019938945770264 3155
1783696045780 0.16180576384067535 3156
1783696045905 0.7469029426574707 3157
1783696046023 0.11149308830499649 3158
1783696046182 0.36009925603866577 3159
1783696046349 0.38959869742393494 3160
1783696046521 0.24521435797214508 3161
1783696046689 0.14625009894371033 3162
1783696046805 0.2254730463027954 3163
1783696046941 0.2657943367958069 3164
1783696047047 0.1995677798986435 3165
1783696047187 0.5309959053993225 3166
1783696047325 0.3779084086418152 3167
1783696047472 0.12486586719751358 3168
1783696047641 0.28247329592704773 3169
1783696047791 0.21996083855628967 3170
1783696047933 0.29297658801078796 3171
1783696048072 0.24638357758522034 3172
1783696048262 0.5249125361442566 3173
1783696048409 0.17948460578918457 3174
1783696048561 0.4054229259490967 3175
1783696048709 0.479411780834198 3176
1783696048856 0.48655909299850464 3177
1783696049009 0.17052805423736572 3178
1783696049121 0.26780328154563904 3179
1783696049208 0.18217048048973083 3180
1783696049314 0.2295522689819336 3181
1783696049470 0.4331212043762207 3182
1783696049621 0.37435346841812134 3183
1783696049758 0.36714890599250793 3184
1783696049926 0.6482847332954407 3185
1783696050090 0.27238208055496216 3186
1783696050231 0.23004449903964996 3187
1783696050362 0.9897310137748718 3188
1783696050508 0.2362373322248459 3189
1783696050802 0.523270308971405 3190
1783696050919 0.30947837233543396 3191
1783696051083 0.2016582489013672 3192
1783696051250 0.400639146566391 3193
1783696051424 0.6143223643302917 3194
1783696051558 0.1932879090309143 3195
1783696051724 0.23148298263549805 3196
1783696051888 0.4304506182670593 3197
1783696052117 0.13378748297691345 3198
1783696052210 0.4812266230583191 3199
1783696052326 0.32203733921051025 3200
1783696052501 0.23352745175361633 3201
1783696052661 0.15859684348106384 3202
1783696052828 0.39575108885765076 3203
1783696053052 0.357697457075119 3204
1783696053212 0.2797449827194214 3205
1783696053471 0.31248536705970764 3206
1783696053591 0.09727315604686737 3207
1783696053740 0.6567617058753967 3208
1783696053908 0.385362446308136 3209
1783696054074 0.18535424768924713 3210
1783696054263 0.1952691376209259 3211
1783696054441 0.4215800166130066 3212
1783696054634 0.8453561067581177 3213
1783696054759 0.5042825937271118 3214
1783696054927 0.2897070348262787 3215
1783696055088 0.15816867351531982 3216
1783696055220 0.367419958114624 3217
1783696055389 0.2611478567123413 3218
1783696055524 0.17607823014259338 3219
1783696055653 0.14657960832118988 3220
1783696055837 0.2571331858634949 3221
1783696056016 0.24728040397167206 3222
1783696056163 0.24138733744621277 3223
1783696056289 0.9097508788108826 3224
1783696056437 0.29797062277793884 3225
1783696056584 0.20966456830501556 3226
1783696056677 0.23019036650657654 3227
1783696056836 0.28448325395584106 3228
1783696056995 0.15515664219856262 3229
1783696057266 0.347286194562912 3230
1783696057413 0.7580183744430542 3231
1783696057569 0.5022716522216797 3232
1783696057704 0.46617892384529114 3233
1783696057823 0.4293060302734375 3234
1783696057987 0.37307700514793396 3235
1783696058180 0.5385739207267761 3236
1783696058387 0.1233210563659668 3237
1783696058596 0.5714405179023743 3238
1783696058749 0.6454780697822571 3239
1783696058846 0.5450612902641296 3240
1783696058939 0.4499492943286896 3241
1783696059085 0.6080114245414734 3242
1783696059205 0.3355470597743988 3243
1783696059360 0.18728753924369812 3244
1783696059517 0.5162692070007324 3245
1783696059728 0.5979956388473511 3246
1783696059853 0.2416064590215683 3247
1783696059972 0.38174203038215637 3248
1783696060125 0.31892916560173035 3249
1783696060251 0.2877700924873352 3250
1783696060405 0.46877485513687134 3251
1783696060566 0.15448349714279175 3252
1783696060713 0.40650832653045654 3253
1783696060872 0.25843966007232666 3254
1783696061054 0.30526915192604065 3255
1783696061192 0.3052295446395874 3256
1783696061350 0.2568401098251343 3257
1783696061497 0.4160747826099396 3258
1783696061653 0.20968113839626312 3259
1783696061788 0.37818339467048645 3260
1783696061955 0.5012646317481995 3261
1783696062115 0.3099684715270996 3262
1783696062221 0.4695529341697693 3263
1783696062315 0.2678650915622711 3264
1783696062455 0.1876172572374344 3265
1783696062618 0.24873194098472595 3266
1783696062756 0.2376706302165985 3267
1783696062918 0.38100892305374146 3268
1783696063062 0.37099409103393555 3269
1783696063183 0.2825508117675781 3270
1783696063324 0.5789123177528381 3271
1783696063553 0.7049998044967651 3272
1783696063681 0.43854328989982605 3273
1783696063827 0.09148243069648743 3274
1783696063984 0.6142359972000122 3275
1783696064137 0.30819112062454224 3276
1783696064268 0.7594963908195496 3277
1783696064420 0.29757875204086304 3278
1783696064586 0.26997628808021545 3279
1783696064768 0.10098110884428024 3280
1783696064899 0.7623593807220459 3281
1783696065056 0.2690281569957733 3282
1783696065233 0.2357608675956726 3283
1783696065339 0.18964828550815582 3284
1783696065470 0.28086432814598083 3285
1783696065627 0.1868070513010025 3286
1783696065783 0.19086724519729614 3287
1783696065933 0.33739256858825684 3288
1783696066186 0.5978870987892151 3289
1783696066327 0.11498803645372391 3290
1783696066470 0.2862217426300049 3291
1783696066617 0.2367132604122162 3292
1783696066758 0.20398762822151184 3293
1783696066921 0.14097483456134796 3294
1783696067066 0.15742531418800354 3295
1783696067242 0.2924831807613373 3296
1783696067517 0.30334433913230896 3297
1783696067636 0.20782563090324402 3298
1783696067830 0.17806534469127655 3299
1783696067970 0.43226587772369385 3300
1783696068135 0.3037959635257721 3301
1783696068288 0.06688345223665237 3302
1783696068427 0.49700528383255005 3303
1783696068582 0.22965741157531738 3304
1783696068723 0.32548773288726807 3305
1783696068868 0.1584823727607727 3306
1783696069046 0.4269147217273712 3307
1783696069224 0.4658001959323883 3308
1783696069396 0.37636950612068176 3309
1783696069535 0.2614215910434723 3310
1783696069667 0.19680829346179962 3311
1783696069902 0.6216388940811157 3312
1783696070068 0.148942768573761 3313
1783696070290 0.575352132320404 3314
1783696070453 0.16181951761245728 3315
1783696070605 0.22088176012039185 3316
1783696070728 0.16532999277114868 3317
1783696070873 0.09495809674263 3318
1783696071054 0.12903150916099548 3319
1783696071256 0.28279435634613037 3320
1783696071388 0.6494207978248596 3321
1783696071520 0.21609359979629517 3322
1783696071657 0.2902112305164337 3323
1783696071787 0.2273201048374176 3324
1783696071941 0.2962527871131897 3325
1783696072079 0.13718785345554352 3326
1783696072191 0.6301958560943604 3327
1783696072272 0.4161052405834198 3328
1783696072423 0.3437970280647278 3329
1783696072602 0.1382552832365036 3330
1783696072741 0.3067946135997772 3331
1783696072870 0.09089731425046921 3332
1783696073004 0.31861355900764465 3333
1783696073124 0.23486725986003876 3334
1783696073288 0.18775978684425354 3335
1783696073438 0.3005041778087616 3336
1783696073620 0.4191403090953827 3337
1783696073784 0.6113279461860657 3338
1783696073925 0.22070308029651642 3339
1783696074055 0.1654512882232666 3340
1783696074200 0.2578108012676239 3341
1783696074388 0.19503648579120636 3342
1783696074583 0.5733177661895752 3343
1783696074748 0.5444795489311218 3344
1783696074887 0.1346563994884491 3345
1783696075143 0.29001671075820923 3346
1783696075306 0.20845510065555573 3347
1783696075487 0.3253209888935089 3348
1783696075635 0.2835884392261505 3349
1783696075787 0.3958495557308197 3350
1783696075938 0.13534745573997498 3351
1783696076077 0.16118937730789185 3352
1783696076167 0.358379989862442 3353
1783696076389 0.6263612508773804 3354
1783696076521 0.7071818113327026 3355
1783696076697 0.6433151960372925 3356
1783696076886 0.3581918179988861 3357
1783696077035 0.25479236245155334 3358
1783696077170 0.3374565839767456 3359
1783696077291 0.2062140256166458 3360
1783696077446 0.3205389380455017 3361
1783696077652 0.28366661071777344 3362
1783696077784 0.11827234923839569 3363
1783696077955 0.5257778763771057 3364
1783696078116 0.2626737356185913 3365
1783696078245 0.16449078917503357 3366
1783696078373 0.3964363634586334 3367
1783696078537 0.08928927779197693 3368
1783696078681 0.24116557836532593 3369
1783696079073 0.1509278416633606 3370
1783696079209 0.17942385375499725 3371
1783696079332 0.5040663480758667 3372
1783696079447 0.18687717616558075 3373
1783696079633 0.19598309695720673 3374
1783696079798 0.5062287449836731 3375
1783696079956 0.6273421049118042 3376
1783696080109 0.22047534584999084 3377
1783696080216 0.5350647568702698 3378
1783696080324 0.28771188855171204 3379
1783696080435 0.6181678771972656 3380
1783696080555 0.6249420642852783 3381
1783696080689 0.42797741293907166 3382
1783696080847 0.4297178089618683 3383
1783696080991 0.4616037905216217 3384
1783696081155 0.22671641409397125 3385
1783696081288 0.3619794547557831 3386
1783696081471 0.1388542354106903 3387
1783696081573 0.4622645676136017 3388
1783696081692 0.47899502515792847 3389
1783696081837 0.44308462738990784 3390
1783696081991 0.3484767973423004 3391
1783696082157 0.27536648511886597 3392
1783696082250 0.2938271462917328 3393
1783696082341 0.38095226883888245 3394
1783696082473 0.2480248659849167 3395
1783696082601 0.2523631453514099 3396
1783696082821 0.2243032157421112 3397
1783696082957 0.15569280087947845 3398
1783696083060 0.12907221913337708 3399
1783696083260 0.4609488844871521 3400
1783696083423 0.4321112632751465 3401
1783696083611 0.28348398208618164 3402
1783696083758 0.17343765497207642 3403
1783696083895 0.4108239412307739 3404
1783696084168 0.4875175654888153 3405
1783696084324 0.3403277099132538 3406
1783696084483 0.4513545334339142 3407
1783696084641 0.13979381322860718 3408
1783696084769 0.4358159601688385 3409
1783696084873 0.21170727908611298 3410
1783696085011 0.06757508218288422 3411
1783696085175 0.2778890132904053 3412
1783696085383 0.26233914494514465 3413
1783696085524 0.18225936591625214 3414
1783696085673 0.07415130734443665 3415
1783696085812 0.1588028073310852 3416
1783696085951 0.5061827898025513 3417
1783696086100 0.4201962351799011 3418
1783696086249 0.46921131014823914 3419
1783696086377 0.24765470623970032 3420
1783696086551 0.16292956471443176 3421
1783696086776 0.34018605947494507 3422
1783696086913 0.20562204718589783 3423
1783696087047 0.35031792521476746 3424
1783696087203 0.5753417015075684 3425
1783696087353 0.6662977933883667 3426
1783696087513 0.2265687882900238 3427
1783696087635 0.5381689071655273 3428
1783696087984 0.0537322498857975 3429
1783696088116 0.36917227506637573 3430
1783696088269 0.5263211727142334 3431
1783696088374 0.3650437891483307 3432
1783696088533 0.4346354603767395 3433
1783696088684 0.2709547281265259 3434
1783696088852 0.17868223786354065 3435
1783696089007 0.14902901649475098 3436
1783696089118 0.2199215292930603 3437
1783696089251 0.30134013295173645 3438
1783696089417 0.18886999785900116 3439
1783696089571 0.2348422259092331 3440
1783696089683 0.26203927397727966 3441
1783696089840 0.4238382577896118 3442
1783696089988 0.17653484642505646 3443
1783696090151 0.27463579177856445 3444
1783696090283 0.4001982808113098 3445
1783696090440 0.21039418876171112 3446
1783696090678 0.3997526466846466 3447
1783696090783 0.15077030658721924 3448
1783696090952 0.3969534933567047 3449
1783696091088 0.22469957172870636 3450
1783696091235 0.4875587224960327 3451
1783696091370 0.2002808153629303 3452
1783696091520 0.22953075170516968 3453
1783696091707 0.262124627828598 3454
1783696091900 0.16554683446884155 3455
1783696092027 0.48206833004951477 3456
1783696092165 0.1746554970741272 3457
1783696092249 0.42142772674560547 3458
1783696092338 0.5557659864425659 3459
1783696092444 0.24875900149345398 3460
1783696092588 0.1686759889125824 3461
1783696092764 0.31933191418647766 3462
1783696092901 0.1460510641336441 3463
1783696093253 0.2720532715320587 3464
1783696093384 0.4818665683269501 3465
1783696093521 0.47828930616378784 3466
1783696093646 0.14413927495479584 3467
1783696093838 0.47383344173431396 3468
1783696093964 0.3580215275287628 3469
1783696094086 0.5308614373207092 3470
1783696094287 0.2491656392812729 3471
1783696094485 0.35042715072631836 3472
1783696094600 0.32821759581565857 3473
1783696094753 0.12256630510091782 3474
1783696094904 0.27610284090042114 3475
1783696095071 0.2624509334564209 3476
1783696095218 0.19470596313476562 3477
1783696095383 0.36919593811035156 3478
1783696095527 0.36700737476348877 3479
1783696095771 0.3379672169685364 3480
1783696095903 0.5614631772041321 3481
1783696096058 0.2791809141635895 3482
1783696096195 0.2685408294200897 3483
1783696096308 0.18309535086154938 3484
1783696096468 0.3685353696346283 3485
1783696096605 0.33086875081062317 3486
1783696096724 0.23399561643600464 3487
1783696096871 0.3270065188407898 3488
1783696097059 0.5855545997619629 3489
1783696097182 0.14390850067138672 3490
1783696097354 0.4664127826690674 3491
1783696097517 0.2294817566871643 3492
1783696097683 0.38249680399894714 3493
1783696097805 0.4724876582622528 3494
1783696097959 0.4270213842391968 3495
1783696098103 0.19550563395023346 3496
1783696098261 0.511196494102478 3497
1783696098357 0.12799450755119324 3498
1783696098496 0.4509808421134949 3499
1783696098635 0.46431875228881836 3500
1783696098793 0.5004385709762573 3501
1783696098939 0.3646427094936371 3502
1783696099122 0.26719415187835693 3503
1783696099255 0.2179708331823349 3504
1783696099439 0.31108587980270386 3505
1783696099667 0.25444838404655457 3506
1783696099823 0.2803810238838196 3507
1783696099950 0.4383297562599182 3508
1783696100087 0.5803924798965454 3509
1783696100233 0.2505452334880829 3510
1783696100360 0.47477632761001587 3511
1783696100489 0.2969205975532532 3512
1783696100622 0.33672627806663513 3513
1783696100766 0.09942890703678131 3514
1783696100888 0.3306746482849121 3515
1783696100992 0.4614737927913666 3516
1783696101120 0.18094778060913086 3517
1783696101244 0.15458084642887115 3518
1783696101409 0.20483991503715515 3519
1783696101527 0.21451789140701294 3520
1783696101672 0.31438398361206055 3521
1783696101826 0.8119978308677673 3522
1783696101969 0.20863720774650574 3523
1783696102109 0.5746195912361145 3524
1783696102207 0.17648184299468994 3525
1783696102289 0.30147695541381836 3526
1783696102439 0.2799214720726013 3527
1783696102618 0.33682411909103394 3528
1783696102742 0.07773366570472717 3529
1783696102886 0.3814173936843872 3530
1783696102987 0.2926327586174011 3531
1783696103115 0.20415082573890686 3532
1783696103257 0.28065213561058044 3533
1783696103543 0.21707241237163544 3534
1783696103673 0.1991991102695465 3535
1783696103826 0.0807972401380539 3536
1783696103957 0.41502729058265686 3537
1783696104100 0.1787256896495819 3538
1783696104206 0.39100101590156555 3539
1783696104322 0.1158127561211586 3540
1783696104436 0.4467294216156006 3541
1783696104561 0.269154816865921 3542
1783696104783 0.23789045214653015 3543
1783696104919 0.2931448817253113 3544
1783696105080 0.46026611328125 3545
1783696105220 0.26217755675315857 3546
1783696105338 0.31635722517967224 3547
1783696105469 0.23644275963306427 3548
1783696105619 0.3331362307071686 3549
1783696105781 0.2076389342546463 3550
1783696105957 0.4894111156463623 3551
1783696106171 0.11150690168142319 3552
1783696106322 0.36733579635620117 3553
1783696106469 0.3962591290473938 3554
1783696106620 0.8342399001121521 3555
1783696106756 0.16782212257385254 3556
1783696106886 0.11025946587324142 3557
1783696107037 0.6816883683204651 3558
1783696107312 0.22210019826889038 3559
1783696107442 0.13561072945594788 3560
1783696107551 0.29502424597740173 3561
1783696107685 0.42469730973243713 3562
1783696107837 0.4277733862400055 3563
1783696107970 0.2212410718202591 3564
1783696108116 0.4674185514450073 3565
1783696108288 0.19586314260959625 3566
1783696108445 0.482704222202301 3567
1783696108569 0.35511156916618347 3568
1783696108781 0.3441080152988434 3569
1783696108916 0.19721339643001556 3570
1783696109072 0.47703689336776733 3571
1783696109225 0.14293885231018066 3572
1783696109372 0.17779304087162018 3573
1783696109522 0.05496339872479439 3574
1783696109645 0.18979015946388245 3575
1783696109885 0.5141696929931641 3576
1783696110007 0.21062813699245453 3577
1783696110155 0.2567340135574341 3578
1783696110297 0.2918519675731659 3579
1783696110452 0.20969977974891663 3580
1783696110578 0.384024441242218 3581
1783696110698 0.20629988610744476 3582
1783696110838 0.19081255793571472 3583
1783696110955 0.31213492155075073 3584
1783696111117 0.4927631616592407 3585
1783696111237 0.12025916576385498 3586
1783696111388 0.24229753017425537 3587
1783696111513 0.5695000290870667 3588
1783696111684 0.31256163120269775 3589
1783696111805 0.18386271595954895 3590
1783696111981 0.3067241311073303 3591
1783696112199 0.16137640178203583 3592
1783696112293 0.31590282917022705 3593
1783696112412 0.27816206216812134 3594
1783696112568 0.290872722864151 3595
1783696112721 0.46848437190055847 3596
1783696112859 0.42980003356933594 3597
1783696112978 0.4357849359512329 3598
1783696113138 0.33846527338027954 3599
1783696113342 0.14547206461429596 3600
1783696113508 0.27830421924591064 3601
1783696113772 0.7004159688949585 3602
1783696113913 0.18735431134700775 3603
1783696114088 0.31833145022392273 3604
1783696114239 0.09450384229421616 3605
1783696114405 0.09487126022577286 3606
1783696114572 0.35404646396636963 3607
1783696114739 0.16466349363327026 3608
1783696114909 0.23294049501419067 3609
1783696115018 0.6504573225975037 3610
1783696115132 0.5498874187469482 3611
1783696115273 0.5600578188896179 3612
1783696115420 0.1853369176387787 3613
1783696115568 0.1457483470439911 3614
1783696115724 0.4411746561527252 3615
1783696115846 0.1880107820034027 3616
1783696115949 0.6725975871086121 3617
1783696116042 0.3840438425540924 3618
1783696116217 0.6712623834609985 3619
1783696116315 0.149664044380188 3620
1783696116409 0.4113880395889282 3621
1783696116500 0.2984696328639984 3622
1783696116642 0.24093754589557648 3623
1783696116795 0.2738518714904785 3624
1783696116971 0.29767411947250366 3625
1783696117068 0.24211125075817108 3626
1783696117167 0.18325021862983704 3627
1783696117267 0.4235871732234955 3628
1783696117414 0.20186291635036469 3629
1783696117588 0.22794000804424286 3630
1783696117739 0.15336638689041138 3631
1783696117867 0.3180786371231079 3632
1783696117988 0.1904277205467224 3633
1783696118125 0.36415764689445496 3634
1783696118284 0.34705936908721924 3635
1783696118422 0.34854656457901 3636
1783696118540 0.07953536510467529 3637
1783696118660 0.1865920126438141 3638
1783696118829 0.25889843702316284 3639
1783696118968 0.4351454973220825 3640
1783696119074 0.5909264087677002 3641
1783696119197 0.10574320703744888 3642
1783696119323 0.18554013967514038 3643
1783696119457 0.4255675673484802 3644
1783696119598 0.41929250955581665 3645
1783696119757 0.4376424551010132 3646
1783696119900 0.13671672344207764 3647
1783696120111 0.17941206693649292 3648
1783696120296 0.3164907693862915 3649
1783696120432 0.8142443895339966 3650
1783696120558 0.8140891790390015 3651
1783696120676 0.1625584363937378 3652
1783696120798 0.43063077330589294 3653
1783696120940 0.47198182344436646 3654
1783696121084 0.3220246136188507 3655
1783696121213 0.20423930883407593 3656
1783696121366 0.10531796514987946 3657
1783696121659 0.1981167197227478 3658
1783696121829 0.5671345591545105 3659
1783696121954 0.7956119775772095 3660
1783696122065 0.23570087552070618 3661
1783696122178 0.47253382205963135 3662
1783696122268 0.36789175868034363 3663
1783696122363 0.18293313682079315 3664
1783696122492 0.5118927955627441 3665
1783696122646 0.13655248284339905 3666
1783696122818 0.23252037167549133 3667
1783696122927 0.3651829957962036 3668
1783696123052 0.34701067209243774 3669
1783696123152 0.3465278744697571 3670
1783696123265 0.5243498682975769 3671
1783696123385 0.16009724140167236 3672
1783696123501 0.22345642745494843 3673
1783696123599 0.0697193518280983 3674
1783696123703 0.2482898235321045 3675
1783696123816 0.3787959814071655 3676
1783696123933 0.4787234663963318 3677
1783696124037 0.364216148853302 3678
1783696124142 0.48780524730682373 3679
1783696124248 0.19261564314365387 3680
1783696124390 0.5288967490196228 3681
1783696124517 0.4839533567428589 3682
1783696124641 0.24655599892139435 3683
1783696124801 0.1987566202878952 3684
1783696124921 0.4026825726032257 3685
1783696125032 0.3705170750617981 3686
1783696125184 0.3060396909713745 3687
1783696125354 0.17142298817634583 3688
1783696125500 0.379214882850647 3689
1783696125619 0.26296424865722656 3690
1783696125767 0.2617744505405426 3691
1783696125872 0.2358461618423462 3692
1783696126008 0.1630888730287552 3693
1783696126158 0.2759439945220947 3694
1783696126301 0.5355293154716492 3695
1783696126445 0.335712194442749 3696
1783696126605 0.6061483025550842 3697
1783696126780 0.17406579852104187 3698
1783696126925 0.2639816701412201 3699
1783696127020 0.2250058948993683 3700
1783696127147 0.6315383315086365 3701
1783696127327 0.17190741002559662 3702
1783696127450 0.4890429377555847 3703
1783696127588 0.3206878900527954 3704
1783696127740 0.3382239043712616 3705
1783696127871 0.18701866269111633 3706
1783696128093 0.35267943143844604 3707
1783696128228 0.36078307032585144 3708
1783696128367 0.460094690322876 3709
1783696128512 0.25359150767326355 3710
1783696128653 0.26628586649894714 3711
1783696128850 0.21626396477222443 3712
1783696128996 0.3227761685848236 3713
1783696129212 0.556721568107605 3714
1783696129370 0.508870542049408 3715
1783696129498 0.42054736614227295 3716
1783696129643 0.36186084151268005 3717
1783696129767 0.6430760622024536 3718
1783696129902 0.1114114299416542 3719
1783696130038 0.35300305485725403 3720
1783696130194 0.4381891191005707 3721
1783696130318 0.24826942384243011 3722
1783696130509 0.13358215987682343 3723
1783696130680 0.42857301235198975 3724
1783696130823 0.20438902080059052 3725
1783696130942 0.463359534740448 3726
1783696131081 0.2398841679096222 3727
1783696131248 0.3707157373428345 3728
1783696131371 0.45280054211616516 3729
1783696131502 0.3212909698486328 3730
1783696131712 0.5237875580787659 3731
1783696131861 0.7382343411445618 3732
1783696132004 0.3224351406097412 3733
1783696132150 0.29852476716041565 3734
1783696132250 0.1693391650915146 3735
1783696132335 0.45822957158088684 3736
1783696132428 0.16717922687530518 3737
1783696132517 0.27292367815971375 3738
1783696132616 0.16176600754261017 3739
1783696132772 0.2231271117925644 3740
1783696132903 0.37496018409729004 3741
1783696133070 0.6175574660301208 3742
1783696133233 0.6192055344581604 3743
1783696133413 0.23519304394721985 3744
1783696133530 0.15905706584453583 3745
1783696133653 0.4239368438720703 3746
1783696133819 0.2806824743747711 3747
1783696133959 0.07948921620845795 3748
1783696134114 0.12614911794662476 3749
1783696135280 0.15774795413017273 3750
1783696135480 0.13816231489181519 3751
1783696135601 0.19051453471183777 3752
1783696135731 0.45008769631385803 3753
1783696135882 0.3363238275051117 3754
1783696136012 0.16556818783283234 3755
1783696136197 0.4900541305541992 3756
1783696136375 0.25252023339271545 3757
1783696136517 0.14859694242477417 3758
1783696136663 0.5325025320053101 3759
1783696136734 0.11416828632354736 3760
1783696136812 0.30285900831222534 3761
1783696136890 0.19109828770160675 3762
1783696136996 0.309192031621933 3763
1783696137131 0.3373960554599762 3764
1783696137249 0.2788165509700775 3765
1783696137343 0.19199949502944946 3766
1783696137421 0.12346170842647552 3767
1783696137500 0.17997859418392181 3768
1783696137600 0.14155806601047516 3769
1783696137746 0.4674701988697052 3770
1783696137893 0.505419135093689 3771
1783696138023 0.32412847876548767 3772
1783696138194 0.312090665102005 3773
1783696138367 0.35246074199676514 3774
1783696138497 0.19352813065052032 3775
1783696138646 0.29154109954833984 3776
1783696138784 0.7114987373352051 3777
1783696138920 0.15466654300689697 3778
1783696139055 0.15012092888355255 3779
1783696139252 0.6867416501045227 3780
1783696139356 0.462507426738739 3781
1783696139472 0.14098522067070007 3782
1783696139575 0.29571664333343506 3783
1783696139735 0.44414377212524414 3784
1783696139853 0.1872384399175644 3785
1783696139949 0.2989019453525543 3786
1783696140086 0.2779555022716522 3787
1783696140186 0.4185342490673065 3788
1783696140302 0.4747602641582489 3789
1783696140441 0.434781551361084 3790
1783696140596 0.5446732044219971 3791
1783696140753 0.23389483988285065 3792
1783696140924 0.45659273862838745 3793
1783696141043 0.3223016560077667 3794
1783696141180 0.1528216004371643 3795
1783696141298 0.21590736508369446 3796
1783696141452 0.0985817015171051 3797
1783696141601 0.3991583287715912 3798
1783696141744 0.33084484934806824 3799
1783696141881 0.3319573402404785 3800
1783696142025 0.11925345659255981 3801
1783696142144 0.4560530185699463 3802
1783696142251 0.3493131101131439 3803
1783696142369 0.23661388456821442 3804
1783696142505 0.1874217689037323 3805
1783696142610 0.5744391083717346 3806
1783696142744 0.185626819729805 3807
1783696142869 0.302395761013031 3808
1783696143017 0.18035443127155304 3809
1783696143172 0.25611209869384766 3810
1783696143295 0.5786270499229431 3811
1783696143499 0.5918809771537781 3812
1783696143701 0.5592476725578308 3813
1783696143835 0.1347270905971527 3814
1783696143947 0.39889100193977356 3815
1783696144077 0.28117746114730835 3816
1783696144279 0.15949025750160217 3817
1783696144422 0.4498458504676819 3818
1783696144573 0.39994102716445923 3819
1783696144716 0.12552252411842346 3820
1783696144868 0.35664162039756775 3821
1783696145088 0.5755990147590637 3822
1783696145249 0.1003810241818428 3823
1783696145369 0.23608581721782684 3824
1783696145562 0.3578150272369385 3825
1783696145765 0.6353414058685303 3826
1783696145908 0.10443700104951859 3827
1783696146074 0.23156329989433289 3828
1783696146248 0.2360340654850006 3829
1783696146381 0.4348244369029999 3830
1783696146500 0.3011993169784546 3831
1783696146634 0.5705018639564514 3832
1783696146832 0.3233960270881653 3833
1783696146990 0.16370245814323425 3834
1783696147197 0.3708953261375427 3835
1783696147403 0.28611934185028076 3836
1783696147569 0.3402380347251892 3837
1783696147726 0.25075027346611023 3838
1783696147855 0.37375950813293457 3839
1783696148007 0.3444907069206238 3840
1783696148194 0.3743780851364136 3841
1783696148342 0.2205612063407898 3842
1783696148497 0.28321972489356995 3843
1783696148611 0.36319631338119507 3844
1783696148775 0.20051456987857819 3845
1783696148921 0.6168655753135681 3846
1783696149046 0.37833452224731445 3847
1783696149163 0.35921382904052734 3848
1783696149333 0.440005362033844 3849
1783696149483 0.4476128816604614 3850
1783696149636 0.1606898158788681 3851
1783696149738 0.14019428193569183 3852
1783696149894 0.19906151294708252 3853
1783696150039 0.5814424753189087 3854
1783696150225 0.28065282106399536 3855
1783696150363 0.33678239583969116 3856
1783696150491 0.18474997580051422 3857
1783696150674 0.564050555229187 3858
1783696150811 0.19215138256549835 3859
1783696151103 0.19795085489749908 3860
1783696151268 0.6857265830039978 3861
1783696151512 0.29021739959716797 3862
1783696151668 0.1740509569644928 3863
1783696151833 0.12062537670135498 3864
1783696151998 0.2274906039237976 3865
1783696152118 0.2407328188419342 3866
1783696152230 0.32502281665802 3867
1783696152317 0.6989157795906067 3868
1783696152468 0.2749890685081482 3869
1783696152752 0.3909154534339905 3870
1783696152888 0.18708184361457825 3871
1783696153026 0.6187737584114075 3872
1783696153195 0.25253748893737793 3873
1783696153343 0.3423769772052765 3874
1783696153501 0.7245703935623169 3875
1783696153669 0.09362174570560455 3876
1783696153835 0.30728331208229065 3877
1783696153946 0.27454814314842224 3878
1783696154098 0.2483430802822113 3879
1783696154229 0.4437117576599121 3880
1783696154357 0.34588268399238586 3881
1783696154541 0.30638906359672546 3882
1783696154691 0.4742007851600647 3883
1783696154845 0.4435604512691498 3884
1783696155014 0.7431784272193909 3885
1783696155186 0.4475044012069702 3886
1783696155403 0.4095063805580139 3887
1783696155553 0.21724289655685425 3888
1783696155782 0.40769457817077637 3889
1783696155944 0.3883083760738373 3890
1783696156106 0.3006463348865509 3891
1783696156245 0.06651491671800613 3892
1783696156460 0.13948534429073334 3893
1783696156573 0.061169203370809555 3894
1783696156784 0.30952730774879456 3895
1783696156920 0.1936422735452652 3896
1783696157048 0.31465739011764526 3897
1783696157189 0.25435808300971985 3898
1783696157322 0.12452609837055206 3899
1783696157464 0.20608000457286835 3900
1783696157665 0.10771805793046951 3901
1783696157833 0.21615129709243774 3902
1783696158000 0.1751343011856079 3903
1783696158130 0.19742250442504883 3904
1783696158228 0.8069961071014404 3905
1783696158312 0.13317392766475677 3906
1783696158494 0.258924663066864 3907
1783696158667 0.39872223138809204 3908
1783696158797 0.637663722038269 3909
1783696158951 0.1022254228591919 3910
1783696159093 0.3301684856414795 3911
1783696159289 0.35482949018478394 3912
1783696159419 0.3931008577346802 3913
1783696159537 0.6316657066345215 3914
1783696159724 0.3528966009616852 3915
1783696159901 0.28871700167655945 3916
1783696160066 0.1524764448404312 3917
1783696160230 0.3660285770893097 3918
1783696160339 0.9830949902534485 3919
1783696160482 0.3292626440525055 3920
1783696160665 0.16642214357852936 3921
1783696160810 0.40082621574401855 3922
1783696160948 0.1744275540113449 3923
1783696161123 0.1619369089603424 3924
1783696161326 0.21543392539024353 3925
1783696161455 0.5054054260253906 3926
1783696161580 0.2204766869544983 3927
1783696161712 0.6014214754104614 3928
1783696161916 0.3051356077194214 3929
1783696162054 0.37767037749290466 3930
1783696162169 0.6013517379760742 3931
1783696162258 0.35722994804382324 3932
1783696162354 0.10584188252687454 3933
1783696162483 0.2701757252216339 3934
1783696162619 0.3906557857990265 3935
1783696162825 0.39500120282173157 3936
1783696162979 0.46616461873054504 3937
1783696163126 0.4275462329387665 3938
1783696163267 0.2721961438655853 3939
1783696163405 0.29158809781074524 3940
1783696163551 0.7063583135604858 3941
1783696163709 0.27904731035232544 3942
1783696163843 0.1130540668964386 3943
1783696163945 0.27843934297561646 3944
1783696164101 0.31024548411369324 3945
1783696164276 0.1330980360507965 3946
1783696164398 0.09013031423091888 3947
1783696164544 0.2866937816143036 3948
1783696164680 0.24843691289424896 3949
1783696164800 0.18080800771713257 3950
1783696165018 0.1463601142168045 3951
1783696165162 0.35892927646636963 3952
1783696165303 0.2897956669330597 3953
1783696165465 0.5905728936195374 3954
1783696165621 0.22185485064983368 3955
1783696165807 0.5625400543212891 3956
1783696165929 0.3072207272052765 3957
1783696166027 0.3802967071533203 3958
1783696166119 0.07479769736528397 3959
1783696166213 0.24751894176006317 3960
1783696166363 0.23378033936023712 3961
1783696166499 0.11391665041446686 3962
1783696166637 0.4947552978992462 3963
1783696166780 0.28536373376846313 3964
1783696166911 0.41828104853630066 3965
1783696167047 0.04551270604133606 3966
1783696167250 0.5252666473388672 3967
1783696167384 0.4576364755630493 3968
1783696167494 0.2796037793159485 3969
1783696167633 0.15302041172981262 3970
1783696167770 0.17107108235359192 3971
1783696167961 0.2690468728542328 3972
1783696168109 0.15916739404201508 3973
1783696168246 0.5287008285522461 3974
1783696168363 0.2656216323375702 3975
1783696168482 0.08393498510122299 3976
1783696168617 0.5196266174316406 3977
1783696168743 0.3072497546672821 3978
1783696168868 0.6028324961662292 3979
1783696169016 0.45019441843032837 3980
1783696169252 0.28365421295166016 3981
1783696169436 0.09063495695590973 3982
1783696169612 0.370169073343277 3983
1783696169715 0.40015748143196106 3984
1783696169845 0.3030149042606354 3985
1783696169955 0.7670753002166748 3986
1783696170096 0.05815573409199715 3987
1783696170228 0.12133041769266129 3988
1783696170388 0.28635019063949585 3989
1783696170526 0.16415949165821075 3990
1783696170633 0.24741926789283752 3991
1783696170817 0.31393787264823914 3992
1783696170910 0.11393038928508759 3993
1783696171047 0.13190414011478424 3994
1783696171169 0.2941727936267853 3995
1783696171291 0.35113412141799927 3996
1783696171401 0.3195752203464508 3997
1783696171502 0.418976753950119 3998
1783696171602 0.514512300491333 3999
1783696171765 0.39321818947792053 4000
1783696171921 0.16997934877872467 4001
1783696172080 0.23516641557216644 4002
1783696172215 0.24978424608707428 4003
1783696172310 0.35958003997802734 4004
1783696172440 0.35190892219543457 4005
1783696172610 0.06511534750461578 4006
1783696172818 0.43684232234954834 4007
1783696173096 0.46334123611450195 4008
1783696173264 0.2551681697368622 4009
1783696173413 0.1767164170742035 4010
1783696173629 0.2943391501903534 4011
1783696173801 0.24285012483596802 4012
1783696173938 0.11493617296218872 4013
1783696174124 0.1472427099943161 4014
1783696174298 0.4207332730293274 4015
1783696174464 0.5873672366142273 4016
1783696174603 0.3872947692871094 4017
1783696174758 0.34899821877479553 4018
1783696175029 0.12627306580543518 4019
1783696175205 0.32235580682754517 4020
1783696175350 0.31316718459129333 4021
1783696175504 0.4277937710285187 4022
1783696175647 0.1302247941493988 4023
1783696175854 0.6760021448135376 4024
1783696175962 0.5822787880897522 4025
1783696176047 0.2220868468284607 4026
1783696176133 0.5067569017410278 4027
1783696176218 0.20723770558834076 4028
1783696176316 0.23032774031162262 4029
1783696176424 0.368743360042572 4030
1783696176535 0.3173200190067291 4031
1783696176624 0.49776697158813477 4032
1783696176721 0.14741964638233185 4033
1783696177012 0.15349344909191132 4034
1783696177216 0.6276828050613403 4035
1783696177415 0.1566086709499359 4036
1783696177636 0.20765234529972076 4037
1783696177764 0.2575480341911316 4038
1783696177880 0.35563942790031433 4039
1783696178010 0.29704388976097107 4040
1783696178125 0.2160259336233139 4041
1783696178264 0.2086605578660965 4042
1783696178498 0.561534583568573 4043
1783696178640 0.14602094888687134 4044
1783696178762 0.25238755345344543 4045
1783696178919 0.21098549664020538 4046
1783696179036 0.34945324063301086 4047
1783696179173 0.32929661870002747 4048
1783696179385 0.27129024267196655 4049
1783696179519 0.2981579303741455 4050
1783696179668 0.41168588399887085 4051
1783696179882 0.3402656316757202 4052
1783696180024 0.37065157294273376 4053
1783696180349 0.2638067305088043 4054
1783696180478 0.4004722833633423 4055
1783696180629 0.3697851598262787 4056
1783696180779 0.3181145489215851 4057
1783696180924 0.5772005319595337 4058
1783696181095 0.5190998911857605 4059
1783696181230 0.08597671985626221 4060
1783696181411 0.26194337010383606 4061
1783696181629 0.3082658648490906 4062
1783696181762 0.20255990326404572 4063
1783696181898 0.30576086044311523 4064
1783696182038 0.16287508606910706 4065
1783696182150 0.22439558804035187 4066
1783696182254 0.233713299036026 4067
1783696182337 0.1434178352355957 4068
1783696182452 0.32918575406074524 4069
1783696182647 0.2303769588470459 4070
1783696182747 0.09264305979013443 4071
1783696182939 0.17414304614067078 4072
1783696183071 0.4394550919532776 4073
1783696183291 0.2321939468383789 4074
1783696183420 0.14447151124477386 4075
1783696183573 0.09481442719697952 4076
1783696183723 0.23094041645526886 4077
1783696183876 0.1292329877614975 4078
1783696184022 0.5567710995674133 4079
1783696184235 0.22362080216407776 4080
1783696184370 0.6423574686050415 4081
1783696184519 0.37420177459716797 4082
1783696184683 0.2209283411502838 4083
1783696184830 0.4297563135623932 4084
1783696184978 0.6631099581718445 4085
1783696185155 0.08614900708198547 4086
1783696185301 0.1461467295885086 4087
1783696185453 0.34749481081962585 4088
1783696185626 0.3185802102088928 4089
1783696185756 0.4668992757797241 4090
1783696185975 0.29158857464790344 4091
1783696186119 0.4080088436603546 4092
1783696186305 0.30012285709381104 4093
1783696186428 0.3975585997104645 4094
1783696186534 0.5349504947662354 4095
1783696186690 0.36174988746643066 4096
1783696186902 0.07799258083105087 4097
1783696187043 0.3898391127586365 4098
1783696187200 0.1907780021429062 4099
1783696187354 0.1770259290933609 4100
1783696187498 0.19393952190876007 4101
1783696187636 0.18508142232894897 4102
1783696187790 0.6415198445320129 4103
1783696187904 0.45320674777030945 4104
1783696188076 0.3884434103965759 4105
1783696188283 0.2597953677177429 4106
1783696188463 0.39010918140411377 4107
1783696188624 0.15266099572181702 4108
1783696188799 0.4267730116844177 4109
1783696188949 0.2656902074813843 4110
1783696189101 0.1681104451417923 4111
1783696189301 0.4293751120567322 4112
1783696189512 0.5277760624885559 4113
1783696189653 0.10939844697713852 4114
1783696189793 0.3933736979961395 4115
1783696189957 0.32213589549064636 4116
1783696190144 0.26125431060791016 4117
1783696190286 0.4555097222328186 4118
1783696190474 0.20256169140338898 4119
1783696190749 0.3553873896598816 4120
1783696190906 0.30031463503837585 4121
1783696191029 0.4095498323440552 4122
1783696191169 0.17171110212802887 4123
1783696191315 0.06338392198085785 4124
1783696191477 0.140583798289299 4125
1783696191626 0.2247433066368103 4126
1783696191767 0.14096476137638092 4127
1783696191900 0.47645390033721924 4128
1783696192123 0.33319172263145447 4129
1783696192247 0.3297749161720276 4130
1783696192341 0.23858237266540527 4131
1783696192502 0.24503862857818604 4132
1783696192649 0.3611143231391907 4133
1783696192795 0.31054577231407166 4134
1783696192923 0.4682691991329193 4135
1783696193078 0.23983332514762878 4136
1783696193230 0.3964880704879761 4137
1783696193384 0.41884350776672363 4138
1783696193558 0.33642470836639404 4139
1783696193698 0.38375017046928406 4140
1783696193862 0.5181244611740112 4141
1783696194017 0.30303993821144104 4142
1783696194168 0.3999094069004059 4143
1783696194336 0.5232369899749756 4144
1783696194494 0.33521077036857605 4145
1783696194653 0.6573434472084045 4146
1783696194780 0.4506632685661316 4147
1783696194943 0.30521249771118164 4148
1783696195099 0.19996277987957 4149
1783696195226 0.2925208806991577 4150
1783696195372 0.1890842765569687 4151
1783696195534 0.2798460125923157 4152
1783696195757 0.19677956402301788 4153
1783696195948 0.36911070346832275 4154
1783696196077 0.18037666380405426 4155
1783696196172 0.08762785792350769 4156
1783696196280 0.5259021520614624 4157
1783696196390 0.4459576904773712 4158
1783696196560 0.18857648968696594 4159
1783696196748 0.3019624352455139 4160
1783696196939 0.35668033361434937 4161
1783696197088 0.17013463377952576 4162
1783696197267 0.19550484418869019 4163
1783696197400 0.15277846157550812 4164
1783696197555 0.29406243562698364 4165
1783696197752 0.7887827157974243 4166
1783696197894 0.09195194393396378 4167
1783696198039 0.44396480917930603 4168
1783696198179 0.21440093219280243 4169
1783696198316 0.24160614609718323 4170
1783696198490 0.4128626585006714 4171
1783696198639 0.3545028567314148 4172
1783696198777 0.17553028464317322 4173
1783696198953 0.3930926024913788 4174
1783696199093 0.127679705619812 4175
1783696199259 0.4899924397468567 4176
1783696199405 0.8770048022270203 4177
1783696199596 0.31880199909210205 4178
1783696199806 0.49280649423599243 4179
1783696199949 0.1139039546251297 4180
1783696200093 0.32954636216163635 4181
1783696200254 0.12489266693592072 4182
1783696200396 0.28889337182044983 4183
1783696200538 0.1511441469192505 4184
1783696200677 0.14069034159183502 4185
1783696200925 0.28930479288101196 4186
1783696201146 0.32600119709968567 4187
1783696201344 0.20753857493400574 4188
1783696201498 0.2357022613286972 4189
1783696201646 0.44290757179260254 4190
1783696201786 0.3007051944732666 4191
1783696201949 0.24097813665866852 4192
1783696202090 0.505700409412384 4193
1783696202236 0.21734845638275146 4194
1783696202343 0.2978968322277069 4195
1783696202500 0.315475195646286 4196
1783696202662 0.20557305216789246 4197
1783696202791 0.32276979088783264 4198
1783696202954 0.17141632735729218 4199
1783696203091 0.5010989904403687 4200
1783696203247 0.2982001006603241 4201
1783696203384 0.37770164012908936 4202
1783696203538 0.24537275731563568 4203
1783696203750 0.2927428185939789 4204
1783696203882 0.4856805205345154 4205
1783696203993 0.33148470520973206 4206
1783696204156 0.196124866604805 4207
1783696204322 0.19112110137939453 4208
1783696204474 0.3026624917984009 4209
1783696204661 0.6135299205780029 4210
1783696204784 0.2965884506702423 4211
1783696204921 0.23475341498851776 4212
1783696205066 0.7966160774230957 4213
1783696205201 0.12026023864746094 4214
1783696205350 0.49764472246170044 4215
1783696205487 0.3353803753852844 4216
1783696205639 0.38303816318511963 4217
1783696205769 0.3440420925617218 4218
1783696205881 0.2687164545059204 4219
1783696206001 0.3727602958679199 4220
1783696206189 0.3414894640445709 4221
1783696206327 0.24007733166217804 4222
1783696206453 0.2077164500951767 4223
1783696206570 0.16288195550441742 4224
1783696206713 0.29549700021743774 4225
1783696206825 0.3491264581680298 4226
1783696206970 0.1635337620973587 4227
1783696207106 0.10945165902376175 4228
1783696207236 0.22069834172725677 4229
1783696207364 0.16486425697803497 4230
1783696207528 0.3782165050506592 4231
1783696207652 0.8404594659805298 4232
1783696207774 0.4722599685192108 4233
1783696207902 0.5317934155464172 4234
1783696208043 0.13116337358951569 4235
1783696208180 0.4028761684894562 4236
1783696208350 0.19497191905975342 4237
1783696208488 0.07152958959341049 4238
1783696208665 0.09840486198663712 4239
1783696208832 0.2709870934486389 4240
1783696208993 0.08533181250095367 4241
1783696209125 0.25284042954444885 4242
1783696209268 0.3194636404514313 4243
1783696209388 0.12238741666078568 4244
1783696209510 0.20689457654953003 4245
1783696209629 0.19970177114009857 4246
1783696209748 0.4029041826725006 4247
1783696209875 0.30139029026031494 4248
1783696210096 0.30517852306365967 4249
1783696210232 0.24117644131183624 4250
1783696210341 0.21799317002296448 4251
1783696210499 0.21131883561611176 4252
1783696210628 0.3757651448249817 4253
1783696210740 0.12744520604610443 4254
1783696210882 0.1474766731262207 4255
1783696211051 0.16346421837806702 4256
1783696211196 0.34642350673675537 4257
1783696211424 0.5315013527870178 4258
1783696211563 0.3484008312225342 4259
1783696211720 0.12594616413116455 4260
1783696211875 0.08234463632106781 4261
1783696212026 0.3111674189567566 4262
1783696212215 0.3945085108280182 4263
1783696212317 0.34375178813934326 4264
1783696212412 0.41418033838272095 4265
1783696212558 0.5109245777130127 4266
1783696212766 0.14064864814281464 4267
1783696212921 0.6090188026428223 4268
1783696213035 0.13948072493076324 4269
1783696213198 0.4346392750740051 4270
1783696213394 0.28911420702934265 4271
1783696213524 0.3257245421409607 4272
1783696213673 0.34988683462142944 4273
1783696213870 0.29320886731147766 4274
1783696214008 0.2825467884540558 4275
1783696214163 0.5741236209869385 4276
1783696214294 0.16813921928405762 4277
1783696214485 0.37625807523727417 4278
1783696214626 0.16319787502288818 4279
1783696214775 0.33883729577064514 4280
1783696214941 0.26335209608078003 4281
1783696215088 0.13260667026042938 4282
1783696215321 0.37318459153175354 4283
1783696215482 0.25319036841392517 4284
1783696215629 0.22472065687179565 4285
1783696215748 0.5138708353042603 4286
1783696215891 0.14370238780975342 4287
1783696216061 0.11714240163564682 4288
1783696216203 0.26106148958206177 4289
1783696216360 0.1960785984992981 4290
1783696216606 0.4257352352142334 4291
1783696216798 0.17728424072265625 4292
1783696216894 0.7336985468864441 4293
1783696217022 0.1309634894132614 4294
1783696217154 0.39066973328590393 4295
1783696217285 0.29390355944633484 4296
1783696217393 0.2715054154396057 4297
1783696217581 0.17477306723594666 4298
1783696217733 0.15852469205856323 4299
1783696217857 0.2218276560306549 4300
1783696217997 0.1689274162054062 4301
1783696218145 0.16377492249011993 4302
1783696218330 0.3517296612262726 4303
1783696218578 0.19346843659877777 4304
1783696218807 0.1276388019323349 4305
1783696218961 0.5539675354957581 4306
1783696219113 0.3957354724407196 4307
1783696219228 0.16506469249725342 4308
1783696219321 0.19926249980926514 4309
1783696219403 0.48483458161354065 4310
1783696219491 0.1437530368566513 4311
1783696219607 0.3031235337257385 4312
1783696219727 0.5468113422393799 4313
1783696219847 0.15986159443855286 4314
1783696219979 0.3618754744529724 4315
1783696220121 0.3813154399394989 4316
1783696220271 0.49825334548950195 4317
1783696220521 0.28679242730140686 4318
1783696220665 0.50685054063797 4319
1783696220813 0.5413244366645813 4320
1783696220963 0.5566319823265076 4321
1783696221112 0.27263420820236206 4322
1783696221262 0.40214458107948303 4323
1783696221440 0.10850440710783005 4324
1783696221639 0.09667272120714188 4325
1783696221840 0.4152604639530182 4326
1783696222022 0.2364909052848816 4327
1783696222212 0.22292520105838776 4328
1783696222310 0.38767537474632263 4329
1783696222399 0.3053349256515503 4330
1783696222518 0.2527342438697815 4331
1783696222646 0.4350523352622986 4332
1783696222817 0.46424490213394165 4333
1783696222989 0.2137470692396164 4334
1783696223112 0.25298765301704407 4335
1783696223305 0.26668602228164673 4336
1783696223452 0.34057074785232544 4337
1783696223600 0.26363804936408997 4338
1783696223754 0.14712966978549957 4339
1783696223919 0.44624632596969604 4340
1783696224092 0.44534972310066223 4341
1783696224271 0.35178858041763306 4342
1783696224400 0.3187258541584015 4343
1783696224539 0.21509143710136414 4344
1783696224698 0.2401716560125351 4345
1783696224854 0.1256844401359558 4346
1783696225061 0.34571903944015503 4347
1783696225238 0.25599995255470276 4348
1783696225416 0.20521551370620728 4349
1783696225595 0.3157842457294464 4350
1783696225792 0.2883283495903015 4351
1783696225951 0.39121732115745544 4352
1783696226104 0.36692339181900024 4353
1783696226280 0.16189181804656982 4354
1783696226462 0.1408395916223526 4355
1783696226588 0.18196825683116913 4356
1783696226782 0.22699809074401855 4357
1783696226997 0.4947632849216461 4358
1783696227148 0.4118027985095978 4359
1783696227309 1.0757066011428833 4360
1783696227497 0.35539913177490234 4361
1783696227643 0.5590260624885559 4362
1783696227829 0.6071506142616272 4363
1783696227983 0.12943267822265625 4364
1783696228139 0.7288157939910889 4365
1783696228319 0.35281383991241455 4366
1783696228519 0.16117209196090698 4367
1783696228672 0.5779508352279663 4368
1783696228845 0.17961068451404572 4369
1783696228980 0.4362245500087738 4370
1783696229162 0.11315959692001343 4371
1783696229293 0.24337796866893768 4372
1783696229497 0.1685946136713028 4373
1783696229652 0.22919432818889618 4374
1783696229812 0.14758813381195068 4375
1783696229971 0.5096225738525391 4376
1783696230131 0.4128125309944153 4377
1783696230290 0.3341831564903259 4378
1783696230443 0.3941170275211334 4379
1783696230629 0.4505622386932373 4380
1783696230803 0.5206596255302429 4381
1783696230931 0.4071881175041199 4382
1783696231047 0.3693217933177948 4383
1783696231199 0.19761861860752106 4384
1783696231352 0.28931814432144165 4385
1783696231524 0.29280316829681396 4386
1783696231711 0.4831552803516388 4387
1783696231891 0.4649089574813843 4388
1783696232076 0.35594624280929565 4389
1783696232189 0.5232188701629639 4390
1783696232304 0.881015956401825 4391
1783696232401 0.33468109369277954 4392
1783696232523 0.21762172877788544 4393
1783696232682 0.054324325174093246 4394
1783696232825 0.2726195156574249 4395
1783696233006 0.4183913469314575 4396
1783696233143 0.4152037501335144 4397
1783696233304 0.4798903465270996 4398
1783696233466 0.5528237223625183 4399
1783696233610 0.14648254215717316 4400
1783696233783 0.33268651366233826 4401
1783696234019 0.06804416328668594 4402
1783696234176 0.22542883455753326 4403
1783696234338 0.1584779918193817 4404
1783696234522 0.19849538803100586 4405
1783696234671 0.33348459005355835 4406
1783696234794 0.20928706228733063 4407
1783696234944 0.237308070063591 4408
1783696235091 0.11520816385746002 4409
1783696235215 0.5299975275993347 4410
1783696235349 0.7099636197090149 4411
1783696235492 0.242975115776062 4412
1783696235635 0.4471496641635895 4413
1783696235777 0.24702826142311096 4414
1783696235989 0.21794508397579193 4415
1783696236124 0.25997447967529297 4416
1783696236283 0.17987772822380066 4417
1783696236423 0.4155960977077484 4418
1783696236584 0.08374489098787308 4419
1783696236751 0.39563408493995667 4420
1783696236890 0.5583707690238953 4421
1783696237040 0.6823163628578186 4422
1783696237248 0.2505616247653961 4423
1783696237389 0.40132710337638855 4424
1783696237500 0.6666505932807922 4425
1783696237625 0.4248410165309906 4426
1783696237777 0.4933278560638428 4427
1783696237992 0.0447673536837101 4428
1783696238134 0.13551272451877594 4429
1783696238247 0.4476698338985443 4430
1783696238340 0.0764017328619957 4431
1783696238443 0.29056161642074585 4432
1783696238633 0.6058111190795898 4433
1783696238787 0.7130125164985657 4434
1783696238918 0.5168939828872681 4435
1783696239011 0.21415092051029205 4436
1783696239130 0.3825032413005829 4437
1783696239226 0.36018896102905273 4438
1783696239372 0.3585769534111023 4439
1783696239531 0.3172871768474579 4440
1783696239658 0.3704415559768677 4441
1783696239795 0.16068066656589508 4442
1783696239928 0.37388384342193604 4443
1783696240119 0.13195085525512695 4444
1783696240272 0.29143568873405457 4445
1783696240460 0.4694736897945404 4446
1783696240629 0.32570013403892517 4447
1783696240767 0.10925228148698807 4448
1783696240910 0.4894261956214905 4449
1783696241058 0.1298036426305771 4450
1783696241207 0.10357566177845001 4451
1783696241323 0.06225252524018288 4452
1783696241475 0.29053372144699097 4453
1783696241611 0.6797992587089539 4454
1783696241765 0.08855264633893967 4455
1783696241901 0.17355836927890778 4456
1783696242062 0.14358019828796387 4457
1783696242209 0.1745976358652115 4458
1783696242369 0.711341142654419 4459
1783696242606 0.27333012223243713 4460
1783696242765 0.4813412129878998 4461
1783696242892 0.15476283431053162 4462
1783696243041 0.144850492477417 4463
1783696243187 0.2891158163547516 4464
1783696243309 0.544011652469635 4465
1783696243427 0.30646800994873047 4466
1783696243614 0.31189340353012085 4467
1783696243762 0.14178185164928436 4468
1783696243902 0.31550168991088867 4469
1783696244038 0.368019163608551 4470
1783696244194 0.3698428273200989 4471
1783696244337 0.22334715723991394 4472
1783696244473 0.13386951386928558 4473
1783696244639 0.4443736672401428 4474
1783696244782 0.3698389530181885 4475
1783696244930 0.33863139152526855 4476
1783696245057 0.4409414231777191 4477
1783696245316 0.25112318992614746 4478
1783696245463 0.3132890462875366 4479
1783696245623 0.23623132705688477 4480
1783696245784 0.3341308832168579 4481
1783696245921 0.2903672158718109 4482
1783696246075 0.24432338774204254 4483
1783696246225 0.353222519159317 4484
1783696246519 0.13273361325263977 4485
1783696246661 0.3076302409172058 4486
1783696246802 0.24111942946910858 4487
1783696246941 0.2460545152425766 4488
1783696247108 0.601237416267395 4489
1783696247227 0.5361245274543762 4490
1783696247366 0.4932388961315155 4491
1783696247510 0.28394314646720886 4492
1783696247840 0.12271921336650848 4493
1783696248009 0.6588735580444336 4494
1783696248167 0.5386245250701904 4495
1783696248315 0.1945842057466507 4496
1783696248453 0.27633386850357056 4497
1783696248590 0.4026041030883789 4498
1783696248750 0.2251025140285492 4499
1783696248915 0.22061526775360107 4500
1783696249157 0.547360360622406 4501
1783696249309 0.1464618742465973 4502
1783696249427 0.2780395746231079 4503
1783696249594 0.6559094190597534 4504
1783696249750 0.11777225136756897 4505
1783696249918 0.2431473284959793 4506
1783696250085 0.22934728860855103 4507
1783696250258 0.1463053971529007 4508
1783696250452 0.5658596158027649 4509
1783696250577 0.24454355239868164 4510
1783696250730 0.1865273267030716 4511
1783696250883 0.5267852544784546 4512
1783696251056 0.3732728958129883 4513
1783696251207 0.5720391869544983 4514
1783696251387 0.06378042697906494 4515
1783696251495 0.5434627532958984 4516
1783696251634 0.5207591652870178 4517
1783696251794 0.4404774010181427 4518
1783696251984 0.35695427656173706 4519
1783696252135 0.33778393268585205 4520
1783696252306 0.4776301383972168 4521
1783696252434 0.44687026739120483 4522
1783696252549 0.13741785287857056 4523
1783696252692 0.3569122552871704 4524
1783696252853 0.2320639193058014 4525
1783696253026 0.13181668519973755 4526
1783696253240 0.6193971037864685 4527
1783696253377 0.12543193995952606 4528
1783696253615 0.5007809996604919 4529
1783696253818 0.2725687026977539 4530
1783696253978 0.17319408059120178 4531
1783696254124 0.29293569922447205 4532
1783696254275 0.5953801274299622 4533
1783696254438 0.6385746598243713 4534
1783696254703 0.38059568405151367 4535
1783696254857 0.17505265772342682 4536
1783696255042 0.45532888174057007 4537
1783696255202 0.11907261610031128 4538
1783696255349 0.24755796790122986 4539
1783696255528 0.19466760754585266 4540
1783696255685 0.1622639149427414 4541
1783696255878 0.06467478722333908 4542
1783696256115 0.32275012135505676 4543
1783696256287 0.33542153239250183 4544
1783696256429 0.3471939265727997 4545
1783696256577 0.10348159819841385 4546
1783696256737 0.369103342294693 4547
1783696256906 0.3008061349391937 4548
1783696257090 0.2465003877878189 4549
1783696257257 0.2552321255207062 4550
1783696257462 0.40530455112457275 4551
1783696257634 0.5127984285354614 4552
1783696257800 0.3110505938529968 4553
1783696257952 0.16833209991455078 4554
1783696258095 0.7444591522216797 4555
1783696258250 0.20055143535137177 4556
1783696258410 0.1567104011774063 4557
1783696258580 0.0970521792769432 4558
1783696258795 0.22304026782512665 4559
1783696258966 0.3022077977657318 4560
1783696259138 0.4078626334667206 4561
1783696259291 0.1960727572441101 4562
1783696259449 0.2701497972011566 4563
1783696259687 0.30038368701934814 4564
1783696259902 0.4791754186153412 4565
1783696260218 0.27708205580711365 4566
1783696260358 0.29318884015083313 4567
1783696260513 0.3940993845462799 4568
1783696260671 0.4650630056858063 4569
1783696260836 0.21291732788085938 4570
1783696260989 0.2898693084716797 4571
1783696261127 0.28003713488578796 4572
1783696261285 0.762800395488739 4573
1783696261576 0.15665942430496216 4574
1783696261730 0.3179827332496643 4575
1783696261911 0.18139271438121796 4576
1783696262076 0.24627448618412018 4577
1783696262232 0.10673097521066666 4578
1783696262338 0.8043182492256165 4579
1783696262480 0.41638126969337463 4580
1783696262635 0.2928601801395416 4581
1783696263019 0.6582281589508057 4582
1783696263177 0.24597576260566711 4583
1783696263348 0.2982562482357025 4584
1783696263503 0.5613690614700317 4585
1783696263660 0.10098621249198914 4586
1783696263817 0.16957160830497742 4587
1783696263987 0.37956053018569946 4588
1783696264150 0.15047237277030945 4589
1783696264310 0.23888540267944336 4590
1783696264441 0.3393480181694031 4591
1783696264557 0.22232715785503387 4592
1783696264692 0.3126886188983917 4593
1783696264826 0.8406018018722534 4594
1783696264977 0.4833734631538391 4595
1783696265121 0.25200578570365906 4596
1783696265300 0.349043071269989 4597
1783696265444 0.21024076640605927 4598
1783696265599 0.37501320242881775 4599
1783696265738 0.2859152555465698 4600
1783696265886 0.2520623505115509 4601
1783696266052 0.28007957339286804 4602
1783696266209 0.5349693894386292 4603
1783696266370 0.09823842346668243 4604
1783696266528 0.232309490442276 4605
1783696266875 0.3072235882282257 4606
1783696267017 0.257005512714386 4607
1783696267172 0.1788794994354248 4608
1783696267338 0.06927028298377991 4609
1783696267486 0.2944982349872589 4610
1783696267637 0.15018147230148315 4611
1783696267781 0.12589608132839203 4612
1783696267948 0.24859045445919037 4613
1783696268125 0.28056731820106506 4614
1783696268335 0.3873884677886963 4615
1783696268482 0.42913833260536194 4616
1783696268628 0.5363078117370605 4617
1783696268777 0.2362719178199768 4618
1783696268924 0.64720618724823 4619
1783696269067 0.07166513055562973 4620
1783696269241 0.7837781310081482 4621
1783696269409 0.36121901869773865 4622
1783696269624 0.5004507303237915 4623
1783696269771 0.6812695860862732 4624
1783696269919 0.0986543595790863 4625
1783696270071 0.1622656136751175 4626
1783696270226 0.24083207547664642 4627
1783696270385 0.28780221939086914 4628
1783696270530 0.1688893586397171 4629
1783696270674 0.10712211579084396 4630
1783696270837 0.3432447016239166 4631
1783696270991 0.1253930628299713 4632
1783696271160 0.25164076685905457 4633
1783696271277 0.4212181270122528 4634
1783696271407 0.22715379297733307 4635
1783696271547 0.2746067941188812 4636
1783696271693 0.4905668795108795 4637
1783696271866 0.4252139627933502 4638
1783696272014 0.2723284661769867 4639
1783696272237 0.30617064237594604 4640
1783696272383 0.39388972520828247 4641
1783696272523 0.15865910053253174 4642
1783696272630 1.0159705877304077 4643
1783696272785 0.21658137440681458 4644
1783696272932 0.2840690016746521 4645
1783696273101 0.3044421374797821 4646
1783696273263 0.6312389373779297 4647
1783696273440 0.1837131232023239 4648
1783696273633 0.24191026389598846 4649
1783696273783 0.14743739366531372 4650
1783696273925 0.4493742287158966 4651
1783696274069 0.18953563272953033 4652
1783696274222 0.238439679145813 4653
1783696274368 0.1943534016609192 4654
1783696274513 0.43690213561058044 4655
1783696274663 0.4386492967605591 4656
1783696274867 0.13713064789772034 4657
1783696275010 0.17540165781974792 4658
1783696275160 0.5340999960899353 4659
1783696275301 0.37193140387535095 4660
1783696275461 0.7541840076446533 4661
1783696275601 0.27574604749679565 4662
1783696275707 0.331275999546051 4663
1783696275864 0.21761296689510345 4664
1783696276016 0.07943975925445557 4665
1783696276288 0.2898237407207489 4666
1783696276440 0.09373350441455841 4667
1783696276585 0.2609187066555023 4668
1783696276748 0.4515131115913391 4669
1783696276891 0.05993831530213356 4670
1783696277024 0.13869667053222656 4671
1783696277158 0.08096126466989517 4672
1783696277262 0.12331700325012207 4673
1783696277528 0.29765084385871887 4674
1783696277671 0.26629671454429626 4675
1783696277823 0.7311493754386902 4676
1783696277963 0.21405252814292908 4677
1783696278110 0.2828409969806671 4678
1783696278256 0.3556826114654541 4679
1783696278412 0.14910556375980377 4680
1783696278563 0.05680842697620392 4681
1783696278887 0.11771399527788162 4682
1783696279043 0.17780780792236328 4683
1783696279186 0.5059999227523804 4684
1783696279358 0.5975176095962524 4685
1783696279509 0.42752933502197266 4686
1783696279704 0.1379406601190567 4687
1783696279840 0.12962444126605988 4688
1783696279977 0.7022590041160583 4689
1783696280177 0.2606354355812073 4690
1783696280327 0.15200816094875336 4691
1783696280469 0.456664502620697 4692
1783696280623 0.33907467126846313 4693
1783696280772 0.5519238710403442 4694
1783696280925 0.31723085045814514 4695
1783696281060 0.37179097533226013 4696
1783696281208 0.3511900007724762 4697
1783696281415 0.2090437412261963 4698
1783696281546 0.45146098732948303 4699
1783696281777 0.3143865764141083 4700
1783696281923 0.11070799827575684 4701
1783696282066 0.08699312806129456 4702
1783696282206 0.06489569693803787 4703
1783696282351 0.17920759320259094 4704
1783696282598 0.2078050822019577 4705
1783696282701 0.21271030604839325 4706
1783696282813 0.3076417148113251 4707
1783696282975 0.4774681329727173 4708
1783696283105 0.23369218409061432 4709
1783696283249 0.15454554557800293 4710
1783696283381 0.2345414012670517 4711
1783696283526 0.18542927503585815 4712
1783696283714 0.25316497683525085 4713
1783696283940 0.308224081993103 4714
1783696284089 0.2738645374774933 4715
1783696284239 0.1816643476486206 4716
1783696284362 0.48543697595596313 4717
1783696284518 0.036748580634593964 4718
1783696284714 0.34419670701026917 4719
1783696284865 0.28844356536865234 4720
1783696285025 0.2575462758541107 4721
1783696285204 0.31786513328552246 4722
1783696285355 0.2840675711631775 4723
1783696285490 0.32566115260124207 4724
1783696285642 0.25283318758010864 4725
1783696285787 0.3062666654586792 4726
1783696285949 0.3125353157520294 4727
1783696286096 0.48952117562294006 4728
1783696286331 0.152621328830719 4729
1783696286602 0.328088641166687 4730
1783696286777 0.26379725337028503 4731
1783696286944 0.2627064883708954 4732
1783696287093 0.36767932772636414 4733
1783696287236 0.061522483825683594 4734
1783696287383 0.23739765584468842 4735
1783696287666 0.36465010046958923 4736
1783696287891 0.3794276714324951 4737
1783696288062 0.17027755081653595 4738
1783696288214 0.15693318843841553 4739
1783696288371 0.15029709041118622 4740
1783696288578 0.3331904113292694 4741
1783696288727 0.4939723014831543 4742
1783696288878 0.5325450897216797 4743
1783696289100 0.30967745184898376 4744
1783696289256 0.2035956084728241 4745
1783696289434 0.33541563153266907 4746
1783696289568 0.2888324558734894 4747
1783696289700 0.37510159611701965 4748
1783696289841 0.26403528451919556 4749
1783696289991 0.07663245499134064 4750
1783696290179 0.1510656177997589 4751
1783696290349 0.1948704570531845 4752
1783696290482 0.254304438829422 4753
1783696290624 0.3443055748939514 4754
1783696290747 0.2052508294582367 4755
1783696290901 0.3457278311252594 4756
1783696291047 0.3155326247215271 4757
1783696291190 0.8435184359550476 4758
1783696291332 0.09904516488313675 4759
1783696291495 0.6201314926147461 4760
1783696291668 0.25727182626724243 4761
1783696291825 0.6096362471580505 4762
1783696292020 0.32912498712539673 4763
1783696292186 0.32207152247428894 4764
1783696292332 0.12407205998897552 4765
1783696292438 0.4398442506790161 4766
1783696292562 0.1427774578332901 4767
1783696292710 0.23932722210884094 4768
1783696292885 0.6463508605957031 4769
1783696293035 0.19671334326267242 4770
1783696293187 0.477382093667984 4771
1783696293337 0.44746720790863037 4772
1783696293508 0.2328854650259018 4773
1783696293640 0.1401391327381134 4774
1783696293829 0.428510844707489 4775
1783696293937 0.15650294721126556 4776
1783696294090 0.4054277241230011 4777
1783696294317 0.607426643371582 4778
1783696294460 0.2254313975572586 4779
1783696294619 0.5564934611320496 4780
1783696294787 0.42465242743492126 4781
1783696295138 0.28230124711990356 4782
1783696295263 0.10894709825515747 4783
1783696295417 0.349305659532547 4784
1783696295549 0.20916949212551117 4785
1783696295641 0.25546956062316895 4786
1783696295790 0.28625068068504333 4787
1783696295936 0.4404284954071045 4788
1783696296073 0.1310386061668396 4789
1783696296330 0.3056522011756897 4790
1783696296455 0.15694165229797363 4791
1783696296577 0.4764787554740906 4792
1783696296710 0.8068123459815979 4793
1783696296848 0.16070912778377533 4794
1783696297014 0.45244133472442627 4795
1783696297150 0.22141513228416443 4796
1783696297317 0.37100091576576233 4797
1783696297488 0.44540858268737793 4798
1783696297789 0.1629209816455841 4799
1783696297932 0.14965452253818512 4800
1783696298095 0.22893179953098297 4801
1783696298237 0.3953261375427246 4802
1783696298398 0.2748464345932007 4803
1783696298548 0.4425787329673767 4804
1783696298697 0.39096808433532715 4805
1783696298848 0.1404995322227478 4806
1783696299057 0.3570796549320221 4807
1783696299202 0.1569077968597412 4808
1783696299362 0.5452378988265991 4809
1783696299489 0.25391843914985657 4810
1783696299637 0.3609307110309601 4811
1783696299769 0.7615395188331604 4812
1783696299940 0.24940292537212372 4813
1783696300147 0.30530041456222534 4814
1783696300293 0.13641102612018585 4815
1783696300441 0.18062655627727509 4816
1783696300599 0.15221180021762848 4817
1783696300762 0.3991837203502655 4818
1783696300930 1.0096381902694702 4819
1783696301104 0.23174600303173065 4820
1783696301264 0.7794302701950073 4821
1783696301438 0.18262207508087158 4822
1783696301568 0.33956974744796753 4823
1783696301697 0.4104754328727722 4824
1783696301827 0.059515807777643204 4825
1783696302009 0.08936773985624313 4826
1783696302183 0.33712238073349 4827
1783696302323 0.5000145435333252 4828
1783696302418 0.14581412076950073 4829
1783696302529 0.28767475485801697 4830
1783696302741 0.6866374015808105 4831
1783696302908 0.5604856014251709 4832
1783696303023 0.29509514570236206 4833
1783696303131 0.39650624990463257 4834
1783696303249 0.27340057492256165 4835
1783696303394 0.3165801763534546 4836
1783696303537 0.3267782926559448 4837
1783696303638 0.18944300711154938 4838
1783696303765 0.1484438180923462 4839
1783696303903 0.20019163191318512 4840
1783696304047 0.9071133136749268 4841
1783696304174 0.3354913890361786 4842
1783696304305 0.2995195984840393 4843
1783696304480 0.3003251552581787 4844
1783696304643 0.3527500033378601 4845
1783696304847 0.5975105166435242 4846
1783696305051 0.25919702649116516 4847
1783696305283 0.11239378154277802 4848
1783696305443 0.5615918636322021 4849
1783696305603 0.11032523959875107 4850
1783696305828 0.17121005058288574 4851
1783696306116 0.34537118673324585 4852
1783696306212 0.1694919317960739 4853
1783696306298 0.2209227979183197 4854
1783696306426 0.2618217170238495 4855
1783696306555 0.20222651958465576 4856
1783696306730 0.12739698588848114 4857
1783696306822 0.3530108332633972 4858
1783696306897 0.5676420331001282 4859
1783696306959 0.25999754667282104 4860
1783696307026 0.2975470721721649 4861
1783696307090 0.13066466152668 4862
1783696307148 0.1945406049489975 4863
1783696307202 0.39749735593795776 4864
1783696307262 0.30266809463500977 4865
1783696307314 0.24836236238479614 4866
1783696307364 0.18763768672943115 4867
1783696307428 0.07173751294612885 4868
1783696307493 0.3960135281085968 4869
1783696307550 0.8067780137062073 4870
1783696307604 0.2173977643251419 4871
1783696307666 0.3011421263217926 4872
1783696307729 0.34147176146507263 4873
1783696307799 0.4601927697658539 4874
1783696307861 0.36910179257392883 4875
1783696307915 0.15450134873390198 4876
1783696307958 0.22952154278755188 4877
1783696308024 0.20681564509868622 4878
1783696308086 0.17677989602088928 4879
1783696308181 0.49172303080558777 4880
1783696308242 0.17263133823871613 4881
1783696308303 0.13935580849647522 4882
1783696308352 0.3077179193496704 4883
1783696308415 0.7694105505943298 4884
1783696308460 0.2688048779964447 4885
1783696308531 0.07210709899663925 4886
1783696308580 0.3590622842311859 4887
1783696308623 0.5172237157821655 4888
1783696308666 0.2722012996673584 4889
1783696308707 0.24722999334335327 4890
1783696308764 0.5255348682403564 4891
1783696308820 0.2240300327539444 4892
1783696308871 0.4780356287956238 4893
1783696308929 0.2186279296875 4894
1783696308988 0.4904566705226898 4895
1783696309429 0.2848018705844879 4896
1783696309652 0.1266385167837143 4897
1783696309836 0.4278561770915985 4898
1783696310013 0.12384945899248123 4899
1783696310085 0.09773316234350204 4900
1783696310155 0.3010992109775543 4901
1783696310218 0.29273340106010437 4902
1783696310329 0.15943114459514618 4903
1783696310379 0.36438247561454773 4904
1783696310428 0.23696941137313843 4905
1783696310476 0.46442538499832153 4906
1783696310527 0.1507634073495865 4907
1783696310603 0.3362507224082947 4908
1783696310689 0.24389038980007172 4909
1783696310760 0.40503937005996704 4910
1783696310823 0.28683316707611084 4911
1783696310871 0.662077784538269 4912
1783696310919 0.16663268208503723 4913
1783696310982 0.3512745201587677 4914
1783696354918 0.15611425042152405 4915
1783696355087 0.3629258871078491 4916
1783696355215 0.5113332867622375 4917
1783696355388 0.3598629832267761 4918
1783696355502 0.33690789341926575 4919
1783696355742 0.4293014705181122 4920
1783696355860 0.42875218391418457 4921
1783696356185 0.5315414071083069 4922
1783696356289 0.17859429121017456 4923
1783696356445 0.2983987033367157 4924
1783696356561 0.3487035632133484 4925
1783696356691 0.22841913998126984 4926
1783696356820 0.5661171078681946 4927
1783696356983 0.32962432503700256 4928
1783696357129 0.40527960658073425 4929
1783696357326 0.6168938279151917 4930
1783696357514 0.1564369648694992 4931
1783696357669 0.34582656621932983 4932
1783696357877 0.07287076860666275 4933
1783696358003 0.11196839064359665 4934
1783696358125 0.17969413101673126 4935
1783696358319 0.08377235382795334 4936
1783696358487 0.3258788585662842 4937
1783696358641 0.06155980005860329 4938
1783696358903 0.1869051456451416 4939
1783696359105 0.1259404867887497 4940
1783696359286 0.16880053281784058 4941
1783696359482 0.5064635276794434 4942
1783696359623 0.4476378262042999 4943
1783696359783 0.26408615708351135 4944
1783696359940 0.22577711939811707 4945
1783696360091 0.2830648422241211 4946
1783696360207 0.1672508418560028 4947
1783696360333 0.48661836981773376 4948
1783696360429 0.1788327395915985 4949
1783696360538 0.26721784472465515 4950
1783696360684 0.3142850995063782 4951
1783696360833 0.44681650400161743 4952
1783696360943 0.6248266100883484 4953
1783696361061 0.33710581064224243 4954
1783696361206 0.14000925421714783 4955
1783696361387 0.15814676880836487 4956
1783696361562 0.12228106707334518 4957
1783696361688 0.5724945068359375 4958
1783696361848 0.2530086040496826 4959
1783696362053 0.15869814157485962 4960
1783696362193 0.10612080246210098 4961
1783696362348 0.39778557419776917 4962
1783696362542 0.33587682247161865 4963
1783696362728 0.35709455609321594 4964
1783696362876 0.09734327346086502 4965
1783696363025 0.284851610660553 4966
1783696363332 0.24000276625156403 4967
1783696363488 0.4304272532463074 4968
1783696363624 0.2109033465385437 4969
1783696363804 0.301769495010376 4970
1783696363957 0.3801833987236023 4971
1783696364105 0.1447143256664276 4972
1783696364276 0.27643030881881714 4973
1783696364471 0.4894427955150604 4974
1783696364708 0.49112048745155334 4975
1783696364821 0.13647495210170746 4976
1783696364968 0.47416362166404724 4977
1783696365122 0.49023622274398804 4978
1783696365243 0.2383292317390442 4979
1783696365390 0.19536912441253662 4980
1783696365561 0.4268515408039093 4981
1783696365799 0.5258127450942993 4982
1783696366057 0.4123823046684265 4983
1783696366163 0.5257797241210938 4984
1783696366255 0.16651664674282074 4985
1783696366348 0.28604310750961304 4986
1783696366464 0.10679234564304352 4987
1783696366623 0.25858214497566223 4988
1783696366782 0.0675990879535675 4989
1783696366940 0.16686545312404633 4990
1783696367129 0.260564923286438 4991
1783696367347 0.28116118907928467 4992
1783696367509 0.2591564357280731 4993
1783696367653 0.2640186846256256 4994
1783696367859 0.23661714792251587 4995
1783696367984 0.16613632440567017 4996
1783696368109 0.4505070149898529 4997
1783696368225 0.3282787501811981 4998
1783696368369 0.3602176904678345 4999
1783696368498 0.19162648916244507 5000
1783696368632 0.13603945076465607 5001
1783696368777 0.16109532117843628 5002
1783696368973 0.23141372203826904 5003
1783696369124 0.2046450972557068 5004
1783696369273 0.2972933351993561 5005
1783696369416 0.15595625340938568 5006
1783696369532 0.2607007622718811 5007
1783696369688 0.1629588007926941 5008
1783696369926 0.10017140954732895 5009
1783696370047 0.10465510934591293 5010
1783696370200 0.14953584969043732 5011
1783696370387 0.19971638917922974 5012
1783696370479 0.08536728471517563 5013
1783696370605 0.14340034127235413 5014
1783696370753 0.4683260917663574 5015
1783696370969 0.6342725157737732 5016
1783696371099 0.16013456881046295 5017
1783696371272 0.4779493510723114 5018
1783696371418 0.23116546869277954 5019
1783696371571 0.33808088302612305 5020
1783696371706 0.15193921327590942 5021
1783696371869 0.325571745634079 5022
1783696372038 0.39132043719291687 5023
1783696372197 0.3818867802619934 5024
1783696372472 0.2412278652191162 5025
1783696372648 0.9917454123497009 5026
1783696372767 0.42352211475372314 5027
1783696372919 0.29446104168891907 5028
1783696373071 0.1374540627002716 5029
1783696373237 0.30064764618873596 5030
1783696373399 0.19960904121398926 5031
1783696373536 0.2384302318096161 5032
1783696373753 0.5123435854911804 5033
1783696373939 0.1337536722421646 5034
1783696374150 0.13462817668914795 5035
1783696374284 0.0765337273478508 5036
1783696374433 0.31189092993736267 5037
1783696374585 0.3290005922317505 5038
1783696374800 0.3687145709991455 5039
1783696375019 0.27225369215011597 5040
1783696375214 0.641909658908844 5041
1783696375363 0.08662485331296921 5042
1783696375520 0.570456326007843 5043
1783696375677 0.42006322741508484 5044
1783696375834 0.17073343694210052 5045
1783696375987 0.14426425099372864 5046
1783696376161 0.2494458705186844 5047
1783696376326 0.24423080682754517 5048
1783696376531 0.14236293733119965 5049
1783696376669 0.1248481273651123 5050
1783696376838 0.5041518211364746 5051
1783696377004 0.15830084681510925 5052
1783696377203 0.2996596693992615 5053
1783696377382 0.08458233624696732 5054
1783696377536 0.5071447491645813 5055
1783696377695 0.4132184684276581 5056
1783696377875 0.4883821904659271 5057
1783696378045 0.9327253699302673 5058
1783696378231 0.29348254203796387 5059
1783696378398 0.10834243893623352 5060
1783696378554 0.1051366999745369 5061
1783696378704 0.7721978425979614 5062
1783696378838 0.4954562485218048 5063
1783696379007 0.0803842768073082 5064
1783696379152 0.40625062584877014 5065
1783696379268 0.31452885270118713 5066
1783696379503 0.1500217467546463 5067
1783696379664 0.2753388285636902 5068
1783696379853 0.3288632333278656 5069
1783696380067 0.3003380000591278 5070
1783696380334 0.17612908780574799 5071
1783696380429 0.14738653600215912 5072
1783696380522 0.25478875637054443 5073
1783696380668 0.4937339723110199 5074
1783696380833 0.9460619688034058 5075
1783696380967 0.1794116199016571 5076
1783696381109 0.29171276092529297 5077
1783696381252 0.19383560121059418 5078
1783696381503 0.15883785486221313 5079
1783696381684 0.11256518959999084 5080
1783696381844 0.1867397576570511 5081
1783696382017 0.24967004358768463 5082
1783696382179 0.20325781404972076 5083
1783696382333 0.23618046939373016 5084
1783696382462 0.1777697503566742 5085
1783696382601 0.39341676235198975 5086
1783696382826 0.4402287006378174 5087
1783696382976 0.17737579345703125 5088
1783696383133 0.2294146716594696 5089
1783696383279 0.2253127247095108 5090
1783696383418 0.29680249094963074 5091
1783696383569 0.31565341353416443 5092
1783696383723 0.14149996638298035 5093
1783696383877 0.2280038297176361 5094
1783696384158 0.6780481338500977 5095
1783696384290 0.32401588559150696 5096
1783696384548 0.4797842502593994 5097
1783696384736 0.1315765380859375 5098
1783696385038 0.3009716868400574 5099
1783696385390 0.23443301022052765 5100
1783696385631 0.3280983865261078 5101
1783696385886 0.3115200102329254 5102
1783696386198 0.33336499333381653 5103
1783696386381 0.7241108417510986 5104
1783696386622 0.3024540841579437 5105
1783696386831 0.1229860931634903 5106
1783696386983 0.20809301733970642 5107
1783696387195 0.48193642497062683 5108
1783696387407 0.10562893003225327 5109
1783696387581 0.6260167360305786 5110
1783696387771 0.49819111824035645 5111
1783696388041 1.08896803855896 5112
1783696388226 0.20564919710159302 5113
1783696388380 0.3879392445087433 5114
1783696388551 0.28164392709732056 5115
1783696388710 0.28138408064842224 5116
1783696388921 0.08769871294498444 5117
1783696389097 0.2759259343147278 5118
1783696389339 0.13432428240776062 5119
1783696389476 0.5254555344581604 5120
1783696389638 0.3153025209903717 5121
1783696389844 0.25978708267211914 5122
1783696391866 0.5167283415794373 5123
1783696392308 0.37951844930648804 5124
1783696392568 0.07659843564033508 5125
1783696392797 0.11784026026725769 5126
1783696393012 0.16976159811019897 5127
1783696393180 0.28948745131492615 5128
1783696393405 0.28676849603652954 5129
1783696393590 0.07561454176902771 5130
1783696393787 0.05832177773118019 5131
1783696393971 0.5073260068893433 5132
1783696394123 0.11734198033809662 5133
1783696394344 0.2553598880767822 5134
1783696394543 0.6706123352050781 5135
1783696394732 0.17575904726982117 5136
1783703156292 0.24707017838954926 5137
1783703159237 0.13248051702976227 5138
1783703160562 0.27038100361824036 5139
1783703161862 0.2972923517227173 5140
1783703162738 0.6154541969299316 5141
1783703164233 0.26771968603134155 5142
1783703165440 0.09736422449350357 5143
1783703166242 0.05313080921769142 5144
1783703166945 0.5674058198928833 5145
1783703167438 0.23952418565750122 5146
1783703167660 0.1848626434803009 5147
1783703167849 0.22606337070465088 5148
1783703168033 0.4413115680217743 5149
1783703168216 0.3878946304321289 5150
1783703168424 0.16858704388141632 5151
1783703168630 0.46132349967956543 5152
1783703168844 0.40318727493286133 5153
1783703169037 0.6947030425071716 5154
1783703169232 0.303547203540802 5155
1783703169435 0.22152745723724365 5156
1783703169651 0.2693881094455719 5157
1783703169854 0.2492263913154602 5158
1783703170095 0.596738338470459 5159
1783703170281 0.8381956219673157 5160
1783703170510 0.3598833382129669 5161
1783703170704 0.3018774390220642 5162
1783703170889 0.0894351378083229 5163
1783703171077 0.17794303596019745 5164
1783703171232 0.27543091773986816 5165
1783703171455 0.42153212428092957 5166
1783703171650 0.2289828658103943 5167
1783703171810 0.27682337164878845 5168
1783703171961 0.5003513097763062 5169
1783703172115 0.4825671315193176 5170
1783703172290 0.3139008581638336 5171
1783703172456 0.4833754301071167 5172
1783703172608 0.33029183745384216 5173
1783703172776 0.249080628156662 5174
1783703172948 0.4078928828239441 5175
1783703173121 0.15836822986602783 5176
1783703173316 0.14885316789150238 5177
1783703173492 0.6156524419784546 5178
1783703173680 0.06588965654373169 5179
1783703173867 0.2806742191314697 5180
1783703174053 0.46114104986190796 5181
1783703174250 0.6822340488433838 5182
1783703174448 0.5754597187042236 5183
1783703174666 0.44408684968948364 5184
1783703174868 0.3311012387275696 5185
1783703175107 0.2070741206407547 5186
1783703175339 0.05263837054371834 5187
1783703175519 0.3237738609313965 5188
1783703175680 0.231534942984581 5189
1783703175864 0.1096571758389473 5190
1783703176030 0.263960063457489 5191
1783703176154 0.8899067044258118 5192
1783703176270 0.40955743193626404 5193
1783703176418 0.08088093996047974 5194
1783703176548 0.25246235728263855 5195
1783703176650 0.2831782400608063 5196
1783703176762 0.6263957619667053 5197
1783703176878 0.23483657836914062 5198
1783703176994 0.22620001435279846 5199
1783703177106 0.25220343470573425 5200
1783703177207 0.405327707529068 5201
1783703177302 0.25376400351524353 5202
1783703177450 0.3116440773010254 5203
1783703177570 0.4207407534122467 5204
1783703177688 0.08198344707489014 5205
1783703177823 0.2959235906600952 5206
1783703177937 0.12599727511405945 5207
1783703178074 0.12076573818922043 5208
1783703178237 0.7306559085845947 5209
1783703178390 0.15368400514125824 5210
1783703178492 0.5095487236976624 5211
1783703178639 0.44198647141456604 5212
1783703178722 0.39451274275779724 5213
1783703178811 0.0581151619553566 5214
1783703178897 0.38944903016090393 5215
1783703178999 0.1463768035173416 5216
1783703179244 0.37608566880226135 5217
1783703179382 0.10984724760055542 5218
1783703179477 0.13901709020137787 5219
1783703179561 0.25804808735847473 5220
1783703179671 0.23577477037906647 5221
1783703179780 0.6011464595794678 5222
1783703179872 0.12672099471092224 5223
1783703179973 0.11983048915863037 5224
1783703180108 0.41330796480178833 5225
1783703180267 0.4453895092010498 5226
1783703180379 0.8573384881019592 5227
1783703180551 0.3247316777706146 5228
1783703180737 0.2251865267753601 5229
1783703181035 0.21199028193950653 5230
1783703181138 0.22671204805374146 5231
1783703181281 0.4899524450302124 5232
1783703181445 0.4795764684677124 5233
1783703181634 0.4972965717315674 5234
1783703181764 0.3175172507762909 5235
1783703181905 0.30062204599380493 5236
1783703182062 0.22774344682693481 5237
1783703182211 0.3856206238269806 5238
1783703182355 0.10813356190919876 5239
1783703182527 0.051014069467782974 5240
1783703182611 0.12877768278121948 5241
1783703182694 0.2545022666454315 5242
1783703182786 0.29585546255111694 5243
1783703182868 0.7174182534217834 5244
1783703182973 0.14907236397266388 5245
1783703183146 0.8263519406318665 5246
1783703183252 0.17757515609264374 5247
1783703183374 0.41702863574028015 5248
1783703183573 0.3349871039390564 5249
1783703183675 0.18160849809646606 5250
1783703183770 0.30187374353408813 5251
1783703183857 0.15204089879989624 5252
1783703183946 0.3857696056365967 5253
1783703184028 0.05528148263692856 5254
1783703184109 0.32665881514549255 5255
1783703184199 0.17907658219337463 5256
1783703184333 0.39035502076148987 5257
1783703184488 0.3946453630924225 5258
1783703184619 0.019782988354563713 5259
1783703184747 0.25724855065345764 5260
1783703184929 0.5059172511100769 5261
1783703185038 0.140906423330307 5262
1783703185179 0.2784837782382965 5263
1783703185297 0.5592649579048157 5264
1783703185383 0.259360671043396 5265
1783703185461 0.10575982183218002 5266
1783703185535 0.1706768274307251 5267
1783703185602 0.16536593437194824 5268
1783703185723 0.48924967646598816 5269
1783703185889 0.2639676630496979 5270
1783703186003 0.24698254466056824 5271
1783703186215 0.06363675743341446 5272
1783703186358 0.15350456535816193 5273
1783703186490 0.39554357528686523 5274
1783703186621 0.15552672743797302 5275
1783703186787 0.5920808911323547 5276
1783703186953 0.4342399835586548 5277
1783703187129 0.17175008356571198 5278
1783703187315 0.20079167187213898 5279
1783703187500 0.2987860441207886 5280
1783703187638 0.2599549889564514 5281
1783703187786 0.42118632793426514 5282
1783703187936 0.15693221986293793 5283
1783703188085 0.31284990906715393 5284
1783703188249 0.1640065759420395 5285
1783703188421 0.27573198080062866 5286
1783703188551 0.3063673973083496 5287
1783703188664 0.6240764856338501 5288
1783703188847 0.29486897587776184 5289
1783703189002 0.3996238112449646 5290
1783703189122 0.4427122473716736 5291
1783703189270 0.30116891860961914 5292
1783703189418 0.1089964434504509 5293
1783703189566 0.4105910062789917 5294
1783703189689 0.2404569387435913 5295
1783703189807 0.9004132747650146 5296
1783703189988 0.39512771368026733 5297
1783703190221 0.2988014817237854 5298
1783703190377 0.11432676762342453 5299
1783703190540 0.2512790262699127 5300
1783703190701 0.9097946286201477 5301
1783703190821 0.40704914927482605 5302
1783703190986 0.20429879426956177 5303
1783703191128 0.31249749660491943 5304
1783703191217 0.25184503197669983 5305
1783703191315 0.3542400300502777 5306
1783703191412 0.22182799875736237 5307
1783703191508 0.13942958414554596 5308
1783703191616 0.14802485704421997 5309
1783703191702 0.2208564132452011 5310
1783703191813 0.12198322266340256 5311
1783703191913 0.310291051864624 5312
1783703192012 0.12316078692674637 5313
1783703192095 0.14296060800552368 5314
1783703192178 0.22237133979797363 5315
1783703192283 0.4649243652820587 5316
1783703192391 0.24734124541282654 5317
1783703192505 1.274869441986084 5318
1783703192600 0.22468510270118713 5319
1783703192734 0.29972243309020996 5320
1783703192848 0.09749826788902283 5321
1783703192938 0.10752365738153458 5322
1783703193017 0.14417490363121033 5323
1783703193123 0.4107290208339691 5324
1783703193217 0.5185834765434265 5325
1783703193315 0.25618183612823486 5326
1783703193406 0.3720126152038574 5327
1783703193506 0.5203607082366943 5328
1783703193603 0.4348110854625702 5329
1783703193720 0.23450647294521332 5330
1783703193826 0.27442869544029236 5331
1783703193951 0.4406404197216034 5332
1783703194057 0.2503476142883301 5333
1783703194150 0.2747223973274231 5334
1783703194234 0.22318866848945618 5335
1783703194329 0.12148482352495193 5336
1783703194423 0.1939234435558319 5337
1783703194530 0.20378197729587555 5338
1783703194624 0.14465506374835968 5339
1783703194724 0.36845844984054565 5340
1783703194835 0.0999254584312439 5341
1783703194929 0.23485305905342102 5342
1783703195025 0.4125809967517853 5343
1783703195124 0.39278894662857056 5344
1783703195236 0.3717215061187744 5345
1783703195330 0.07553097605705261 5346
1783703195427 0.17579767107963562 5347
1783703195511 0.2915370762348175 5348
1783703195622 0.12634848058223724 5349
1783703195810 0.21494486927986145 5350
1783703195952 0.18418540060520172 5351
1783703196082 0.5076168775558472 5352
1783703196215 0.44674184918403625 5353
1783703196303 0.3369019329547882 5354
1783703196434 0.06824266165494919 5355
1783703196566 0.35536643862724304 5356
1783703196670 0.2666710913181305 5357
1783703196756 0.3474479913711548 5358
1783703196847 0.5132747292518616 5359
1783703196943 0.1013084352016449 5360
1783703197032 0.3446193039417267 5361
1783703197136 0.09173809736967087 5362
1783703197244 0.38364920020103455 5363
1783703197335 0.3546643555164337 5364
1783703197419 0.10792400687932968 5365
1783703197505 0.2968854308128357 5366
1783703197595 0.3386881351470947 5367
1783703197683 0.24754969775676727 5368
1783703197773 0.45671093463897705 5369
1783703197929 0.08528897166252136 5370
1783703198028 0.4465582072734833 5371
1783703198117 0.41865620017051697 5372
1783703198205 0.379749059677124 5373
1783703198300 0.4239388704299927 5374
1783703198399 0.31153440475463867 5375
1783703198510 0.2932361960411072 5376
1783703198619 0.2778654992580414 5377
1783703198714 0.5346265435218811 5378
1783703198823 0.2749401926994324 5379
1783703198925 0.5975884795188904 5380
1783703199022 0.37190118432044983 5381
1783703199119 0.25803765654563904 5382
1783703199213 0.1543152630329132 5383
1783703199294 0.5276824831962585 5384
1783703199366 0.5257713198661804 5385
1783703199442 0.28697851300239563 5386
1783703199536 0.07886756956577301 5387
1783703199639 0.14041291177272797 5388
1783703199745 0.2198801040649414 5389
1783703199830 0.49544307589530945 5390
1783703199916 0.3900815546512604 5391
1783703200014 0.227586567401886 5392
1783703200096 0.1832023710012436 5393
1783703200189 0.5676335692405701 5394
1783703200269 0.8239023685455322 5395
1783703200371 0.1157994344830513 5396
1783703200470 0.32346850633621216 5397
1783703200565 0.18309809267520905 5398
1783703200658 0.12686467170715332 5399
1783703200747 0.10448663681745529 5400
1783703200846 0.5156288743019104 5401
1783703200949 0.2843571603298187 5402
1783703201050 0.15642565488815308 5403
1783703201152 0.2908388078212738 5404
1783703201249 0.3669874668121338 5405
1783703201366 0.21455632150173187 5406
1783703201466 0.30910831689834595 5407
1783703201591 0.19568689167499542 5408
1783703201696 0.21349000930786133 5409
1783703201801 0.41978946328163147 5410
1783703201901 0.168742373585701 5411
1783703201990 0.3024040758609772 5412
1783703202088 0.10034340620040894 5413
1783703202193 0.16570597887039185 5414
1783703202307 0.3369722366333008 5415
1783703202414 0.23158134520053864 5416
1783703202521 0.19823713600635529 5417
1783703202621 0.5837603211402893 5418
1783703202723 0.15469655394554138 5419
1783703202815 0.3063417971134186 5420
1783703202919 0.26714909076690674 5421
1783703203036 0.16982653737068176 5422
1783703203142 0.21214371919631958 5423
1783703203234 0.18963965773582458 5424
1783703203323 0.16278652846813202 5425
1783703203426 0.21983051300048828 5426
1783703203549 0.44691407680511475 5427
1783703203637 0.3858199119567871 5428
1783703203729 0.08409111946821213 5429
1783703203853 0.25723564624786377 5430
1783703203964 0.2227434664964676 5431
1783703204095 0.20539268851280212 5432
1783703204213 0.19228658080101013 5433
1783703204322 0.3180580735206604 5434
1783703204420 0.416800856590271 5435
1783703204504 0.14583197236061096 5436
1783703204586 0.27931493520736694 5437
1783703204683 0.21788737177848816 5438
1783703204782 0.30518704652786255 5439
1783703204871 0.23899394273757935 5440
1783703204963 0.2314244955778122 5441
1783703205063 0.4806442856788635 5442
1783703205159 0.4369448125362396 5443
1783703205258 0.3423081636428833 5444
1783703205346 0.2967804968357086 5445
1783703205441 0.13909918069839478 5446
1783703205540 0.2659943699836731 5447
1783703205646 0.535095751285553 5448
1783703205737 0.6115588545799255 5449
1783703205845 0.2801936864852905 5450
1783703205938 0.1371718794107437 5451
1783703206036 0.4323403835296631 5452
1783703206133 0.22657126188278198 5453
1783703206223 0.13438771665096283 5454
1783703206312 0.5010680556297302 5455
1783703206405 0.29808539152145386 5456
1783703206511 0.18657809495925903 5457
1783703206598 0.1386776864528656 5458
1783703206702 0.24118629097938538 5459
1783703206811 0.3483748435974121 5460
1783703206916 0.2779984772205353 5461
1783703207006 0.19520758092403412 5462
1783703207098 0.3491424322128296 5463
1783703207217 0.5152882933616638 5464
1783703207313 0.1686440110206604 5465
1783703207414 0.2564155161380768 5466
1783703207515 0.056512948125600815 5467
1783703207617 0.4893994629383087 5468
1783703207716 0.33779218792915344 5469
1783703207804 0.24328581988811493 5470
1783703207896 0.24277514219284058 5471
1783703208009 0.4982699751853943 5472
1783703208123 0.7397599816322327 5473
1783703208230 0.23081272840499878 5474
1783703208327 0.2971542179584503 5475
1783703208428 0.25517410039901733 5476
1783703208522 0.3744928240776062 5477
1783703208622 0.34468963742256165 5478
1783703208709 0.42838773131370544 5479
1783703208809 0.42680326104164124 5480
1783703208913 0.2378256469964981 5481
1783703209019 0.45279204845428467 5482
1783703209120 0.48180726170539856 5483
1783703209214 0.22626721858978271 5484
1783703209312 0.5500081777572632 5485
1783703209421 0.2801644206047058 5486
1783703209520 0.3611677289009094 5487
1783703209621 0.29500192403793335 5488
1783703209721 0.44085192680358887 5489
1783703209822 0.29037603735923767 5490
1783703209917 0.24709272384643555 5491
1783703210016 0.17937220633029938 5492
1783703210114 0.1518324613571167 5493
1783703210204 0.616214394569397 5494
1783703210290 0.13728831708431244 5495
1783703210416 0.15986235439777374 5496
1783703210541 0.1318901777267456 5497
1783703210666 0.08815901726484299 5498
1783703210777 0.14118847250938416 5499
1783703210877 0.11055250465869904 5500
1783703210963 0.2963162064552307 5501
1783703211049 0.2657357454299927 5502
1783703211154 0.48046281933784485 5503
1783703211249 0.2263941466808319 5504
1783703211340 0.7152789235115051 5505
1783703211436 0.17722880840301514 5506
1783703211520 0.13412749767303467 5507
1783703211614 0.23230955004692078 5508
1783703211707 0.0889948159456253 5509
1783703211792 0.20417192578315735 5510
1783703211891 0.3968982398509979 5511
1783703211990 0.09012537449598312 5512
1783703212091 0.16060960292816162 5513
1783703212180 0.1416402906179428 5514
1783703212265 0.12883701920509338 5515
1783703212379 0.36698225140571594 5516
1783703212480 0.35914185643196106 5517
1783703212579 0.329633891582489 5518
1783703212687 0.2764207124710083 5519
1783703212788 0.51217120885849 5520
1783703212904 0.3342221975326538 5521
1783703213013 0.32848069071769714 5522
1783703213107 0.41420069336891174 5523
1783703213224 0.3170454502105713 5524
1783703213323 0.2851794958114624 5525
1783703213419 0.4868364632129669 5526
1783703213506 0.3374420702457428 5527
1783703213587 0.2728496491909027 5528
1783703213693 0.23061391711235046 5529
1783703213789 0.3884710669517517 5530
1783703213895 0.48201876878738403 5531
1783703213985 0.5542762875556946 5532
1783703214081 0.7547773718833923 5533
1783703214179 0.21016022562980652 5534
1783703214285 0.48890554904937744 5535
1783703214377 0.235666424036026 5536
1783703214487 0.23439982533454895 5537
1783703214601 0.2113262116909027 5538
1783703214697 0.14082388579845428 5539
1783703214784 0.31054559350013733 5540
1783703214872 0.36141878366470337 5541
1783703214969 0.5168365836143494 5542
1783703215062 0.3252559006214142 5543
1783703215179 0.28227367997169495 5544
1783703215286 0.5333735346794128 5545
1783703215389 0.5620031952857971 5546
1783703215481 0.2882065176963806 5547
1783703215569 0.4142986238002777 5548
1783703215676 0.27732178568840027 5549
1783703215782 0.08428218960762024 5550
1783703215901 0.22130712866783142 5551
1783703215998 0.39045730233192444 5552
1783703216091 0.27306243777275085 5553
1783703216191 0.29496216773986816 5554
1783703216297 0.5030871629714966 5555
1783703216390 0.5830080509185791 5556
1783703216485 0.3786344528198242 5557
1783703216578 0.5981009602546692 5558
1783703216706 0.2129901647567749 5559
1783703216805 0.29825276136398315 5560
1783703216909 0.21456705033779144 5561
1783703217005 0.18894080817699432 5562
1783703217114 0.4702310264110565 5563
1783703217220 0.17647454142570496 5564
1783703217336 0.5033754706382751 5565
1783703217457 0.46268701553344727 5566
1783703217554 0.1249392032623291 5567
1783703217651 0.28423163294792175 5568
1783703217745 0.13172215223312378 5569
1783703217844 0.3927379250526428 5570
1783703217938 0.3826940059661865 5571
1783703218039 0.07844007015228271 5572
1783703218143 0.4778718948364258 5573
1783703218246 0.13683001697063446 5574
1783703218356 0.2078409641981125 5575
1783703218454 0.3874850571155548 5576
1783703218553 0.32527872920036316 5577
1783703218654 0.5733639597892761 5578
1783703218758 0.07226645201444626 5579
1783703218872 0.3121694326400757 5580
1783703218967 0.4328118860721588 5581
1783703219064 0.6580820679664612 5582
1783703219164 0.06668804585933685 5583
1783703219290 0.09337593615055084 5584
1783703219403 0.31712594628334045 5585
1783703219502 0.1633167564868927 5586
1783703219606 0.28789496421813965 5587
1783703219719 0.5830822587013245 5588
1783703219832 0.4752036929130554 5589
1783703219933 0.2407476305961609 5590
1783703220048 0.37130969762802124 5591
1783703220143 0.3944530487060547 5592
1783703220252 0.11980275064706802 5593
1783703220361 0.2055942267179489 5594
1783703220462 0.8856931328773499 5595
1783703220560 0.4746895134449005 5596
1783703220664 0.15748776495456696 5597
1783703220768 0.1827095001935959 5598
1783703220905 0.598408579826355 5599
1783703221013 0.07326409220695496 5600
1783703221114 0.4084661900997162 5601
1783703221221 0.3386775851249695 5602
1783703221319 0.8673818707466125 5603
1783703221408 0.48681628704071045 5604
1783703221511 0.40856099128723145 5605
1783703221616 0.31250303983688354 5606
1783703221722 0.0942113846540451 5607
1783703221814 0.10565647482872009 5608
1783703221926 0.3397550582885742 5609
1783703222037 0.47164228558540344 5610
1783703222156 0.24671964347362518 5611
1783703222269 0.31193289160728455 5612
1783703222368 0.09517505019903183 5613
1783703222460 0.29292160272598267 5614
1783703222548 0.3701287806034088 5615
1783703222639 0.546826183795929 5616
1783703222741 0.3233661353588104 5617
1783703222841 0.35293424129486084 5618
1783703222935 0.09813150763511658 5619
1783703223026 0.4152093231678009 5620
1783703223124 0.305294394493103 5621
1783703223221 0.31934788823127747 5622
1783703223391 0.37230774760246277 5623
1783703223510 0.330536425113678 5624
