1783612912945 15.33304500579834 0
1783612913090 6.610930919647217 1
1783612913197 0.9714450240135193 2
1783612913346 1.0569618940353394 3
1783612913498 1.1174546480178833 4
1783612913646 1.1839319467544556 5
1783612913891 1.2158278226852417 6
1783612914025 1.2361845970153809 7
1783612914156 1.2637994289398193 8
1783612914290 1.2755639553070068 9
1783612914459 1.2578901052474976 10
1783612914637 1.2600622177124023 11
1783612914794 1.2702360153198242 12
1783612914999 1.1922141313552856 13
1783612915225 1.0756089687347412 14
1783612915374 1.091375708580017 15
1783612915560 1.066867470741272 16
1783612915732 1.0376379489898682 17
1783612915877 1.0019440650939941 18
1783612916028 0.9428832530975342 19
1783612916222 0.9107776284217834 20
1783612916380 0.8838813900947571 21
1783612916589 0.8646855354309082 22
1783612916746 0.8481867909431458 23
1783612916932 0.8226217031478882 24
1783612917071 0.7778884172439575 25
1783612917211 0.7209376692771912 26
1783612917356 0.6714882254600525 27
1783612917544 0.6680272221565247 28
1783612917695 0.6258255839347839 29
1783612917833 0.6154688596725464 30
1783612917977 0.5872280597686768 31
1783612918126 0.5100234150886536 32
1783612918288 0.5938521027565002 33
1783612918444 0.4629095494747162 34
1783612918593 0.5362592935562134 35
1783612918808 0.5875901579856873 36
1783612919008 0.47235217690467834 37
1783612919149 0.43285587430000305 38
1783612919332 0.4703882932662964 39
1783612919499 0.3352189362049103 40
1783612919630 0.4477316737174988 41
1783612919780 0.4250541627407074 42
1783612919954 0.31589198112487793 43
1783612920220 0.37963756918907166 44
1783612920374 0.34378665685653687 45
1783612920543 0.371460497379303 46
1783612920676 0.37235549092292786 47
1783612920830 0.3548382818698883 48
1783612921007 0.3581741452217102 49
1783612921147 0.32393965125083923 50
1783612921469 0.35010287165641785 51
1783612921611 0.318058580160141 52
1783612921760 0.32552728056907654 53
1783612921914 0.32446420192718506 54
1783612922075 0.31226029992103577 55
1783612922213 0.29574456810951233 56
1783612922364 0.3135984241962433 57
1783612922546 0.2914056181907654 58
1783612922647 0.3065100908279419 59
1783612922818 0.2950116693973541 60
1783612922961 0.31310173869132996 61
1783612923128 0.271475225687027 62
1783612923282 0.2688392996788025 63
1783612923441 0.28868725895881653 64
1783612923608 0.301764577627182 65
1783612923767 0.2850518524646759 66
1783612924011 0.3036218285560608 67
1783612924173 0.28848791122436523 68
1783612924351 0.31289142370224 69
1783612924501 0.2911754250526428 70
1783612924692 0.276080846786499 71
1783612924884 0.3214004635810852 72
1783612925031 0.27083876729011536 73
1783612925341 0.2863844335079193 74
1783612925479 0.2861728370189667 75
1783612925641 0.31350964307785034 76
1783612925778 0.26157113909721375 77
1783612925936 0.2981586158275604 78
1783612926081 0.3103509545326233 79
1783612926199 0.26683807373046875 80
1783612926359 0.2665897011756897 81
1783612926488 0.2680659890174866 82
1783612926643 0.3117963671684265 83
1783612926773 0.2965424060821533 84
1783612926928 0.27197888493537903 85
1783612927107 0.3200433552265167 86
1783612927276 0.28235599398612976 87
1783612927430 0.3522961735725403 88
1783612927621 0.28815051913261414 89
1783612927873 0.372553288936615 90
1783612928047 0.37867772579193115 91
1783612928175 0.30850693583488464 92
1783612928290 0.40984615683555603 93
1783612928465 0.45769575238227844 94
1783612928628 0.3371680974960327 95
1783612928775 0.3720216453075409 96
1783612928924 0.44528502225875854 97
1783612929276 0.40873095393180847 98
1783612929432 0.30754098296165466 99
1783612929607 0.41559749841690063 100
1783612929766 0.47687381505966187 101
1783612929937 0.412926584482193 102
1783612930075 0.2846193015575409 103
1783612930220 0.4068402945995331 104
1783612930382 0.46833646297454834 105
1783612930534 0.4335384666919708 106
1783612930694 0.347556471824646 107
1783612930847 0.3285970091819763 108
1783612931001 0.40467938780784607 109
1783612931161 0.38387057185173035 110
1783612931309 0.3069037199020386 111
1783612931462 0.3280606269836426 112
1783612931734 0.3764130771160126 113
1783612931876 0.34946635365486145 114
1783612932012 0.29783087968826294 115
1783612932162 0.35085374116897583 116
1783612932291 0.35406190156936646 117
1783612932428 0.31020405888557434 118
1783612932558 0.29807156324386597 119
1783612932681 0.3336057960987091 120
1783612933095 0.2803305685520172 121
1783612933241 0.28996723890304565 122
1783612933377 0.31596967577934265 123
1783612933546 0.2818073630332947 124
1783612933674 0.29843002557754517 125
1783612933810 0.29523980617523193 126
1783612933935 0.2581149935722351 127
1783612934186 0.28996381163597107 128
1783612934375 0.26992759108543396 129
1783612934545 0.30715087056159973 130
1783612934706 0.28612497448921204 131
1783612934858 0.2693122923374176 132
1783612935061 0.27805113792419434 133
1783612935206 0.3009015619754791 134
1783612935505 0.2947407066822052 135
1783612935717 0.2669408917427063 136
1783612935875 0.2573428153991699 137
1783612936057 0.2990666329860687 138
1783612936211 0.28770607709884644 139
1783612936355 0.27060365676879883 140
1783612936493 0.2686654031276703 141
1783612936651 0.2834981381893158 142
1783612936826 0.2690410912036896 143
1783612936979 0.28572455048561096 144
1783612937141 0.28559619188308716 145
1783612937295 0.2989862859249115 146
1783612937464 0.2919278144836426 147
1783612937611 0.28233224153518677 148
1783612937786 0.27534157037734985 149
1783612937937 0.25446128845214844 150
1783612938107 0.27107247710227966 151
1783612938260 0.27187007665634155 152
1783612938444 0.2714185416698456 153
1783612938610 0.2717210352420807 154
1783612938775 0.23927077651023865 155
1783612938942 0.265757292509079 156
1783612939090 0.2714252471923828 157
1783612939337 0.27646714448928833 158
1783612939542 0.26454851031303406 159
1783612939671 0.2819361686706543 160
1783612939806 0.2742692232131958 161
1783612939942 0.2629305422306061 162
1783612940074 0.2635260820388794 163
1783612940220 0.2457229048013687 164
1783612940345 0.26518988609313965 165
1783612940520 0.27921178936958313 166
1783612940731 0.26112234592437744 167
1783612940876 0.2700404226779938 168
1783612941010 0.2630150020122528 169
1783612941188 0.25146687030792236 170
1783612941329 0.2837914824485779 171
1783612941473 0.27343079447746277 172
1783612941614 0.23915177583694458 173
1783612941766 0.2552105784416199 174
1783612942011 0.2842084467411041 175
1783612942158 0.2615879476070404 176
1783612942295 0.2601471245288849 177
1783612942441 0.28971171379089355 178
1783612942562 0.2509106993675232 179
1783612942657 0.26667773723602295 180
1783612942780 0.2540530860424042 181
1783612942942 0.28010308742523193 182
1783612943108 0.2561780512332916 183
1783612943359 0.2855297327041626 184
1783612943527 0.25298309326171875 185
1783612943692 0.2616714537143707 186
1783612943844 0.2810116708278656 187
1783612944000 0.25464919209480286 188
1783612944177 0.25378769636154175 189
1783612944329 0.29864224791526794 190
1783612944602 0.265202134847641 191
1783612944758 0.2787160277366638 192
1783612944950 0.26299721002578735 193
1783612945110 0.2606721520423889 194
1783612945261 0.25834524631500244 195
1783612945424 0.26221901178359985 196
1783612945557 0.2518720328807831 197
1783612945728 0.25483280420303345 198
1783612945992 0.2578094005584717 199
1783612946146 0.25759878754615784 200
1783612946303 0.25152814388275146 201
1783612946443 0.24876545369625092 202
1783612946591 0.2708030939102173 203
1783612946740 0.24982638657093048 204
1783612946894 0.257361501455307 205
1783612947172 0.27409061789512634 206
1783612947322 0.26724115014076233 207
1783612947473 0.30384987592697144 208
1783612947633 0.27807170152664185 209
1783612947765 0.30392909049987793 210
1783612947923 0.3224247097969055 211
1783612948097 0.26645317673683167 212
1783612948250 0.308429092168808 213
1783612948508 0.30856746435165405 214
1783612948660 0.27452465891838074 215
1783612948788 0.3093351721763611 216
1783612948923 0.3369855284690857 217
1783612949074 0.30283665657043457 218
1783612949231 0.26254376769065857 219
1783612949379 0.2887803614139557 220
1783612949740 0.2817830741405487 221
1783612949873 0.26909762620925903 222
1783612950013 0.29390814900398254 223
1783612950184 0.2565096616744995 224
1783612950331 0.27971506118774414 225
1783612950510 0.26912903785705566 226
1783612950677 0.2675602436065674 227
1783612950844 0.2621849477291107 228
1783612951043 0.26088666915893555 229
1783612951210 0.2657160758972168 230
1783612951391 0.2703975737094879 231
1783612951565 0.2460179179906845 232
1783612951725 0.25933966040611267 233
1783612951882 0.2599676251411438 234
1783612952020 0.2659829556941986 235
1783612952429 0.2749064266681671 236
1783612952563 0.26540541648864746 237
1783612952664 0.2578768730163574 238
1783612952797 0.2778688669204712 239
1783612952940 0.266664981842041 240
1783612953092 0.2576369345188141 241
1783612953229 0.2872258722782135 242
1783612953410 0.2979575991630554 243
1783612953632 0.27840346097946167 244
1783612953790 0.28221219778060913 245
1783612953936 0.26443469524383545 246
1783612954092 0.2708541452884674 247
1783612954219 0.2840209901332855 248
1783612954363 0.24887867271900177 249
1783612954555 0.27932438254356384 250
1783612954792 0.25717630982398987 251
1783612954940 0.26199185848236084 252
1783612955112 0.2547467350959778 253
1783612955300 0.2627798914909363 254
1783612955408 0.2658698558807373 255
1783612955587 0.26280277967453003 256
1783612955745 0.26196813583374023 257
1783612955880 0.2634524405002594 258
1783612956054 0.2641799747943878 259
1783612956282 0.2504647374153137 260
1783612956413 0.2553738057613373 261
1783612956572 0.26414647698402405 262
1783612956754 0.25785258412361145 263
1783612956919 0.2657535672187805 264
1783612957063 0.27114611864089966 265
1783612957242 0.27326110005378723 266
1783612957476 0.2626488208770752 267
1783612957638 0.2491040974855423 268
1783612957828 0.2660519480705261 269
1783612957964 0.2550005316734314 270
1783612958142 0.25178587436676025 271
1783612958275 0.2732616066932678 272
1783612958427 0.2517167627811432 273
1783612958563 0.24587483704090118 274
1783612958826 0.2606852650642395 275
1783612958966 0.2558298707008362 276
1783612959086 0.26363205909729004 277
1783612959243 0.2681402564048767 278
1783612959397 0.2723294794559479 279
1783612959575 0.2561139166355133 280
1783612959739 0.24404066801071167 281
1783612960080 0.26923176646232605 282
1783612960231 0.25530484318733215 283
1783612960424 0.25856834650039673 284
1783612960633 0.2591839134693146 285
1783612960763 0.26831647753715515 286
1783612960918 0.2496877759695053 287
1783612961088 0.26862114667892456 288
1783612961317 0.25772562623023987 289
1783612961513 0.2595718801021576 290
1783612961674 0.2685793936252594 291
1783612961807 0.28241097927093506 292
1783612961950 0.26583990454673767 293
1783612962118 0.27834439277648926 294
1783612962263 0.2582508325576782 295
1783612962440 0.2542089819908142 296
1783612962625 0.2719253599643707 297
1783612962740 0.25830379128456116 298
1783612962890 0.26387399435043335 299
1783612963012 0.2671741843223572 300
1783612963172 0.2686918079853058 301
1783612963329 0.2625597417354584 302
1783612963490 0.2708505094051361 303
1783612963656 0.24845893681049347 304
1783612963904 0.2566969394683838 305
1783612964068 0.2814870774745941 306
1783612964243 0.28779447078704834 307
1783612964402 0.2939683794975281 308
1783612964560 0.2571161687374115 309
1783612964757 0.2739492356777191 310
1783612964926 0.2555196285247803 311
1783612965094 0.26126590371131897 312
1783612965237 0.2649626135826111 313
1783612965381 0.24617049098014832 314
1783612965555 0.2825847864151001 315
1783612965699 0.2834910452365875 316
1783612965840 0.2726432979106903 317
1783612965989 0.28730452060699463 318
1783612966121 0.25731730461120605 319
1783612966423 0.2950383424758911 320
1783612966579 0.2485179901123047 321
1783612966745 0.2678169012069702 322
1783612966892 0.28516602516174316 323
1783612967051 0.2486850768327713 324
1783612967186 0.26796823740005493 325
1783612967334 0.2525520324707031 326
1783612967678 0.27110546827316284 327
1783612967870 0.26380351185798645 328
1783612968024 0.25932860374450684 329
1783612968190 0.27980878949165344 330
1783612968309 0.2745169401168823 331
1783612968450 0.2726309299468994 332
1783612968646 0.29085326194763184 333
1783612968959 0.2618652582168579 334
1783612969171 0.28117823600769043 335
1783612969340 0.25694209337234497 336
1783612969488 0.30392682552337646 337
1783612969657 0.29945114254951477 338
1783612969813 0.2596548795700073 339
1783612969978 0.3142532706260681 340
1783612970143 0.3194275200366974 341
1783612970402 0.27213045954704285 342
1783612970542 0.32048171758651733 343
1783612970706 0.3413028419017792 344
1783612970889 0.32897356152534485 345
1783612971088 0.2878631353378296 346
1783612971223 0.3191448450088501 347
1783612971363 0.32766813039779663 348
1783612971560 0.3101051151752472 349
1783612971714 0.2746071517467499 350
1783612971905 0.3027852177619934 351
1783612972063 0.30677157640457153 352
1783612972221 0.26686257123947144 353
1783612972373 0.3105827271938324 354
1783612972555 0.32485005259513855 355
1783612972650 0.2928794026374817 356
1783612972798 0.26433464884757996 357
1783612973026 0.3005782663822174 358
1783612973169 0.27717939019203186 359
1783612973310 0.27816832065582275 360
1783612973472 0.28577372431755066 361
1783612973627 0.28419986367225647 362
1783612973769 0.26953962445259094 363
1783612973916 0.2874531149864197 364
1783612974339 0.25790607929229736 365
1783612974489 0.28933006525039673 366
1783612974686 0.2857331931591034 367
1783612974827 0.27873536944389343 368
1783612974995 0.2974174916744232 369
1783612975150 0.2554987967014313 370
1783612975347 0.2904866933822632 371
1783612975553 0.26303181052207947 372
1783612975720 0.268295556306839 373
1783612975861 0.2811668813228607 374
1783612975983 0.27561694383621216 375
1783612976142 0.25736698508262634 376
1783612976313 0.24978913366794586 377
1783612976478 0.26602399349212646 378
1783612976637 0.27916568517684937 379
1783612976845 0.25926733016967773 380
1783612976973 0.2759694457054138 381
1783612977108 0.2669380009174347 382
1783612977273 0.2721852958202362 383
1783612977400 0.2823459804058075 384
1783612977559 0.26789918541908264 385
1783612977715 0.2805042564868927 386
1783612977873 0.2665364146232605 387
1783612978110 0.2840327024459839 388
1783612978263 0.28810766339302063 389
1783612978416 0.24691957235336304 390
1783612978570 0.2734162211418152 391
1783612978733 0.2826926112174988 392
1783612978875 0.2570648193359375 393
1783612979005 0.277252197265625 394
1783612979143 0.2775041162967682 395
1783612979277 0.28102895617485046 396
1783612979435 0.2825666069984436 397
1783612979587 0.26548343896865845 398
1783612979764 0.2617468237876892 399
1783612979912 0.26428917050361633 400
1783612980105 0.2680284082889557 401
1783612980254 0.285826712846756 402
1783612980470 0.2904563844203949 403
1783612980663 0.27059805393218994 404
1783612980827 0.2659832239151001 405
1783612980974 0.2804725468158722 406
1783612981140 0.26130327582359314 407
1783612981292 0.26645544171333313 408
1783612981438 0.25907689332962036 409
1783612981576 0.26532721519470215 410
1783612981926 0.2731936573982239 411
1783612982096 0.260311484336853 412
1783612982257 0.25601235032081604 413
1783612982416 0.2664523720741272 414
1783612982600 0.2447897493839264 415
1783612982694 0.2779916226863861 416
1783612982840 0.2469862699508667 417
1783612983138 0.257988303899765 418
1783612983339 0.26251503825187683 419
1783612983559 0.24396908283233643 420
1783612983713 0.26356783509254456 421
1783612983929 0.24947533011436462 422
1783612984177 0.25873807072639465 423
1783612984449 0.25407856702804565 424
1783612984599 0.25074663758277893 425
1783612984759 0.27944105863571167 426
1783612984986 0.2715575397014618 427
1783612985158 0.27251967787742615 428
1783612985309 0.26738521456718445 429
1783612985474 0.2565567195415497 430
1783612985617 0.229911670088768 431
1783612985819 0.26057130098342896 432
1783612985953 0.26727959513664246 433
1783612986126 0.257770299911499 434
1783612986352 0.2634960412979126 435
1783612986524 0.2581189274787903 436
1783612986657 0.2643436789512634 437
1783612986807 0.26202473044395447 438
1783612987113 0.24216943979263306 439
1783612987258 0.2669386565685272 440
1783612987408 0.26466190814971924 441
1783612987563 0.25860604643821716 442
1783612987730 0.2571784555912018 443
1783612987872 0.2540985941886902 444
1783612988044 0.24088381230831146 445
1783612988392 0.2684828042984009 446
1783612988536 0.28422001004219055 447
1783612988690 0.25985175371170044 448
1783612988820 0.2584812343120575 449
1783612988977 0.2525814473628998 450
1783612989140 0.25546687841415405 451
1783612989301 0.2526918053627014 452
1783612989621 0.2702474892139435 453
1783612989777 0.24968260526657104 454
1783612989922 0.25192785263061523 455
1783612990052 0.25820502638816833 456
1783612990218 0.261962890625 457
1783612990376 0.2555310130119324 458
1783612990528 0.24149812757968903 459
1783612990690 0.26770949363708496 460
1783612990941 0.26505711674690247 461
1783612991092 0.2574697732925415 462
1783612991256 0.26631560921669006 463
1783612991404 0.2703471779823303 464
1783612991563 0.24640998244285583 465
1783612991691 0.2674083411693573 466
1783612991859 0.27688995003700256 467
1783612992301 0.2461586743593216 468
1783612992455 0.2588293254375458 469
1783612992610 0.26324397325515747 470
1783612992712 0.26536697149276733 471
1783612992898 0.24994251132011414 472
1783612993080 0.2597631812095642 473
1783612993222 0.24394606053829193 474
1783612993441 0.25930050015449524 475
1783612993621 0.23773369193077087 476
1783612993777 0.2889025807380676 477
1783612993917 0.26694706082344055 478
1783612994081 0.2878648042678833 479
1783612994234 0.2866770029067993 480
1783612994393 0.272280752658844 481
1783612994528 0.3069365322589874 482
1783612994694 0.3098849058151245 483
1783612994839 0.2776825726032257 484
1783612994990 0.29358556866645813 485
1783612995147 0.3279934227466583 486
1783612995306 0.29257580637931824 487
1783612995485 0.25881192088127136 488
1783612995646 0.2932087779045105 489
1783612995802 0.281381219625473 490
1783612996000 0.2613913416862488 491
1783612996205 0.2711123824119568 492
1783612996363 0.2744641900062561 493
1783612996505 0.27032479643821716 494
1783612996643 0.24384485185146332 495
1783612996797 0.2754155099391937 496
1783612996938 0.28704634308815 497
1783612997104 0.30873963236808777 498
1783612997456 0.2707654535770416 499
1783612997604 0.26602616906166077 500
1783612997764 0.2898520231246948 501
1783612997905 0.25434383749961853 502
1783612998058 0.2686649560928345 503
1783612998206 0.27923211455345154 504
1783612998373 0.2616488039493561 505
1783612998545 0.26189208030700684 506
1783612998753 0.25919073820114136 507
1783612998913 0.26962926983833313 508
1783612999058 0.2895503640174866 509
1783612999212 0.267619788646698 510
1783612999356 0.26780474185943604 511
1783612999493 0.268700510263443 512
1783612999650 0.2881402373313904 513
1783612999800 0.2473408430814743 514
1783613000065 0.2909223735332489 515
1783613000214 0.2755281329154968 516
1783613000383 0.2631996273994446 517
1783613000521 0.27960819005966187 518
1783613000670 0.25050854682922363 519
1783613000806 0.2576329708099365 520
1783613000954 0.261019229888916 521
1783613001330 0.27391767501831055 522
1783613001486 0.26760584115982056 523
1783613001649 0.25889351963996887 524
1783613001799 0.2713502049446106 525
1783613001945 0.259799599647522 526
1783613002096 0.26744845509529114 527
1783613002262 0.26968953013420105 528
1783613002562 0.2623864412307739 529
1783613002683 0.2735246419906616 530
1783613002787 0.2818598449230194 531
1783613002908 0.2555162012577057 532
1783613003055 0.27013567090034485 533
1783613003197 0.29170143604278564 534
1783613003367 0.26821407675743103 535
1783613003522 0.2768925726413727 536
1783613003707 0.2463517040014267 537
1783613003952 0.26626893877983093 538
1783613004075 0.2793985903263092 539
1783613004242 0.26289427280426025 540
1783613004435 0.28783896565437317 541
1783613004587 0.26364004611968994 542
1783613004794 0.2719261050224304 543
1783613004973 0.2611900568008423 544
1783613005218 0.2811282277107239 545
1783613005356 0.2779792845249176 546
1783613005537 0.263317734003067 547
1783613005686 0.2609988749027252 548
1783613005856 0.2607958912849426 549
1783613006024 0.29470551013946533 550
1783613006179 0.26194390654563904 551
1783613006323 0.27323368191719055 552
1783613006531 0.2828776240348816 553
1783613006703 0.2571675777435303 554
1783613006874 0.27226826548576355 555
1783613007055 0.26896658539772034 556
1783613007216 0.2566440999507904 557
1783613007393 0.26305684447288513 558
1783613007753 0.2690485417842865 559
1783613007895 0.27200278639793396 560
1783613008082 0.267740398645401 561
1783613008223 0.2663387656211853 562
1783613008356 0.26430660486221313 563
1783613008521 0.26482999324798584 564
1783613008695 0.25920918583869934 565
1783613008875 0.28196412324905396 566
1783613009154 0.27689340710639954 567
1783613009327 0.2602836489677429 568
1783613009468 0.26000848412513733 569
1783613009625 0.2559407353401184 570
1783613009771 0.2458786815404892 571
1783613009935 0.2583695650100708 572
1783613010129 0.2583598792552948 573
1783613010365 0.27926409244537354 574
1783613010542 0.26995497941970825 575
1783613010705 0.279897004365921 576
1783613010893 0.25928395986557007 577
1783613011069 0.2794705927371979 578
1783613011222 0.28764796257019043 579
1783613011373 0.24974924325942993 580
1783613011653 0.29037272930145264 581
1783613011799 0.2651846408843994 582
1783613011934 0.27966001629829407 583
1783613012104 0.2844749689102173 584
1783613012254 0.23514743149280548 585
1783613012393 0.29681748151779175 586
1783613012599 0.29421743750572205 587
1783613012693 0.25042101740837097 588
1783613012824 0.294506311416626 589
1783613013022 0.28717079758644104 590
1783613013168 0.2719181180000305 591
1783613013341 0.2847059965133667 592
1783613013511 0.2850264012813568 593
1783613013694 0.2748063802719116 594
1783613013826 0.29364654421806335 595
1783613014155 0.26013895869255066 596
1783613014325 0.26155078411102295 597
1783613014511 0.26523083448410034 598
1783613014677 0.2743828296661377 599
1783613014804 0.25794216990470886 600
1783613014937 0.2542628049850464 601
1783613015107 0.25660327076911926 602
1783613015347 0.26152318716049194 603
1783613015590 0.2593599855899811 604
1783613015755 0.2730867862701416 605
1783613015898 0.2746518850326538 606
1783613016038 0.26343756914138794 607
1783613016211 0.2720944583415985 608
1783613016371 0.24746257066726685 609
1783613016541 0.2736007273197174 610
1783613016807 0.26756274700164795 611
1783613016970 0.26331666111946106 612
1783613017143 0.26596885919570923 613
1783613017296 0.2564316689968109 614
1783613017473 0.26829609274864197 615
1783613017621 0.2805001735687256 616
1783613017830 0.24995721876621246 617
1783613018161 0.2794250547885895 618
1783613018317 0.2504522502422333 619
1783613018472 0.25946882367134094 620
1783613018635 0.26527076959609985 621
1783613018800 0.241024449467659 622
1783613018956 0.26142627000808716 623
1783613019110 0.2741161286830902 624
1783613019283 0.24943426251411438 625
1783613019556 0.2649746239185333 626
1783613019734 0.24739740788936615 627
1783613019909 0.2674744725227356 628
1783613020061 0.25294002890586853 629
1783613020207 0.2695927619934082 630
1783613020364 0.26907211542129517 631
1783613020514 0.25482314825057983 632
1783613020797 0.2800719439983368 633
1783613020958 0.25864744186401367 634
1783613021107 0.2832919955253601 635
1783613021291 0.28268346190452576 636
1783613021460 0.2536892294883728 637
1783613021638 0.28871920704841614 638
1783613021797 0.28358545899391174 639
1783613022154 0.2618405520915985 640
1783613022327 0.3094981610774994 641
1783613022471 0.29873886704444885 642
1783613022625 0.27057409286499023 643
1783613022725 0.288204163312912 644
1783613022871 0.30211254954338074 645
1783613023026 0.284681499004364 646
1783613023417 0.273029088973999 647
1783613023561 0.31087252497673035 648
1783613023751 0.29306691884994507 649
1783613023925 0.2680816650390625 650
1783613024097 0.27821236848831177 651
1783613024261 0.25747227668762207 652
1783613024443 0.2613644003868103 653
1783613024569 0.26065126061439514 654
1783613024707 0.274038702249527 655
1783613024852 0.2920985817909241 656
1783613025039 0.2677418887615204 657
1783613025222 0.2862226665019989 658
1783613025399 0.28392133116722107 659
1783613025580 0.2564697563648224 660
1783613025745 0.27859869599342346 661
1783613026077 0.28671157360076904 662
1783613026221 0.2768462300300598 663
1783613026371 0.29912135004997253 664
1783613026526 0.28996697068214417 665
1783613026671 0.2524825930595398 666
1783613026823 0.2895456552505493 667
1783613026987 0.2651320993900299 668
1783613027288 0.2653922736644745 669
1783613027442 0.27329927682876587 670
1783613027628 0.2609516978263855 671
1783613027795 0.2870020270347595 672
1783613027939 0.2692781686782837 673
1783613028121 0.27077025175094604 674
1783613028276 0.2573855221271515 675
1783613028511 0.2510361075401306 676
1783613028681 0.26567989587783813 677
1783613028842 0.2576117217540741 678
1783613028996 0.26515036821365356 679
1783613029179 0.2417239397764206 680
1783613029302 0.2594704031944275 681
1783613029474 0.2680386006832123 682
1783613029624 0.24636785686016083 683
1783613029986 0.27079281210899353 684
1783613030142 0.25525182485580444 685
1783613030318 0.2751818597316742 686
1783613030499 0.27350378036499023 687
1783613030682 0.2687888741493225 688
1783613030856 0.2506099343299866 689
1783613031106 0.2563091516494751 690
1783613031284 0.24669861793518066 691
1783613031413 0.2508075535297394 692
1783613031572 0.25849592685699463 693
1783613031776 0.2543906271457672 694
1783613031938 0.25579550862312317 695
1783613032104 0.2643604576587677 696
1783613032459 0.25981608033180237 697
1783613032618 0.24502353370189667 698
1783613032705 0.2489512711763382 699
1783613032839 0.24597510695457458 700
1783613032996 0.2740478515625 701
1783613033160 0.25510674715042114 702
1783613033323 0.26259663701057434 703
1783613033486 0.23638193309307098 704
1783613033786 0.2498244047164917 705
1783613033946 0.26933082938194275 706
1783613034121 0.2462013065814972 707
1783613034270 0.25698256492614746 708
1783613034399 0.2565915882587433 709
1783613034558 0.25092166662216187 710
1783613034757 0.276013046503067 711
1783613034988 0.25588732957839966 712
1783613035127 0.25556448101997375 713
1783613035277 0.26532086730003357 714
1783613035460 0.25131767988204956 715
1783613035618 0.2694271206855774 716
1783613035771 0.25695163011550903 717
1783613035922 0.2942655384540558 718
1783613036076 0.2599290609359741 719
1783613036303 0.2805764079093933 720
1783613036475 0.2684652805328369 721
1783613036637 0.26629093289375305 722
1783613036819 0.2926143705844879 723
1783613037001 0.3018643260002136 724
1783613037175 0.2720108926296234 725
1783613037337 0.29707053303718567 726
1783613037532 0.3014912009239197 727
1783613037636 0.2561396062374115 728
1783613037771 0.3051068186759949 729
1783613037923 0.2920064330101013 730
1783613038056 0.2597423791885376 731
1783613038205 0.262612521648407 732
1783613038351 0.2654021978378296 733
1783613038513 0.26499056816101074 734
1783613038679 0.27129462361335754 735
1783613038864 0.24055743217468262 736
1783613039006 0.25517192482948303 737
1783613039153 0.24528083205223083 738
1783613039292 0.27223441004753113 739
1783613039469 0.27858924865722656 740
1783613039638 0.26747408509254456 741
1783613039769 0.2775501608848572 742
1783613039925 0.24134521186351776 743
1783613040120 0.27778011560440063 744
1783613040307 0.26295435428619385 745
1783613040472 0.24699421226978302 746
1783613040625 0.272927850484848 747
1783613040772 0.2828976809978485 748
1783613040920 0.25225362181663513 749
1783613041054 0.27907583117485046 750
1783613041203 0.27634209394454956 751
1783613041603 0.2661936581134796 752
1783613041751 0.2700587213039398 753
1783613041897 0.2619554102420807 754
1783613042042 0.23554377257823944 755
1783613042198 0.25655731558799744 756
1783613042363 0.27250316739082336 757
1783613042540 0.268436074256897 758
1783613042710 0.24896375834941864 759
1783613042872 0.2751859724521637 760
1783613042997 0.2564855217933655 761
1783613043108 0.2865082919597626 762
1783613043239 0.24566027522087097 763
1783613043404 0.26006028056144714 764
1783613043578 0.2795262932777405 765
1783613043785 0.2805355191230774 766
1783613044106 0.28290772438049316 767
1783613044264 0.25761011242866516 768
1783613044471 0.26855140924453735 769
1783613044653 0.26225927472114563 770
1783613044818 0.280224084854126 771
1783613044976 0.28263306617736816 772
1783613045126 0.2382526397705078 773
1783613045369 0.280791699886322 774
1783613045522 0.27034977078437805 775
1783613045687 0.28751203417778015 776
1783613045854 0.2596459686756134 777
1783613046019 0.27248063683509827 778
1783613046171 0.286225289106369 779
1783613046296 0.27318012714385986 780
1783613046419 0.27204832434654236 781
1783613046673 0.24199485778808594 782
1783613046813 0.2733340263366699 783
1783613046990 0.2735111117362976 784
1783613047138 0.2524718940258026 785
1783613047292 0.267015665769577 786
1783613047458 0.2564108967781067 787
1783613047638 0.27401280403137207 788
1783613047970 0.25990381836891174 789
1783613048124 0.26884499192237854 790
1783613048299 0.252147376537323 791
1783613048430 0.2608727216720581 792
1783613048584 0.2582826316356659 793
1783613048758 0.2560393810272217 794
1783613048927 0.2733801305294037 795
1783613049253 0.25788986682891846 796
1783613049415 0.2699187994003296 797
1783613049561 0.24941900372505188 798
1783613049702 0.26897045969963074 799
1783613049868 0.2771362066268921 800
1783613050040 0.2518065869808197 801
1783613050189 0.26270124316215515 802
1783613050483 0.2892724573612213 803
1783613050673 0.2832051217556 804
1783613050857 0.25010180473327637 805
1783613051123 0.274887353181839 806
1783613051237 0.27118393778800964 807
1783613051343 0.24929694831371307 808
1783613051457 0.26970136165618896 809
1783613051667 0.252923846244812 810
1783613051820 0.2676353454589844 811
1783613051979 0.25819265842437744 812
1783613052158 0.2591269612312317 813
1783613052308 0.28174155950546265 814
1783613052449 0.2607541084289551 815
1783613052583 0.2776949107646942 816
1783613052693 0.26827293634414673 817
1783613052791 0.2665160596370697 818
1783613053137 0.2676435112953186 819
1783613053285 0.2614917755126953 820
1783613053459 0.2662386894226074 821
1783613053621 0.2710045576095581 822
1783613053768 0.28111860156059265 823
1783613053912 0.2809218466281891 824
1783613054057 0.2680925130844116 825
1783613054371 0.2704694867134094 826
1783613054588 0.2637971043586731 827
1783613054785 0.25964847207069397 828
1783613054921 0.26864662766456604 829
1783613055110 0.261478066444397 830
1783613055287 0.26900187134742737 831
1783613055470 0.24955971539020538 832
1783613055904 0.28059932589530945 833
1783613056039 0.25769615173339844 834
1783613056169 0.2748628556728363 835
1783613056338 0.2583909034729004 836
1783613056507 0.2764195501804352 837
1783613056671 0.26186737418174744 838
1783613056865 0.26121294498443604 839
1783613057056 0.2593097984790802 840
1783613057270 0.23900265991687775 841
1783613057428 0.25861477851867676 842
1783613057600 0.2641765773296356 843
1783613057748 0.25847306847572327 844
1783613057908 0.27200785279273987 845
1783613058082 0.26942604780197144 846
1783613058243 0.25725823640823364 847
1783613058471 0.25466451048851013 848
1783613058642 0.2698897123336792 849
1783613058770 0.27105435729026794 850
1783613058937 0.2642812430858612 851
1783613059104 0.2726092040538788 852
1783613059268 0.27248191833496094 853
1783613059418 0.27299952507019043 854
1783613059889 0.2603697180747986 855
1783613060055 0.253643274307251 856
1783613060271 0.27756306529045105 857
1783613060452 0.2732848823070526 858
1783613060602 0.25776728987693787 859
1783613060769 0.2495255023241043 860
1783613060959 0.255822092294693 861
1783613061162 0.25124475359916687 862
1783613061315 0.24727687239646912 863
1783613061453 0.25805699825286865 864
1783613061615 0.26141297817230225 865
1783613061771 0.25453582406044006 866
1783613061937 0.24555708467960358 867
1783613062116 0.25638118386268616 868
1783613062378 0.2667606770992279 869
1783613062523 0.26666948199272156 870
1783613062665 0.24925924837589264 871
1783613062779 0.25822871923446655 872
1783613062958 0.2519528567790985 873
1783613063110 0.2676253914833069 874
1783613063284 0.24880728125572205 875
1783613063450 0.2502928674221039 876
1783613063605 0.24958230555057526 877
1783613063773 0.2575360834598541 878
1783613063881 0.2755488455295563 879
1783613064049 0.2506869435310364 880
1783613064184 0.26849737763404846 881
1783613064350 0.25666189193725586 882
1783613064538 0.2875049412250519 883
1783613064700 0.27540844678878784 884
1783613064866 0.254233181476593 885
1783613065037 0.2727346420288086 886
1783613065171 0.2812689542770386 887
1783613065328 0.2726743519306183 888
1783613065486 0.2732578217983246 889
1783613065640 0.23714137077331543 890
1783613065783 0.2633488178253174 891
1783613065917 0.2721216380596161 892
1783613066089 0.2624376714229584 893
1783613066372 0.27185603976249695 894
1783613066553 0.2684841454029083 895
1783613066703 0.24981439113616943 896
1783613066853 0.2574082314968109 897
1783613067021 0.25628915429115295 898
1783613067186 0.26477116346359253 899
1783613067357 0.2622884213924408 900
1783613067574 0.2673055827617645 901
1783613067779 0.25869354605674744 902
1783613067944 0.24858883023262024 903
1783613068112 0.2597648501396179 904
1783613068287 0.2764647603034973 905
1783613068469 0.26977357268333435 906
1783613068648 0.27538520097732544 907
1783613068814 0.27454015612602234 908
1783613069072 0.2681979238986969 909
1783613069240 0.2618502080440521 910
1783613069413 0.2526628077030182 911
1783613069556 0.28106820583343506 912
1783613069706 0.2624921202659607 913
1783613069853 0.2860477864742279 914
1783613069982 0.25889426469802856 915
1783613070309 0.2477063089609146 916
1783613070482 0.27034634351730347 917
1783613070651 0.2560337483882904 918
1783613070804 0.27006807923316956 919
1783613070952 0.27097150683403015 920
1783613071106 0.24508948624134064 921
1783613071265 0.2845635414123535 922
1783613071593 0.2698448598384857 923
1783613071755 0.23436036705970764 924
1783613071923 0.26097720861434937 925
1783613072101 0.25959041714668274 926
1783613072272 0.251392126083374 927
1783613072449 0.26552265882492065 928
1783613072664 0.2562771141529083 929
1783613072759 0.24390558898448944 930
1783613073072 0.2658354938030243 931
1783613073224 0.26047465205192566 932
1783613073371 0.23735909163951874 933
1783613073533 0.25636962056159973 934
1783613073700 0.26873907446861267 935
1783613073857 0.2565183937549591 936
1783613074506 0.27236396074295044 937
1783613074673 0.24542467296123505 938
1783613074865 0.24051685631275177 939
1783613075056 0.2677007019519806 940
1783613075364 0.26226136088371277 941
1783613075539 0.25021323561668396 942
1783613075685 0.24816793203353882 943
1783613075852 0.2401456981897354 944
1783613076021 0.2596912086009979 945
1783613076189 0.2543262243270874 946
1783613076353 0.2530527412891388 947
1783613076483 0.2490125596523285 948
1783613076820 0.2438356876373291 949
1783613076961 0.246540367603302 950
1783613077114 0.26515302062034607 951
1783613077286 0.2693074941635132 952
1783613077453 0.2617219090461731 953
1783613077565 0.27171704173088074 954
1783613077705 0.24830584228038788 955
1783613078005 0.25860315561294556 956
1783613078190 0.2728525698184967 957
1783613078379 0.2529880702495575 958
1783613078538 0.2621951699256897 959
1783613078660 0.2394452542066574 960
1783613078819 0.253408819437027 961
1783613079002 0.2565615475177765 962
1783613079166 0.2484203279018402 963
1783613079478 0.26086798310279846 964
1783613079637 0.265933632850647 965
1783613079765 0.2625221312046051 966
1783613079906 0.2642455995082855 967
1783613080074 0.2503797113895416 968
1783613080277 0.24081335961818695 969
1783613080448 0.2585510015487671 970
1783613080721 0.2599279582500458 971
1783613080855 0.24950607120990753 972
1783613081007 0.2498120665550232 973
1783613081168 0.2633083760738373 974
1783613081304 0.2576411962509155 975
1783613081457 0.23706984519958496 976
1783613081620 0.25778380036354065 977
1783613081968 0.264184832572937 978
1783613082135 0.26119592785835266 979
1783613082296 0.251656711101532 980
1783613082439 0.2876594066619873 981
1783613082604 0.2534981071949005 982
1783613082715 0.2679012715816498 983
1783613082876 0.2715272605419159 984
1783613083045 0.25915250182151794 985
1783613083387 0.26937806606292725 986
1783613083536 0.24951517581939697 987
1783613083704 0.2675374150276184 988
1783613083886 0.25469842553138733 989
1783613084039 0.26279187202453613 990
1783613084188 0.25648143887519836 991
1783613084367 0.2488054782152176 992
1783613084639 0.28387200832366943 993
1783613084784 0.25450262427330017 994
1783613084948 0.2534885108470917 995
1783613085132 0.26842907071113586 996
1783613085285 0.24703936278820038 997
1783613085468 0.28286483883857727 998
1783613085649 0.25434955954551697 999
1783613085962 0.2971143126487732 1000
1783613086083 0.28412193059921265 1001
1783613086213 0.2705128788948059 1002
1783613086350 0.28807294368743896 1003
1783613086500 0.28626224398612976 1004
1783613086678 0.2653210163116455 1005
1783613086890 0.2883771061897278 1006
1783613087179 0.29721587896347046 1007
1783613087313 0.2553814947605133 1008
1783613087482 0.29639896750450134 1009
1783613087662 0.29132962226867676 1010
1783613087841 0.26950183510780334 1011
1783613087978 0.28101465106010437 1012
1783613088136 0.3007185459136963 1013
1783613088551 0.2818281352519989 1014
1783613088735 0.2782925069332123 1015
1783613088900 0.29104262590408325 1016
1783613089049 0.24926349520683289 1017
1783613089219 0.2954116463661194 1018
1783613089368 0.2910485863685608 1019
1783613089735 0.2686566710472107 1020
1783613089932 0.2846872806549072 1021
1783613090070 0.2796359658241272 1022
1783613090217 0.26298362016677856 1023
1783613090368 0.2753819525241852 1024
1783613090517 0.2731163203716278 1025
1783613090653 0.25853800773620605 1026
1783613090821 0.253016859292984 1027
1783613091147 0.263716459274292 1028
1783613091286 0.25498369336128235 1029
1783613091444 0.24840335547924042 1030
1783613091598 0.24590948224067688 1031
1783613091738 0.25387638807296753 1032
1783613091889 0.2509322464466095 1033
1783613092042 0.27320921421051025 1034
1783613092333 0.264558345079422 1035
1783613092519 0.25714045763015747 1036
1783613092707 0.26513826847076416 1037
1783613092807 0.2776675522327423 1038
1783613092963 0.2687878906726837 1039
1783613093122 0.26322150230407715 1040
1783613093275 0.26844221353530884 1041
1783613093450 0.25918683409690857 1042
1783613093721 0.27715936303138733 1043
1783613093872 0.27294307947158813 1044
1783613094037 0.27948611974716187 1045
1783613094186 0.28967663645744324 1046
1783613094334 0.269135057926178 1047
1783613094486 0.2687414884567261 1048
1783613094635 0.26331350207328796 1049
1783613094794 0.2580810487270355 1050
1783613094966 0.2607186436653137 1051
1783613095162 0.2722308039665222 1052
1783613095329 0.2721230387687683 1053
1783613095477 0.26856565475463867 1054
1783613095626 0.28316205739974976 1055
1783613095759 0.26220589876174927 1056
1783613095915 0.27971336245536804 1057
1783613096074 0.28400886058807373 1058
1783613096240 0.26334381103515625 1059
1783613096420 0.26319223642349243 1060
1783613096573 0.26693612337112427 1061
1783613096734 0.25981029868125916 1062
1783613096891 0.2516883611679077 1063
1783613097021 0.25832799077033997 1064
1783613097173 0.25455498695373535 1065
1783613097346 0.2619951665401459 1066
1783613097504 0.25980672240257263 1067
1783613097759 0.26107919216156006 1068
1783613097930 0.2563058137893677 1069
1783613098073 0.26396557688713074 1070
1783613098207 0.25930333137512207 1071
1783613098367 0.27296769618988037 1072
1783613098516 0.24932916462421417 1073
1783613098666 0.26216351985931396 1074
1783613098798 0.2501462697982788 1075
1783613099138 0.2746596336364746 1076
1783613099269 0.2560952305793762 1077
1783613099451 0.2564275860786438 1078
1783613099602 0.2668166160583496 1079
1783613099735 0.24418476223945618 1080
1783613099884 0.2677200138568878 1081
1783613100049 0.2639428377151489 1082
1783613100338 0.26394790410995483 1083
1783613100447 0.2515133023262024 1084
1783613100602 0.24697919189929962 1085
1783613100772 0.2566296458244324 1086
1783613100902 0.2318176031112671 1087
1783613101010 0.26698175072669983 1088
1783613101172 0.27584919333457947 1089
1783613101347 0.2758420407772064 1090
1783613101570 0.28460797667503357 1091
1783613101780 0.2557322382926941 1092
1783613101935 0.270219087600708 1093
1783613102102 0.2481185495853424 1094
1783613102259 0.2559102773666382 1095
1783613102415 0.24785390496253967 1096
1783613102580 0.2611134648323059 1097
1783613102714 0.2709721028804779 1098
1783613102815 0.2629055082798004 1099
1783613102992 0.25146713852882385 1100
1783613103134 0.26083311438560486 1101
1783613103316 0.26444119215011597 1102
1783613103469 0.24983131885528564 1103
1783613103585 0.24301642179489136 1104
1783613103746 0.2655502259731293 1105
1783613103903 0.26129087805747986 1106
1783613104245 0.25154995918273926 1107
1783613104394 0.25527143478393555 1108
1783613104537 0.2517131567001343 1109
1783613104657 0.2699818015098572 1110
1783613104804 0.2412923276424408 1111
1783613104974 0.27333611249923706 1112
1783613105141 0.2457195222377777 1113
1783613105302 0.28146371245384216 1114
1783613105490 0.26105454564094543 1115
1783613105651 0.27671337127685547 1116
1783613105781 0.2945275902748108 1117
1783613105910 0.26654908061027527 1118
1783613106100 0.29164254665374756 1119
1783613106269 0.27680522203445435 1120
1783613106442 0.2541196048259735 1121
1783613106580 0.2745760381221771 1122
1783613106752 0.2709936499595642 1123
1783613106918 0.2652815282344818 1124
1783613107149 0.2889748513698578 1125
1783613107306 0.30876538157463074 1126
1783613107435 0.2574992775917053 1127
1783613107602 0.2633220851421356 1128
1783613107767 0.28052282333374023 1129
1783613107918 0.2845539152622223 1130
1783613108081 0.2703228294849396 1131
1783613108236 0.2897146940231323 1132
1783613108391 0.26435035467147827 1133
1783613108542 0.25080814957618713 1134
1783613108698 0.2831309735774994 1135
1783613108847 0.25995975732803345 1136
1783613108997 0.27728015184402466 1137
1783613109288 0.28574952483177185 1138
1783613109534 0.2521439790725708 1139
1783613109705 0.2833675146102905 1140
1783613109869 0.25870782136917114 1141
1783613110040 0.25565576553344727 1142
1783613110187 0.2522873282432556 1143
1783613110337 0.2797525227069855 1144
1783613110485 0.26469144225120544 1145
1783613110732 0.2555713951587677 1146
1783613110880 0.2521548569202423 1147
1783613111051 0.26076146960258484 1148
1783613111194 0.27237117290496826 1149
1783613111356 0.2913322150707245 1150
1783613111526 0.26891547441482544 1151
1783613111691 0.2736152410507202 1152
1783613111956 0.2843092381954193 1153
1783613112123 0.2566009759902954 1154
1783613112256 0.2624707520008087 1155
1783613112389 0.2589365243911743 1156
1783613112562 0.24907748401165009 1157
1783613112731 0.2744678258895874 1158
1783613112822 0.26371145248413086 1159
1783613112977 0.25398093461990356 1160
1783613113123 0.2572907507419586 1161
1783613113336 0.2752779722213745 1162
1783613113479 0.2643923759460449 1163
1783613113636 0.25126904249191284 1164
1783613113794 0.2890026271343231 1165
1783613113973 0.26395440101623535 1166
1783613114153 0.27020326256752014 1167
1783613114332 0.2474604696035385 1168
1783613114467 0.28375688195228577 1169
1783613114590 0.27314698696136475 1170
1783613114741 0.23536331951618195 1171
1783613114912 0.28201213479042053 1172
1783613115104 0.26742222905158997 1173
1783613115282 0.2619316279888153 1174
1783613115437 0.2593795955181122 1175
1783613115568 0.2635350227355957 1176
1783613115944 0.2513140141963959 1177
1783613116101 0.26811251044273376 1178
1783613116256 0.28900855779647827 1179
1783613116399 0.2757602035999298 1180
1783613116561 0.27737605571746826 1181
1783613116720 0.2555863559246063 1182
1783613116864 0.266423761844635 1183
1783613117129 0.2552061378955841 1184
1783613117271 0.2509087920188904 1185
1783613117451 0.26724791526794434 1186
1783613117633 0.2732235789299011 1187
1783613117806 0.2565336227416992 1188
1783613117987 0.2682211697101593 1189
1783613118134 0.2539578080177307 1190
1783613118520 0.261386513710022 1191
1783613118663 0.2519952952861786 1192
1783613118808 0.25511664152145386 1193
1783613118960 0.24469195306301117 1194
1783613119127 0.24368686974048615 1195
1783613119299 0.25696539878845215 1196
1783613119489 0.2532587945461273 1197
1783613119805 0.2502952516078949 1198
1783613119967 0.24578073620796204 1199
1783613120139 0.25720757246017456 1200
1783613120302 0.24017298221588135 1201
1783613120467 0.2639939486980438 1202
1783613120631 0.28002607822418213 1203
1783613120767 0.2627943456172943 1204
1783613121131 0.2564605176448822 1205
1783613121309 0.2599794566631317 1206
1783613121468 0.25997477769851685 1207
1783613121617 0.24943865835666656 1208
1783613121792 0.24927474558353424 1209
1783613121972 0.25620660185813904 1210
1783613122282 0.25582945346832275 1211
1783613122446 0.26226434111595154 1212
1783613122601 0.2508114278316498 1213
1783613122738 0.24968765676021576 1214
1783613122841 0.2544191777706146 1215
1783613122987 0.2623395025730133 1216
1783613123115 0.27129238843917847 1217
1783613123266 0.2819029688835144 1218
1783613123454 0.25912681221961975 1219
1783613123685 0.26281607151031494 1220
1783613123859 0.2578084468841553 1221
1783613124015 0.24481278657913208 1222
1783613124146 0.26925498247146606 1223
1783613124321 0.2511650323867798 1224
1783613124484 0.28322166204452515 1225
1783613124645 0.24904033541679382 1226
1783613124825 0.25532251596450806 1227
1783613124981 0.26195529103279114 1228
1783613125137 0.2569640874862671 1229
1783613125283 0.2690590023994446 1230
1783613125436 0.27236407995224 1231
1783613125592 0.2588295042514801 1232
1783613125765 0.2504503130912781 1233
1783613125916 0.2570953667163849 1234
1783613126261 0.2479652613401413 1235
1783613126434 0.24260933697223663 1236
1783613126590 0.27382656931877136 1237
1783613126778 0.2681041955947876 1238
1783613126948 0.2675304710865021 1239
1783613127112 0.27883827686309814 1240
1783613127270 0.27070608735084534 1241
1783613127636 0.2500886023044586 1242
1783613127810 0.26636266708374023 1243
1783613127970 0.2468586564064026 1244
1783613128117 0.2423260509967804 1245
1783613128297 0.2588617503643036 1246
1783613128459 0.26045355200767517 1247
1783613128613 0.26296770572662354 1248
1783613128927 0.2643013596534729 1249
1783613129083 0.2565734386444092 1250
1783613129254 0.2713935077190399 1251
1783613129417 0.2583719789981842 1252
1783613129560 0.2562900185585022 1253
1783613129718 0.2591152489185333 1254
1783613129872 0.26282933354377747 1255
1783613130297 0.2622855007648468 1256
1783613130451 0.2544509768486023 1257
1783613130617 0.25393980741500854 1258
1783613130756 0.26428961753845215 1259
1783613130911 0.25628912448883057 1260
1783613131053 0.2616497874259949 1261
1783613131203 0.26903101801872253 1262
1783613131357 0.2553243935108185 1263
1783613131556 0.27811485528945923 1264
1783613131701 0.2685755491256714 1265
1783613131863 0.2643781900405884 1266
1783613132018 0.26813051104545593 1267
1783613132175 0.2540585994720459 1268
1783613132350 0.26867592334747314 1269
1783613132522 0.24681320786476135 1270
1783613132717 0.25440242886543274 1271
1783613132822 0.25981375575065613 1272
1783613132956 0.25852179527282715 1273
1783613133130 0.26091626286506653 1274
1783613133304 0.26412197947502136 1275
1783613133458 0.27943214774131775 1276
1783613133631 0.27513307332992554 1277
1783613133816 0.2746201157569885 1278
1783613134086 0.2575227916240692 1279
1783613134245 0.26126861572265625 1280
1783613134417 0.2702193856239319 1281
1783613134565 0.2615951597690582 1282
1783613134741 0.2867726683616638 1283
1783613134937 0.2507569491863251 1284
1783613135131 0.27263113856315613 1285
1783613135339 0.25623470544815063 1286
1783613135485 0.2704472839832306 1287
1783613135639 0.2731183171272278 1288
1783613135798 0.26477405428886414 1289
1783613135968 0.2577647268772125 1290
1783613136118 0.26311713457107544 1291
1783613136281 0.26673927903175354 1292
1783613136435 0.27473822236061096 1293
1783613136647 0.26000383496284485 1294
1783613136834 0.2821008861064911 1295
1783613136997 0.26617366075515747 1296
1783613137152 0.2869090735912323 1297
1783613137312 0.268243670463562 1298
1783613137451 0.2527889311313629 1299
1783613137603 0.2619272768497467 1300
1783613137827 0.2705094814300537 1301
1783613137989 0.2789515554904938 1302
1783613138131 0.2562951147556305 1303
1783613138262 0.2804127037525177 1304
1783613138455 0.262859046459198 1305
1783613138649 0.2573707103729248 1306
1783613138823 0.26315686106681824 1307
1783613139002 0.2648872137069702 1308
1783613139395 0.2555190622806549 1309
1783613139554 0.26149269938468933 1310
1783613139727 0.2483118772506714 1311
1783613139887 0.24582462012767792 1312
1783613140036 0.2646617293357849 1313
1783613140197 0.25154465436935425 1314
1783613140354 0.25678348541259766 1315
1783613140669 0.2685568034648895 1316
1783613140836 0.2558523714542389 1317
1783613141009 0.252991259098053 1318
1783613141170 0.255500465631485 1319
1783613141333 0.26457977294921875 1320
1783613141462 0.28362664580345154 1321
1783613141589 0.2656972408294678 1322
1783613141817 0.26264429092407227 1323
1783613142009 0.2525466978549957 1324
1783613142179 0.24688783288002014 1325
1783613142318 0.27233821153640747 1326
1783613142471 0.26722005009651184 1327
1783613142637 0.25722283124923706 1328
1783613142760 0.2465343028306961 1329
1783613142861 0.2637151777744293 1330
1783613143180 0.2822088599205017 1331
1783613143358 0.26401466131210327 1332
1783613143517 0.26077011227607727 1333
1783613143650 0.2571319341659546 1334
1783613143826 0.27306121587753296 1335
1783613143986 0.25504571199417114 1336
1783613144131 0.26071983575820923 1337
1783613144267 0.25721946358680725 1338
1783613144451 0.25686076283454895 1339
1783613144650 0.2685512900352478 1340
1783613144834 0.24768754839897156 1341
1783613145001 0.25807511806488037 1342
1783613145184 0.25134164094924927 1343
1783613145332 0.25705575942993164 1344
1783613145499 0.25183597207069397 1345
1783613145748 0.25196537375450134 1346
1783613145896 0.2640702724456787 1347
1783613146048 0.25271373987197876 1348
1783613146208 0.24358157813549042 1349
1783613146360 0.24564337730407715 1350
1783613146519 0.2607097029685974 1351
1783613146684 0.25284692645072937 1352
1783613146836 0.2612222135066986 1353
1783613147187 0.2638682723045349 1354
1783613147340 0.2565227150917053 1355
1783613147495 0.27079448103904724 1356
1783613147632 0.23768234252929688 1357
1783613147765 0.24970269203186035 1358
1783613147912 0.268774151802063 1359
1783613148043 0.2516242563724518 1360
1783613148185 0.2656460702419281 1361
1783613148487 0.24049365520477295 1362
1783613148644 0.244790717959404 1363
1783613148782 0.2542608678340912 1364
1783613148930 0.25292977690696716 1365
1783613149082 0.2598375678062439 1366
1783613149228 0.2791133522987366 1367
1783613149379 0.2678386867046356 1368
1783613149708 0.24498482048511505 1369
1783613149857 0.251468688249588 1370
1783613150017 0.2581077814102173 1371
1783613150126 0.2558636963367462 1372
1783613150267 0.2631979286670685 1373
1783613150431 0.269864022731781 1374
1783613150582 0.2652680277824402 1375
1783613150701 0.26420310139656067 1376
1783613150996 0.2632053792476654 1377
1783613151103 0.2530372440814972 1378
1783613151218 0.25683480501174927 1379
1783613151335 0.2655494511127472 1380
1783613151489 0.2584031820297241 1381
1783613151641 0.24145741760730743 1382
1783613151776 0.25786852836608887 1383
1783613151881 0.27380985021591187 1384
1783613151991 0.2635219395160675 1385
1783613152135 0.26157018542289734 1386
1783613152266 0.266969233751297 1387
1783613152384 0.2807123363018036 1388
1783613152494 0.25909310579299927 1389
1783613152632 0.25288429856300354 1390
1783613152774 0.25553959608078003 1391
1783613152883 0.2551415264606476 1392
1783613153034 0.27375248074531555 1393
1783613153166 0.26534196734428406 1394
1783613153294 0.26406389474868774 1395
1783613153408 0.2540843188762665 1396
1783613153536 0.2718051075935364 1397
1783613153669 0.26238760352134705 1398
1783613153830 0.2516082525253296 1399
1783613153974 0.2552419602870941 1400
1783613154145 0.2379949539899826 1401
1783613154289 0.2750149667263031 1402
1783613154435 0.24330292642116547 1403
1783613154570 0.25736501812934875 1404
1783613154829 0.274368017911911 1405
1783613154972 0.2666606605052948 1406
1783613155162 0.25349438190460205 1407
1783613155315 0.2434091717004776 1408
1783613155464 0.2629476487636566 1409
1783613155619 0.2678452134132385 1410
1783613155783 0.2573149502277374 1411
1783613156078 0.25199249386787415 1412
1783613156235 0.265987366437912 1413
1783613156425 0.2635995149612427 1414
1783613156583 0.24961961805820465 1415
1783613156713 0.27206239104270935 1416
1783613156873 0.26495322585105896 1417
1783613157022 0.2550080716609955 1418
1783613157252 0.26229140162467957 1419
1783613157466 0.2640009820461273 1420
1783613157606 0.2592066526412964 1421
1783613157752 0.25287893414497375 1422
1783613157901 0.2627042531967163 1423
1783613158035 0.2744712233543396 1424
1783613158202 0.2648342251777649 1425
1783613158352 0.2672286927700043 1426
1783613158605 0.26830631494522095 1427
1783613158773 0.26260557770729065 1428
1783613158932 0.25491660833358765 1429
1783613159102 0.2571580410003662 1430
1783613159247 0.2764569818973541 1431
1783613159399 0.26032477617263794 1432
1783613159584 0.26825079321861267 1433
1783613159769 0.2675586938858032 1434
1783613159935 0.2461586445569992 1435
1783613160061 0.26708829402923584 1436
1783613160205 0.263898104429245 1437
1783613160369 0.27078795433044434 1438
1783613160542 0.2670658230781555 1439
1783613160697 0.2499116063117981 1440
1783613160832 0.25672441720962524 1441
1783613160968 0.25496816635131836 1442
1783613161166 0.2676897644996643 1443
1783613161434 0.2746216654777527 1444
1783613161601 0.2706714868545532 1445
1783613161757 0.2660181522369385 1446
1783613161915 0.24380160868167877 1447
1783613162052 0.25610554218292236 1448
1783613162213 0.2675178349018097 1449
1783613162377 0.2573670744895935 1450
1783613162704 0.25759395956993103 1451
1783613162807 0.24254798889160156 1452
1783613162923 0.26187819242477417 1453
1783613163061 0.2615755498409271 1454
1783613163189 0.2715758681297302 1455
1783613163348 0.2777005732059479 1456
1783613163504 0.2522551417350769 1457
1783613163649 0.26236075162887573 1458
1783613163832 0.24553339183330536 1459
1783613164079 0.2766706049442291 1460
1783613164201 0.2716870903968811 1461
1783613164346 0.2533535361289978 1462
1783613164522 0.2662374973297119 1463
1783613164683 0.2631072700023651 1464
1783613164894 0.24828611314296722 1465
1783613165064 0.25911620259284973 1466
1783613165246 0.25733518600463867 1467
1783613165396 0.2684382498264313 1468
1783613165564 0.25364020466804504 1469
1783613165717 0.252440869808197 1470
1783613165871 0.26090097427368164 1471
1783613166035 0.26322391629219055 1472
1783613166171 0.28132861852645874 1473
1783613166320 0.25907883048057556 1474
1783613166708 0.2575283944606781 1475
1783613166870 0.2608388662338257 1476
1783613167022 0.2618597745895386 1477
1783613167235 0.2554309666156769 1478
1783613167432 0.2570984363555908 1479
1783613167576 0.2592267692089081 1480
1783613167748 0.26836419105529785 1481
1783613167975 0.2738698720932007 1482
1783613168101 0.2652205228805542 1483
1783613168258 0.26952168345451355 1484
1783613168440 0.2686488926410675 1485
1783613168607 0.2610160708427429 1486
1783613168794 0.2902149260044098 1487
1783613169020 0.2831825613975525 1488
1783613169221 0.2627792954444885 1489
1783613169374 0.2938735783100128 1490
1783613169542 0.2763622999191284 1491
1783613169688 0.2599621117115021 1492
1783613169829 0.2740887701511383 1493
1783613169986 0.26709023118019104 1494
1783613170141 0.257548451423645 1495
1783613170275 0.26341405510902405 1496
1783613170458 0.2515012323856354 1497
1783613170608 0.26623162627220154 1498
1783613170730 0.2838379144668579 1499
1783613170884 0.256702721118927 1500
1783613171050 0.27566632628440857 1501
1783613171222 0.24378934502601624 1502
1783613171380 0.2562622129917145 1503
1783613171519 0.2611464858055115 1504
1783613171802 0.26299288868904114 1505
1783613171960 0.2703268229961395 1506
1783613172150 0.2553974688053131 1507
1783613172288 0.25414222478866577 1508
1783613172433 0.2694608271121979 1509
1783613172587 0.26486870646476746 1510
1783613172776 0.24401307106018066 1511
1783613172870 0.25761881470680237 1512
1783613173022 0.2611798644065857 1513
1783613173199 0.26033881306648254 1514
1783613173336 0.2658238112926483 1515
1783613173507 0.25691619515419006 1516
1783613173677 0.2540721595287323 1517
1783613173822 0.26772424578666687 1518
1783613173962 0.26671621203422546 1519
1783613174134 0.24839331209659576 1520
1783613174420 0.26384446024894714 1521
1783613174597 0.2644236087799072 1522
1783613174774 0.25508904457092285 1523
1783613174934 0.25938692688941956 1524
1783613175091 0.25508788228034973 1525
1783613175244 0.25360363721847534 1526
1783613175428 0.2489231526851654 1527
1783613175574 0.26818010210990906 1528
1783613175786 0.25165319442749023 1529
1783613175915 0.265651673078537 1530
1783613176039 0.258003830909729 1531
1783613176210 0.25894978642463684 1532
1783613176339 0.2575004994869232 1533
1783613176470 0.25185656547546387 1534
1783613176621 0.2516535520553589 1535
1783613176779 0.26927030086517334 1536
1783613177040 0.2505059838294983 1537
1783613177134 0.27259793877601624 1538
1783613177243 0.2539469599723816 1539
1783613177413 0.2598310112953186 1540
1783613177570 0.26392635703086853 1541
1783613177726 0.27898380160331726 1542
1783613177899 0.25980690121650696 1543
1783613178053 0.2589917778968811 1544
1783613178272 0.2710835337638855 1545
1783613178432 0.2590600848197937 1546
1783613178580 0.2653767466545105 1547
1783613178744 0.2491341084241867 1548
1783613178887 0.2714466154575348 1549
1783613179049 0.27686038613319397 1550
1783613179200 0.26361945271492004 1551
1783613179329 0.26922672986984253 1552
1783613179451 0.28038355708122253 1553
1783613179571 0.27796414494514465 1554
1783613179744 0.29580363631248474 1555
1783613179929 0.263584166765213 1556
1783613180101 0.2779737710952759 1557
1783613180279 0.2886216640472412 1558
1783613180429 0.25331175327301025 1559
1783613180567 0.2948087155818939 1560
1783613180712 0.3033054769039154 1561
1783613180882 0.2754251956939697 1562
1783613181013 0.2574397623538971 1563
1783613181167 0.2696993052959442 1564
1783613181332 0.24766522645950317 1565
1783613181460 0.2978322505950928 1566
1783613181595 0.28478455543518066 1567
1783613181757 0.2758972644805908 1568
1783613181931 0.2966252863407135 1569
1783613182264 0.29145142436027527 1570
1783613182426 0.2721235752105713 1571
1783613182565 0.2949732840061188 1572
1783613182704 0.30645424127578735 1573
1783613182821 0.2925695478916168 1574
1783613183030 0.2657666504383087 1575
1783613183215 0.27357548475265503 1576
1783613183417 0.25717833638191223 1577
1783613183575 0.28905317187309265 1578
1783613183667 0.2792026996612549 1579
1783613183809 0.2601208984851837 1580
1783613183958 0.2987017035484314 1581
1783613184116 0.27933576703071594 1582
1783613184282 0.24655528366565704 1583
1783613184450 0.2780640125274658 1584
1783613184712 0.2745104134082794 1585
1783613184909 0.2540379762649536 1586
1783613185065 0.2815363109111786 1587
1783613185231 0.2862569987773895 1588
1783613185369 0.2526703178882599 1589
1783613185529 0.2866199016571045 1590
1783613185685 0.25083011388778687 1591
1783613185828 0.2577730715274811 1592
1783613185971 0.2724524140357971 1593
1783613186217 0.24810856580734253 1594
1783613186358 0.2713419795036316 1595
1783613186518 0.25540798902511597 1596
1783613186648 0.26508116722106934 1597
1783613186792 0.26571378111839294 1598
1783613186935 0.27046066522598267 1599
1783613187077 0.2564200460910797 1600
1783613187241 0.26626840233802795 1601
1783613187502 0.26358136534690857 1602
1783613187635 0.2637593448162079 1603
1783613187781 0.24110113084316254 1604
1783613187917 0.2639181315898895 1605
1783613188061 0.23956647515296936 1606
1783613188212 0.26981067657470703 1607
1783613188355 0.2675758898258209 1608
1783613188547 0.28196480870246887 1609
1783613188687 0.2579624652862549 1610
1783613188843 0.285941481590271 1611
1783613188999 0.2716643810272217 1612
1783613189138 0.26207026839256287 1613
1783613189301 0.25753748416900635 1614
1783613189449 0.24303658306598663 1615
1783613189597 0.2431635707616806 1616
1783613189794 0.26989972591400146 1617
1783613189997 0.25358355045318604 1618
1783613190132 0.2531341314315796 1619
1783613190267 0.25899389386177063 1620
1783613190432 0.2585796117782593 1621
1783613190588 0.26398879289627075 1622
1783613190738 0.253273606300354 1623
1783613190898 0.2677801549434662 1624
1783613191043 0.2578076720237732 1625
1783613191267 0.2560960054397583 1626
1783613191407 0.25733333826065063 1627
1783613191562 0.2565903663635254 1628
1783613191713 0.26723113656044006 1629
1783613191850 0.2756426930427551 1630
1783613191994 0.28028616309165955 1631
1783613192132 0.25545695424079895 1632
1783613192262 0.2618308961391449 1633
1783613192462 0.2787448465824127 1634
1783613192617 0.25710025429725647 1635
1783613192768 0.2597663998603821 1636
1783613192855 0.24937781691551208 1637
1783613192979 0.2610150873661041 1638
1783613193150 0.2564053535461426 1639
1783613193299 0.26889684796333313 1640
1783613193432 0.2596961557865143 1641
1783613193849 0.2673240005970001 1642
1783613194000 0.24272342026233673 1643
1783613194157 0.27005821466445923 1644
1783613194292 0.257676362991333 1645
1783613194418 0.2571433186531067 1646
1783613194569 0.2826422154903412 1647
1783613194735 0.2530377507209778 1648
1783613194895 0.24926689267158508 1649
1783613195047 0.2549918293952942 1650
1783613195199 0.2579682469367981 1651
1783613195379 0.2649274468421936 1652
1783613195531 0.2628379762172699 1653
1783613195675 0.2631191909313202 1654
1783613195825 0.2695130407810211 1655
1783613195993 0.2731057405471802 1656
1783613196151 0.2488265484571457 1657
1783613196364 0.2582297921180725 1658
1783613196524 0.27333587408065796 1659
1783613196681 0.2683353126049042 1660
1783613196828 0.26708441972732544 1661
1783613196975 0.27190202474594116 1662
1783613197132 0.26365652680397034 1663
1783613197300 0.26467883586883545 1664
1783613197462 0.2578054964542389 1665
1783613197647 0.25356021523475647 1666
1783613197788 0.26278382539749146 1667
1783613197961 0.27717167139053345 1668
1783613198133 0.2585505545139313 1669
1783613198298 0.256428062915802 1670
1783613198450 0.2750498652458191 1671
1783613198600 0.2792963683605194 1672
1783613198863 0.28505566716194153 1673
1783613199018 0.2609120309352875 1674
1783613199165 0.2561071217060089 1675
1783613199319 0.2717404365539551 1676
1783613199469 0.26335737109184265 1677
1783613199617 0.26567697525024414 1678
1783613199760 0.26875537633895874 1679
1783613199887 0.25088924169540405 1680
1783613200212 0.2614123523235321 1681
1783613200353 0.2610549032688141 1682
1783613200546 0.25515061616897583 1683
1783613200712 0.2591191530227661 1684
1783613200868 0.25686636567115784 1685
1783613201028 0.2685760259628296 1686
1783613201201 0.2546284794807434 1687
1783613201409 0.25009793043136597 1688
1783613201571 0.26353275775909424 1689
1783613201743 0.2715303897857666 1690
1783613201882 0.25457456707954407 1691
1783613202019 0.2386893779039383 1692
1783613202164 0.2519180178642273 1693
1783613202326 0.2528855800628662 1694
1783613202470 0.25938495993614197 1695
1783613202633 0.258596807718277 1696
1783613202805 0.249236598610878 1697
1783613202898 0.2657282054424286 1698
1783613203032 0.2506844997406006 1699
1783613203138 0.25226137042045593 1700
1783613203296 0.2633861303329468 1701
1783613203444 0.2471000850200653 1702
1783613203586 0.25580787658691406 1703
1783613203731 0.2332637906074524 1704
1783613203893 0.2740526497364044 1705
1783613204068 0.2582813501358032 1706
1783613204204 0.25740817189216614 1707
1783613204341 0.2505696713924408 1708
1783613204521 0.26817768812179565 1709
1783613204665 0.25086501240730286 1710
1783613204799 0.26118263602256775 1711
1783613204980 0.2544891834259033 1712
1783613205098 0.2377748340368271 1713
1783613205216 0.2478807419538498 1714
1783613205366 0.24335366487503052 1715
1783613205548 0.24836957454681396 1716
1783613205706 0.26388078927993774 1717
1783613205864 0.2790691554546356 1718
1783613206007 0.24522407352924347 1719
1783613206163 0.2374030500650406 1720
1783613206297 0.24864426255226135 1721
1783613206445 0.25780463218688965 1722
1783613206696 0.24754154682159424 1723
1783613206889 0.26766684651374817 1724
1783613207044 0.24239730834960938 1725
1783613207186 0.24729537963867188 1726
1783613207347 0.2519336938858032 1727
1783613207464 0.25224047899246216 1728
1783613207647 0.24411766231060028 1729
1783613207780 0.25453808903694153 1730
1783613208097 0.25350886583328247 1731
1783613208246 0.26466700434684753 1732
1783613208413 0.26366299390792847 1733
1783613208549 0.2594507038593292 1734
1783613208700 0.2571536600589752 1735
1783613208850 0.25549036264419556 1736
1783613208996 0.2722371220588684 1737
1783613209284 0.26692843437194824 1738
1783613209451 0.26479920744895935 1739
1783613209606 0.2547668218612671 1740
1783613209760 0.2592887580394745 1741
1783613209908 0.25569018721580505 1742
1783613210062 0.2467603087425232 1743
1783613210199 0.261062890291214 1744
1783613210348 0.23489025235176086 1745
1783613210612 0.24276098608970642 1746
1783613210745 0.2648140788078308 1747
1783613210900 0.26877593994140625 1748
1783613211063 0.25909003615379333 1749
1783613211205 0.2576335072517395 1750
1783613211363 0.2531023323535919 1751
1783613211533 0.24121364951133728 1752
1783613211679 0.26020801067352295 1753
1783613211859 0.25661584734916687 1754
1783613212015 0.24958083033561707 1755
1783613212149 0.2645348012447357 1756
1783613212304 0.2460503727197647 1757
1783613212446 0.26700830459594727 1758
1783613212588 0.26586055755615234 1759
1783613212788 0.2563572824001312 1760
1783613212878 0.2549694776535034 1761
1783613213103 0.2669258117675781 1762
1783613213254 0.2522621154785156 1763
1783613213428 0.2733616232872009 1764
1783613213578 0.27581697702407837 1765
1783613213709 0.2565211057662964 1766
1783613213866 0.25876137614250183 1767
1783613214024 0.28305914998054504 1768
1783613214162 0.2541063129901886 1769
1783613214352 0.2623099982738495 1770
1783613214527 0.26067033410072327 1771
1783613214681 0.2625705599784851 1772
1783613214829 0.25994062423706055 1773
1783613214970 0.27247941493988037 1774
1783613215104 0.2560124397277832 1775
1783613215235 0.2840607166290283 1776
1783613215344 0.2762954831123352 1777
1783613215440 0.2564994990825653 1778
1783613215539 0.2652875483036041 1779
1783613215665 0.2671245336532593 1780
1783613215784 0.2655907869338989 1781
1783613215882 0.2568434774875641 1782
1783613215980 0.26534396409988403 1783
1783613216075 0.25518250465393066 1784
1783613216172 0.24560698866844177 1785
1783613216265 0.2705456018447876 1786
1783613216371 0.23664826154708862 1787
1783613216479 0.27908164262771606 1788
1783613216595 0.2576759159564972 1789
1783613216711 0.255007266998291 1790
1783613216823 0.2656477689743042 1791
1783613216927 0.2624736428260803 1792
1783613217048 0.2473124861717224 1793
1783613217154 0.2561732828617096 1794
1783613217256 0.24884259700775146 1795
1783613217352 0.24460746347904205 1796
1783613217463 0.261756032705307 1797
1783613217585 0.259247750043869 1798
1783613217690 0.25087812542915344 1799
1783613217788 0.2642923891544342 1800
1783613217907 0.27061566710472107 1801
1783613218027 0.26265448331832886 1802
1783613218136 0.2801588475704193 1803
1783613218257 0.27651989459991455 1804
1783613218360 0.2678264379501343 1805
1783613218470 0.27258673310279846 1806
1783613218585 0.26568299531936646 1807
1783613218697 0.26890647411346436 1808
1783613218813 0.24450528621673584 1809
1783613218929 0.26299479603767395 1810
1783613219022 0.2834189236164093 1811
1783613219120 0.24072304368019104 1812
1783613219231 0.2809085547924042 1813
1783613219345 0.260587215423584 1814
1783613219461 0.2646893262863159 1815
1783613219576 0.26516202092170715 1816
1783613219681 0.26545223593711853 1817
1783613219778 0.2478172481060028 1818
1783613219896 0.27591827511787415 1819
1783613220013 0.266902893781662 1820
1783613220128 0.2679831087589264 1821
1783613220230 0.25046828389167786 1822
1783613220344 0.2800314128398895 1823
1783613220464 0.2678653299808502 1824
1783613220635 0.2610469460487366 1825
1783613220736 0.2552242875099182 1826
1783613220828 0.24103833734989166 1827
1783613220923 0.26308590173721313 1828
1783613221020 0.2848471701145172 1829
1783613221144 0.2877705693244934 1830
1783613221250 0.29275384545326233 1831
1783613221364 0.27632686495780945 1832
1783613221451 0.26159149408340454 1833
1783613221555 0.2925778329372406 1834
1783613221647 0.275579035282135 1835
1783613221733 0.26190048456192017 1836
1783613221829 0.2661438286304474 1837
1783613221932 0.28954216837882996 1838
1783613222038 0.26185619831085205 1839
1783613222166 0.2778857946395874 1840
1783613222335 0.2665379047393799 1841
1783613222503 0.27432090044021606 1842
1783613222635 0.27270862460136414 1843
1783613222823 0.25991350412368774 1844
1783613222927 0.2735166549682617 1845
1783613223071 0.2551310360431671 1846
1783613223298 0.2595134377479553 1847
1783613223482 0.266674280166626 1848
1783613223629 0.2681969702243805 1849
1783613223800 0.2666499614715576 1850
1783613223938 0.2593958377838135 1851
1783613224080 0.27060219645500183 1852
1783613224229 0.2515265941619873 1853
1783613224581 0.2451082170009613 1854
1783613224694 0.26814165711402893 1855
1783613224830 0.2552322745323181 1856
1783613224974 0.2652108371257782 1857
1783613225087 0.2643887400627136 1858
1783613225197 0.27309924364089966 1859
1783613225301 0.26692408323287964 1860
1783613225415 0.2648257315158844 1861
1783613225544 0.2650788724422455 1862
1783613225647 0.2625887989997864 1863
1783613225750 0.27144521474838257 1864
1783613225863 0.249227836728096 1865
1783613225969 0.2893102169036865 1866
1783613226055 0.2760707437992096 1867
1783613226152 0.2655698359012604 1868
1783613226252 0.2596862018108368 1869
1783613226352 0.2755593955516815 1870
1783613226459 0.2593919038772583 1871
1783613226565 0.2801981568336487 1872
1783613226672 0.27345946431159973 1873
1783613227402 0.2514056861400604 1874
1783613227492 0.2626502513885498 1875
1783613227596 0.2487359493970871 1876
1783613227696 0.2638772130012512 1877
1783613227796 0.24892482161521912 1878
1783613227888 0.24806074798107147 1879
1783613227991 0.26935070753097534 1880
1783613228085 0.2557257115840912 1881
1783613228191 0.25983908772468567 1882
1783613228291 0.24785485863685608 1883
1783613228380 0.26756995916366577 1884
1783613228473 0.2582153379917145 1885
1783613228587 0.2518581748008728 1886
1783613228690 0.25868314504623413 1887
1783613228799 0.26137372851371765 1888
1783613228925 0.25194522738456726 1889
1783613229034 0.2601074278354645 1890
1783613229148 0.2605191171169281 1891
1783613229260 0.2586900293827057 1892
1783613229427 0.26054316759109497 1893
1783613229550 0.2497871220111847 1894
1783613229670 0.257450133562088 1895
1783613229762 0.25643524527549744 1896
1783613229879 0.2555088400840759 1897
1783613230004 0.2573661804199219 1898
1783613230117 0.2701070308685303 1899
1783613230211 0.27125802636146545 1900
1783613230309 0.26610103249549866 1901
1783613230408 0.265185683965683 1902
1783613230496 0.26833468675613403 1903
1783613230592 0.27100878953933716 1904
1783613230688 0.281114786863327 1905
1783613230788 0.25615671277046204 1906
1783613230888 0.2677433490753174 1907
1783613230991 0.2594754099845886 1908
1783613231097 0.2869845926761627 1909
1783613231230 0.2743953466415405 1910
1783613231344 0.25867727398872375 1911
1783613231451 0.27030879259109497 1912
1783613231549 0.2665309011936188 1913
1783613231650 0.25958356261253357 1914
1783613231778 0.2661585509777069 1915
1783613231889 0.2590266168117523 1916
1783613231992 0.27426427602767944 1917
1783613232098 0.26999813318252563 1918
1783613232211 0.26069003343582153 1919
1783613232324 0.250152587890625 1920
1783613232432 0.26962265372276306 1921
1783613232542 0.24422872066497803 1922
1783613232649 0.26989004015922546 1923
1783613232776 0.26226118206977844 1924
1783613232871 0.26255279779434204 1925
1783613232972 0.2712459862232208 1926
1783613233149 0.2691788971424103 1927
1783613233254 0.2727296054363251 1928
1783613233365 0.2816843092441559 1929
1783613233478 0.25951477885246277 1930
1783613233594 0.26721638441085815 1931
1783613233708 0.25633037090301514 1932
1783613233806 0.2801823914051056 1933
1783613233913 0.2509453296661377 1934
1783613234019 0.25930967926979065 1935
1783613234148 0.2606339454650879 1936
1783613234381 0.2522675096988678 1937
1783613234500 0.25659608840942383 1938
1783613234631 0.26133814454078674 1939
1783613234750 0.25451067090034485 1940
1783613234869 0.26173606514930725 1941
1783613234968 0.26228460669517517 1942
1783613235074 0.24631212651729584 1943
1783613235201 0.2512094974517822 1944
1783613235309 0.2530333995819092 1945
1783613235423 0.25313329696655273 1946
1783613235535 0.23836581408977509 1947
1783613235655 0.2621670961380005 1948
1783613235772 0.27465808391571045 1949
1783613235875 0.2531054615974426 1950
1783613236008 0.2557198703289032 1951
1783613236126 0.2593182623386383 1952
1783613236245 0.2625519931316376 1953
1783613236364 0.27846479415893555 1954
1783613236477 0.2509200870990753 1955
1783613236584 0.2659464478492737 1956
1783613236708 0.27091243863105774 1957
1783613236825 0.24814006686210632 1958
1783613236951 0.25685402750968933 1959
1783613237055 0.2560802698135376 1960
1783613237148 0.2606804370880127 1961
1783613237270 0.2394351363182068 1962
1783613237377 0.25296106934547424 1963
1783613237480 0.254599004983902 1964
1783613237588 0.25389695167541504 1965
1783613237707 0.2634814977645874 1966
1783613237836 0.24909786880016327 1967
1783613237927 0.26957330107688904 1968
1783613238047 0.25517842173576355 1969
1783613238160 0.2690446376800537 1970
1783613238275 0.25683051347732544 1971
1783613238376 0.2459789514541626 1972
1783613238477 0.2635904848575592 1973
1783613238566 0.260376900434494 1974
1783613238657 0.26158225536346436 1975
1783613238766 0.27707672119140625 1976
1783613238871 0.2454390823841095 1977
1783613238960 0.2560625374317169 1978
1783613239046 0.25076353549957275 1979
1783613239141 0.2752911448478699 1980
1783613239238 0.2747519612312317 1981
1783613239340 0.2585090398788452 1982
1783613239446 0.2544839382171631 1983
1783613239532 0.27430638670921326 1984
1783613239635 0.2724844217300415 1985
1783613239752 0.2573464512825012 1986
1783613239876 0.2652873694896698 1987
1783613239992 0.2580665946006775 1988
1783613240090 0.2632335424423218 1989
1783613240193 0.2614496350288391 1990
1783613240291 0.27421891689300537 1991
1783613240393 0.26580312848091125 1992
1783613240507 0.2558334767818451 1993
1783613240639 0.2572667896747589 1994
1783613240744 0.2503874897956848 1995
1783613240877 0.2587040364742279 1996
1783613240992 0.244456946849823 1997
1783613241101 0.241916224360466 1998
1783613241220 0.25225329399108887 1999
1783613241344 0.25798094272613525 2000
1783613241452 0.26230037212371826 2001
1783613241559 0.2533247768878937 2002
1783613241677 0.2758297324180603 2003
1783613241810 0.25513654947280884 2004
1783613241910 0.2784440219402313 2005
1783613242027 0.2649572789669037 2006
1783613242150 0.25658807158470154 2007
1783613242270 0.2518089711666107 2008
1783613242397 0.2383081614971161 2009
1783613242525 0.2524294853210449 2010
1783613242631 0.2531987130641937 2011
1783613242744 0.2685473561286926 2012
1783613242852 0.2412734478712082 2013
1783613242942 0.25330838561058044 2014
1783613243040 0.2634020149707794 2015
1783613243183 0.2512514889240265 2016
1783613243319 0.2304418534040451 2017
1783613243443 0.2600637674331665 2018
1783613243562 0.2589251399040222 2019
1783613243676 0.2656159996986389 2020
1783613243787 0.25720709562301636 2021
1783613243922 0.25353574752807617 2022
1783613244047 0.2655189037322998 2023
1783613244152 0.2441857010126114 2024
1783613244309 0.26848548650741577 2025
1783613244423 0.2728581726551056 2026
1783613244563 0.27186882495880127 2027
1783613244709 0.27284008264541626 2028
1783613244857 0.26064935326576233 2029
1783613245047 0.2619538903236389 2030
1783613245175 0.24564626812934875 2031
1783613245346 0.2611139714717865 2032
1783613245681 0.2570570409297943 2033
1783613245841 0.2528153359889984 2034
1783613246014 0.24733321368694305 2035
1783613246173 0.2615186274051666 2036
1783613246306 0.266211599111557 2037
1783613246458 0.24385923147201538 2038
1783613246613 0.23746879398822784 2039
1783613246760 0.2548646330833435 2040
1783613246914 0.2506631910800934 2041
1783613247101 0.2872738242149353 2042
1783613247260 0.26322904229164124 2043
1783613247404 0.2825157344341278 2044
1783613247549 0.2847195863723755 2045
1783613247689 0.2672553062438965 2046
1783613247850 0.2719545066356659 2047
1783613248314 0.2618046700954437 2048
1783613248447 0.26000356674194336 2049
1783613248606 0.27899497747421265 2050
1783613248744 0.2682238221168518 2051
1783613248875 0.2839146554470062 2052
1783613248991 0.25412970781326294 2053
1783613249096 0.26743409037590027 2054
1783613249245 0.25391092896461487 2055
1783613249456 0.2651277482509613 2056
1783613249601 0.25204360485076904 2057
1783613249757 0.24453863501548767 2058
1783613249904 0.2685115337371826 2059
1783613250049 0.269338995218277 2060
1783613250154 0.25545454025268555 2061
1783613250244 0.25426995754241943 2062
1783613250343 0.27086228132247925 2063
1783613250446 0.2667289972305298 2064
1783613250544 0.27266523241996765 2065
1783613250647 0.2561176121234894 2066
1783613250770 0.2717421054840088 2067
1783613250879 0.25736263394355774 2068
1783613250993 0.25965577363967896 2069
1783613251102 0.2572384178638458 2070
1783613251213 0.24829483032226562 2071
1783613251323 0.2516438961029053 2072
1783613251436 0.2639281451702118 2073
1783613251568 0.27086102962493896 2074
1783613251696 0.2535906434059143 2075
1783613251829 0.26393601298332214 2076
1783613251951 0.2623326778411865 2077
1783613252046 0.257903516292572 2078
1783613252142 0.2600918710231781 2079
1783613252260 0.2725849449634552 2080
1783613252375 0.27174845337867737 2081
1783613252511 0.25530144572257996 2082
1783613252624 0.2585398554801941 2083
1783613252778 0.2677565813064575 2084
1783613252876 0.28569626808166504 2085
1783613252978 0.24250948429107666 2086
1783613253081 0.2707574665546417 2087
1783613253189 0.26385262608528137 2088
1783613253338 0.2539510428905487 2089
1783613253462 0.27734795212745667 2090
1783613253593 0.2695055305957794 2091
1783613253708 0.2641109526157379 2092
1783613253832 0.2670048177242279 2093
1783613253948 0.2769968807697296 2094
1783613254059 0.259441614151001 2095
1783613254193 0.26241007447242737 2096
1783613254293 0.2350080907344818 2097
1783613254408 0.26199883222579956 2098
1783613254541 0.2685343027114868 2099
1783613254656 0.266067773103714 2100
1783613254772 0.2581997215747833 2101
1783613254887 0.2660295367240906 2102
1783613255002 0.26926305890083313 2103
1783613255102 0.25966426730155945 2104
1783613255208 0.26955312490463257 2105
1783613255328 0.27097728848457336 2106
1783613255443 0.27660632133483887 2107
1783613255560 0.2550351619720459 2108
1783613255707 0.2621784508228302 2109
1783613255844 0.2595425844192505 2110
1783613255947 0.2633211612701416 2111
1783613256067 0.2605785131454468 2112
1783613256161 0.26762017607688904 2113
1783613256264 0.2576357126235962 2114
1783613256375 0.2625749409198761 2115
1783613256494 0.24800916016101837 2116
1783613256617 0.2556253969669342 2117
1783613256765 0.25462111830711365 2118
1783613256984 0.25340521335601807 2119
1783613257100 0.24599452316761017 2120
1783613257208 0.25084418058395386 2121
1783613257335 0.2530159056186676 2122
1783613257460 0.26540741324424744 2123
1783613257578 0.2593145966529846 2124
1783613257692 0.2519778311252594 2125
1783613257812 0.2546217143535614 2126
1783613257929 0.25250688195228577 2127
1783613258044 0.25318658351898193 2128
1783613258224 0.25888052582740784 2129
1783613258397 0.26271966099739075 2130
1783613258566 0.2605448067188263 2131
1783613258711 0.2763129770755768 2132
1783613258860 0.2733841836452484 2133
1783613259024 0.266549676656723 2134
1783613259151 0.2709050476551056 2135
1783613259595 0.24662798643112183 2136
1783613259717 0.24996189773082733 2137
1783613259880 0.2703563868999481 2138
1783613260032 0.2480148822069168 2139
1783613260187 0.24651341140270233 2140
1783613260340 0.25142550468444824 2141
1783613260496 0.27649444341659546 2142
1783613260792 0.2842203378677368 2143
1783613260945 0.2603684663772583 2144
1783613261129 0.24433372914791107 2145
1783613261288 0.2587403357028961 2146
1783613261475 0.2513144612312317 2147
1783613261629 0.2366374284029007 2148
1783613261779 0.24720211327075958 2149
1783613261900 0.2555558979511261 2150
1783613262069 0.25393712520599365 2151
1783613262209 0.23618507385253906 2152
1783613262301 0.2572508454322815 2153
1783613262391 0.23707930743694305 2154
1783613262512 0.2654709219932556 2155
1783613262623 0.25172120332717896 2156
1783613262708 0.2749183475971222 2157
1783613262838 0.27064937353134155 2158
1783613262930 0.262128621339798 2159
1783613263033 0.24998770654201508 2160
1783613263144 0.24530936777591705 2161
1783613263257 0.2507030665874481 2162
1783613263402 0.24689409136772156 2163
1783613263530 0.25877055525779724 2164
1783613263634 0.2532518804073334 2165
1783613263747 0.242361381649971 2166
1783613263829 0.25359857082366943 2167
1783613263929 0.2580234110355377 2168
1783613264014 0.23956888914108276 2169
1783613264119 0.25321218371391296 2170
1783613264230 0.2595472037792206 2171
1783613264362 0.2622784674167633 2172
1783613264482 0.24294129014015198 2173
1783613264596 0.2345079928636551 2174
1783613264718 0.2586030066013336 2175
1783613264825 0.2565625309944153 2176
1783613264943 0.2524139881134033 2177
1783613265058 0.2585522532463074 2178
1783613265159 0.25234219431877136 2179
1783613265291 0.25434523820877075 2180
1783613265407 0.26017022132873535 2181
1783613265524 0.2736123204231262 2182
1783613265631 0.25338414311408997 2183
1783613265722 0.25409603118896484 2184
1783613265945 0.2606091797351837 2185
1783613266085 0.2578422725200653 2186
1783613266189 0.2512022852897644 2187
1783613266294 0.2546107769012451 2188
1783613266417 0.24674047529697418 2189
1783613266533 0.26736021041870117 2190
1783613266654 0.28217050433158875 2191
1783613266762 0.25721922516822815 2192
1783613266871 0.2641103267669678 2193
1783613266996 0.25943732261657715 2194
1783613267110 0.2645696997642517 2195
1783613267247 0.26421189308166504 2196
1783613267361 0.2645111382007599 2197
1783613267475 0.25508004426956177 2198
1783613267562 0.262943297624588 2199
1783613267671 0.2508252263069153 2200
1783613267793 0.2602272927761078 2201
1783613267937 0.2646385431289673 2202
1783613268055 0.2696504294872284 2203
1783613268162 0.2778313159942627 2204
1783613268286 0.26457133889198303 2205
1783613268408 0.2767109274864197 2206
1783613268601 0.26420819759368896 2207
1783613268723 0.27424776554107666 2208
1783613268859 0.2514173984527588 2209
1783613268974 0.2491704523563385 2210
1783613269093 0.2617066204547882 2211
1783613269216 0.2678182125091553 2212
1783613269330 0.2646806538105011 2213
1783613269458 0.24290531873703003 2214
1783613269580 0.26093849539756775 2215
1783613269699 0.24909400939941406 2216
1783613269815 0.24757124483585358 2217
1783613269919 0.25476130843162537 2218
1783613270028 0.2434227615594864 2219
1783613270142 0.2458469569683075 2220
1783613270265 0.24481043219566345 2221
1783613270384 0.24949494004249573 2222
1783613270512 0.24960196018218994 2223
1783613270625 0.24469049274921417 2224
1783613270743 0.2391625940799713 2225
1783613270854 0.26506808400154114 2226
1783613270974 0.24884682893753052 2227
1783613271134 0.253478080034256 2228
1783613271237 0.252015084028244 2229
1783613271327 0.2771981954574585 2230
1783613271434 0.2590896785259247 2231
1783613271548 0.2631112337112427 2232
1783613271665 0.2821064293384552 2233
1783613271797 0.23916926980018616 2234
1783613271913 0.2557900846004486 2235
1783613272040 0.2603621184825897 2236
1783613272137 0.23312564194202423 2237
1783613272246 0.26360130310058594 2238
1783613272369 0.26746514439582825 2239
1783613272501 0.28359347581863403 2240
1783613272611 0.2761148512363434 2241
1783613272726 0.27096983790397644 2242
1783613272842 0.25197669863700867 2243
1783613272928 0.2753902077674866 2244
1783613273023 0.2497512251138687 2245
1783613273142 0.26337239146232605 2246
1783613273244 0.24840985238552094 2247
1783613273336 0.25662848353385925 2248
1783613273440 0.24726951122283936 2249
1783613273553 0.2570034861564636 2250
1783613273657 0.25917813181877136 2251
1783613273825 0.25133270025253296 2252
1783613273934 0.2549842596054077 2253
1783613274035 0.25438714027404785 2254
1783613274145 0.25734344124794006 2255
1783613274247 0.25244569778442383 2256
1783613274394 0.26780906319618225 2257
1783613274531 0.25692465901374817 2258
1783613274708 0.2516273558139801 2259
1783613274954 0.2685183584690094 2260
1783613275095 0.2579154670238495 2261
1783613275228 0.24860697984695435 2262
1783613275412 0.27847471833229065 2263
1783613275531 0.25162211060523987 2264
1783613275649 0.24027450382709503 2265
1783613275812 0.2450525313615799 2266
1783613275958 0.26151636242866516 2267
1783613276261 0.2506164014339447 2268
1783613276443 0.2584378123283386 2269
1783613276575 0.25818973779678345 2270
1783613276718 0.2528366148471832 2271
1783613276880 0.26230311393737793 2272
1783613277020 0.2590274512767792 2273
1783613277219 0.25653886795043945 2274
1783613277378 0.23172740638256073 2275
1783613277557 0.25658324360847473 2276
1783613277678 0.24863561987876892 2277
1783613277828 0.24210476875305176 2278
1783613277973 0.2589953541755676 2279
1783613278131 0.24512887001037598 2280
1783613278277 0.24113623797893524 2281
1783613278391 0.2708526849746704 2282
1783613278510 0.24840380251407623 2283
1783613278616 0.23999957740306854 2284
1783613278712 0.2623167634010315 2285
1783613278812 0.2676194906234741 2286
1783613278927 0.2464725375175476 2287
1783613279028 0.25688812136650085 2288
1783613279153 0.25700482726097107 2289
1783613279248 0.24408593773841858 2290
1783613279344 0.2480253428220749 2291
1783613279448 0.2521951198577881 2292
1783613279560 0.2642367482185364 2293
1783613279674 0.29358217120170593 2294
1783613279772 0.2547067403793335 2295
1783613279889 0.25126150250434875 2296
1783613279976 0.2559441328048706 2297
1783613280093 0.2528756260871887 2298
1783613280224 0.24958914518356323 2299
1783613280342 0.25254347920417786 2300
1783613280457 0.25685951113700867 2301
1783613280558 0.25350263714790344 2302
1783613280665 0.2577657699584961 2303
1783613280788 0.25193312764167786 2304
1783613280907 0.2488849014043808 2305
1783613281008 0.2411368489265442 2306
1783613281120 0.26018640398979187 2307
1783613281233 0.26171889901161194 2308
1783613281347 0.25250646471977234 2309
1783613281468 0.27640730142593384 2310
1783613281583 0.25221315026283264 2311
1783613281679 0.25233781337738037 2312
1783613281812 0.2541162371635437 2313
1783613281942 0.2684703469276428 2314
1783613282032 0.2541235685348511 2315
1783613282146 0.24032287299633026 2316
1783613282259 0.2565166652202606 2317
1783613282372 0.24112947285175323 2318
1783613282478 0.24142977595329285 2319
1783613282604 0.2558196187019348 2320
1783613282716 0.25400471687316895 2321
1783613282835 0.2627667784690857 2322
1783613282925 0.2629433870315552 2323
1783613283012 0.24707774817943573 2324
1783613283120 0.2515347898006439 2325
1783613283237 0.2559525966644287 2326
1783613283348 0.2662660479545593 2327
1783613283462 0.27482903003692627 2328
1783613283571 0.28145647048950195 2329
1783613283688 0.2512089014053345 2330
1783613283800 0.25842007994651794 2331
1783613283911 0.24312134087085724 2332
1783613284020 0.275305837392807 2333
1783613284127 0.26129069924354553 2334
1783613284232 0.2566664516925812 2335
1783613284351 0.2679928243160248 2336
1783613284465 0.24279473721981049 2337
1783613284584 0.2692182958126068 2338
1783613284711 0.2906474769115448 2339
1783613284821 0.2666398584842682 2340
1783613284933 0.274669349193573 2341
1783613285045 0.2416335642337799 2342
1783613285176 0.2597130835056305 2343
1783613285316 0.2599104344844818 2344
1783613285419 0.246652752161026 2345
1783613285541 0.2678740322589874 2346
1783613285650 0.2746107876300812 2347
1783613285753 0.28204190731048584 2348
1783613285872 0.25425055623054504 2349
1783613285982 0.2567838430404663 2350
1783613286106 0.28887659311294556 2351
1783613286227 0.2549631893634796 2352
1783613286341 0.26811954379081726 2353
1783613286589 0.262723445892334 2354
1783613286751 0.2532862722873688 2355
1783613286916 0.2559571862220764 2356
1783613287051 0.26118239760398865 2357
1783613287223 0.2530544102191925 2358
1783613287394 0.2623571753501892 2359
1783613287541 0.25058212876319885 2360
1783613287747 0.2601868510246277 2361
1783613287910 0.25280892848968506 2362
1783613288068 0.2576693594455719 2363
1783613288243 0.24378249049186707 2364
1783613288418 0.2592919170856476 2365
1783613288577 0.24996469914913177 2366
1783613288746 0.23378399014472961 2367
1783613288897 0.24273225665092468 2368
1783613289024 0.2639946937561035 2369
1783613289241 0.24863706529140472 2370
1783613289383 0.29118645191192627 2371
1783613289557 0.2610447406768799 2372
1783613289735 0.265235036611557 2373
1783613289856 0.27988266944885254 2374
1783613289996 0.26152467727661133 2375
1783613290127 0.2606610357761383 2376
1783613290301 0.2860048711299896 2377
1783613290425 0.2729637920856476 2378
1783613290536 0.2730221152305603 2379
1783613290657 0.26008710265159607 2380
1783613290769 0.26810184121131897 2381
1783613290891 0.283549427986145 2382
1783613290998 0.2700272500514984 2383
1783613291114 0.26456987857818604 2384
1783613291241 0.2639358341693878 2385
1783613291357 0.27438756823539734 2386
1783613291467 0.2738901674747467 2387
1783613291583 0.24270936846733093 2388
1783613291755 0.2693367898464203 2389
1783613291866 0.2386718988418579 2390
1783613291961 0.2453487366437912 2391
1783613292081 0.25872278213500977 2392
1783613292190 0.2538045346736908 2393
1783613292291 0.26268652081489563 2394
1783613292399 0.2578890025615692 2395
1783613292519 0.24674521386623383 2396
1783613292642 0.24326764047145844 2397
1783613292760 0.26080262660980225 2398
1783613292878 0.26480773091316223 2399
1783613292966 0.2522013187408447 2400
1783613293085 0.24534903466701508 2401
1783613293206 0.24714243412017822 2402
1783613293339 0.25515443086624146 2403
1783613293452 0.24573783576488495 2404
1783613293573 0.24460385739803314 2405
1783613293692 0.2618051767349243 2406
1783613293800 0.25012776255607605 2407
1783613293912 0.24862892925739288 2408
1783613294032 0.26017528772354126 2409
1783613294153 0.2818616032600403 2410
1783613294279 0.2456248551607132 2411
1783613294407 0.2543600797653198 2412
1783613294525 0.25904372334480286 2413
1783613294651 0.2574656009674072 2414
1783613294771 0.27916818857192993 2415
1783613294888 0.24546825885772705 2416
1783613295011 0.2700883448123932 2417
1783613295107 0.263986200094223 2418
1783613295208 0.2630610167980194 2419
1783613295340 0.24722465872764587 2420
1783613295444 0.24951598048210144 2421
1783613295574 0.26573607325553894 2422
1783613295731 0.2476593255996704 2423
1783613295831 0.26486170291900635 2424
1783613295952 0.2549194395542145 2425
1783613296064 0.25507885217666626 2426
1783613296188 0.2576335072517395 2427
1783613296290 0.2518950402736664 2428
1783613296424 0.24532903730869293 2429
1783613296546 0.26254743337631226 2430
1783613296637 0.2636107802391052 2431
1783613296738 0.2882351279258728 2432
1783613296856 0.27780085802078247 2433
1783613297007 0.25660282373428345 2434
1783613297112 0.273532509803772 2435
1783613297217 0.28221893310546875 2436
1783613297326 0.2768017649650574 2437
1783613297434 0.26468464732170105 2438
1783613297518 0.2766273617744446 2439
1783613297642 0.25398051738739014 2440
1783613297751 0.2691356837749481 2441
1783613297857 0.2726091146469116 2442
1783613297991 0.25798487663269043 2443
1783613298294 0.2760612666606903 2444
1783613298415 0.2760610580444336 2445
1783613298543 0.2732875645160675 2446
1783613298671 0.25675076246261597 2447
1783613298793 0.2679186165332794 2448
1783613298909 0.2610588073730469 2449
1783613299037 0.25743600726127625 2450
1783613299155 0.2647673487663269 2451
1783613299271 0.26126158237457275 2452
1783613299386 0.24229112267494202 2453
1783613299534 0.2603605091571808 2454
1783613299667 0.2609736919403076 2455
1783613299789 0.25142839550971985 2456
1783613299912 0.23924313485622406 2457
1783613300020 0.24919191002845764 2458
1783613300123 0.26132601499557495 2459
1783613300231 0.26426202058792114 2460
1783613300337 0.2675420939922333 2461
1783613300437 0.253039687871933 2462
1783613300556 0.24848715960979462 2463
1783613300683 0.24570003151893616 2464
1783613300879 0.26852187514305115 2465
1783613301006 0.26035618782043457 2466
1783613301138 0.2719796597957611 2467
1783613301260 0.25592026114463806 2468
1783613301375 0.254845529794693 2469
1783613301492 0.25240811705589294 2470
1783613301607 0.25386670231819153 2471
1783613301741 0.2575853765010834 2472
1783613301839 0.24969226121902466 2473
1783613302113 0.24829986691474915 2474
1783613302275 0.26323023438453674 2475
1783613302405 0.273049533367157 2476
1783613302508 0.25889185070991516 2477
1783613302651 0.25570541620254517 2478
1783613302806 0.2478921264410019 2479
1783613302907 0.25091320276260376 2480
1783613302998 0.26986679434776306 2481
1783613303121 0.26508358120918274 2482
1783613303237 0.2563306987285614 2483
1783613303404 0.26470282673835754 2484
1783613303522 0.2516653835773468 2485
1783613303662 0.251743882894516 2486
1783613303808 0.26151397824287415 2487
1783613303959 0.22604967653751373 2488
1783613304112 0.256660133600235 2489
1783613304274 0.2389529049396515 2490
1783613304447 0.25843265652656555 2491
1783613304629 0.2502429783344269 2492
1783613304812 0.26055052876472473 2493
1783613304996 0.2577219605445862 2494
1783613305161 0.25559720396995544 2495
1783613305344 0.2574634552001953 2496
1783613305493 0.2530892789363861 2497
1783613305659 0.256471186876297 2498
1783613305802 0.25347623229026794 2499
1783613306081 0.27081549167633057 2500
1783613306231 0.2577645778656006 2501
1783613306377 0.27037420868873596 2502
1783613306526 0.2635588049888611 2503
1783613306660 0.2599199116230011 2504
1783613306844 0.2643401622772217 2505
1783613306970 0.27956944704055786 2506
1783613307078 0.27287694811820984 2507
1783613307226 0.2446579486131668 2508
1783613307462 0.2640515863895416 2509
1783613307589 0.26065415143966675 2510
1783613307707 0.241522416472435 2511
1783613307824 0.25075507164001465 2512
1783613307940 0.2411276400089264 2513
1783613308043 0.2537751793861389 2514
1783613308159 0.2527458667755127 2515
1783613308274 0.2508503496646881 2516
1783613308386 0.26195481419563293 2517
1783613308508 0.26270946860313416 2518
1783613308659 0.24664516746997833 2519
1783613308758 0.26087820529937744 2520
1783613308868 0.2573580741882324 2521
1783613309004 0.2444499284029007 2522
1783613309109 0.25871267914772034 2523
1783613309191 0.2667384743690491 2524
1783613309298 0.2572287619113922 2525
1783613309410 0.2662120461463928 2526
1783613309512 0.2504815459251404 2527
1783613309621 0.24874508380889893 2528
1783613309745 0.24329955875873566 2529
1783613309856 0.25115346908569336 2530
1783613310011 0.27298399806022644 2531
1783613310132 0.26008141040802 2532
1783613310253 0.24911704659461975 2533
1783613310372 0.26550590991973877 2534
1783613310474 0.2541305422782898 2535
1783613310582 0.253276526927948 2536
1783613310707 0.26216256618499756 2537
1783613310842 0.25878840684890747 2538
1783613310940 0.25162434577941895 2539
1783613311056 0.24622800946235657 2540
1783613311289 0.2656204104423523 2541
1783613311384 0.2532711923122406 2542
1783613311492 0.24155351519584656 2543
1783613311601 0.26316553354263306 2544
1783613311700 0.2510223090648651 2545
1783613311802 0.2753894627094269 2546
1783613311883 0.2386118620634079 2547
1783613311996 0.261165976524353 2548
1783613312100 0.257242351770401 2549
1783613312202 0.23789741098880768 2550
1783613312397 0.26270851492881775 2551
1783613312522 0.2601645588874817 2552
1783613312644 0.2828856408596039 2553
1783613312747 0.272607684135437 2554
1783613312859 0.2619210481643677 2555
1783613312956 0.264183908700943 2556
1783613313053 0.2623704671859741 2557
1783613313178 0.26322630047798157 2558
1783613313283 0.2621217370033264 2559
1783613313404 0.2744315266609192 2560
1783613313543 0.2646874189376831 2561
1783613313678 0.2503490746021271 2562
1783613313792 0.27845197916030884 2563
1783613313923 0.2588096261024475 2564
1783613314020 0.2546410858631134 2565
1783613314125 0.24356822669506073 2566
1783613314224 0.253493994474411 2567
1783613314328 0.2732451260089874 2568
1783613314453 0.2473939061164856 2569
1783613314576 0.2678459584712982 2570
1783613314683 0.26539120078086853 2571
1783613314783 0.25619468092918396 2572
1783613314917 0.2673184871673584 2573
1783613315025 0.25984132289886475 2574
1783613315121 0.26020219922065735 2575
1783613315223 0.26880747079849243 2576
1783613315315 0.27170413732528687 2577
1783613315424 0.27515625953674316 2578
1783613315542 0.27821359038352966 2579
1783613315639 0.2864719331264496 2580
1783613315747 0.25390106439590454 2581
1783613315852 0.265154629945755 2582
1783613315939 0.25359582901000977 2583
1783613316046 0.2720409035682678 2584
1783613316159 0.2786623239517212 2585
1783613316375 0.26754510402679443 2586
1783613316495 0.26196783781051636 2587
1783613316625 0.267200767993927 2588
1783613316732 0.2646680474281311 2589
1783613316830 0.2628776729106903 2590
1783613316940 0.2667820453643799 2591
1783613317037 0.2682570219039917 2592
1783613317141 0.25601673126220703 2593
1783613317227 0.2606639862060547 2594
1783613317326 0.2626350522041321 2595
1783613317431 0.25816380977630615 2596
1783613317552 0.24074135720729828 2597
1783613317669 0.26959162950515747 2598
1783613317822 0.2578808069229126 2599
1783613318001 0.26275569200515747 2600
1783613318167 0.2595738470554352 2601
1783613318325 0.25811243057250977 2602
1783613318461 0.2620066702365875 2603
1783613318601 0.25874271988868713 2604
1783613318815 0.28284966945648193 2605
1783613318975 0.2651497721672058 2606
1783613319126 0.2602574825286865 2607
1783613319297 0.24881546199321747 2608
1783613319447 0.25860396027565 2609
1783613319587 0.25957515835762024 2610
1783613319743 0.2501920461654663 2611
1783613320143 0.2593652307987213 2612
1783613320300 0.2468973994255066 2613
1783613320449 0.26519685983657837 2614
1783613320575 0.2769211232662201 2615
1783613320724 0.2558304965496063 2616
1783613320872 0.2593543827533722 2617
1783613321022 0.24159696698188782 2618
1783613321178 0.2533887028694153 2619
1783613321578 0.2697365880012512 2620
1783613321725 0.26509323716163635 2621
1783613321877 0.2668168842792511 2622
1783613322047 0.25422176718711853 2623
1783613322209 0.2621223032474518 2624
1783613322380 0.2569290101528168 2625
1783613322528 0.26317715644836426 2626
1783613322670 0.2484045773744583 2627
1783613322809 0.25971102714538574 2628
1783613322913 0.2424938827753067 2629
1783613323002 0.2641843557357788 2630
1783613323102 0.2615875005722046 2631
1783613323213 0.25502461194992065 2632
1783613323341 0.2550206184387207 2633
1783613323458 0.27393507957458496 2634
1783613323572 0.23940645158290863 2635
1783613323697 0.2589036524295807 2636
1783613323813 0.2701113820075989 2637
1783613323949 0.26941531896591187 2638
1783613324055 0.25111690163612366 2639
1783613324159 0.26225176453590393 2640
1783613324275 0.28951478004455566 2641
1783613324408 0.24667108058929443 2642
1783613324519 0.2669766843318939 2643
1783613324641 0.2606815695762634 2644
1783613324744 0.2604379653930664 2645
1783613324859 0.24865536391735077 2646
1783613324985 0.26234444975852966 2647
1783613325091 0.25228267908096313 2648
1783613325212 0.24710534512996674 2649
1783613325336 0.258637011051178 2650
1783613325431 0.26039496064186096 2651
1783613325544 0.2625206410884857 2652
1783613325660 0.2543393075466156 2653
1783613325789 0.264878511428833 2654
1783613325908 0.2609387934207916 2655
1783613326022 0.25055843591690063 2656
1783613326153 0.2518863379955292 2657
1783613326272 0.26047420501708984 2658
1783613326407 0.25739017128944397 2659
1783613326510 0.2735251188278198 2660
1783613326602 0.25405237078666687 2661
1783613326702 0.26135072112083435 2662
1783613326796 0.2663170397281647 2663
1783613326886 0.24241381883621216 2664
1783613326992 0.2647184133529663 2665
1783613327089 0.2592146396636963 2666
1783613327187 0.2588452398777008 2667
1783613327299 0.2635904848575592 2668
1783613327406 0.24891848862171173 2669
1783613327510 0.258148729801178 2670
1783613327608 0.2637324929237366 2671
1783613327732 0.26969197392463684 2672
1783613327840 0.24999293684959412 2673
1783613327947 0.25625765323638916 2674
1783613328072 0.26895129680633545 2675
1783613328170 0.25022682547569275 2676
1783613328269 0.26658186316490173 2677
1783613328369 0.2612682580947876 2678
1783613328488 0.26879972219467163 2679
1783613328603 0.2748682498931885 2680
1783613328717 0.2555505037307739 2681
1783613328830 0.27018582820892334 2682
1783613328959 0.26765552163124084 2683
1783613329080 0.26280108094215393 2684
1783613329179 0.2733886241912842 2685
1783613329298 0.2662458121776581 2686
1783613329421 0.2637994885444641 2687
1783613329537 0.26081061363220215 2688
1783613329658 0.2554054260253906 2689
1783613329758 0.25640225410461426 2690
1783613329872 0.24959038197994232 2691
1783613329989 0.2483603060245514 2692
1783613330108 0.24584774672985077 2693
1783613330212 0.2417180985212326 2694
1783613330336 0.24873146414756775 2695
1783613330459 0.25884899497032166 2696
1783613330568 0.26060256361961365 2697
1783613330679 0.2576353847980499 2698
1783613330804 0.25097551941871643 2699
1783613330957 0.2650338113307953 2700
1783613331074 0.2627144753932953 2701
1783613331188 0.26228421926498413 2702
1783613331280 0.2568199038505554 2703
1783613331388 0.2595999836921692 2704
1783613331502 0.26035940647125244 2705
1783613331605 0.24324417114257812 2706
1783613331715 0.24132303893566132 2707
1783613331821 0.25212666392326355 2708
1783613331940 0.2604575753211975 2709
1783613332040 0.23934781551361084 2710
1783613332150 0.2677417993545532 2711
1783613332255 0.2651534676551819 2712
1783613332361 0.2751404047012329 2713
1783613332462 0.2567192018032074 2714
1783613332575 0.2572742700576782 2715
1783613332688 0.25692063570022583 2716
1783613332827 0.2539014518260956 2717
1783613332934 0.23876124620437622 2718
1783613333032 0.25472551584243774 2719
1783613333151 0.2541809380054474 2720
1783613333268 0.2590811848640442 2721
1783613333389 0.2629071772098541 2722
1783613333487 0.2598918676376343 2723
1783613333587 0.2605704963207245 2724
1783613333699 0.2570057213306427 2725
1783613333810 0.2581867575645447 2726
1783613333927 0.25871604681015015 2727
1783613334041 0.2651433050632477 2728
1783613334167 0.2696327567100525 2729
1783613334292 0.26967960596084595 2730
1783613334411 0.26032528281211853 2731
1783613334520 0.25819966197013855 2732
1783613334646 0.2723257839679718 2733
1783613334771 0.25961899757385254 2734
1783613334888 0.26181668043136597 2735
1783613335001 0.2733008861541748 2736
1783613335123 0.25183984637260437 2737
1783613335245 0.2561144530773163 2738
1783613335367 0.26949551701545715 2739
1783613335471 0.2832890748977661 2740
1783613335589 0.2546016573905945 2741
1783613335683 0.24273689091205597 2742
1783613335791 0.27519646286964417 2743
1783613335895 0.28581929206848145 2744
1783613336023 0.27263760566711426 2745
1783613336123 0.24732470512390137 2746
1783613336230 0.2525315582752228 2747
1783613336325 0.26136648654937744 2748
1783613336427 0.2569948434829712 2749
1783613336690 0.25404614210128784 2750
1783613336805 0.27234455943107605 2751
1783613336905 0.2430649846792221 2752
1783613337031 0.25675830245018005 2753
1783613337175 0.25431516766548157 2754
1783613337326 0.2586653530597687 2755
1783613337505 0.27217090129852295 2756
1783613337684 0.26165276765823364 2757
1783613337835 0.26339825987815857 2758
1783613338075 0.24651728570461273 2759
1783613338211 0.255236953496933 2760
1783613338359 0.2528848350048065 2761
1783613338491 0.2612602412700653 2762
1783613338649 0.2514440715312958 2763
1783613338793 0.24687692523002625 2764
1783613338906 0.24628746509552002 2765
1783613339196 0.25000131130218506 2766
1783613339363 0.2514721155166626 2767
1783613339523 0.2579309642314911 2768
1783613339657 0.2572455406188965 2769
1783613339803 0.2648222744464874 2770
1783613339920 0.25282353162765503 2771
1783613340063 0.26401829719543457 2772
1783613340244 0.2580323815345764 2773
1783613340515 0.24713554978370667 2774
1783613340663 0.2619398534297943 2775
1783613340828 0.24753566086292267 2776
1783613340976 0.25385260581970215 2777
1783613341111 0.2530220150947571 2778
1783613341274 0.26764681935310364 2779
1783613341456 0.27149343490600586 2780
1783613341706 0.26169833540916443 2781
1783613341833 0.2649206519126892 2782
1783613341942 0.250214546918869 2783
1783613342054 0.2441481500864029 2784
1783613342172 0.24577809870243073 2785
1783613342296 0.2604500353336334 2786
1783613342413 0.2696995139122009 2787
1783613342527 0.2555113136768341 2788
1783613342643 0.25226646661758423 2789
1783613342749 0.2680938243865967 2790
1783613342875 0.2663094997406006 2791
1783613342974 0.24965767562389374 2792
1783613343072 0.2658250629901886 2793
1783613343165 0.2600210905075073 2794
1783613343261 0.25092390179634094 2795
1783613343377 0.2524232864379883 2796
1783613343499 0.25790634751319885 2797
1783613343620 0.256537526845932 2798
1783613343717 0.25397831201553345 2799
1783613343827 0.2568804919719696 2800
1783613343923 0.24551427364349365 2801
1783613344034 0.2546970546245575 2802
1783613344256 0.2519659399986267 2803
1783613344379 0.2608902156352997 2804
1783613344507 0.25059548020362854 2805
1783613344609 0.24784508347511292 2806
1783613344721 0.2564546465873718 2807
1783613344830 0.2589293420314789 2808
1783613344930 0.24766485393047333 2809
1783613345045 0.253690242767334 2810
