1783703228541 2.3005449771881104 0
1783703228683 2.2979071140289307 1
1783703228791 2.4723033905029297 2
1783703228881 2.3134546279907227 3
1783703228971 2.2998058795928955 4
1783703229074 2.0250728130340576 5
1783703229172 1.98032808303833 6
1783703229281 2.3086678981781006 7
1783703229382 1.9686108827590942 8
1783703229492 1.8257328271865845 9
1783703229594 1.9525439739227295 10
1783703229714 1.9403254985809326 11
1783703229826 1.7681622505187988 12
1783703229930 1.5897279977798462 13
1783703230049 1.8233046531677246 14
1783703230163 1.7032716274261475 15
1783703230270 1.6682788133621216 16
1783703230374 1.5733641386032104 17
1783703230467 1.5151549577713013 18
1783703230557 1.6429469585418701 19
1783703230647 1.5019757747650146 20
1783703230741 1.327752947807312 21
1783703230853 1.170306921005249 22
1783703230958 1.446812391281128 23
1783703231070 1.2043110132217407 24
1783703231186 1.101933479309082 25
1783703231291 1.2995740175247192 26
1783703231390 1.394955039024353 27
1783703231483 1.2092399597167969 28
1783703231563 1.2368258237838745 29
1783703231659 1.1865330934524536 30
1783703231746 1.085852861404419 31
1783703231853 1.1998953819274902 32
1783703231944 1.4048738479614258 33
1783703232056 1.398984432220459 34
1783703232161 1.2202467918395996 35
1783703232267 1.0740714073181152 36
1783703232365 1.0774056911468506 37
1783703232485 1.0363682508468628 38
1783703232586 1.0003011226654053 39
1783703232677 1.244078278541565 40
1783703232761 0.983029842376709 41
1783703232862 0.9915812015533447 42
1783703232981 0.8791184425354004 43
1783703233060 1.1569688320159912 44
1783703233164 0.8238084316253662 45
1783703233255 1.0271962881088257 46
1783703233354 1.025089979171753 47
1783703233458 0.7886609435081482 48
1783703233578 0.8341673016548157 49
1783703233679 1.1086570024490356 50
1783703233791 0.923528254032135 51
1783703233899 0.8558802008628845 52
1783703233998 0.7298803925514221 53
1783703234095 0.6760184168815613 54
1783703234202 1.0345655679702759 55
1783703234306 0.704670250415802 56
1783703234393 0.9485782980918884 57
1783703234505 0.6959595084190369 58
1783703234603 0.7983887791633606 59
1783703234701 0.9419654011726379 60
1783703234804 0.9311783313751221 61
1783703234906 0.902093231678009 62
1783703235015 0.770224392414093 63
1783703235143 0.7882683873176575 64
1783703235272 0.8818366527557373 65
1783703235369 1.02371084690094 66
1783703235470 0.6656159162521362 67
1783703235562 0.9746070504188538 68
1783703235664 0.9273785948753357 69
1783703235772 0.6816393136978149 70
1783703235875 0.7850111722946167 71
1783703235996 0.744060754776001 72
1783703236105 0.8780093789100647 73
1783703236223 0.6849921345710754 74
1783703236341 0.6369616389274597 75
1783703236473 0.6850396990776062 76
1783703236586 0.9440692067146301 77
1783703236677 0.699385404586792 78
1783703236771 0.6128325462341309 79
1783703236891 0.5803564786911011 80
1783703236990 0.696790337562561 81
1783703237081 0.8549641370773315 82
1783703237215 0.6940834522247314 83
1783703237337 0.5526707172393799 84
1783703237427 0.4800056517124176 85
1783703237561 0.8016453981399536 86
1783703237669 0.6356704831123352 87
1783703237777 0.8432735204696655 88
1783703237877 0.5881307125091553 89
1783703237968 0.7717653512954712 90
1783703238076 0.7223659157752991 91
1783703238182 0.5416291356086731 92
1783703238304 0.7955377101898193 93
1783703238406 0.5144364833831787 94
1783703238499 0.49311769008636475 95
1783703238609 0.5593880414962769 96
1783703238705 0.7268298268318176 97
1783703238798 0.6293532252311707 98
1783703238926 0.6079925894737244 99
1783703239031 0.5538105368614197 100
1783703239144 0.5688416957855225 101
1783703239249 0.6817944049835205 102
1783703239348 0.7382976412773132 103
1783703239463 0.41065338253974915 104
1783703239553 0.5501489043235779 105
1783703239648 0.42070430517196655 106
1783703239738 0.6805027723312378 107
1783703239816 0.6902420520782471 108
1783703239909 0.5474531054496765 109
1783703240028 0.8434605598449707 110
1783703240140 0.6430237889289856 111
1783703240241 0.6913474202156067 112
1783703240346 0.7632752656936646 113
1783703240443 0.5465099215507507 114
1783703240549 0.6732683181762695 115
1783703240651 0.6451094150543213 116
1783703240744 0.8486804366111755 117
1783703240848 0.5976466536521912 118
1783703240947 0.47413358092308044 119
1783703241051 0.7894613742828369 120
1783703241154 0.6953811049461365 121
1783703241266 0.5150867104530334 122
1783703241369 0.5205418467521667 123
1783703241491 0.5587660670280457 124
1783703241596 0.6818985939025879 125
1783703241675 0.5596809387207031 126
1783703241779 0.5617631673812866 127
1783703241873 0.805179238319397 128
1783703241969 0.5384962558746338 129
1783703242066 0.4915770888328552 130
1783703242184 0.4967712163925171 131
1783703242285 0.6525393724441528 132
1783703242378 0.47245943546295166 133
1783703242470 0.7683979868888855 134
1783703242577 0.5616186857223511 135
1783703242679 0.5261664390563965 136
1783703242772 0.395123690366745 137
1783703242862 0.46214669942855835 138
1783703242961 0.37094846367836 139
1783703243044 0.6230182647705078 140
1783703243141 0.5844970345497131 141
1783703243216 0.48264533281326294 142
1783703243315 0.9337664246559143 143
1783703243396 0.6468273401260376 144
1783703243486 0.8463282585144043 145
1783703243584 0.4442894160747528 146
1783703243672 0.6753252744674683 147
1783703243738 0.6606796979904175 148
1783703243826 0.6289142370223999 149
1783703243936 0.6334360241889954 150
1783703244047 0.7094912528991699 151
1783703244127 0.5950208306312561 152
1783703244251 0.5309284329414368 153
1783703244373 0.8301802277565002 154
1783703244534 0.5253167748451233 155
1783703244704 0.7671469449996948 156
1783703244838 0.6595681309700012 157
1783703245005 0.49322599172592163 158
1783703245210 0.48055464029312134 159
1783703245325 0.4754931926727295 160
1783703245449 0.6485081315040588 161
1783703245541 0.8627833127975464 162
1783703245669 0.5820998549461365 163
1783703245845 0.7003997564315796 164
1783703245983 0.4716986119747162 165
1783703246153 0.41311779618263245 166
1783703246305 0.5382471680641174 167
1783703246498 0.4940224885940552 168
1783703246694 0.7689996957778931 169
1783703246818 0.644770085811615 170
1783703246928 0.3691558241844177 171
1783703247038 0.6351694464683533 172
1783703247165 0.5517129302024841 173
1783703247302 0.5745341777801514 174
1783703247435 0.561760425567627 175
1783703247578 0.7406162619590759 176
1783703247752 0.46746984124183655 177
1783703247938 0.527195394039154 178
1783703248064 0.2860548794269562 179
1783703248186 0.6618589162826538 180
1783703248343 0.7439103722572327 181
1783703248487 0.6362425684928894 182
1783703248636 0.42587247490882874 183
1783703248802 0.6656732559204102 184
1783703248953 0.382122665643692 185
1783703249150 0.3477221131324768 186
1783703249277 0.4370393753051758 187
1783703249404 0.32503387331962585 188
1783703249534 0.482613205909729 189
1783703249665 0.6026851534843445 190
1783703249834 0.31071603298187256 191
1783703249989 0.5874934792518616 192
1783703250158 0.7485015392303467 193
1783703250303 0.40714365243911743 194
1783703250484 0.6402218341827393 195
1783703250631 0.9765211939811707 196
1783703250729 0.4257223606109619 197
1783703250866 0.3954293727874756 198
1783703251015 0.3568706810474396 199
1783703251168 0.37865734100341797 200
1783703251307 0.5527448058128357 201
1783703251422 0.46605396270751953 202
1783703251605 0.4312698245048523 203
1783703251796 0.5189794301986694 204
1783703251963 0.3812074661254883 205
1783703252069 0.5588428974151611 206
1783703252199 0.6843110918998718 207
1783703252333 0.4071704149246216 208
1783703252452 0.5267370939254761 209
1783703252593 0.51626056432724 210
1783703252727 0.6988914608955383 211
1783703252867 0.5514296293258667 212
1783703253131 0.5197663903236389 213
1783703253265 0.7168360352516174 214
1783703253421 0.2957448959350586 215
1783703253565 0.4096820056438446 216
1783703253702 0.6743080019950867 217
1783703253855 0.5295149087905884 218
1783703253998 0.6745151281356812 219
1783703254157 0.5602136850357056 220
1783703254364 0.6777451038360596 221
1783703254562 0.3996661603450775 222
1783703254711 0.7341472506523132 223
1783703254852 0.697772741317749 224
1783703255015 0.5183214545249939 225
1783703255200 0.6256160736083984 226
1783703255319 0.40366247296333313 227
1783703255442 0.4367099106311798 228
1783703255533 0.5335988402366638 229
1783703255628 0.3459751307964325 230
1783703255804 0.44580551981925964 231
1783703255953 0.6307992339134216 232
1783703256084 0.5047738552093506 233
1783703256237 0.48920807242393494 234
1783703256403 0.2845410406589508 235
1783703256554 0.47300875186920166 236
1783703256721 0.4663636088371277 237
1783703256871 0.5646083950996399 238
1783703257050 0.7493433356285095 239
1783703257228 0.4092814028263092 240
1783703257393 0.3460678458213806 241
1783703257596 0.28941836953163147 242
1783703257764 0.4932315945625305 243
1783703257927 0.4064677357673645 244
1783703258059 0.6235272884368896 245
1783703258225 0.225432351231575 246
1783703258431 0.5211670994758606 247
1783703258614 0.427010715007782 248
1783703258725 0.44364863634109497 249
1783703258900 0.4341549873352051 250
1783703259060 0.3365601599216461 251
1783703259199 0.44863104820251465 252
1783703259344 0.47144046425819397 253
1783703259499 0.32562828063964844 254
1783703259715 0.6537686586380005 255
1783703259892 0.5503425002098083 256
1783703260010 0.2877485454082489 257
1783703260174 0.38501161336898804 258
1783703260361 0.5280137062072754 259
1783703260500 0.7233586311340332 260
1783703260667 0.7014524340629578 261
1783703260796 0.4532683193683624 262
1783703261023 0.38973861932754517 263
1783703261174 0.5228647589683533 264
1783703261320 0.5025560855865479 265
1783703261491 0.4174833595752716 266
1783703261640 0.5191632509231567 267
1783703261798 0.3550938665866852 268
1783703261944 0.3665158450603485 269
1783703262074 0.3231520652770996 270
1783703262198 0.340631902217865 271
1783703262385 0.7246997952461243 272
1783703262526 0.5428019165992737 273
1783703262658 0.5025111436843872 274
1783703262823 0.5100417137145996 275
1783703262959 0.3028455674648285 276
1783703263125 0.709701418876648 277
1783703263231 0.5048786401748657 278
1783703263359 0.3629967272281647 279
1783703263513 0.45550891757011414 280
1783703263681 0.5743820071220398 281
1783703263816 0.3516747057437897 282
1783703263961 0.23707786202430725 283
1783703264131 0.2568834125995636 284
1783703264233 0.4508831799030304 285
1783703264317 0.6648949384689331 286
1783703264394 0.36576998233795166 287
1783703264471 0.6412274837493896 288
1783703264548 0.724897563457489 289
1783703264653 0.5658005475997925 290
1783703264739 0.2650100886821747 291
1783703264824 0.7653652429580688 292
1783703264929 0.8937883377075195 293
1783703265057 0.6371517777442932 294
1783703265162 0.4094723165035248 295
1783703265255 0.374030202627182 296
1783703265335 0.6933817863464355 297
1783703265427 0.5297062397003174 298
1783703265549 0.3121005594730377 299
1783703265649 0.452323317527771 300
1783703265815 0.417031854391098 301
1783703265986 0.28244656324386597 302
1783703266153 0.45237472653388977 303
1783703266299 0.5910540223121643 304
1783703266424 0.5358671545982361 305
1783703266571 0.2882158160209656 306
1783703266763 0.3196204900741577 307
1783703266974 0.49769076704978943 308
1783703267113 0.2847389280796051 309
1783703267252 0.5908597707748413 310
1783703267437 0.22025147080421448 311
1783703267554 0.41391074657440186 312
1783703267661 0.17617522180080414 313
1783703267795 0.3637600243091583 314
1783703267951 0.2997923791408539 315
1783703268086 0.21089784801006317 316
1783703268197 0.29427871108055115 317
1783703268315 0.3688500225543976 318
1783703268427 0.28278279304504395 319
1783703268519 0.3439950942993164 320
1783703268620 0.20548833906650543 321
1783703268724 0.45014211535453796 322
1783703268829 0.2764318585395813 323
1783703268921 0.384000688791275 324
1783703269014 0.44767192006111145 325
1783703269120 0.2754577100276947 326
1783703269219 0.6576998233795166 327
1783703269331 0.31175708770751953 328
1783703269432 0.42542681097984314 329
1783703269541 0.25235098600387573 330
1783703269647 0.48748111724853516 331
1783703269762 0.5466481447219849 332
1783703269862 0.4630711078643799 333
1783703269958 0.5011468529701233 334
1783703270072 0.6002809405326843 335
1783703270162 0.31541574001312256 336
1783703270255 0.401650995016098 337
1783703270348 0.4871528744697571 338
1783703270440 0.48028671741485596 339
1783703270553 0.5406017899513245 340
1783703270669 0.56899493932724 341
1783703270778 0.37030601501464844 342
1783703270878 0.3870067596435547 343
1783703270979 0.6131365299224854 344
1783703271068 0.17635831236839294 345
1783703271162 0.5327724814414978 346
1783703271267 0.5820395946502686 347
1783703271365 0.44810423254966736 348
1783703271445 0.3788260519504547 349
1783703271523 0.8453755378723145 350
1783703271612 0.7768970727920532 351
1783703271711 0.41273680329322815 352
1783703271814 0.522575855255127 353
1783703271917 0.4965835511684418 354
1783703272019 0.22038188576698303 355
1783703272126 0.8166658282279968 356
1783703272216 0.47006919980049133 357
1783703272292 0.39106428623199463 358
1783703272402 0.47247961163520813 359
1783703272517 0.411533385515213 360
1783703272621 0.4365166425704956 361
1783703272715 0.2793959081172943 362
1783703272799 0.5278910994529724 363
1783703272893 0.35498756170272827 364
1783703272997 0.46114903688430786 365
1783703273091 0.49183881282806396 366
1783703273181 0.30251309275627136 367
1783703273275 0.36722373962402344 368
1783703273367 0.4722859859466553 369
1783703273503 0.32370322942733765 370
1783703273649 0.6586346626281738 371
1783703273769 0.4194079637527466 372
1783703273860 0.5395421385765076 373
1783703273979 0.4965686500072479 374
1783703274073 0.773708701133728 375
1783703274178 0.3682517409324646 376
1783703274315 0.2712145447731018 377
1783703274480 0.18117640912532806 378
1783703274636 0.35103607177734375 379
1783703274744 0.5844482779502869 380
1783703274901 0.4462401568889618 381
1783703275077 0.37781503796577454 382
1783703275218 0.3153778910636902 383
1783703275365 0.23285594582557678 384
1783703275500 0.5977423787117004 385
1783703275591 0.3121020197868347 386
1783703275740 0.5401939749717712 387
1783703275884 0.4620015621185303 388
1783703276010 0.2974223792552948 389
1783703276175 0.3078598976135254 390
1783703276434 0.24538956582546234 391
1783703276581 0.43608158826828003 392
1783703276708 0.5114575028419495 393
1783703276873 0.3085668385028839 394
1783703276998 0.319653183221817 395
1783703277133 0.2474641352891922 396
1783703277273 0.3506973385810852 397
1783703277432 0.33169639110565186 398
1783703277685 0.3595440685749054 399
1783703277835 0.18078261613845825 400
1783703277969 0.23587249219417572 401
1783703278105 0.5310180187225342 402
1783703278258 0.641349196434021 403
1783703278357 0.5120753645896912 404
1783703278512 0.316106915473938 405
1783703278659 0.30495986342430115 406
1783703278824 0.45277172327041626 407
1783703279050 0.37589555978775024 408
1783703279191 0.49127197265625 409
1783703279333 0.7279675006866455 410
1783703279434 0.4605034291744232 411
1783703279599 0.5105137825012207 412
1783703279728 0.31119304895401 413
1783703279864 0.519996702671051 414
1783703280010 0.23182037472724915 415
1783703280197 0.7957923412322998 416
1783703280380 0.3890167474746704 417
1783703280516 0.4575200080871582 418
1783703280666 0.45180392265319824 419
1783703280773 0.2907533049583435 420
1783703280926 0.3550632894039154 421
1783703281064 0.41404497623443604 422
1783703281155 0.323462575674057 423
1783703281299 0.6034970879554749 424
1783703281468 0.25837841629981995 425
1783703281621 0.45035141706466675 426
1783703281750 0.26878267526626587 427
1783703281874 0.4460618793964386 428
1783703282013 0.5372024178504944 429
1783703282175 0.4244385361671448 430
1783703282281 0.5893556475639343 431
1783703282450 0.42250001430511475 432
1783703282595 0.5220146775245667 433
1783703282734 0.3016822636127472 434
1783703282890 0.3877525329589844 435
1783703283030 0.3299006521701813 436
1783703283166 0.41556936502456665 437
1783703283303 0.3306080996990204 438
1783703283440 0.40965765714645386 439
1783703283575 0.3776921331882477 440
1783703283732 0.7017087340354919 441
1783703283870 0.7238686680793762 442
1783703284045 0.2812955677509308 443
1783703284181 0.2895607650279999 444
1783703284303 0.24520742893218994 445
1783703284412 0.5110488533973694 446
1783703284529 0.4932921230792999 447
1783703284662 0.44847360253334045 448
1783703284776 0.7251124382019043 449
1783703284877 0.3973747491836548 450
1783703285021 0.22684037685394287 451
1783703285178 0.700749933719635 452
1783703285382 0.4902387857437134 453
1783703285476 0.5453220009803772 454
1783703285566 0.44798555970191956 455
1783703285678 0.2231842279434204 456
1783703285831 0.3826145827770233 457
1783703285926 0.22019805014133453 458
1783703286038 0.31567075848579407 459
1783703286148 0.490023672580719 460
1783703286283 0.29573720693588257 461
1783703286424 0.7308364510536194 462
1783703286691 0.3537427484989166 463
1783703286822 0.4408184885978699 464
1783703286964 0.4415320158004761 465
1783703287155 0.48691844940185547 466
1783703287252 0.29644784331321716 467
1783703287445 0.3586471378803253 468
1783703287618 0.725554883480072 469
1783703287782 0.25477543473243713 470
1783703287965 0.32675331830978394 471
1783703288098 0.5984808206558228 472
1783703288199 0.6366415619850159 473
1783703288328 0.5032718777656555 474
1783703288432 0.5237868428230286 475
1783703288563 0.3060881495475769 476
1783703288655 0.6362729072570801 477
1783703288764 0.3042071461677551 478
1783703288896 0.38321250677108765 479
1783703289041 0.556877076625824 480
1783703289207 0.44185709953308105 481
1783703289325 0.22110974788665771 482
1783703289477 0.5232785940170288 483
1783703289620 0.49333423376083374 484
1783703289746 0.5705509185791016 485
1783703289885 0.5791645646095276 486
1783703289991 0.4713999927043915 487
1783703290128 0.5545028448104858 488
1783703290270 0.4230514466762543 489
1783703290420 0.4101678729057312 490
1783703290580 0.40698274970054626 491
1783703290725 0.5795068740844727 492
1783703290847 0.16268223524093628 493
1783703290996 0.41389307379722595 494
1783703291096 0.559866726398468 495
1783703291226 0.16041289269924164 496
1783703291338 0.3896676301956177 497
1783703291462 0.5626721978187561 498
1783703291743 0.3191152811050415 499
1783703291894 0.37974128127098083 500
1783703292042 0.5335301160812378 501
1783703292188 0.24297456443309784 502
1783703292363 0.22479604184627533 503
1783703292486 0.4213501811027527 504
1783703292633 0.46862736344337463 505
1783703292769 0.644082248210907 506
1783703293062 0.1543094962835312 507
1783703293211 0.29449254274368286 508
1783703293353 0.23823946714401245 509
1783703293474 0.9147294759750366 510
1783703293605 0.48712900280952454 511
1783703293750 0.1386135369539261 512
1783703293895 0.36137959361076355 513
1783703294229 0.34780192375183105 514
1783703294387 0.3604530096054077 515
1783703294518 0.5547654628753662 516
1783703294666 0.3693571090698242 517
1783703294803 0.47712695598602295 518
1783703294925 0.8562317490577698 519
1783703295084 0.46626096963882446 520
1783703295232 0.29770782589912415 521
1783703295364 0.5741490125656128 522
1783703295530 0.4257488250732422 523
1783703295614 0.6339858770370483 524
1783703295700 0.43315404653549194 525
1783703295861 0.3229175806045532 526
1783703296011 0.2086876630783081 527
1783703296148 0.61717289686203 528
1783703296302 0.4744033217430115 529
1783703296457 0.6218864321708679 530
1783703296606 0.33571285009384155 531
1783703296755 0.3244859576225281 532
1783703296897 0.5131626129150391 533
1783703297049 0.25374969840049744 534
1783703297165 0.27510595321655273 535
1783703297331 0.3372466266155243 536
1783703297484 0.37923145294189453 537
1783703297638 0.28070151805877686 538
1783703297774 0.4869663417339325 539
1783703297878 0.47258177399635315 540
1783703298143 0.4169871509075165 541
1783703298287 0.5360361337661743 542
1783703298423 0.26143354177474976 543
1783703298571 0.47755712270736694 544
1783703298680 0.2631736099720001 545
1783703298819 0.4517285227775574 546
1783703298933 0.2594141662120819 547
1783703299084 0.2917657792568207 548
1783703299207 0.4163595736026764 549
1783703299321 0.5205801129341125 550
1783703299430 0.2810862958431244 551
1783703299570 0.40824657678604126 552
1783703299690 0.17255708575248718 553
1783703299848 0.5155735015869141 554
1783703299972 0.34755802154541016 555
1783703300076 0.4233134984970093 556
1783703300200 0.641203761100769 557
1783703300361 0.3678206503391266 558
1783703300566 0.43539655208587646 559
1783703300711 0.44910162687301636 560
1783703300816 0.4443623423576355 561
1783703300961 0.3960539698600769 562
1783703301096 0.1877521127462387 563
1783703301233 0.2723411023616791 564
1783703301373 0.600468635559082 565
1783703301513 0.39169371128082275 566
1783703301676 0.332431435585022 567
1783703301813 0.4585969150066376 568
1783703301961 0.2667432427406311 569
1783703302064 0.39805084466934204 570
1783703302195 0.5719813108444214 571
1783703302304 0.6292948126792908 572
1783703302423 0.3395354449748993 573
1783703302577 0.22630798816680908 574
1783703302703 0.5709980726242065 575
1783703302803 0.3669833242893219 576
1783703303124 0.5016067028045654 577
1783703303274 0.24856258928775787 578
1783703303418 0.2764756977558136 579
1783703303545 0.31744274497032166 580
1783703303649 0.40121227502822876 581
1783703303786 0.5382267236709595 582
1783703303922 0.49146515130996704 583
1783703304074 0.6148790121078491 584
1783703304315 0.6432968378067017 585
1783703304448 0.24828186631202698 586
1783703304587 0.3469368815422058 587
1783703304710 0.28293463587760925 588
1783703304836 0.2577640116214752 589
1783703304958 0.29168424010276794 590
1783703305107 0.17112325131893158 591
1783703305328 0.5901983380317688 592
1783703305426 0.40095287561416626 593
1783703305539 0.37995463609695435 594
1783703305641 0.24197490513324738 595
1783703305779 0.2282572239637375 596
1783703305889 0.21497198939323425 597
1783703306081 0.3577563166618347 598
1783703306217 0.42038559913635254 599
1783703306374 0.35941967368125916 600
1783703306510 0.2985454201698303 601
1783703306666 0.3064044117927551 602
1783703306832 0.229491725564003 603
1783703306983 0.489173024892807 604
1783703307116 0.3420746326446533 605
1783703307270 0.5737372040748596 606
1783703307435 0.3203926086425781 607
1783703307566 0.3245849013328552 608
1783703307686 0.3592468500137329 609
1783703307838 0.8869119882583618 610
1783703307997 0.6286172270774841 611
1783703308199 0.35017129778862 612
1783703308338 0.35722580552101135 613
1783703308497 0.3454703092575073 614
1783703308646 0.6981297731399536 615
1783703308795 0.19812962412834167 616
1783703308933 0.34597161412239075 617
1783703309086 0.6035749912261963 618
1783703309225 0.3385230302810669 619
1783703309464 0.2855239510536194 620
1783703309614 0.36017024517059326 621
1783703309759 0.3954707384109497 622
1783703309893 0.7138077616691589 623
1783703310018 0.49322566390037537 624
1783703310181 0.22412057220935822 625
1783703310320 0.2688717246055603 626
1783703310446 0.3490808308124542 627
1783703310588 0.36701270937919617 628
1783703310741 0.2846181094646454 629
1783703310874 0.14240685105323792 630
1783703311023 0.32747682929039 631
1783703311155 0.4674721360206604 632
1783703311294 0.4058558940887451 633
1783703311430 0.2282094657421112 634
1783703311578 0.6381861567497253 635
1783703311710 0.19853277504444122 636
1783703311925 0.49898719787597656 637
1783703312067 0.34933939576148987 638
1783703312217 0.2460876703262329 639
1783703312375 0.5980474948883057 640
1783703312499 0.577009379863739 641
1783703312644 0.4537445604801178 642
1783703312766 0.34858158230781555 643
1783703312879 0.28462734818458557 644
1783703313117 0.5884618759155273 645
1783703313291 0.5423043370246887 646
1783703313421 0.19866251945495605 647
1783703313534 0.46082788705825806 648
1783703313688 0.49285680055618286 649
1783703313834 0.5650902986526489 650
1783703313944 0.7805147171020508 651
1783703314040 0.31393393874168396 652
1783703314187 0.179543599486351 653
1783703314464 0.5213805437088013 654
1783703314631 0.3421434760093689 655
1783703314780 0.4953323006629944 656
1783703314879 0.6261101961135864 657
1783703315045 0.26599541306495667 658
1783703315170 0.5743695497512817 659
1783703315314 0.35999128222465515 660
1783703315456 0.22332677245140076 661
1783703315570 0.17767125368118286 662
1783703315790 0.9254424571990967 663
1783703315936 0.511113166809082 664
1783703316071 0.31176722049713135 665
1783703316210 0.3811393678188324 666
1783703316340 0.2334536612033844 667
1783703316464 0.15995875000953674 668
1783703316616 0.44695404171943665 669
1783703316764 0.2577919661998749 670
1783703316948 0.2497623711824417 671
1783703317095 0.38210150599479675 672
1783703317246 0.19919748604297638 673
1783703317372 0.3783256411552429 674
1783703317545 0.4827241003513336 675
1783703317711 0.24675065279006958 676
1783703317852 0.28648513555526733 677
1783703318010 0.5237445831298828 678
1783703318163 0.6381821036338806 679
1783703318390 0.8106419444084167 680
1783703318527 0.24280719459056854 681
1783703318652 0.249765545129776 682
1783703318814 0.40892091393470764 683
1783703318961 0.5984852910041809 684
1783703319111 0.4162956178188324 685
1783703319258 0.7800701856613159 686
1783703319424 0.17316976189613342 687
1783703319604 0.5125057101249695 688
1783703319747 0.5726563930511475 689
1783703319876 0.3654460608959198 690
1783703320010 0.2700892686843872 691
1783703320125 0.4217255115509033 692
1783703320278 0.2647817134857178 693
1783703320387 0.19329199194908142 694
1783703320493 0.25150546431541443 695
1783703320627 0.1447533667087555 696
1783703320920 0.23055128753185272 697
1783703321078 0.2656422555446625 698
1783703321189 0.6809166073799133 699
1783703321340 0.5356114506721497 700
1783703321473 0.5414570569992065 701
1783703321618 0.39045900106430054 702
1783703321777 0.1998930424451828 703
1783703321932 0.3150707185268402 704
1783703322196 0.21066807210445404 705
1783703322331 0.16262264549732208 706
1783703322465 0.11059154570102692 707
1783703322598 0.3369111120700836 708
1783703322744 0.21765869855880737 709
1783703322884 0.6907335519790649 710
1783703323034 0.5269321799278259 711
1783703323195 0.34799423813819885 712
1783703323329 0.32704252004623413 713
1783703323485 0.2675919532775879 714
1783703323649 0.35995328426361084 715
1783703323780 0.20101191103458405 716
1783703323931 0.5094512104988098 717
1783703324082 0.20281006395816803 718
1783703324220 0.38293251395225525 719
1783703324381 0.11364751309156418 720
1783703324626 0.3245486319065094 721
1783703324778 0.677337646484375 722
1783703324963 0.35106751322746277 723
1783703325076 0.35549765825271606 724
1783703325180 0.33260059356689453 725
1783703325283 0.32458022236824036 726
1783703325359 0.42827412486076355 727
1783703325458 0.4964600205421448 728
1783703325541 0.35241854190826416 729
1783703325612 0.30518853664398193 730
1783703325713 0.5091779828071594 731
1783703325810 0.5706623196601868 732
1783703325903 0.29257968068122864 733
1783703325989 0.24718357622623444 734
1783703326077 0.18528349697589874 735
1783703326179 0.2507665753364563 736
1783703326280 0.26403552293777466 737
1783703326357 0.3795357942581177 738
1783703326491 0.46620428562164307 739
1783703326613 0.2431918978691101 740
1783703326709 0.2792830467224121 741
1783703326817 0.7344372272491455 742
1783703326948 0.3675902485847473 743
1783703327047 0.20311245322227478 744
1783703327165 0.32962566614151 745
1783703327257 0.4343237578868866 746
1783703327374 0.36001065373420715 747
1783703327474 0.35263851284980774 748
1783703327569 0.22989042103290558 749
1783703327656 0.5954126119613647 750
1783703327769 0.3861676752567291 751
1783703327930 0.20910988748073578 752
1783703328074 0.36519500613212585 753
1783703328230 0.4764229357242584 754
1783703328389 0.5606937408447266 755
1783703328560 0.39114466309547424 756
1783703328667 0.6482037901878357 757
1783703328819 0.230416402220726 758
1783703328912 0.6757202744483948 759
1783703329013 0.45771193504333496 760
1783703329138 0.5498191714286804 761
1783703329234 0.6206355094909668 762
1783703329355 0.45581352710723877 763
1783703329469 0.5410063862800598 764
1783703329628 0.22739677131175995 765
1783703329832 0.2932414710521698 766
1783703329965 0.562419593334198 767
1783703330157 0.25874701142311096 768
1783703330247 0.7056082487106323 769
1783703330369 0.5531769394874573 770
1783703330536 0.32645732164382935 771
1783703330659 0.363786518573761 772
1783703330808 0.3184420168399811 773
1783703330982 0.23172764480113983 774
1783703331138 0.2802588641643524 775
1783703331274 0.3200600743293762 776
1783703331397 0.26842331886291504 777
1783703331564 0.3450666069984436 778
1783703331674 0.30491653084754944 779
1783703331799 0.3167577385902405 780
1783703331949 0.18621718883514404 781
1783703332090 0.3037196695804596 782
1783703332307 0.20351126790046692 783
1783703332428 0.6360213756561279 784
1783703332531 0.2863048017024994 785
1783703332669 0.44720518589019775 786
1783703332829 0.5451809167861938 787
1783703332976 0.3812888562679291 788
1783703333131 0.3508947491645813 789
1783703333277 0.12406152486801147 790
1783703333556 0.7473604679107666 791
1783703333703 0.4444323480129242 792
1783703333853 0.2700408399105072 793
1783703333982 0.42191436886787415 794
1783703334179 0.3085166811943054 795
1783703334310 0.16548779606819153 796
1783703334443 0.5621001720428467 797
1783703334545 0.4627934992313385 798
1783703334652 0.44169747829437256 799
1783703334911 0.3361530900001526 800
1783703335074 0.21576371788978577 801
1783703335231 0.25177663564682007 802
1783703335368 0.3878140449523926 803
1783703335482 0.31908470392227173 804
1783703335608 0.6199015974998474 805
1783703335733 0.23934677243232727 806
1783703335905 0.31594276428222656 807
1783703336313 0.13349364697933197 808
1783703336444 0.30550238490104675 809
1783703336624 0.5419727563858032 810
1783703336758 0.3390042185783386 811
1783703336874 0.3566267490386963 812
1783703337035 0.47305595874786377 813
1783703337177 0.2718082070350647 814
1783703337339 0.5026002526283264 815
1783703337494 0.30849480628967285 816
1783703337631 0.3207029402256012 817
1783703337817 0.34666720032691956 818
1783703337934 0.461873859167099 819
1783703338084 0.30940666794776917 820
1783703338192 0.6809528470039368 821
1783703338345 0.32526010274887085 822
1783703338493 0.44855380058288574 823
1783703338873 0.5682594180107117 824
1783703338976 0.45465970039367676 825
1783703339104 0.33164969086647034 826
1783703339239 0.14861804246902466 827
1783703339451 0.22726157307624817 828
1783703339592 0.32768240571022034 829
1783703339723 0.2886967658996582 830
1783703339848 0.34899646043777466 831
1783703339959 0.25050783157348633 832
1783703340198 0.4472508728504181 833
1783703340330 0.5403092503547668 834
1783703340474 0.5712318420410156 835
1783703340617 0.35275182127952576 836
1783703340741 0.4168170988559723 837
1783703340859 0.23135408759117126 838
1783703340995 0.3102372884750366 839
1783703341117 0.4639434814453125 840
1783703341383 0.1830756515264511 841
1783703341532 0.46405845880508423 842
1783703341692 0.6006169319152832 843
1783703341825 0.18823309242725372 844
1783703341966 0.2100365161895752 845
1783703342103 0.3195660412311554 846
1783703342215 0.38752132654190063 847
1783703342322 0.21321327984333038 848
1783703342439 0.4199673533439636 849
1783703342560 0.4232220947742462 850
1783703342677 0.1908162534236908 851
1783703342786 0.3314129710197449 852
1783703342897 0.2352457195520401 853
1783703343017 0.35145652294158936 854
1783703343149 0.20557455718517303 855
1783703343254 0.24729688465595245 856
1783703343385 0.42697370052337646 857
1783703343539 0.243501216173172 858
1783703343689 0.3034043610095978 859
1783703344013 0.4476466178894043 860
1783703344134 0.2859618365764618 861
1783703344249 0.18801023066043854 862
1783703344382 0.600517988204956 863
1783703344536 0.4286443591117859 864
1783703344667 0.14140278100967407 865
1783703344828 0.4753700792789459 866
1783703344981 0.27768176794052124 867
1783703345157 0.47563955187797546 868
1783703345306 0.299515962600708 869
1783703345394 0.41139185428619385 870
1783703345514 0.43887701630592346 871
1783703345608 0.6492407321929932 872
1783703345714 0.2616247236728668 873
1783703345869 0.3536396324634552 874
1783703346003 0.9436349868774414 875
1783703346169 0.8248989582061768 876
1783703346300 0.4581795930862427 877
1783703346443 0.09727807343006134 878
1783703346556 0.3805174231529236 879
1783703346684 0.4225653409957886 880
1783703346859 0.660179078578949 881
1783703346994 0.524236798286438 882
1783703347159 0.5087802410125732 883
1783703347278 0.3140578866004944 884
1783703347444 0.18317748606204987 885
1783703347570 0.37735289335250854 886
1783703347862 0.29755455255508423 887
1783703347988 0.18912172317504883 888
1783703348117 0.37745100259780884 889
1783703348243 0.37848547101020813 890
1783703348397 0.49121931195259094 891
1783703348544 0.2564147710800171 892
1783703348683 0.09592005610466003 893
1783703348786 0.3494373559951782 894
1783703348911 0.6215562224388123 895
1783703349087 0.36953455209732056 896
1783703349191 0.3082336485385895 897
1783703349313 0.8061672449111938 898
1783703349436 0.5842007994651794 899
1783703349598 0.3820679485797882 900
1783703349738 0.40602362155914307 901
1783703349879 0.3084523677825928 902
1783703350011 0.34433212876319885 903
1783703350140 0.4237039089202881 904
1783703350271 0.6379565596580505 905
1783703350519 0.34377408027648926 906
1783703350656 0.18648675084114075 907
1783703350779 0.47893181443214417 908
1783703350913 0.7446395754814148 909
1783703351076 0.4353202283382416 910
1783703351228 0.6294935941696167 911
1783703351377 0.6540986895561218 912
1783703351526 0.4329105615615845 913
1783703351660 0.46592772006988525 914
1783703351802 0.4399486482143402 915
1783703351955 0.26736703515052795 916
1783703352063 0.2249303013086319 917
1783703352218 0.44301143288612366 918
1783703352365 0.5830970406532288 919
1783703352516 0.34568285942077637 920
1783703352656 0.3049803674221039 921
1783703352809 0.17492972314357758 922
1783703352968 0.34821999073028564 923
1783703353035 0.2534286081790924 924
1783703353156 0.25036749243736267 925
1783703353248 0.3561149537563324 926
1783703353356 0.403599351644516 927
1783703353458 0.44368743896484375 928
1783703353568 0.40481820702552795 929
1783703353661 0.5177937150001526 930
1783703353793 0.3467797040939331 931
1783703353913 0.1948191076517105 932
1783703354016 0.36362218856811523 933
1783703354139 0.27883195877075195 934
1783703354276 0.3402077555656433 935
1783703354385 0.48897138237953186 936
1783703354511 0.4552591145038605 937
1783703354609 0.2864439785480499 938
1783703354736 0.4870346188545227 939
1783703354860 0.699848473072052 940
1783703354983 0.4473247528076172 941
1783703355111 0.31739357113838196 942
1783703355217 0.52266526222229 943
1783703355339 0.29044729471206665 944
1783703355448 0.29664936661720276 945
1783703355551 0.2304842472076416 946
1783703355635 0.29948049783706665 947
1783703355726 0.08990876376628876 948
1783703355830 0.40809375047683716 949
1783703355946 0.3283124566078186 950
1783703356073 0.45822829008102417 951
1783703356190 0.16847412288188934 952
1783703356320 0.21168285608291626 953
1783703356439 0.6055262684822083 954
1783703356583 0.33113083243370056 955
1783703356716 0.5838687419891357 956
1783703356821 0.43938684463500977 957
1783703356940 0.14320644736289978 958
1783703357078 0.3446296155452728 959
1783703357201 0.2628898620605469 960
1783703357340 0.3225417137145996 961
1783703357472 0.5903139710426331 962
1783703357599 0.6208430528640747 963
1783703357720 0.41180381178855896 964
1783703357829 0.2796253263950348 965
1783703357974 0.31576430797576904 966
1783703358103 0.2310732752084732 967
1783703358257 0.2185274064540863 968
1783703358358 0.6319994330406189 969
1783703358465 0.5136780738830566 970
1783703358632 0.5139017701148987 971
1783703358734 0.3681949973106384 972
1783703358861 0.37183934450149536 973
1783703358962 0.35376229882240295 974
1783703359087 0.5551990270614624 975
1783703359188 0.35866454243659973 976
1783703359298 0.3382085859775543 977
1783703359417 0.231038436293602 978
1783703359533 0.3151567280292511 979
1783703359633 0.3564552962779999 980
1783703359753 0.35223492980003357 981
1783703359880 0.4221760928630829 982
1783703359995 0.2412019819021225 983
1783703360129 0.8438839316368103 984
1783703360245 0.4159494638442993 985
1783703360430 0.26260843873023987 986
1783703360526 0.15121839940547943 987
1783703360661 0.15268388390541077 988
1783703360779 0.2545538544654846 989
1783703360899 0.48507773876190186 990
1783703361017 0.49350303411483765 991
1783703361145 0.362537682056427 992
1783703361257 0.12275392562150955 993
1783703361374 0.11061818152666092 994
1783703361487 0.22549347579479218 995
1783703361599 0.05851166695356369 996
1783703361730 0.9923810958862305 997
1783703361834 0.22085875272750854 998
1783703361951 0.23075807094573975 999
1783703362099 0.2283160537481308 1000
1783703362234 0.1860104501247406 1001
1783703362396 0.5620126724243164 1002
1783703362555 0.459880530834198 1003
1783703362674 0.6089916229248047 1004
1783703362809 0.3236389756202698 1005
1783703363033 0.32329192757606506 1006
1783703363145 0.36349231004714966 1007
1783703363306 0.27158358693122864 1008
1783703363468 0.5654001235961914 1009
1783703363607 0.3349364399909973 1010
1783703363716 0.20804736018180847 1011
1783703363811 0.5078765749931335 1012
1783703363933 0.405570387840271 1013
1783703364098 0.8325052857398987 1014
1783703364307 0.30024832487106323 1015
1783703364456 0.15084759891033173 1016
1783703364593 0.22855904698371887 1017
1783703364725 0.5026374459266663 1018
1783703364852 0.2609771192073822 1019
1783703364982 0.13206635415554047 1020
1783703365115 0.26834574341773987 1021
1783703365280 0.4234503507614136 1022
1783703365499 0.472461998462677 1023
1783703365636 0.3424499034881592 1024
1783703365729 0.599216639995575 1025
1783703365827 0.37177038192749023 1026
1783703365920 0.67928147315979 1027
1783703366020 0.4952230155467987 1028
1783703366116 0.5395417809486389 1029
1783703366267 0.22271129488945007 1030
1783703366382 0.47563281655311584 1031
1783703366493 0.7090802788734436 1032
1783703366593 0.5343139171600342 1033
1783703366696 0.4091418385505676 1034
1783703366834 0.3827718198299408 1035
1783703366949 0.3301794230937958 1036
1783703367040 0.41608646512031555 1037
1783703367176 0.5202500224113464 1038
1783703367303 0.49605411291122437 1039
1783703367443 0.40503400564193726 1040
1783703367598 0.8514798879623413 1041
1783703367747 0.4343881905078888 1042
1783703367846 0.6650509834289551 1043
1783703367945 0.4111980199813843 1044
1783703368058 0.208767831325531 1045
1783703368242 0.2602442502975464 1046
1783703368325 0.49224182963371277 1047
1783703368451 0.31320512294769287 1048
1783703368604 0.24580782651901245 1049
1783703368764 0.5394084453582764 1050
1783703368914 0.47588035464286804 1051
1783703369045 0.496317595243454 1052
1783703369166 0.2946711480617523 1053
1783703369331 0.40321481227874756 1054
1783703369523 0.29824283719062805 1055
1783703369663 0.2050894945859909 1056
1783703369785 0.25647062063217163 1057
1783703369888 0.39030760526657104 1058
1783703370005 0.26981332898139954 1059
1783703370141 0.21234825253486633 1060
1783703370237 0.43907031416893005 1061
1783703370334 0.6616411209106445 1062
1783703370435 0.5327998399734497 1063
1783703370540 0.5018803477287292 1064
1783703370640 0.15198203921318054 1065
1783703370769 0.21861466765403748 1066
1783703370911 0.4143582880496979 1067
1783703371043 0.2573692500591278 1068
1783703371165 0.20047645270824432 1069
1783703371275 0.270584374666214 1070
1783703371373 0.5025693774223328 1071
1783703371517 0.29164615273475647 1072
1783703371668 0.41649430990219116 1073
1783703372063 0.16484607756137848 1074
1783703372197 0.36539363861083984 1075
1783703372327 0.2824042737483978 1076
1783703372457 0.6723111271858215 1077
1783703372608 0.3164978623390198 1078
1783703372767 0.4901517629623413 1079
1783703372913 0.38485944271087646 1080
1783703373048 0.5034441351890564 1081
1783703373193 0.632498025894165 1082
1783703373381 0.37440574169158936 1083
1783703373527 0.5196085572242737 1084
1783703373685 0.5555710792541504 1085
1783703373834 0.3926520347595215 1086
1783703373960 0.4546709358692169 1087
1783703374123 0.7076026797294617 1088
1783703374268 0.17695769667625427 1089
1783703374461 0.3146887421607971 1090
1783703374615 0.7852499485015869 1091
1783703374773 0.3594300448894501 1092
1783703374871 0.5789157748222351 1093
1783703374976 0.21311253309249878 1094
1783703375079 0.5708156824111938 1095
1783703375251 0.34460166096687317 1096
1783703375399 0.21768632531166077 1097
1783703375532 0.35329127311706543 1098
1783703375665 0.4484112560749054 1099
1783703375867 0.2756747901439667 1100
1783703376030 0.23401415348052979 1101
1783703376190 0.7805535197257996 1102
1783703376329 0.41691794991493225 1103
1783703376458 0.31715577840805054 1104
1783703376593 0.36826083064079285 1105
1783703376708 0.5421496033668518 1106
1783703376819 0.13042664527893066 1107
1783703377041 0.4440458118915558 1108
1783703377250 0.5203352570533752 1109
1783703377412 0.2607862055301666 1110
1783703377536 0.2900157868862152 1111
1783703377654 0.32162535190582275 1112
1783703377764 0.27796104550361633 1113
1783703377895 0.3458356559276581 1114
1783703378042 0.1775902360677719 1115
1783703378181 0.3735494613647461 1116
1783703378356 0.27064332365989685 1117
1783703378520 0.4967689514160156 1118
1783703378632 0.4265888035297394 1119
1783703378769 0.574292778968811 1120
1783703378888 0.2965954840183258 1121
1783703379012 0.4184466600418091 1122
1783703379130 0.15639863908290863 1123
1783703379272 0.39103907346725464 1124
1783703379378 0.28476855158805847 1125
1783703379660 0.39274314045906067 1126
1783703379799 0.3439446687698364 1127
1783703379907 0.2588013708591461 1128
1783703380048 0.2923488914966583 1129
1783703380178 0.5117586851119995 1130
1783703380317 0.1622084528207779 1131
1783703380459 0.29361578822135925 1132
1783703380619 0.27930745482444763 1133
1783703380738 0.2108239084482193 1134
1783703380855 0.13836045563220978 1135
1783703381118 0.27213549613952637 1136
1783703381238 0.21711185574531555 1137
1783703381337 0.3236543536186218 1138
1783703381491 0.21483063697814941 1139
1783703381605 0.5071977376937866 1140
1783703381752 0.3006138801574707 1141
1783703381876 0.26251691579818726 1142
1783703381995 0.5225157737731934 1143
1783703382136 0.521043062210083 1144
1783703382322 0.09906692057847977 1145
1783703382447 0.12018117308616638 1146
1783703382593 0.6592696309089661 1147
1783703382742 0.34566381573677063 1148
1783703382877 0.1715293526649475 1149
1783703382995 0.1923811435699463 1150
1783703383126 0.888007402420044 1151
1783703383258 0.2765792906284332 1152
1783703383488 0.39614972472190857 1153
1783703383656 0.7668138742446899 1154
1783703383795 0.3365263044834137 1155
1783703383923 0.33859771490097046 1156
1783703384042 0.41093072295188904 1157
1783703384149 0.4750903248786926 1158
1783703384260 0.3459864556789398 1159
1783703384415 0.243509441614151 1160
1783703384560 0.13849669694900513 1161
1783703384693 0.3282286524772644 1162
1783703384908 0.3260442614555359 1163
1783703385046 0.5458437204360962 1164
1783703385177 0.180063396692276 1165
1783703385326 0.21006231009960175 1166
1783703385433 0.367002934217453 1167
1783703385581 0.42489179968833923 1168
1783703385687 0.22390078008174896 1169
1783703385831 0.19787845015525818 1170
1783703385988 0.37151288986206055 1171
1783703386140 0.2457025945186615 1172
1783703386279 0.13278038799762726 1173
1783703386406 0.5364574193954468 1174
1783703386542 0.1994028091430664 1175
1783703386680 0.32729971408843994 1176
1783703386803 0.39808303117752075 1177
1783703386940 0.3665795922279358 1178
1783703387043 0.3938191533088684 1179
1783703387176 0.4722564220428467 1180
1783703387333 0.66380774974823 1181
1783703387496 0.31143876910209656 1182
1783703387625 0.24708032608032227 1183
1783703387802 0.4647962749004364 1184
1783703387928 0.48747408390045166 1185
1783703388036 0.35514527559280396 1186
1783703388179 0.26372092962265015 1187
1783703388310 0.33371084928512573 1188
1783703388452 0.16744966804981232 1189
1783703388606 0.4330173134803772 1190
1783703388813 0.3055708110332489 1191
1783703388954 0.4314923882484436 1192
1783703389093 0.4686298668384552 1193
1783703389250 0.11292430758476257 1194
1783703389397 0.1675489842891693 1195
1783703389538 0.7742735743522644 1196
1783703389670 0.3653997480869293 1197
1783703389791 0.1233835518360138 1198
1783703389966 0.600846529006958 1199
1783703390093 0.34475645422935486 1200
1783703390252 0.259677529335022 1201
1783703390393 0.6283998489379883 1202
1783703390508 0.182094007730484 1203
1783703390661 0.28417521715164185 1204
1783703390754 0.4703656733036041 1205
1783703390841 0.4285254180431366 1206
1783703390983 0.19950687885284424 1207
1783703391148 0.5931872129440308 1208
1783703391304 0.3910991847515106 1209
1783703391469 0.2522182762622833 1210
1783703391608 0.3262782096862793 1211
1783703391716 0.4949595332145691 1212
1783703391853 0.20470571517944336 1213
1783703391993 0.6030327081680298 1214
1783703392140 0.34078553318977356 1215
1783703392282 0.4797961413860321 1216
1783703392444 0.3689156770706177 1217
1783703392689 0.10829636454582214 1218
1783703392799 0.4212230145931244 1219
1783703392912 0.14767760038375854 1220
1783703393020 0.3173905909061432 1221
1783703393158 0.348682165145874 1222
1783703393293 0.34253183007240295 1223
1783703393433 0.42055726051330566 1224
1783703393531 0.44982460141181946 1225
1783703393633 0.16392098367214203 1226
1783703393985 0.31283044815063477 1227
1783703394110 0.1523960828781128 1228
1783703394243 0.06507771462202072 1229
1783703394346 0.2035401463508606 1230
1783703394491 0.07803590595722198 1231
1783703394621 0.323024183511734 1232
1783703394751 0.21874883770942688 1233
1783703394911 0.32335883378982544 1234
1783703395089 0.4654507339000702 1235
1783703395315 0.34584248065948486 1236
1783703395442 0.3664732575416565 1237
1783703395580 0.315827339887619 1238
1783703395686 0.47195330262184143 1239
1783703395793 0.3017131984233856 1240
1783703395954 0.2898901104927063 1241
1783703396054 0.3101900815963745 1242
1783703396186 0.3223852813243866 1243
1783703396403 0.39270591735839844 1244
1783703396551 0.23379437625408173 1245
1783703396696 0.32755640149116516 1246
1783703396826 0.41209322214126587 1247
1783703396962 0.46206095814704895 1248
1783703397088 0.12586846947669983 1249
1783703397223 0.2562198340892792 1250
1783703397374 0.5364388227462769 1251
1783703397530 0.29066202044487 1252
1783703397743 0.5836191177368164 1253
1783703397907 0.16598492860794067 1254
1783703398025 0.234342560172081 1255
1783703398188 0.2795446515083313 1256
1783703398327 0.30830809473991394 1257
1783703398431 0.35276830196380615 1258
1783703398579 0.596072256565094 1259
1783703398691 0.4914033114910126 1260
1783703398824 0.16528473794460297 1261
1783703398963 0.4215191900730133 1262
1783703399250 0.20615005493164062 1263
1783703399387 0.27912768721580505 1264
1783703399514 0.17539149522781372 1265
1783703399606 0.24442806839942932 1266
1783703399780 0.2838699519634247 1267
1783703399919 0.3752407431602478 1268
1783703400060 0.5928999185562134 1269
1783703400213 0.2362089604139328 1270
1783703400315 0.28208625316619873 1271
1783703400463 0.4151577949523926 1272
1783703400569 0.11580284684896469 1273
1783703400698 0.2936409115791321 1274
1783703400818 0.20221088826656342 1275
1783703400972 0.3953993618488312 1276
1783703401104 0.11660399287939072 1277
1783703401272 0.09355324506759644 1278
1783703401395 0.4192139506340027 1279
1783703401708 0.08641090989112854 1280
1783703401843 0.058051615953445435 1281
1783703401957 0.17820805311203003 1282
1783703402099 0.4825817048549652 1283
1783703402231 0.27694058418273926 1284
1783703402407 0.19718225300312042 1285
1783703402534 0.5369833111763 1286
1783703402653 0.43238770961761475 1287
1783703402761 0.5291262865066528 1288
1783703403018 0.485581636428833 1289
1783703403156 0.3452185094356537 1290
1783703403295 0.20997121930122375 1291
1783703403476 0.8485825657844543 1292
1783703403628 0.749818742275238 1293
1783703403761 0.2153090387582779 1294
1783703403876 0.1709345430135727 1295
1783703404036 0.4072909355163574 1296
1783703404172 0.4286409318447113 1297
1783703404355 0.2569846510887146 1298
1783703404489 0.44779789447784424 1299
1783703404616 0.6572098731994629 1300
1783703404751 0.2949453890323639 1301
1783703404856 0.49905550479888916 1302
1783703404946 0.6965519189834595 1303
1783703405091 0.23323042690753937 1304
1783703405236 0.11123649030923843 1305
1783703405456 0.243941992521286 1306
1783703405564 0.15305550396442413 1307
1783703405655 0.22237201035022736 1308
1783703405757 0.26785120368003845 1309
1783703405897 0.16784198582172394 1310
1783703406007 0.5281307101249695 1311
1783703406144 0.09178202599287033 1312
1783703406279 0.5211222171783447 1313
1783703406448 0.5783824920654297 1314
1783703406807 0.26456326246261597 1315
1783703406956 0.2711837589740753 1316
1783703407061 0.43959036469459534 1317
1783703407181 0.18212099373340607 1318
1783703407313 0.36405718326568604 1319
1783703407409 0.1554730087518692 1320
1783703407580 0.34283050894737244 1321
1783703407744 0.2502691447734833 1322
1783703407915 0.4145457446575165 1323
1783703408170 0.3559246063232422 1324
1783703408319 0.4338952600955963 1325
1783703408422 0.34136903285980225 1326
1783703408590 0.12732365727424622 1327
1783703408695 0.5465579628944397 1328
1783703408840 0.29935136437416077 1329
1783703408967 0.47625112533569336 1330
1783703409115 0.11911395192146301 1331
1783703409229 1.0469650030136108 1332
1783703409506 0.4210585355758667 1333
1783703409640 0.2184414118528366 1334
1783703409769 0.3376428484916687 1335
1783703409877 0.5344303846359253 1336
1783703410010 0.17034493386745453 1337
1783703410138 0.5473183989524841 1338
1783703410279 0.1770695000886917 1339
1783703410478 0.3233117461204529 1340
1783703410790 0.3574005365371704 1341
1783703410885 0.29572927951812744 1342
1783703411045 0.1741257905960083 1343
1783703411147 0.2808856964111328 1344
1783703411291 0.1688995361328125 1345
1783703411412 0.4163719713687897 1346
1783703411566 0.5012674927711487 1347
1783703411714 0.8250368237495422 1348
1783703411859 0.3138110339641571 1349
1783703412000 0.15329337120056152 1350
1783703412114 0.28359970450401306 1351
1783703412260 0.294969379901886 1352
1783703412378 0.4884137809276581 1353
1783703412482 0.27808305621147156 1354
1783703412620 0.5285100340843201 1355
1783703412775 0.30444079637527466 1356
1783703412866 0.14815586805343628 1357
1783703412993 0.3059024214744568 1358
1783703413161 0.30377188324928284 1359
1783703413332 0.26911136507987976 1360
1783703413436 0.49924343824386597 1361
1783703413537 0.1921703964471817 1362
1783703413625 0.14607395231723785 1363
1783703413759 0.2736554741859436 1364
1783703413924 0.5579639077186584 1365
1783703414074 0.4074811041355133 1366
1783703414214 0.21535374224185944 1367
1783703414316 0.41847479343414307 1368
1783703414558 0.5258826017379761 1369
1783703414647 0.507239043712616 1370
1783703414740 0.35629117488861084 1371
1783703414870 0.24587394297122955 1372
1783703414967 0.26046937704086304 1373
1783703415101 0.33807042241096497 1374
1783703415241 0.36147329211235046 1375
1783703415371 0.1958031952381134 1376
1783703415469 0.4890081584453583 1377
1783703415636 0.5064224600791931 1378
1783703415763 0.2549152970314026 1379
1783703415899 0.17692071199417114 1380
1783703416028 0.2221895158290863 1381
1783703416160 0.3461144268512726 1382
1783703416295 0.632616400718689 1383
1783703416445 0.2569017708301544 1384
1783703416575 0.20683348178863525 1385
1783703416724 0.33474200963974 1386
1783703416850 0.5548985600471497 1387
1783703417066 0.1483588069677353 1388
1783703417188 0.5701301693916321 1389
1783703417304 0.35849857330322266 1390
1783703417446 0.48809802532196045 1391
1783703417596 0.4684816598892212 1392
1783703417753 0.2520506680011749 1393
1783703417863 0.1679469645023346 1394
1783703418013 0.22203904390335083 1395
1783703418152 0.14925041794776917 1396
1783703418315 0.3273860216140747 1397
1783703418397 0.3255302906036377 1398
1783703418514 0.24635860323905945 1399
1783703418627 0.1927473545074463 1400
1783703418729 0.24948440492153168 1401
1783703418862 0.6704720258712769 1402
1783703418967 0.49339279532432556 1403
1783703419071 0.14156216382980347 1404
1783703419184 0.27075788378715515 1405
1783703419330 0.5128179788589478 1406
1783703419467 0.17897562682628632 1407
1783703419643 0.15257073938846588 1408
1783703419766 0.5088798999786377 1409
1783703419928 0.37443092465400696 1410
1783703420060 0.37110835313796997 1411
1783703420209 0.4205150008201599 1412
1783703420314 0.20887404680252075 1413
1783703420452 0.3716941773891449 1414
1783703420555 0.25907519459724426 1415
1783703420698 0.09521843492984772 1416
1783703420951 0.25799593329429626 1417
1783703421082 0.5609248876571655 1418
1783703421208 0.13278943300247192 1419
1783703421345 0.3746034801006317 1420
1783703421477 0.2937847375869751 1421
1783703421633 0.23746222257614136 1422
1783703421760 0.20227502286434174 1423
1783703421919 0.4845092296600342 1424
1783703422074 0.43451613187789917 1425
1783703422256 0.378303587436676 1426
1783703422359 0.4402121603488922 1427
1783703422641 0.3790428042411804 1428
1783703422740 0.21100394427776337 1429
1783703422851 0.40394294261932373 1430
1783703422962 0.27515822649002075 1431
1783703423059 0.2539371848106384 1432
1783703423142 0.5782923698425293 1433
1783703423253 0.17608512938022614 1434
1783703423409 0.3088930547237396 1435
1783703423568 0.6315590143203735 1436
1783703423713 0.5599938035011292 1437
1783703423858 0.3822399973869324 1438
1783703423981 0.39980289340019226 1439
1783703424132 0.43873241543769836 1440
1783703424259 0.07288069278001785 1441
1783703424407 0.1745588183403015 1442
1783703424523 0.15967728197574615 1443
1783703424644 0.6494836807250977 1444
1783703424793 0.21136324107646942 1445
1783703424909 0.16045334935188293 1446
1783703425039 0.17617759108543396 1447
1783703425186 0.4561656415462494 1448
1783703425346 0.4258069097995758 1449
1783703425450 0.3112553656101227 1450
1783703425584 0.28882282972335815 1451
1783703425702 0.08189425617456436 1452
1783703425807 0.26154470443725586 1453
1783703425964 0.1854386180639267 1454
1783703426134 0.22695986926555634 1455
1783703426268 0.2168547511100769 1456
1783703426382 0.30786025524139404 1457
1783703426483 0.12991878390312195 1458
1783703426583 0.41076210141181946 1459
1783703426673 0.1274598389863968 1460
1783703426771 0.39528438448905945 1461
1783703426849 0.30238673090934753 1462
1783703426960 0.8221752047538757 1463
1783703427159 0.3598707616329193 1464
1783703427287 0.2513061463832855 1465
1783703427419 0.7095961570739746 1466
1783703427527 0.5863379240036011 1467
1783703427624 0.687785804271698 1468
1783703427771 0.16330574452877045 1469
1783703427868 0.22518962621688843 1470
1783703427915 0.2352297008037567 1471
1783703427957 0.3547484874725342 1472
1783703427999 0.31279802322387695 1473
1783703428041 0.3161891996860504 1474
1783703428085 0.34228846430778503 1475
1783703428128 0.32534193992614746 1476
1783703428179 0.36055245995521545 1477
1783703428221 0.3602457344532013 1478
1783703428278 0.48689356446266174 1479
1783703428332 0.2722451984882355 1480
1783703428400 0.7278897762298584 1481
1783703428521 0.3448737561702728 1482
1783703428632 0.32953211665153503 1483
1783703428723 0.32616084814071655 1484
1783703428803 0.19416648149490356 1485
1783703428908 0.19330137968063354 1486
1783703429009 0.3117872178554535 1487
1783703429151 0.16579613089561462 1488
1783703429341 0.5823987722396851 1489
1783703429458 0.40614375472068787 1490
1783703429604 0.15987657010555267 1491
1783703429725 0.5304927825927734 1492
1783703429851 0.38816744089126587 1493
1783703429980 0.3317052125930786 1494
1783703430090 0.12215276807546616 1495
1783703430197 0.6094207167625427 1496
1783703430305 0.20105428993701935 1497
1783703430442 0.08341159671545029 1498
1783703430544 0.1989952176809311 1499
1783703430664 0.1802784502506256 1500
1783703430793 0.21787144243717194 1501
1783703430890 0.36301490664482117 1502
1783703431031 0.1845419853925705 1503
1783703431162 0.16871175169944763 1504
1783703431274 0.4051220715045929 1505
1783703431369 0.396365761756897 1506
1783703431487 0.21091414988040924 1507
1783703431585 0.557115912437439 1508
1783703431705 0.27463239431381226 1509
1783703431821 0.37604430317878723 1510
1783703431928 0.5292653441429138 1511
1783703432066 0.21846872568130493 1512
1783703432213 0.4898111820220947 1513
1783703432431 0.1138954609632492 1514
1783703432608 0.140193909406662 1515
1783703432747 0.3105827867984772 1516
1783703432913 0.6058737635612488 1517
1783703433024 0.27596890926361084 1518
1783703433165 0.26325199007987976 1519
1783703433289 0.256596177816391 1520
1783703433429 0.39120885729789734 1521
1783703433571 0.20569147169589996 1522
1783703433764 0.5876947641372681 1523
1783703433943 0.2690473794937134 1524
1783703434057 0.31935515999794006 1525
1783703434182 0.21720391511917114 1526
1783703434341 0.35241881012916565 1527
1783703434451 0.2848878800868988 1528
1783703434560 0.4337228536605835 1529
1783703434689 0.19307391345500946 1530
1783703434810 0.5738666653633118 1531
1783703434931 0.29061952233314514 1532
1783703435039 0.5107223987579346 1533
1783703435246 0.38191908597946167 1534
1783703435344 0.5668501257896423 1535
1783703435474 0.25096115469932556 1536
1783703435594 0.15641655027866364 1537
1783703435678 0.362560898065567 1538
1783703435771 0.38098010420799255 1539
1783703435892 0.5292298793792725 1540
1783703436006 0.13933849334716797 1541
1783703436128 0.5657588243484497 1542
1783703436253 0.2645816206932068 1543
1783703436460 0.7728599309921265 1544
1783703436592 0.15136834979057312 1545
1783703436713 0.38669684529304504 1546
1783703436825 0.3427865207195282 1547
1783703436988 0.4481997787952423 1548
1783703437128 0.4191294312477112 1549
1783703437242 0.1769053190946579 1550
1783703437359 0.15558290481567383 1551
1783703437490 0.1870095580816269 1552
1783703437653 0.6987028121948242 1553
1783703437792 0.4870745539665222 1554
1783703437926 0.3037942349910736 1555
1783703438075 0.18865762650966644 1556
1783703438197 0.35726094245910645 1557
1783703438331 0.24240528047084808 1558
1783703438460 0.4309505820274353 1559
1783703438610 0.24078159034252167 1560
1783703438749 0.6706052422523499 1561
1783703438891 0.25159114599227905 1562
1783703439096 0.21449026465415955 1563
1783703439228 0.48616892099380493 1564
1783703439373 0.37155774235725403 1565
1783703439513 0.23179465532302856 1566
1783703439675 0.4411259591579437 1567
1783703439823 0.44689708948135376 1568
1783703439989 0.25590696930885315 1569
1783703440315 0.19573724269866943 1570
1783703440474 0.1556393951177597 1571
1783703440606 0.2578931152820587 1572
1783703440741 0.2383590191602707 1573
1783703440877 0.2139313817024231 1574
1783703441006 0.5716432929039001 1575
1783703441148 0.3831465542316437 1576
1783703441281 0.2526542544364929 1577
1783703441575 0.1146775633096695 1578
1783703441714 0.43713995814323425 1579
1783703441868 0.6287927627563477 1580
1783703442028 0.38742533326148987 1581
1783703442256 0.23378732800483704 1582
1783703442404 0.28626030683517456 1583
1783703442625 0.41118571162223816 1584
1783703442758 0.5395093560218811 1585
1783703443027 0.25204071402549744 1586
1783703443184 0.3688691258430481 1587
1783703443357 0.2482755184173584 1588
1783703443548 0.3097839653491974 1589
1783703443708 0.2737055718898773 1590
1783703443835 0.1696959286928177 1591
1783703443977 0.20596268773078918 1592
1783703444276 0.24425844848155975 1593
1783703444409 0.26268091797828674 1594
1783703444586 0.46588727831840515 1595
1783703444740 0.6166107058525085 1596
1783703444864 0.14479076862335205 1597
1783703444993 0.4602071940898895 1598
1783703445145 0.46612370014190674 1599
1783703445297 0.2630244791507721 1600
1783703445489 0.4241273105144501 1601
1783703445616 0.3895954191684723 1602
1783703445718 0.42978599667549133 1603
1783703445849 0.29843372106552124 1604
1783703445971 0.3241434693336487 1605
1783703446088 0.38672539591789246 1606
1783703446211 0.5700919032096863 1607
1783703446328 0.4243665933609009 1608
1783703446460 0.350563645362854 1609
1783703446614 0.667374312877655 1610
1783703446871 0.19152088463306427 1611
1783703447007 0.2214881181716919 1612
1783703447134 0.32045409083366394 1613
1783703447291 0.42923393845558167 1614
1783703447426 0.2491873800754547 1615
1783703447577 0.1277466118335724 1616
1783703447707 0.1865048110485077 1617
1783703447879 0.46150609850883484 1618
1783703448058 0.3903719186782837 1619
1783703448192 0.3710847496986389 1620
1783703448351 0.2120058685541153 1621
1783703448515 0.5103006362915039 1622
1783703448647 0.2378191202878952 1623
1783703448786 0.419597864151001 1624
1783703448940 0.47230392694473267 1625
1783703449078 0.5311492085456848 1626
1783703449212 0.18610653281211853 1627
1783703449509 0.39644068479537964 1628
1783703449642 0.19560617208480835 1629
1783703449751 0.34414729475975037 1630
1783703449892 0.7010370492935181 1631
1783703450028 0.6413687467575073 1632
1783703450181 0.21387751400470734 1633
1783703450318 0.09617690742015839 1634
1783703450461 0.3997744023799896 1635
1783703450745 0.18370294570922852 1636
1783703450895 0.28238460421562195 1637
1783703451011 0.2536625862121582 1638
1783703451142 0.4310746490955353 1639
1783703451255 0.492573082447052 1640
1783703451374 0.30661487579345703 1641
1783703451492 0.2418656051158905 1642
1783703451648 0.23179522156715393 1643
1783703451789 0.46473392844200134 1644
1783703452106 0.4093311131000519 1645
1783703452243 0.04949332773685455 1646
1783703452372 0.36992359161376953 1647
1783703452526 0.22552984952926636 1648
1783703452677 0.21163533627986908 1649
1783703452792 0.3989483714103699 1650
1783703452939 0.5218679904937744 1651
1783703453090 0.31084388494491577 1652
1783703453398 0.10392642766237259 1653
1783703453526 0.4586574137210846 1654
1783703453653 0.36600399017333984 1655
1783703453777 0.46221011877059937 1656
1783703453908 0.42922452092170715 1657
1783703454039 0.2657853364944458 1658
1783703454177 0.1737719476222992 1659
1783703454283 0.30962076783180237 1660
1783703454417 0.22000034153461456 1661
1783703454794 0.14728622138500214 1662
1783703454927 0.4606584310531616 1663
1783703455108 0.30619537830352783 1664
1783703455249 0.30492258071899414 1665
1783703455388 0.3411504924297333 1666
1783703455490 0.46591854095458984 1667
1783703455607 0.42351317405700684 1668
1783703455715 0.44738414883613586 1669
1783703455921 0.1120699793100357 1670
1783703456066 0.17242170870304108 1671
1783703456210 0.18346674740314484 1672
1783703456359 0.43259283900260925 1673
1783703456518 0.529670774936676 1674
1783703456662 0.6873358488082886 1675
1783703456802 0.5922828316688538 1676
1783703456915 0.44465965032577515 1677
1783703457025 0.43804481625556946 1678
1783703457144 0.30433952808380127 1679
1783703457266 0.31388238072395325 1680
1783703457371 0.20961908996105194 1681
1783703457492 0.2722349166870117 1682
1783703457644 0.20848651230335236 1683
1783703457808 0.22399279475212097 1684
1783703457923 0.324076771736145 1685
1783703458047 0.3428865969181061 1686
1783703458198 0.6179617643356323 1687
1783703458338 0.30350449681282043 1688
1783703458444 0.13205966353416443 1689
1783703458552 0.4096086919307709 1690
1783703458663 0.4221056401729584 1691
1783703458751 0.28322634100914 1692
1783703458885 0.521320104598999 1693
1783703459013 0.377301424741745 1694
1783703459156 0.43166375160217285 1695
1783703459299 0.2525763213634491 1696
1783703459438 0.42295342683792114 1697
1783703459660 0.4198167026042938 1698
1783703459803 0.2838481664657593 1699
1783703460033 0.23981621861457825 1700
1783703460183 0.4094562530517578 1701
1783703460335 0.2175419181585312 1702
1783703460470 0.42375773191452026 1703
1783703460711 0.49442723393440247 1704
1783703460823 0.2955646514892578 1705
1783703460981 0.2588747441768646 1706
1783703461178 0.43241986632347107 1707
1783703461339 0.21107983589172363 1708
1783703461494 0.3258682191371918 1709
1783703461653 0.4253244996070862 1710
1783703461786 0.3556176722049713 1711
1783703461927 0.2179480642080307 1712
1783703462067 0.2537858188152313 1713
1783703462207 0.6731229424476624 1714
1783703462340 0.33121806383132935 1715
1783703462475 0.302280455827713 1716
1783703462624 0.5356979966163635 1717
1783703462755 0.7198421359062195 1718
1783703462880 0.3046773374080658 1719
1783703463008 0.23075778782367706 1720
1783703463141 0.2984731197357178 1721
1783703463279 0.41472381353378296 1722
1783703463494 0.22614151239395142 1723
1783703463651 0.34291476011276245 1724
1783703463797 0.30899855494499207 1725
1783703463904 0.4388650059700012 1726
1783703464054 0.22249507904052734 1727
1783703464196 0.3738338351249695 1728
1783703464338 0.3625345826148987 1729
1783703464488 0.4465418756008148 1730
1783703464601 0.19949261844158173 1731
1783703464723 0.2538187801837921 1732
1783703464872 0.8572365045547485 1733
1783703465059 0.4830908179283142 1734
1783703465175 0.24217744171619415 1735
1783703465280 0.3719888925552368 1736
1783703465423 0.26714393496513367 1737
1783703465535 0.770904541015625 1738
1783703465692 0.3332377076148987 1739
1783703465802 0.5705671310424805 1740
1783703465938 0.5079637169837952 1741
1783703466086 0.4709894061088562 1742
1783703466269 0.06839189678430557 1743
1783703466406 0.11112432181835175 1744
1783703466552 0.30509689450263977 1745
1783703466675 0.2946484088897705 1746
1783703466946 0.25868111848831177 1747
1783703467121 0.4748019278049469 1748
1783703467414 0.26061317324638367 1749
1783703467554 0.37628623843193054 1750
1783703467661 0.42127853631973267 1751
1783703467766 0.6058083176612854 1752
1783703467888 0.479547381401062 1753
1783703468015 0.26053670048713684 1754
1783703468126 0.4743798077106476 1755
1783703468221 0.41763755679130554 1756
1783703468313 0.2205720841884613 1757
1783703468436 0.31154415011405945 1758
1783703468571 0.22855421900749207 1759
1783703468732 0.14859527349472046 1760
1783703468853 0.21089626848697662 1761
1783703468993 0.10640363395214081 1762
1783703469140 0.25784915685653687 1763
1783703469284 0.4902542531490326 1764
1783703469404 0.23721878230571747 1765
1783703469512 0.20189598202705383 1766
1783703469681 0.4392783045768738 1767
1783703469816 0.530855119228363 1768
1783703470264 0.11182751506567001 1769
1783703470403 0.4009091258049011 1770
1783703470530 0.2892395257949829 1771
1783703470669 0.3226444721221924 1772
1783703470785 0.2120020091533661 1773
1783703470879 0.41740429401397705 1774
1783703470986 0.1885966956615448 1775
1783703471142 0.37653109431266785 1776
1783703471285 0.19110091030597687 1777
1783703471458 0.3419908285140991 1778
1783703471605 0.15757301449775696 1779
1783703471760 0.13585622608661652 1780
1783703471898 0.48195117712020874 1781
1783703472001 0.3101485073566437 1782
1783703472139 0.32141807675361633 1783
1783703472248 0.2569417953491211 1784
1783703472390 0.357399046421051 1785
1783703472549 0.4979992210865021 1786
1783703472830 0.13247278332710266 1787
1783703472963 0.4177602529525757 1788
1783703473063 0.23802627623081207 1789
1783703473181 0.2355697602033615 1790
1783703473323 0.3897327780723572 1791
1783703473472 0.391028493642807 1792
1783703473605 0.20398354530334473 1793
1783703473734 0.5894784927368164 1794
1783703473919 0.21363095939159393 1795
1783703474105 0.451261967420578 1796
1783703474211 0.4241015315055847 1797
1783703474351 0.2581075429916382 1798
1783703474475 0.318701833486557 1799
1783703474607 0.5746716856956482 1800
1783703474743 0.48103123903274536 1801
1783703474884 0.41387495398521423 1802
1783703475014 0.3357566297054291 1803
1783703475140 0.3062223494052887 1804
1783703475297 0.4321485459804535 1805
1783703475425 0.21708153188228607 1806
1783703475526 0.9450393915176392 1807
1783703475665 0.5608903169631958 1808
1783703475751 0.46419352293014526 1809
1783703475938 0.40798380970954895 1810
1783703476058 0.43596211075782776 1811
1783703476210 0.2942073941230774 1812
1783703476322 0.25982481241226196 1813
1783703476528 0.2899356186389923 1814
1783703476662 0.49481141567230225 1815
1783703476801 0.33645930886268616 1816
1783703476941 0.18187753856182098 1817
1783703477055 0.08899418264627457 1818
1783703477196 0.28541821241378784 1819
1783703477313 0.4076152443885803 1820
1783703477448 0.30464017391204834 1821
1783703477604 0.11976409703493118 1822
1783703477755 0.14598527550697327 1823
1783703477979 0.3060589134693146 1824
1783703478111 0.3630872368812561 1825
1783703478259 0.33999937772750854 1826
1783703478422 0.32841265201568604 1827
1783703478561 0.2876518666744232 1828
1783703478721 0.08221998810768127 1829
1783703478828 0.23499146103858948 1830
1783703478937 0.14452533423900604 1831
1783703479115 0.10259339958429337 1832
1783703479251 0.17139028012752533 1833
1783703479376 0.24352996051311493 1834
1783703479604 0.2776376008987427 1835
1783703479741 0.19390881061553955 1836
1783703479885 0.1837194561958313 1837
1783703480022 0.23788949847221375 1838
1783703480147 0.1537007987499237 1839
1783703480352 0.4197182059288025 1840
1783703480465 0.23466730117797852 1841
1783703480600 0.32637473940849304 1842
1783703480715 0.2981879413127899 1843
1783703480863 0.4441344439983368 1844
1783703480998 0.21055282652378082 1845
1783703481130 0.4396843910217285 1846
1783703481270 0.4745178520679474 1847
1783703481417 0.3924153447151184 1848
1783703481664 0.4970269203186035 1849
1783703481804 0.623637318611145 1850
1783703481939 0.32617080211639404 1851
1783703482069 0.19944600760936737 1852
1783703482164 0.17316584289073944 1853
1783703482312 0.24362415075302124 1854
1783703482467 0.2572249174118042 1855
1783703482588 0.3578869104385376 1856
1783703482693 0.3791988492012024 1857
1783703482817 0.0850822776556015 1858
1783703482928 0.06164874508976936 1859
1783703483038 0.4116809368133545 1860
1783703483191 0.21131488680839539 1861
1783703483338 0.42993417382240295 1862
1783703483474 0.5122085213661194 1863
1783703483635 0.3304292559623718 1864
1783703483800 0.3930823504924774 1865
1783703483934 0.3752262592315674 1866
1783703484045 0.13115155696868896 1867
1783703484155 0.10001641511917114 1868
1783703484272 0.23655548691749573 1869
1783703484382 0.12512443959712982 1870
1783703484508 0.16638115048408508 1871
1783703484716 0.4939371347427368 1872
1783703484870 0.3388842046260834 1873
1783703484989 0.13591331243515015 1874
1783703485931 0.21565648913383484 1875
1783703486056 0.4243236780166626 1876
1783703486209 0.4705311357975006 1877
1783703486396 0.31484854221343994 1878
1783703486556 0.06352570652961731 1879
1783703486723 0.40152424573898315 1880
1783703486926 0.20686796307563782 1881
1783703487078 0.41232776641845703 1882
1783703487263 0.2279198318719864 1883
1783703487460 0.29905906319618225 1884
1783703487625 0.2022358477115631 1885
1783703487770 0.4132758677005768 1886
1783703487882 0.07751085609197617 1887
1783703487992 0.22636300325393677 1888
1783703488101 0.13366621732711792 1889
1783703488230 0.3191036581993103 1890
1783703488356 0.24796704947948456 1891
1783703488521 0.1534315049648285 1892
1783703488676 0.32938480377197266 1893
1783703488783 0.24450360238552094 1894
1783703488911 0.42745569348335266 1895
1783703489038 0.14402887225151062 1896
1783703489155 0.41795194149017334 1897
1783703489268 0.22495436668395996 1898
1783703489368 0.5119765400886536 1899
1783703489487 0.2589309811592102 1900
1783703489595 0.26181238889694214 1901
1783703489726 0.5166345834732056 1902
1783703489855 0.30118033289909363 1903
1783703489977 0.09611735492944717 1904
1783703490114 0.2738572657108307 1905
1783703490454 0.1462237685918808 1906
1783703490598 0.5579881072044373 1907
1783703490741 0.23447707295417786 1908
1783703490893 0.2294342964887619 1909
1783703491032 0.6270627379417419 1910
1783703491178 0.06739935278892517 1911
1783703491324 0.4281535744667053 1912
1783703491483 0.6408460140228271 1913
1783703491640 0.1279863566160202 1914
1783703491792 0.1862839162349701 1915
1783703491948 0.6079637408256531 1916
1783703492080 0.3881732225418091 1917
1783703492223 0.4925515949726105 1918
1783703492374 0.09183409810066223 1919
1783703492512 0.7948740720748901 1920
1783703492626 0.6248696446418762 1921
1783703492744 0.40002182126045227 1922
1783703492901 0.10088320076465607 1923
1783703493101 0.4486578404903412 1924
1783703493226 0.5047098398208618 1925
1783703493338 0.1757228672504425 1926
1783703493455 0.24958987534046173 1927
1783703493597 0.42520222067832947 1928
1783703493740 0.38277488946914673 1929
1783703493895 0.26263323426246643 1930
1783703494038 0.24177871644496918 1931
1783703494221 0.8391475677490234 1932
1783703494422 0.4424065053462982 1933
1783703494590 0.31427180767059326 1934
1783703494721 0.26120588183403015 1935
1783703494843 0.4103815257549286 1936
1783703494976 0.3689238727092743 1937
1783703495098 0.14070652425289154 1938
1783703495258 0.05003746971487999 1939
1783703495446 0.22305594384670258 1940
1783703495568 0.25269851088523865 1941
1783703495685 0.22008639574050903 1942
1783703495775 0.23939840495586395 1943
1783703495915 0.22128820419311523 1944
1783703496090 0.3683534860610962 1945
1783703496353 0.3625847399234772 1946
1783703496520 0.20249368250370026 1947
1783703496698 0.3230689764022827 1948
1783703496856 0.3960496485233307 1949
1783703497014 0.5728638172149658 1950
1783703497183 0.5207322239875793 1951
1783703497305 0.09202173352241516 1952
1783703497479 0.29441148042678833 1953
1783703497653 0.41744041442871094 1954
1783703497828 0.11555439978837967 1955
1783703497944 0.2278738170862198 1956
1783703498117 0.4658741354942322 1957
1783703498289 0.43824970722198486 1958
1783703498443 0.19106513261795044 1959
1783703498575 0.22321152687072754 1960
1783703498725 0.49020376801490784 1961
1783703498878 0.2077072262763977 1962
1783703499003 0.4603862464427948 1963
1783703499141 0.5863363146781921 1964
1783703499384 0.4454802870750427 1965
1783703499539 0.23303663730621338 1966
1783703499696 0.33526161313056946 1967
1783703499829 0.0852390006184578 1968
1783703499964 0.39383211731910706 1969
1783703500114 0.1743181049823761 1970
1783703500262 0.30308347940444946 1971
1783703500394 0.25894591212272644 1972
1783703500654 0.06542959064245224 1973
1783703500808 0.16522248089313507 1974
1783703500942 0.22699642181396484 1975
1783703501084 0.1872955858707428 1976
1783703501175 0.14575475454330444 1977
1783703501293 0.28403985500335693 1978
1783703501466 0.2227112203836441 1979
1783703501595 0.398588627576828 1980
1783703501720 0.14671264588832855 1981
1783703501876 0.16522426903247833 1982
1783703502060 0.3801555931568146 1983
1783703502192 0.23930183053016663 1984
1783703502309 0.42650899291038513 1985
1783703502455 0.36593642830848694 1986
1783703502614 0.4541773200035095 1987
1783703502770 0.24256154894828796 1988
1783703502920 0.19796402752399445 1989
1783703503027 0.4351838529109955 1990
1783703503265 0.3491831123828888 1991
1783703503395 0.23730328679084778 1992
1783703503549 0.3007509112358093 1993
1783703503642 0.31490379571914673 1994
1783703503808 0.39705654978752136 1995
1783703503959 0.38804134726524353 1996
1783703504119 0.5444856882095337 1997
1783703504277 0.07653249800205231 1998
1783703504420 0.1984841525554657 1999
1783703504614 0.5670107007026672 2000
1783703504775 0.31605643033981323 2001
1783703504918 0.1817285120487213 2002
1783703505065 0.6020247936248779 2003
1783703505194 0.17686598002910614 2004
1783703505323 0.4344620704650879 2005
1783703505474 0.22883430123329163 2006
1783703505582 0.26621147990226746 2007
1783703505737 0.47499340772628784 2008
1783703505862 0.30536511540412903 2009
1783703506007 0.32041916251182556 2010
1783703506128 0.10276784002780914 2011
1783703506304 0.17453427612781525 2012
1783703506435 0.28052589297294617 2013
1783703506572 0.29380542039871216 2014
1783703506704 0.34691718220710754 2015
1783703506858 0.26159343123435974 2016
1783703507144 0.31120744347572327 2017
1783703507304 0.15478229522705078 2018
1783703507453 0.22013507783412933 2019
1783703507623 0.20172558724880219 2020
1783703507789 0.30464935302734375 2021
1783703507923 0.2976905107498169 2022
1783703508070 0.18694980442523956 2023
1783703508169 0.1330895572900772 2024
1783703508357 0.23939380049705505 2025
1783703508517 0.09085956960916519 2026
1783703508708 0.21046559512615204 2027
1783703508855 0.13893179595470428 2028
1783703508999 0.6216430068016052 2029
1783703509154 0.34420841932296753 2030
1783703509303 0.2690991759300232 2031
1783703509586 0.24337497353553772 2032
1783703509803 0.3432955741882324 2033
1783703509947 0.3245048522949219 2034
1783703510099 0.831151008605957 2035
1783703510236 0.656440019607544 2036
1783703510348 0.1685437560081482 2037
1783703510491 0.45097318291664124 2038
1783703510581 0.4488706588745117 2039
1783703510691 0.6884539723396301 2040
1783703510854 0.3494209051132202 2041
1783703510950 0.30243101716041565 2042
1783703511081 0.46115806698799133 2043
1783703511248 0.22420556843280792 2044
1783703511399 0.17277637124061584 2045
1783703511536 0.38358157873153687 2046
1783703511673 0.08042267709970474 2047
1783703511821 0.13283424079418182 2048
1783703511959 0.4932408630847931 2049
1783703512093 0.4149700999259949 2050
1783703512240 0.17323674261569977 2051
1783703512354 0.08617007732391357 2052
1783703512482 0.3679329454898834 2053
1783703512627 0.31694546341896057 2054
1783703512794 0.18439599871635437 2055
1783703512948 0.40114083886146545 2056
1783703513070 0.20126576721668243 2057
1783703513196 0.2755001187324524 2058
1783703513358 0.42568859457969666 2059
1783703513452 0.15177103877067566 2060
1783703513606 0.13049404323101044 2061
1783703513786 0.22781722247600555 2062
1783703513924 0.3224821388721466 2063
1783703514068 0.5975131392478943 2064
1783703514203 0.4542786777019501 2065
1783703514348 0.757300853729248 2066
1783703514511 0.31139856576919556 2067
1783703514758 0.2673933804035187 2068
1783703514921 0.40286922454833984 2069
1783703515101 0.21331572532653809 2070
1783703515254 0.4075697660446167 2071
1783703515405 0.15137048065662384 2072
1783703515543 0.7518795132637024 2073
1783703515693 0.12051984667778015 2074
1783703515796 0.19472959637641907 2075
1783703516040 0.6438520550727844 2076
1783703516196 0.41908279061317444 2077
1783703516316 0.2104189246892929 2078
1783703516456 0.2545602023601532 2079
1783703516645 0.24841631948947906 2080
1783703516797 0.5236813426017761 2081
1783703516945 0.4952945113182068 2082
1783703517105 0.1344996839761734 2083
1783703517340 0.2481934279203415 2084
1783703517493 0.17578285932540894 2085
1783703517668 0.0855884775519371 2086
1783703517838 0.27085891366004944 2087
1783703518021 0.14903110265731812 2088
1783703518139 0.16821937263011932 2089
1783703518289 0.13702818751335144 2090
1783703518541 0.9647178649902344 2091
1783703518691 0.3530551791191101 2092
1783703518855 0.18576554954051971 2093
1783703518989 0.26376065611839294 2094
1783703519113 0.6755169034004211 2095
1783703519258 0.4281962811946869 2096
1783703519403 0.37878739833831787 2097
1783703519569 0.21128910779953003 2098
1783703519712 0.5825518369674683 2099
1783703519920 0.49046772718429565 2100
1783703520096 0.5580939650535583 2101
1783703520284 0.4430224895477295 2102
1783703520499 0.4329748749732971 2103
1783703520635 0.4525757431983948 2104
1783703520750 0.2732888162136078 2105
1783703520926 0.29389962553977966 2106
1783703521127 0.15211708843708038 2107
1783703521287 0.27882295846939087 2108
1783703521428 0.7036880850791931 2109
1783703521571 0.6080405116081238 2110
1783703521697 0.3292391896247864 2111
1783703521828 0.10706223547458649 2112
1783703521971 0.3340666890144348 2113
1783703522106 0.2858957052230835 2114
1783703522373 0.3950260877609253 2115
1783703522535 0.6239058375358582 2116
1783703522694 0.22769340872764587 2117
1783703522839 0.32933589816093445 2118
1783703523017 0.7394530773162842 2119
1783703523170 0.3946461081504822 2120
1783703523335 0.1608588695526123 2121
1783703523702 0.17598579823970795 2122
1783703523830 0.24309410154819489 2123
1783703523942 0.3565950393676758 2124
1783703524075 0.1659688949584961 2125
1783703524222 0.5167506337165833 2126
1783703524382 0.14484535157680511 2127
1783703524551 0.36568716168403625 2128
1783703524711 0.07853563874959946 2129
1783703524997 0.2199419140815735 2130
1783703525161 0.29549020528793335 2131
1783703525323 0.3128930330276489 2132
1783703525490 0.4437236785888672 2133
1783703525620 0.2734224796295166 2134
1783703525759 0.23259776830673218 2135
1783703525869 0.39049065113067627 2136
1783703526028 0.38821175694465637 2137
1783703526145 0.2949262261390686 2138
1783703526271 0.38416188955307007 2139
1783703526386 0.4036840796470642 2140
1783703526489 0.3840232789516449 2141
1783703526576 0.339241087436676 2142
1783703526705 0.22020964324474335 2143
1783703526867 0.3266824185848236 2144
1783703526991 0.41464951634407043 2145
1783703527125 0.15386337041854858 2146
1783703527231 0.30088695883750916 2147
1783703527380 0.23468492925167084 2148
1783703527554 0.10032791644334793 2149
1783703527690 0.3524664044380188 2150
1783703527839 0.3382227420806885 2151
1783703527962 0.4059445858001709 2152
1783703528108 0.46257731318473816 2153
1783703528248 0.23097728192806244 2154
1783703528363 0.3695377707481384 2155
1783703528482 0.39604777097702026 2156
1783703528810 0.7805431485176086 2157
1783703528971 0.29084256291389465 2158
1783703529127 0.2330191433429718 2159
1783703529264 0.09308716654777527 2160
1783703529400 0.2339201718568802 2161
1783703529555 0.17968419194221497 2162
1783703529701 0.2708451449871063 2163
1783703529838 0.47867900133132935 2164
1783703530033 0.3762856721878052 2165
1783703530127 0.7832189202308655 2166
1783703530235 0.2676210403442383 2167
1783703530356 0.7581965923309326 2168
1783703530478 0.33663567900657654 2169
1783703530644 0.22189201414585114 2170
1783703530799 0.35408127307891846 2171
1783703530950 0.25040265917778015 2172
1783703531151 0.16868038475513458 2173
1783703531267 0.5197595357894897 2174
1783703531428 0.32560765743255615 2175
1783703531540 0.20473510026931763 2176
1783703531597 0.4258304536342621 2177
1783703531647 0.3897106349468231 2178
1783703531696 0.26982542872428894 2179
1783703531744 0.28881555795669556 2180
1783703531790 0.34195056557655334 2181
1783703531843 0.0723012164235115 2182
1783703531900 0.4876994490623474 2183
1783703531955 0.18703755736351013 2184
1783703532003 0.39863306283950806 2185
1783703532052 0.38314858078956604 2186
1783703532136 0.33967214822769165 2187
1783703532259 0.22033849358558655 2188
1783703532422 0.41650718450546265 2189
1783703532569 0.33576658368110657 2190
1783703532693 0.29869309067726135 2191
1783703532836 0.3583921790122986 2192
1783703532978 0.5679994821548462 2193
1783703533135 0.3467028737068176 2194
1783703533283 0.27386167645454407 2195
1783703533408 0.46453893184661865 2196
1783703533539 0.18733254075050354 2197
1783703533661 0.2592962086200714 2198
1783703533854 0.25389957427978516 2199
1783703534075 0.16846057772636414 2200
1783703534225 0.26046043634414673 2201
1783703534389 0.5452141165733337 2202
1783703534547 0.36418136954307556 2203
1783703534711 0.30589988827705383 2204
1783703534839 0.17292380332946777 2205
1783703535002 0.25137779116630554 2206
1783703535232 0.3186710774898529 2207
1783703535390 0.44455504417419434 2208
1783703535522 0.6975943446159363 2209
1783703535643 0.24499136209487915 2210
1783703535750 0.49462467432022095 2211
1783703535840 0.4957314133644104 2212
1783703535967 0.28921976685523987 2213
1783703536123 0.03958728909492493 2214
1783703536264 0.18950365483760834 2215
1783703536394 0.408643901348114 2216
1783703536527 0.29381632804870605 2217
1783703536665 0.2941315770149231 2218
1783703536821 0.1895463764667511 2219
1783703536958 0.3192504048347473 2220
1783703537111 0.20226910710334778 2221
1783703537322 0.29611724615097046 2222
1783703537441 0.1986343115568161 2223
1783703537620 0.2122638076543808 2224
1783703537822 0.49223148822784424 2225
1783703537986 0.44466593861579895 2226
1783703538122 0.18021027743816376 2227
1783703538262 0.3389636278152466 2228
1783703538422 0.5071093440055847 2229
1783703538569 0.4074470102787018 2230
1783703538690 0.4321152865886688 2231
1783703538844 0.17877645790576935 2232
1783703538997 0.29037052392959595 2233
1783703539135 0.34489595890045166 2234
1783703539288 0.1829691380262375 2235
1783703539415 0.4042815864086151 2236
1783703539564 0.46733081340789795 2237
1783703539717 0.2144097089767456 2238
1783703539820 0.5225903987884521 2239
1783703539985 0.14090929925441742 2240
1783703540126 0.2017069160938263 2241
1783703540418 0.502936065196991 2242
1783703540571 0.36680400371551514 2243
1783703540734 0.4972178637981415 2244
1783703540890 0.2604493498802185 2245
1783703541022 0.4637548625469208 2246
1783703541164 0.4087863564491272 2247
1783703541290 0.4622466266155243 2248
1783703541441 0.1336182951927185 2249
1783703541642 0.3350231647491455 2250
1783703541803 0.16210207343101501 2251
1783703541931 0.09819353371858597 2252
1783703542074 0.8279427886009216 2253
1783703542225 0.5548000335693359 2254
1783703542340 0.3090496361255646 2255
1783703542491 0.5254900455474854 2256
1783703542650 0.23570655286312103 2257
1783703542805 0.16276267170906067 2258
1783703543047 0.3646566867828369 2259
1783703543189 0.2801704704761505 2260
1783703543325 0.1450892686843872 2261
1783703543486 0.49131080508232117 2262
1783703543641 0.29556339979171753 2263
1783703543809 0.10263515263795853 2264
1783703543973 0.3443310856819153 2265
1783703544135 0.5168417096138 2266
1783703544387 0.42377281188964844 2267
1783703544534 0.32550331950187683 2268
1783703544681 0.3449817895889282 2269
1783703544835 0.22413882613182068 2270
1783703545001 0.41485172510147095 2271
1783703545105 0.2493775337934494 2272
1783703545196 0.1758221983909607 2273
1783703545279 0.5972968935966492 2274
1783703545369 0.411417156457901 2275
1783703545464 0.13209305703639984 2276
1783703545573 0.0627894401550293 2277
1783703545734 0.3898460865020752 2278
1783703545830 0.23865178227424622 2279
1783703545975 0.3448399603366852 2280
1783703546138 0.36271947622299194 2281
1783703546277 0.12946991622447968 2282
1783703546424 0.19572770595550537 2283
1783703546592 0.2938811182975769 2284
1783703546729 0.12742389738559723 2285
1783703546868 0.32054030895233154 2286
1783703547018 0.5270501375198364 2287
1783703547170 0.2547563314437866 2288
1783703547322 0.4549121856689453 2289
1783703547479 0.20251458883285522 2290
1783703547645 0.3101215958595276 2291
1783703547788 0.27650392055511475 2292
1783703547939 0.24021194875240326 2293
1783703548239 0.30584874749183655 2294
1783703548386 0.7916392087936401 2295
1783703548534 0.38936078548431396 2296
1783703548669 0.156609445810318 2297
1783703548787 0.2132289558649063 2298
1783703548906 0.3346230685710907 2299
1783703549050 0.8064006567001343 2300
1783703549183 0.13549095392227173 2301
1783703549346 0.07527663558721542 2302
1783703549654 0.5643636584281921 2303
1783703549787 0.15902592241764069 2304
1783703549922 0.09457948058843613 2305
1783703550067 0.5174445509910583 2306
1783703550221 0.2837985157966614 2307
1783703550379 0.35428357124328613 2308
1783703550500 0.3543943762779236 2309
1783703550652 0.3431277573108673 2310
1783703550799 0.21850650012493134 2311
1783703550986 0.5312870740890503 2312
1783703551090 0.3546196520328522 2313
1783703551221 0.21621671319007874 2314
1783703551368 0.21695534884929657 2315
1783703551524 0.2280099093914032 2316
1783703551662 0.35708001255989075 2317
1783703551809 0.26432564854621887 2318
1783703552183 0.28406238555908203 2319
1783703552335 0.26238584518432617 2320
1783703552499 0.13191382586956024 2321
1783703552630 0.21654930710792542 2322
1783703552780 0.3750314712524414 2323
1783703552918 0.4807058274745941 2324
1783703553075 0.2645409405231476 2325
1783703553201 0.3838255703449249 2326
1783703553413 0.22433246672153473 2327
1783703553527 0.3033750355243683 2328
1783703553669 0.496402382850647 2329
1783703553833 0.1623021960258484 2330
1783703553943 0.14956235885620117 2331
1783703554091 0.33539241552352905 2332
1783703554268 0.26796212792396545 2333
1783703554396 0.31637850403785706 2334
1783703554811 0.21131016314029694 2335
1783703554961 0.4354301393032074 2336
1783703555134 0.36748939752578735 2337
1783703555299 0.23708675801753998 2338
1783703555413 0.6052581071853638 2339
1783703555539 0.3053479492664337 2340
1783703555733 0.18555095791816711 2341
1783703555831 0.22566789388656616 2342
1783703555998 0.4681582450866699 2343
1783703556159 0.2520665228366852 2344
1783703556315 0.46267515420913696 2345
1783703556466 0.4053926467895508 2346
1783703556626 0.5727435946464539 2347
1783703556752 0.3649883568286896 2348
1783703556914 0.24272999167442322 2349
1783703557041 0.6174353361129761 2350
1783703557212 0.34016066789627075 2351
1783703557373 0.17883725464344025 2352
1783703557525 0.2124897986650467 2353
1783703557663 0.1617814153432846 2354
1783703557827 0.23533819615840912 2355
1783703557993 0.2590046525001526 2356
1783703558140 0.43223077058792114 2357
1783703558305 0.431007981300354 2358
1783703558548 0.46855905652046204 2359
1783703558689 0.5179163217544556 2360
1783703558835 0.40959393978118896 2361
1783703558999 0.42437902092933655 2362
1783703559169 0.3129591941833496 2363
1783703559291 0.5206694602966309 2364
1783703559437 0.11463471502065659 2365
1783703559604 0.11438076943159103 2366
1783703559937 0.46145981550216675 2367
1783703560075 0.37254074215888977 2368
1783703560220 0.1758655607700348 2369
1783703560372 0.2974410355091095 2370
1783703560514 0.23098620772361755 2371
1783703560671 0.1248665601015091 2372
1783703560823 0.17617842555046082 2373
1783703560983 0.2537517845630646 2374
1783703561268 0.626215398311615 2375
1783703561424 0.33679911494255066 2376
1783703561586 0.3523525595664978 2377
1783703561734 0.27156195044517517 2378
1783703561890 0.3198092579841614 2379
1783703562028 0.07582786679267883 2380
1783703562187 0.3178407847881317 2381
1783703562559 0.24468591809272766 2382
1783703562719 0.2664152979850769 2383
1783703562861 0.11183850467205048 2384
1783703563005 0.17222020030021667 2385
1783703563129 0.4251083731651306 2386
1783703563286 0.13297128677368164 2387
1783703563439 0.23310694098472595 2388
1783703563787 0.2998959422111511 2389
1783703563941 0.3559586703777313 2390
1783703564087 0.24896544218063354 2391
1783703564236 0.4876634478569031 2392
1783703564385 0.19496610760688782 2393
1783703564564 0.3365122675895691 2394
1783703564722 0.3237345814704895 2395
1783703565048 0.1580648571252823 2396
1783703565190 0.4861798882484436 2397
1783703565338 0.20741750299930573 2398
1783703565487 0.2783559262752533 2399
1783703565611 0.23633752763271332 2400
1783703565786 0.6356379389762878 2401
1783703565923 0.2887836992740631 2402
1783703566082 0.41358762979507446 2403
1783703566432 0.20364531874656677 2404
1783703566581 0.6893576383590698 2405
1783703566735 0.23504599928855896 2406
1783703566888 0.2787024974822998 2407
1783703567024 0.24904456734657288 2408
1783703567193 0.5834031105041504 2409
1783703567346 0.3110141158103943 2410
1783703567493 0.15548038482666016 2411
1783703567706 0.1918746381998062 2412
1783703567840 0.09647037088871002 2413
1783703568017 0.25642675161361694 2414
1783703568185 0.18053948879241943 2415
1783703568320 0.16834749281406403 2416
1783703568436 0.19632285833358765 2417
1783703568564 0.161095529794693 2418
1783703568668 0.29221925139427185 2419
1783703568875 0.4298191964626312 2420
1783703569071 0.2267809957265854 2421
1783703569203 0.24735794961452484 2422
1783703569361 0.3956035375595093 2423
1783703569483 0.6104432344436646 2424
1783703569624 0.4172539710998535 2425
1783703569755 0.4079202711582184 2426
1783703569892 0.1753476858139038 2427
1783703570045 0.2368112951517105 2428
1783703570298 0.32500913739204407 2429
1783703570443 0.4931889772415161 2430
1783703570587 0.3608999252319336 2431
1783703570727 0.46746912598609924 2432
1783703570876 0.12520156800746918 2433
1783703571019 0.5179187655448914 2434
1783703571170 0.3304193615913391 2435
1783703571349 0.30239856243133545 2436
1783703571532 0.4419732391834259 2437
1783703571624 0.3633038103580475 2438
1783703571725 0.22149412333965302 2439
1783703571848 0.4768831729888916 2440
1783703571974 0.2642223834991455 2441
1783703572112 0.1359238177537918 2442
1783703572253 0.3274173438549042 2443
1783703572404 0.26452910900115967 2444
1783703572540 0.14647138118743896 2445
1783703572749 0.2577144503593445 2446
1783703572892 0.6381285786628723 2447
1783703573048 0.2400667816400528 2448
1783703573170 0.42974305152893066 2449
1783703573317 0.38873976469039917 2450
1783703573462 0.2049316167831421 2451
1783703573646 0.9003060460090637 2452
1783703573761 0.30119630694389343 2453
1783703573906 0.48344191908836365 2454
1783703574147 0.3433115482330322 2455
1783703574284 0.2058982104063034 2456
1783703574416 0.26238933205604553 2457
1783703574517 0.35830166935920715 2458
1783703574652 0.15465880930423737 2459
1783703574790 0.33436596393585205 2460
1783703574918 0.10201876610517502 2461
1783703575066 0.6464425325393677 2462
1783703575337 0.3667842447757721 2463
1783703575476 0.46682360768318176 2464
1783703575580 0.43520587682724 2465
1783703575739 0.22578978538513184 2466
1783703575842 0.1638992577791214 2467
1783703575987 0.44877922534942627 2468
1783703576129 0.1365375965833664 2469
1783703576283 0.4230991303920746 2470
1783703576435 0.2870980501174927 2471
1783703576635 0.4706107974052429 2472
1783703576742 0.49970805644989014 2473
1783703576872 0.189589262008667 2474
1783703577021 0.4596364200115204 2475
1783703577181 0.39739885926246643 2476
1783703577349 0.6169154644012451 2477
1783703577489 0.4871356785297394 2478
1783703577656 0.1770709902048111 2479
1783703577837 0.45294660329818726 2480
1783703578007 0.1366233229637146 2481
1783703578142 0.24535830318927765 2482
1783703578289 0.5220744609832764 2483
1783703578443 1.063718557357788 2484
1783703578592 0.8378803133964539 2485
1783703578735 0.2650057375431061 2486
1783703578880 0.10574178397655487 2487
1783703579064 0.5019510388374329 2488
1783703579176 0.3522288203239441 2489
1783703579289 0.7811975479125977 2490
1783703579454 0.07783226668834686 2491
1783703579608 0.25350117683410645 2492
1783703579750 0.7916227579116821 2493
1783703579898 0.13440653681755066 2494
1783703580060 0.3034564256668091 2495
1783703580368 0.36152148246765137 2496
1783703580506 0.10566822439432144 2497
1783703580730 0.35984236001968384 2498
1783703580921 0.3156481385231018 2499
1783703581068 0.16275717318058014 2500
1783703581197 0.14017987251281738 2501
1783703581340 0.18746645748615265 2502
1783703581484 0.3837331235408783 2503
1783703581745 0.322682648897171 2504
1783703581886 0.18017339706420898 2505
1783703582012 0.20203782618045807 2506
1783703582136 0.2127852439880371 2507
1783703582268 0.5126804113388062 2508
1783703582395 0.49465128779411316 2509
1783703582534 0.19032248854637146 2510
1783703582693 0.4416474997997284 2511
1783703582837 0.2905576527118683 2512
1783703582958 0.5602936744689941 2513
1783703583107 0.28543561697006226 2514
1783703583234 0.17025649547576904 2515
1783703583368 0.5856282711029053 2516
1783703583510 0.5332638621330261 2517
1783703583636 0.3425981402397156 2518
1783703583789 0.13537929952144623 2519
1783703583951 0.2530001401901245 2520
1783703584248 0.23791690170764923 2521
1783703584390 0.5768294334411621 2522
1783703584534 0.28353002667427063 2523
1783703584653 0.5053601264953613 2524
1783703584800 0.48266828060150146 2525
1783703584955 0.09421118348836899 2526
1783703585096 0.1699034422636032 2527
1783703585193 0.208879753947258 2528
1783703585522 0.2862536311149597 2529
1783703585680 0.18161043524742126 2530
1783703585784 0.2963132858276367 2531
1783703585921 0.30132558941841125 2532
1783703586057 0.32746008038520813 2533
1783703586199 0.5728704929351807 2534
1783703586330 0.5622284412384033 2535
1783703586494 0.5547407865524292 2536
1783703586716 0.294572114944458 2537
1783703586833 0.8539762496948242 2538
1783703586941 0.2303611934185028 2539
1783703587100 0.27373480796813965 2540
1783703587225 0.32147109508514404 2541
1783703587340 0.2987769544124603 2542
1783703587513 0.4106765687465668 2543
1783703587688 0.3054191768169403 2544
1783703587853 0.2027316391468048 2545
1783703588057 0.16403450071811676 2546
1783703588258 0.6453007459640503 2547
1783703588422 0.30383309721946716 2548
1783703588557 0.771525502204895 2549
1783703588694 0.3249174654483795 2550
1783703588850 0.5389358997344971 2551
1783703588980 0.35034215450286865 2552
1783703589126 0.42706722021102905 2553
1783703589285 0.5056226253509521 2554
1783703589464 0.6425197124481201 2555
1783703589564 0.18431013822555542 2556
1783703589677 0.33873504400253296 2557
1783703589782 0.1573612242937088 2558
1783703589900 0.50749272108078 2559
1783703589993 0.2100170999765396 2560
1783703590103 0.2806352972984314 2561
1783703590254 0.9342185854911804 2562
1783703590402 0.2898263931274414 2563
1783703590598 0.2551688551902771 2564
1783703590853 0.3517855405807495 2565
1783703590990 0.45589208602905273 2566
1783703591126 0.4892114996910095 2567
1783703591276 0.2046480029821396 2568
1783703591384 0.19175240397453308 2569
1783703591555 0.39858338236808777 2570
1783703591691 0.3086569905281067 2571
1783703591839 0.33107805252075195 2572
1783703591960 0.13053619861602783 2573
1783703592071 0.19909101724624634 2574
1783703592195 0.37861472368240356 2575
1783703592323 0.2394760400056839 2576
1783703592478 0.38853371143341064 2577
1783703592618 0.7060592174530029 2578
1783703592785 0.21232031285762787 2579
1783703592920 0.16353565454483032 2580
1783703593307 0.24273331463336945 2581
1783703593447 0.37931331992149353 2582
1783703593614 0.21858501434326172 2583
1783703593718 0.1493171900510788 2584
1783703593853 0.21873363852500916 2585
1783703593974 0.22562089562416077 2586
1783703594137 0.26672080159187317 2587
1783703594298 0.2582049071788788 2588
1783703594559 0.2586965262889862 2589
1783703594711 0.3162805438041687 2590
1783703594849 0.21160365641117096 2591
1783703595008 0.31895366311073303 2592
1783703595148 0.5740206241607666 2593
1783703595279 0.2737506330013275 2594
1783703595416 0.11824322491884232 2595
1783703595552 0.19633713364601135 2596
1783703595683 0.2496602088212967 2597
1783703595810 0.21017438173294067 2598
1783703595909 0.1526358723640442 2599
1783703596073 0.30663347244262695 2600
1783703596225 0.47209420800209045 2601
1783703596328 0.23818592727184296 2602
1783703596472 0.3560633957386017 2603
1783703596614 0.5351400971412659 2604
1783703596798 0.2569691836833954 2605
1783703597066 0.1804654449224472 2606
1783703597217 0.22067135572433472 2607
1783703597325 0.14155153930187225 2608
1783703597479 0.224618598818779 2609
1783703597603 0.3027046024799347 2610
1783703597736 0.09191756695508957 2611
1783703597898 0.42627063393592834 2612
1783703598099 0.8508220911026001 2613
1783703598338 0.15715360641479492 2614
1783703598473 0.6844251751899719 2615
1783703598593 0.14700685441493988 2616
1783703598738 0.275389164686203 2617
1783703598883 0.24153849482536316 2618
1783703599008 0.4715946614742279 2619
1783703599152 0.1250215768814087 2620
1783703599284 0.2858673632144928 2621
1783703599588 0.5417025685310364 2622
1783703599734 0.5480165481567383 2623
1783703599883 0.2837679088115692 2624
1783703600030 0.4205441176891327 2625
1783703600172 0.3983691930770874 2626
1783703600319 0.5989958047866821 2627
1783703600457 0.2961858808994293 2628
1783703600951 0.2235424965620041 2629
1783703601096 0.3229137063026428 2630
1783703601258 0.14140218496322632 2631
1783703601460 0.34124165773391724 2632
1783703601601 0.17487876117229462 2633
1783703601766 0.33366432785987854 2634
1783703601895 0.20018751919269562 2635
1783703602050 0.37081465125083923 2636
1783703602172 0.11002699285745621 2637
1783703602316 0.3623054325580597 2638
1783703602461 0.31873583793640137 2639
1783703602600 0.2636340260505676 2640
1783703602762 0.08733528852462769 2641
1783703602904 0.3513249158859253 2642
1783703603045 0.33210402727127075 2643
1783703603434 0.47635385394096375 2644
1783703603569 0.11927613615989685 2645
1783703603707 0.2920912802219391 2646
1783703603854 0.36248403787612915 2647
1783703603978 0.11551147699356079 2648
1783703604127 0.3739689588546753 2649
1783703604282 0.14456801116466522 2650
1783703604396 0.5268344879150391 2651
1783703604549 0.11495768278837204 2652
1783703604711 0.34175369143486023 2653
1783703604873 0.1968519687652588 2654
1783703605010 0.25127533078193665 2655
1783703605163 0.1837461143732071 2656
1783703605311 0.2274499088525772 2657
1783703605463 0.1566104292869568 2658
1783703605605 0.20203422009944916 2659
1783703605785 0.3485698997974396 2660
1783703605886 0.3015039265155792 2661
1783703606042 0.22397978603839874 2662
1783703606200 0.6313031911849976 2663
1783703606328 0.4720597267150879 2664
1783703606509 0.2501557171344757 2665
1783703606683 0.1720748096704483 2666
1783703606793 0.12140247225761414 2667
1783703606932 0.40260735154151917 2668
1783703607178 0.4511062204837799 2669
1783703607337 0.19476787745952606 2670
1783703607454 0.6117677688598633 2671
1783703607615 0.5288380980491638 2672
1783703607769 0.7733625769615173 2673
1783703607897 0.4657289981842041 2674
1783703608053 0.20730629563331604 2675
1783703608203 0.1483106166124344 2676
1783703608386 0.10958925634622574 2677
1783703608505 0.34496331214904785 2678
1783703608619 0.1169823482632637 2679
1783703608775 0.19657398760318756 2680
1783703608915 0.536702036857605 2681
1783703609055 0.3255639374256134 2682
1783703609218 0.24887800216674805 2683
1783703609369 0.26945018768310547 2684
1783703609490 0.5094519257545471 2685
1783703609647 0.16136574745178223 2686
1783703609798 0.500167191028595 2687
1783703609906 0.25630125403404236 2688
1783703610050 0.2730834484100342 2689
1783703610182 0.35411694645881653 2690
1783703610330 0.12478750199079514 2691
1783703610494 0.3343307375907898 2692
1783703610622 0.2226259857416153 2693
1783703610762 0.23797465860843658 2694
1783703610934 0.5735746026039124 2695
1783703611106 0.18274115025997162 2696
1783703611290 0.449787437915802 2697
1783703611421 0.44865378737449646 2698
1783703611587 0.3101586699485779 2699
1783703611738 0.08151224255561829 2700
1783703611858 0.3494420349597931 2701
1783703612003 0.2328176200389862 2702
1783703612394 0.48502305150032043 2703
1783703612542 0.42577746510505676 2704
1783703612676 0.701953113079071 2705
1783703612788 0.16394755244255066 2706
1783703612917 0.27367663383483887 2707
1783703613076 0.30643728375434875 2708
1783703613227 0.25152578949928284 2709
1783703613403 0.2061939686536789 2710
1783703613534 0.552497148513794 2711
1783703613675 0.2258339375257492 2712
1783703613783 0.42781877517700195 2713
1783703613902 0.572805643081665 2714
1783703614085 0.15092678368091583 2715
1783703614232 0.3354637026786804 2716
1783703614368 0.12359259277582169 2717
1783703614523 0.8081199526786804 2718
1783703614670 0.17475561797618866 2719
1783703614833 0.7691734433174133 2720
1783703615063 0.22739765048027039 2721
1783703615190 0.3474927544593811 2722
1783703615311 0.21478500962257385 2723
1783703615452 0.4766705334186554 2724
1783703615584 0.5465770363807678 2725
1783703615782 0.34313637018203735 2726
1783703615873 0.32484206557273865 2727
1783703615974 0.36632078886032104 2728
1783703616235 0.3866958022117615 2729
1783703616366 0.38340169191360474 2730
1783703616541 0.3462165296077728 2731
1783703616708 0.4377661347389221 2732
1783703616849 0.06852782517671585 2733
1783703616987 0.34949928522109985 2734
1783703617100 0.38087332248687744 2735
1783703617250 0.3585960566997528 2736
1783703617398 0.7283693552017212 2737
1783703617652 0.22319765388965607 2738
1783703617798 0.3541480600833893 2739
1783703617948 0.29745131731033325 2740
1783703618100 0.6770203113555908 2741
1783703618229 0.21664702892303467 2742
1783703618380 0.6883089542388916 2743
1783703618537 0.21613508462905884 2744
1783703618679 0.31791597604751587 2745
1783703618914 0.39991748332977295 2746
1783703619051 0.21245253086090088 2747
1783703619195 0.351116418838501 2748
1783703619342 0.5858592391014099 2749
1783703619475 0.48758888244628906 2750
1783703619607 0.2586032450199127 2751
1783703619757 0.19939576089382172 2752
1783703619901 0.23221732676029205 2753
1783703620300 0.5237283706665039 2754
1783703620413 0.2856481075286865 2755
1783703620566 0.165871724486351 2756
1783703620697 0.19295227527618408 2757
1783703620797 0.11787127703428268 2758
1783703620935 0.315777987241745 2759
1783703621080 0.4306632876396179 2760
1783703621229 0.26987457275390625 2761
1783703621430 0.2365858405828476 2762
1783703621599 0.2217082381248474 2763
1783703621782 0.2163129448890686 2764
1783703621932 0.5464197397232056 2765
1783703622080 0.22072789072990417 2766
1783703622206 0.23369620740413666 2767
1783703622330 0.2492685765028 2768
1783703622440 0.3916531503200531 2769
1783703622629 0.16421100497245789 2770
1783703622758 0.12430466711521149 2771
1783703622867 0.21237070858478546 2772
1783703622979 0.42682963609695435 2773
1783703623107 0.20985782146453857 2774
1783703623242 0.3994261920452118 2775
1783703623383 0.4848330020904541 2776
1783703623532 0.44762566685676575 2777
1783703623676 0.19543208181858063 2778
1783703623815 0.17065639793872833 2779
1783703624038 0.3022770583629608 2780
1783703624177 0.28752970695495605 2781
1783703624311 0.43065762519836426 2782
1783703624458 0.31821781396865845 2783
1783703624601 0.2641325891017914 2784
1783703624729 0.4231986701488495 2785
1783703624839 0.391650915145874 2786
1783703624982 0.23996767401695251 2787
1783703625104 0.47871679067611694 2788
1783703625257 0.56980299949646 2789
1783703625435 0.17809556424617767 2790
1783703625564 0.2540472149848938 2791
1783703625698 0.4724440574645996 2792
1783703625818 0.36348822712898254 2793
1783703625925 0.38084450364112854 2794
1783703626063 0.17306020855903625 2795
1783703626212 0.8049771785736084 2796
1783703626368 0.2544175982475281 2797
1783703626534 0.3139440715312958 2798
1783703626651 0.5854698419570923 2799
1783703626786 0.6307312250137329 2800
1783703626913 0.28995653986930847 2801
1783703627064 0.4836967885494232 2802
1783703627199 0.2573126256465912 2803
1783703627314 0.29277700185775757 2804
1783703627472 0.3428942859172821 2805
1783703627630 0.3539252281188965 2806
1783703627814 0.3737260103225708 2807
1783703627947 0.6118046045303345 2808
1783703628085 0.5129109025001526 2809
1783703628217 0.6682195067405701 2810
1783703628357 0.2392488569021225 2811
1783703628500 0.1272108554840088 2812
1783703628647 0.2574598789215088 2813
1783703628778 0.257258802652359 2814
1783703628936 0.31159454584121704 2815
1783703629120 0.19676625728607178 2816
1783703629305 0.1616930067539215 2817
1783703629431 0.1130138412117958 2818
1783703629583 0.5469315052032471 2819
1783703629727 0.19559089839458466 2820
1783703629859 0.2622700035572052 2821
1783703630000 1.1304802894592285 2822
1783703630123 0.576763391494751 2823
1783703630243 0.22658789157867432 2824
1783703630582 0.14262627065181732 2825
1783703630723 0.3813353180885315 2826
1783703630848 0.45809057354927063 2827
1783703630984 0.10787303000688553 2828
1783703631116 0.5910136103630066 2829
1783703631248 0.24124495685100555 2830
1783703631400 0.04514029622077942 2831
1783703631572 0.49563196301460266 2832
1783703631721 0.23411597311496735 2833
1783703631917 0.3077370226383209 2834
1783703632050 0.5800188183784485 2835
1783703632183 0.38394656777381897 2836
1783703632333 0.2461176961660385 2837
1783703632480 0.5395755171775818 2838
1783703632619 0.3886930048465729 2839
1783703632747 0.23491773009300232 2840
1783703632899 0.37040621042251587 2841
1783703633056 0.4347250461578369 2842
1783703633192 0.35376253724098206 2843
1783703633322 0.2803269922733307 2844
1783703633433 0.18127332627773285 2845
1783703633577 0.24183884263038635 2846
1783703633719 0.35980552434921265 2847
1783703633851 0.3446612060070038 2848
1783703634000 0.16868066787719727 2849
1783703634166 0.37073102593421936 2850
1783703634441 0.10837190598249435 2851
1783703634585 0.20961038768291473 2852
1783703634713 0.21982872486114502 2853
1783703634874 0.4931967258453369 2854
1783703635012 0.29248306155204773 2855
1783703635198 0.49604156613349915 2856
1783703635329 0.3849799633026123 2857
1783703635511 0.10650447756052017 2858
1783703635608 0.4075608551502228 2859
1783703635755 0.3719785809516907 2860
1783703635872 0.23068633675575256 2861
1783703635983 0.36851486563682556 2862
1783703636129 0.26881393790245056 2863
1783703636261 0.27597567439079285 2864
1783703636386 0.288150429725647 2865
1783703636546 0.2658318281173706 2866
1783703636695 0.2379569113254547 2867
1783703636880 0.13227657973766327 2868
1783703637066 0.1550769954919815 2869
1783703637201 0.09897784143686295 2870
1783703637335 0.1212833896279335 2871
1783703637478 0.25982117652893066 2872
1783703637624 0.4511643052101135 2873
1783703637740 0.18903383612632751 2874
1783703637874 0.34520137310028076 2875
1783703638022 0.25700101256370544 2876
1783703638284 0.32810765504837036 2877
1783703638483 0.21176192164421082 2878
1783703638628 0.577213704586029 2879
1783703638761 0.3440230190753937 2880
1783703638893 0.8400272727012634 2881
1783703639048 0.20246465504169464 2882
1783703639167 0.5361531972885132 2883
1783703639323 0.34233808517456055 2884
1783703639464 0.534837007522583 2885
1783703639609 0.18847180902957916 2886
1783703639723 0.22669720649719238 2887
1783703639849 0.21709395945072174 2888
1783703639980 0.7114853858947754 2889
1783703640144 0.23689468204975128 2890
1783703640257 0.3430909216403961 2891
1783703640384 0.3456442654132843 2892
1783703640542 0.23171862959861755 2893
1783703640669 0.18370932340621948 2894
1783703640855 0.10138477385044098 2895
1783703640958 0.45055973529815674 2896
1783703641098 0.3140529990196228 2897
1783703641227 0.15148958563804626 2898
1783703641382 0.5645571947097778 2899
1783703641480 0.17185601592063904 2900
1783703641615 0.24823468923568726 2901
1783703641781 0.3095320761203766 2902
1783703641914 0.35849565267562866 2903
1783703642016 0.14383943378925323 2904
1783703642120 0.11448998749256134 2905
1783703642223 0.26061519980430603 2906
1783703642329 0.37483537197113037 2907
1783703642490 0.27289870381355286 2908
1783703642628 0.32475781440734863 2909
1783703642777 0.19447462260723114 2910
1783703642908 0.5074283480644226 2911
1783703643061 0.2147977203130722 2912
1783703643193 0.5200382471084595 2913
1783703643327 0.13587422668933868 2914
1783703643437 0.1953590214252472 2915
1783703643541 0.125840425491333 2916
1783703643669 0.28394895792007446 2917
1783703643809 0.43473586440086365 2918
1783703643944 0.34670737385749817 2919
1783703644071 0.16802412271499634 2920
1783703644188 0.20480413734912872 2921
1783703644332 0.5468130111694336 2922
1783703644439 0.10597878694534302 2923
1783703644799 0.32378268241882324 2924
1783703644975 0.2865522801876068 2925
1783703645098 0.3852792978286743 2926
1783703645233 0.32221534848213196 2927
1783703645343 0.4046415090560913 2928
1783703645442 0.3931679129600525 2929
1783703645552 0.5326408743858337 2930
1783703645669 0.42670056223869324 2931
1783703645782 0.2116420865058899 2932
1783703645876 0.5068987607955933 2933
1783703645990 0.2844814360141754 2934
1783703646134 0.183719202876091 2935
1783703646242 0.19558709859848022 2936
1783703646356 0.4569689631462097 2937
1783703646483 0.35811030864715576 2938
1783703646647 0.2643904983997345 2939
1783703646822 0.20030830800533295 2940
1783703646928 0.323442667722702 2941
1783703647037 0.2478504180908203 2942
1783703647264 0.4863128066062927 2943
1783703647399 0.24327050149440765 2944
1783703647526 0.43473902344703674 2945
1783703647688 0.5414524078369141 2946
1783703647850 0.308754563331604 2947
1783703648011 0.16743572056293488 2948
1783703648126 0.2628859579563141 2949
1783703648273 0.29899242520332336 2950
1783703648417 0.3065215051174164 2951
1783703648547 0.5544528365135193 2952
1783703648714 0.20109817385673523 2953
1783703648852 0.33137238025665283 2954
1783703648996 0.36040326952934265 2955
1783703649128 0.323111891746521 2956
1783703649283 0.2271648347377777 2957
1783703649453 0.3174551725387573 2958
1783703649565 0.20194417238235474 2959
1783703649853 0.7795636653900146 2960
1783703650013 0.2306312620639801 2961
1783703650155 0.29134416580200195 2962
1783703650323 0.2617655396461487 2963
1783703650464 0.2923215925693512 2964
1783703650624 0.713397204875946 2965
1783703650775 0.2522124648094177 2966
1783703650932 0.2925220727920532 2967
1783703651221 0.3463532030582428 2968
1783703651352 0.7991587519645691 2969
1783703651503 0.2593909204006195 2970
1783703651666 0.5785702466964722 2971
1783703651804 0.3014301061630249 2972
1783703651956 0.4842185378074646 2973
1783703652121 0.21852858364582062 2974
1783703652265 0.22323556244373322 2975
1783703652497 0.3637317717075348 2976
1783703652672 0.6620996594429016 2977
1783703652774 0.25995323061943054 2978
1783703652858 0.9039634466171265 2979
1783703652985 0.2604033648967743 2980
1783703653106 0.24416348338127136 2981
1783703653249 0.33287835121154785 2982
1783703653393 0.22344762086868286 2983
1783703653533 0.2987072765827179 2984
1783703653822 0.17586810886859894 2985
1783703653966 0.47553861141204834 2986
1783703654115 0.5043465495109558 2987
1783703654250 0.41902920603752136 2988
1783703654404 0.7401257157325745 2989
1783703654554 0.2247338742017746 2990
1783703654714 0.3413739800453186 2991
1783703655082 0.14331503212451935 2992
1783703655203 0.37298253178596497 2993
1783703655323 0.47464972734451294 2994
1783703655514 0.10644430667161942 2995
1783703655649 0.0946606993675232 2996
1783703655820 0.2916041314601898 2997
1783703655914 0.23045608401298523 2998
1783703656040 0.4115090072154999 2999
1783703656184 0.40752434730529785 3000
1783703656431 0.19990354776382446 3001
1783703656578 0.4420713484287262 3002
1783703656714 0.4405246376991272 3003
1783703656858 0.7661601305007935 3004
1783703657023 0.3023153841495514 3005
1783703657144 0.09917588531970978 3006
1783703657276 0.30584025382995605 3007
1783703657605 0.3019765317440033 3008
1783703657749 0.24495543539524078 3009
1783703657916 0.10691744834184647 3010
1783703658058 0.3775693476200104 3011
1783703658203 0.3655201494693756 3012
1783703658317 0.20791184902191162 3013
1783703658454 0.30189406871795654 3014
1783703658596 0.42424067854881287 3015
1783703658732 0.3632849156856537 3016
1783703658894 0.613062858581543 3017
1783703659066 0.3389483392238617 3018
1783703659219 0.21134132146835327 3019
1783703659340 0.4197731018066406 3020
1783703659484 0.24720826745033264 3021
1783703659625 0.22140195965766907 3022
1783703659770 0.631172239780426 3023
1783703659929 0.8392430543899536 3024
1783703660090 0.24860063195228577 3025
1783703660267 0.1453455239534378 3026
1783703660375 0.45713356137275696 3027
1783703660516 0.37114623188972473 3028
1783703660626 0.42146971821784973 3029
1783703660788 0.3533767759799957 3030
1783703660941 0.6958378553390503 3031
1783703661105 0.13121818006038666 3032
1783703661233 0.2369302660226822 3033
1783703661389 0.33889517188072205 3034
1783703661568 0.5378575325012207 3035
1783703661736 0.10768910497426987 3036
1783703661917 0.2970283329486847 3037
1783703662088 0.35276883840560913 3038
1783703662247 0.15678322315216064 3039
1783703662396 0.5707821846008301 3040
1783703662513 0.37394291162490845 3041
1783703662637 0.200666606426239 3042
1783703662781 0.5887699127197266 3043
1783703662930 0.040665946900844574 3044
1783703663077 0.4432586431503296 3045
1783703663218 0.5118380784988403 3046
1783703663346 0.21673114597797394 3047
1783703663496 0.2682494521141052 3048
1783703663603 0.1785995066165924 3049
1783703663708 0.501825749874115 3050
1783703663854 0.3863828778266907 3051
1783703664015 0.1892402172088623 3052
1783703664234 0.3143560290336609 3053
1783703664383 0.32939809560775757 3054
1783703664545 0.1836823672056198 3055
1783703664677 0.4028472304344177 3056
1783703664783 0.19940491020679474 3057
1783703664935 0.41427046060562134 3058
1783703665081 0.17094166576862335 3059
1783703665221 0.3289731442928314 3060
1783703665409 0.3419707715511322 3061
1783703665547 0.2991804778575897 3062
1783703665676 0.22893831133842468 3063
1783703665798 0.39437541365623474 3064
1783703665886 0.7996339201927185 3065
1783703666021 0.21431490778923035 3066
1783703666141 0.20776818692684174 3067
1783703666279 0.6250161528587341 3068
1783703666421 0.136957585811615 3069
1783703666571 0.29344385862350464 3070
1783703666719 0.5776989459991455 3071
1783703666851 0.5858138203620911 3072
1783703667002 0.2710244059562683 3073
1783703667157 0.21736648678779602 3074
1783703667300 0.4490428864955902 3075
1783703667448 0.193633034825325 3076
1783703667591 0.156263530254364 3077
1783703667762 0.5382869243621826 3078
1783703667920 0.32187125086784363 3079
1783703668070 0.10906307399272919 3080
1783703668242 0.31588396430015564 3081
1783703668383 0.3447347581386566 3082
1783703668534 0.23882749676704407 3083
1783703668678 0.4838048219680786 3084
1783703668811 0.2944578528404236 3085
1783703668969 0.43159663677215576 3086
1783703669101 0.6771535873413086 3087
1783703669258 0.6284680366516113 3088
1783703669426 0.32690030336380005 3089
1783703669554 0.19751761853694916 3090
1783703669703 0.2788567841053009 3091
1783703669857 0.3448273837566376 3092
1783703669998 0.46838244795799255 3093
1783703670150 0.29347357153892517 3094
1783703670329 0.43802398443222046 3095
1783703670543 0.11855687946081161 3096
1783703670687 0.6422203779220581 3097
1783703670810 0.43801915645599365 3098
1783703670919 0.3547589182853699 3099
1783703671053 0.20236341655254364 3100
1783703671170 0.05590539798140526 3101
1783703671301 0.35270124673843384 3102
1783703671472 0.23893846571445465 3103
1783703671630 0.17850583791732788 3104
1783703671793 0.34236279129981995 3105
1783703671953 0.24989861249923706 3106
1783703672116 0.0944201648235321 3107
1783703672248 0.13219961524009705 3108
1783703672379 0.30259326100349426 3109
1783703672508 0.1617346554994583 3110
1783703672633 0.4357776641845703 3111
1783703672789 0.1677335947751999 3112
1783703672919 0.14359566569328308 3113
1783703673047 0.372161865234375 3114
1783703673197 0.3550315499305725 3115
1783703673357 0.31720584630966187 3116
1783703673484 0.28073379397392273 3117
1783703673631 0.274652898311615 3118
1783703673783 0.42058685421943665 3119
1783703673930 0.30777066946029663 3120
1783703674053 0.4439902901649475 3121
1783703674184 0.20827272534370422 3122
1783703674318 0.3769204020500183 3123
1783703674446 0.16582487523555756 3124
1783703674556 0.3821786940097809 3125
1783703674688 0.3440779447555542 3126
1783703674834 0.3746882677078247 3127
1783703674981 0.3519141674041748 3128
1783703675101 0.4068071246147156 3129
1783703675260 0.08644697070121765 3130
1783703675402 0.33938196301460266 3131
1783703675545 0.24952836334705353 3132
1783703675666 0.4093136489391327 3133
1783703675834 0.2226942777633667 3134
1783703675930 0.43510353565216064 3135
1783703676085 0.13571399450302124 3136
1783703676233 0.2641880214214325 3137
1783703676369 0.291310578584671 3138
1783703676525 0.0603707917034626 3139
1783703676656 0.15099120140075684 3140
1783703676800 0.14129644632339478 3141
1783703677011 0.2509865164756775 3142
1783703677182 0.29789504408836365 3143
1783703677327 0.4057142734527588 3144
1783703677463 0.03274193033576012 3145
1783703677600 0.15309469401836395 3146
1783703677730 0.4928699731826782 3147
1783703677854 0.14657555520534515 3148
1783703678006 0.19756203889846802 3149
1783703678129 0.13468630611896515 3150
1783703678407 0.3848710358142853 3151
1783703678549 0.2985231876373291 3152
1783703678706 0.5211399793624878 3153
1783703678822 0.3083595931529999 3154
1783703678945 0.21748125553131104 3155
1783703679085 0.27268585562705994 3156
1783703679215 0.21528223156929016 3157
1783703679337 0.11228592693805695 3158
1783703679479 0.2767021954059601 3159
1783703679653 0.16587726771831512 3160
1783703679766 0.18247579038143158 3161
1783703679897 0.18433882296085358 3162
1783703680020 0.6122466921806335 3163
1783703680167 0.3247469663619995 3164
1783703680324 0.37716010212898254 3165
1783703680481 0.3337775766849518 3166
1783703680601 0.051504336297512054 3167
1783703680740 0.5288340449333191 3168
1783703681040 0.5269772410392761 3169
1783703681170 0.2694748342037201 3170
1783703681333 0.3378460109233856 3171
1783703681471 0.5900358557701111 3172
1783703681633 0.27040621638298035 3173
1783703681791 0.06507572531700134 3174
1783703681904 0.3613085448741913 3175
1783703682050 0.1766890585422516 3176
1783703682186 0.5385745167732239 3177
1783703682284 0.2903461754322052 3178
1783703682415 0.48396554589271545 3179
1783703682591 0.0800246000289917 3180
1783703682783 0.26873669028282166 3181
1783703682922 0.09723695367574692 3182
1783703683057 0.14201806485652924 3183
1783703683195 0.08074444532394409 3184
1783703683329 0.15070439875125885 3185
1783703683482 0.2939864695072174 3186
1783703683680 0.13707315921783447 3187
1783703683799 0.35451436042785645 3188
1783703683944 0.2047903835773468 3189
1783703684086 0.24603936076164246 3190
1783703684207 0.27065449953079224 3191
1783703684318 0.2803576588630676 3192
1783703684458 0.5830712914466858 3193
1783703684590 0.27235645055770874 3194
1783703684749 0.22374963760375977 3195
1783703684883 0.24130775034427643 3196
1783703685034 0.31793951988220215 3197
1783703685189 0.45076996088027954 3198
1783703685319 0.265156090259552 3199
1783703685497 0.2792862355709076 3200
1783703685680 0.09478327631950378 3201
1783703685824 0.4081959128379822 3202
1783703685917 0.07097489386796951 3203
1783703686209 0.2615209221839905 3204
1783703686341 0.40654122829437256 3205
1783703686471 0.5287966132164001 3206
1783703686604 0.3408719599246979 3207
1783703686694 0.43096622824668884 3208
1783703686803 0.25765159726142883 3209
1783703686948 0.22947587072849274 3210
1783703687090 0.1962595134973526 3211
1783703687238 0.2566891014575958 3212
1783703687401 0.2593049108982086 3213
1783703687535 0.2705131769180298 3214
1783703687650 0.19930320978164673 3215
1783703687753 0.42161422967910767 3216
1783703687863 0.24438637495040894 3217
1783703687979 0.2802453339099884 3218
1783703688087 0.30696579813957214 3219
1783703688197 0.6347286701202393 3220
1783703688304 0.8092191219329834 3221
1783703688398 0.24136607348918915 3222
1783703688495 0.1340082734823227 3223
1783703688608 0.5276361703872681 3224
1783703688750 0.1908407062292099 3225
1783703688885 0.22123858332633972 3226
1783703689012 0.2434636950492859 3227
1783703689180 0.8102843165397644 3228
1783703689318 0.09040263295173645 3229
1783703689432 0.6282456517219543 3230
1783703689579 0.29344773292541504 3231
1783703689726 0.4514077603816986 3232
1783703690133 0.47176113724708557 3233
1783703690275 0.2834419310092926 3234
1783703690430 0.5964040160179138 3235
1783703690590 0.23030239343643188 3236
1783703690695 0.26002025604248047 3237
1783703690811 0.35487550497055054 3238
1783703690939 0.33035558462142944 3239
1783703691075 0.3045555353164673 3240
1783703691395 0.24959996342658997 3241
1783703691555 0.37266987562179565 3242
1783703691716 0.25944122672080994 3243
1783703691829 0.510163426399231 3244
1783703691972 1.0387829542160034 3245
1783703692111 0.09859239310026169 3246
1783703692256 0.11023800075054169 3247
1783703692407 0.4805786609649658 3248
1783703692563 0.6444751024246216 3249
1783703692761 0.4164195656776428 3250
1783703692913 0.24072225391864777 3251
1783703693033 0.5799225568771362 3252
1783703693211 0.24702033400535583 3253
1783703693334 0.4835197329521179 3254
1783703693513 0.3436470329761505 3255
1783703693655 0.2809951603412628 3256
1783703693836 0.32998302578926086 3257
1783703693974 0.1206083744764328 3258
1783703694075 0.5568380355834961 3259
1783703694218 0.3337801992893219 3260
1783703694345 0.45048075914382935 3261
1783703694467 0.2707020342350006 3262
1783703694615 0.17855709791183472 3263
1783703694746 0.14781759679317474 3264
1783703694889 0.1785517930984497 3265
1783703695034 0.38441312313079834 3266
1783703695265 0.2254156619310379 3267
1783703695442 0.23044218122959137 3268
1783703695570 0.6022886037826538 3269
1783703695666 0.1884905993938446 3270
1783703695793 0.3195991516113281 3271
1783703695881 0.3167821168899536 3272
1783703695990 0.24805474281311035 3273
1783703696127 0.467506468296051 3274
1783703696244 0.4037807285785675 3275
1783703696383 0.2262343466281891 3276
1783703696625 0.2792235314846039 3277
1783703696808 0.637275218963623 3278
1783703696935 0.18437424302101135 3279
1783703697096 0.20238031446933746 3280
1783703697240 0.12702436745166779 3281
1783703697393 0.38910025358200073 3282
1783703697543 0.17011655867099762 3283
1783703697742 0.3214417099952698 3284
1783703697922 0.38584452867507935 3285
1783703698099 0.29559916257858276 3286
1783703698245 0.18147335946559906 3287
1783703698373 0.23639458417892456 3288
1783703698497 0.31765222549438477 3289
1783703698651 0.3019447922706604 3290
1783703698759 0.4812871515750885 3291
1783703698906 0.25299781560897827 3292
1783703699061 0.7853178977966309 3293
1783703699363 0.36383068561553955 3294
1783703699478 0.2600616216659546 3295
1783703699663 0.449526846408844 3296
1783703699798 0.09379374235868454 3297
1783703699954 0.3199361264705658 3298
1783703700107 0.2195497751235962 3299
1783703700266 0.3991805911064148 3300
1783703700413 0.6397550106048584 3301
1783703700538 0.4473668336868286 3302
1783703700685 0.24482962489128113 3303
1783703700844 0.1872376948595047 3304
1783703700992 0.39919447898864746 3305
1783703701144 0.35232260823249817 3306
1783703701387 0.186586394906044 3307
1783703701521 0.5356833934783936 3308
1783703701677 0.3119979202747345 3309
1783703701839 0.17876538634300232 3310
1783703701964 0.16615088284015656 3311
1783703702113 0.33487996459007263 3312
1783703702272 0.23619556427001953 3313
1783703702414 0.2416801005601883 3314
1783703702541 0.18210406601428986 3315
1783703702667 0.1479416936635971 3316
1783703702828 0.13945390284061432 3317
1783703703153 0.17351041734218597 3318
1783703703306 0.41612502932548523 3319
1783703703508 0.08100894838571548 3320
1783703703647 0.31644517183303833 3321
1783703703784 0.2895026206970215 3322
1783703703914 0.5137030482292175 3323
1783703704055 0.21222636103630066 3324
1783703704197 0.39204755425453186 3325
1783703704404 0.10493544489145279 3326
1783703704527 0.41211166977882385 3327
1783703704680 0.11077345907688141 3328
1783703704821 0.32673293352127075 3329
1783703704974 0.250588595867157 3330
1783703705131 0.1265181005001068 3331
1783703705288 0.32463210821151733 3332
1783703705428 0.1642966866493225 3333
1783703705594 0.18811415135860443 3334
1783703705702 0.37448015809059143 3335
1783703705824 0.332182377576828 3336
1783703705919 0.28252166509628296 3337
1783703706059 0.4803968369960785 3338
1783703706202 0.1742883175611496 3339
1783703706321 0.3870757818222046 3340
1783703706424 0.4243118166923523 3341
1783703706542 0.35455870628356934 3342
1783703706697 0.2199416309595108 3343
1783703706855 0.236897274851799 3344
1783703707083 0.189190074801445 3345
1783703707228 0.37096676230430603 3346
1783703707378 0.3005980849266052 3347
1783703707508 0.29224416613578796 3348
1783703707673 0.1616857647895813 3349
1783703707823 0.21306589245796204 3350
1783703707964 0.3062380850315094 3351
1783703708259 0.18484611809253693 3352
1783703708416 0.20305030047893524 3353
1783703708496 0.4475402235984802 3354
1783703708602 0.30346614122390747 3355
1783703708719 0.18030937016010284 3356
1783703708849 0.277615487575531 3357
1783703708968 0.4901328980922699 3358
1783703709063 0.2466709315776825 3359
1783703709229 0.10128479450941086 3360
1783703709381 0.16585363447666168 3361
1783703709529 0.21044103801250458 3362
1783703709675 0.17231972515583038 3363
1783703709823 0.5017115473747253 3364
1783703709965 0.42147958278656006 3365
1783703710098 0.31704607605934143 3366
1783703710232 0.11636680364608765 3367
1783703710393 0.12390800565481186 3368
1783703710531 0.12171442061662674 3369
1783703710679 0.4270481467247009 3370
1783703710828 0.26750442385673523 3371
1783703710959 0.4147621691226959 3372
1783703711065 0.2241889387369156 3373
1783703711197 0.6261569857597351 3374
1783703711331 0.3348067104816437 3375
1783703711485 0.19113224744796753 3376
1783703711632 0.5137900114059448 3377
1783703711812 0.6719253659248352 3378
1783703711984 0.15813341736793518 3379
1783703712187 0.131254643201828 3380
1783703712318 0.19719378650188446 3381
1783703712451 0.5640320777893066 3382
1783703712588 0.26687920093536377 3383
1783703712716 0.1739487200975418 3384
1783703712864 0.5775023698806763 3385
1783703713016 0.3167114853858948 3386
1783703713167 0.2663758397102356 3387
1783703713309 0.4728662371635437 3388
1783703713492 0.1169985979795456 3389
1783703713604 0.44887375831604004 3390
1783703713737 0.4707111120223999 3391
1783703713877 0.2383003979921341 3392
1783703714020 0.32747432589530945 3393
1783703714164 0.17939499020576477 3394
1783703714299 0.2955320477485657 3395
1783703714430 0.20282363891601562 3396
1783703714635 0.4378252923488617 3397
1783703714800 0.39425674080848694 3398
1783703714928 0.14402563869953156 3399
1783703715078 0.32538139820098877 3400
1783703715210 0.29671600461006165 3401
1783703715323 0.29261505603790283 3402
1783703715494 0.08857495337724686 3403
1783703715610 0.40782615542411804 3404
1783703715736 0.27701878547668457 3405
1783703715931 0.3666611909866333 3406
1783703716088 0.16922999918460846 3407
1783703716232 0.722253680229187 3408
1783703716336 0.37827765941619873 3409
1783703716457 0.3325428068637848 3410
1783703716591 0.18398964405059814 3411
1783703716732 0.2439420074224472 3412
1783703716860 0.07938617467880249 3413
1783703716984 0.4481826722621918 3414
1783703717252 0.23176079988479614 3415
1783703717379 0.6675955057144165 3416
1783703717512 0.15824218094348907 3417
1783703717670 0.4028286337852478 3418
1783703717815 0.39618924260139465 3419
1783703717975 0.5611252784729004 3420
1783703718126 0.24957150220870972 3421
1783703718271 0.33268147706985474 3422
1783703718431 0.7359135746955872 3423
1783703718617 0.27086836099624634 3424
1783703718767 0.06166763976216316 3425
1783703718899 0.1096254289150238 3426
1783703719047 0.16295252740383148 3427
1783703719197 0.5776414275169373 3428
1783703719323 0.34261661767959595 3429
1783703719465 0.2999369502067566 3430
1783703719618 0.26101014018058777 3431
1783703719777 0.24989290535449982 3432
1783703719918 0.26433658599853516 3433
1783703720015 0.17936602234840393 3434
1783703720116 0.54570072889328 3435
1783703720228 0.3095617890357971 3436
1783703720415 0.2640930712223053 3437
1783703720530 0.25647875666618347 3438
1783703720639 0.4043450653553009 3439
1783703720777 0.20411066710948944 3440
1783703720909 0.24696598947048187 3441
1783703721035 0.10079803317785263 3442
1783703721165 0.343957781791687 3443
1783703721342 0.30123135447502136 3444
1783703721526 0.19539467990398407 3445
1783703721664 0.13539648056030273 3446
1783703721797 0.5282089114189148 3447
1783703721912 0.23434536159038544 3448
1783703722034 0.3694872558116913 3449
1783703722148 0.13206730782985687 3450
1783703722298 0.4263160228729248 3451
1783703722451 0.19360491633415222 3452
1783703722588 0.2576650083065033 3453
1783703722726 0.4564739763736725 3454
1783703722877 0.5650724172592163 3455
1783703723013 0.2959006130695343 3456
1783703723145 0.29662057757377625 3457
1783703723275 0.47073060274124146 3458
1783703723400 0.3568994402885437 3459
1783703723528 0.25090524554252625 3460
1783703723693 0.12253814190626144 3461
1783703723855 0.32038164138793945 3462
1783703723974 0.285666823387146 3463
1783703724123 0.1763659566640854 3464
1783703724251 0.37474721670150757 3465
1783703724410 0.1911333203315735 3466
1783703724543 0.4874381124973297 3467
1783703724687 0.17567837238311768 3468
1783703724837 0.20368191599845886 3469
1783703724986 0.28548261523246765 3470
1783703725202 0.3796955347061157 3471
1783703725307 0.2901087999343872 3472
1783703725466 0.06280631572008133 3473
1783703725612 0.19715946912765503 3474
1783703725727 0.6200470924377441 3475
1783703725864 0.37392985820770264 3476
1783703725957 0.5997451543807983 3477
1783703726084 0.33557814359664917 3478
1783703726224 0.48155951499938965 3479
1783703726366 0.3422544598579407 3480
1783703726528 0.2827111482620239 3481
1783703726668 0.4350602328777313 3482
1783703726844 0.34657052159309387 3483
1783703726982 0.11421746760606766 3484
1783703727139 0.2816888391971588 3485
1783703727295 0.43883955478668213 3486
1783703727431 0.456211119890213 3487
1783703727747 0.457227498292923 3488
1783703727906 0.7531044483184814 3489
1783703728027 0.2967715561389923 3490
1783703728181 0.17076484858989716 3491
1783703728302 0.6695099472999573 3492
1783703728459 0.1480240821838379 3493
1783703728597 0.08840218186378479 3494
1783703728732 0.30307912826538086 3495
1783703729093 0.4138322174549103 3496
1783703729233 0.31036943197250366 3497
1783703729401 0.7504153251647949 3498
1783703729542 0.1448899656534195 3499
1783703729644 0.40602463483810425 3500
1783703729795 0.1363147348165512 3501
1783703729945 0.3233416974544525 3502
1783703730086 0.2193923443555832 3503
1783703730367 0.4078177213668823 3504
1783703730489 0.5577134490013123 3505
1783703730608 0.11248216778039932 3506
1783703730703 0.328640341758728 3507
1783703730852 0.2820548713207245 3508
1783703730960 0.37379491329193115 3509
1783703731095 0.5005667805671692 3510
1783703731199 0.9130604267120361 3511
1783703731361 0.16608119010925293 3512
1783703731495 0.5783280730247498 3513
1783703731726 0.41215234994888306 3514
1783703731876 0.19052287936210632 3515
1783703732032 0.4651201069355011 3516
1783703732186 0.38701701164245605 3517
1783703732321 0.11561915278434753 3518
1783703732484 0.09533102810382843 3519
1783703732633 0.46014896035194397 3520
1783703732919 0.35646960139274597 3521
1783703733062 0.19300290942192078 3522
1783703733186 0.6000805497169495 3523
1783703733336 0.23099952936172485 3524
1783703733490 0.4760950207710266 3525
1783703733642 0.35834380984306335 3526
1783703733794 0.4193512201309204 3527
1783703733921 0.23027795553207397 3528
1783703734214 0.23366501927375793 3529
1783703734347 0.34114015102386475 3530
1783703734481 0.6284753084182739 3531
1783703734642 0.24367134273052216 3532
1783703734792 0.30940285325050354 3533
1783703734959 0.5231289267539978 3534
1783703735095 0.570115327835083 3535
1783703735255 0.396908164024353 3536
1783703735607 0.3982934355735779 3537
1783703735758 0.16406352818012238 3538
1783703735876 0.4764878451824188 3539
1783703735988 0.1837267279624939 3540
1783703736113 0.28421199321746826 3541
1783703736254 0.5640584230422974 3542
1783703736408 0.30137431621551514 3543
1783703736543 0.2398466169834137 3544
1783703736836 0.22464661300182343 3545
1783703736993 0.31949305534362793 3546
1783703737122 0.21528609097003937 3547
1783703737279 0.05108300596475601 3548
1783703737401 0.1255781650543213 3549
1783703737502 0.4483749270439148 3550
1783703737665 0.23452846705913544 3551
1783703737847 0.2320176064968109 3552
1783703738093 0.39902418851852417 3553
1783703738244 0.4892755150794983 3554
1783703738395 0.2638609707355499 3555
1783703738544 0.5467721819877625 3556
1783703738706 0.21259349584579468 3557
1783703738858 0.13079585134983063 3558
1783703738990 0.3744504153728485 3559
1783703739130 0.10379216820001602 3560
1783703739280 0.2707311809062958 3561
1783703739455 0.22693242132663727 3562
1783703739621 0.6514911651611328 3563
1783703739761 0.14961206912994385 3564
1783703739914 0.2529664933681488 3565
1783703740058 0.22111451625823975 3566
1783703740218 0.2325330674648285 3567
1783703740358 0.22420522570610046 3568
1783703740493 0.1661517471075058 3569
1783703740664 0.3764856457710266 3570
1783703740827 0.2846800982952118 3571
1783703740996 0.17732907831668854 3572
1783703741146 0.3315737843513489 3573
1783703741299 0.0738716572523117 3574
1783703741460 0.28784453868865967 3575
1783703741610 0.26107126474380493 3576
1783703741728 0.22099816799163818 3577
1783703741862 0.2240215539932251 3578
1783703742005 0.2834793031215668 3579
1783703742168 0.1103050634264946 3580
1783703742339 0.8624568581581116 3581
1783703742475 0.24759550392627716 3582
1783703742579 0.3640238642692566 3583
1783703742727 0.16139692068099976 3584
1783703742876 0.18875107169151306 3585
1783703743014 0.2861429750919342 3586
1783703743315 0.2997967600822449 3587
1783703743449 0.21393154561519623 3588
1783703743614 0.35143786668777466 3589
1783703743777 0.35743993520736694 3590
1783703743927 0.15280002355575562 3591
1783703744077 0.13210569322109222 3592
1783703744224 0.2948427200317383 3593
1783703744461 0.11112093925476074 3594
1783703744588 0.28516215085983276 3595
1783703744724 0.38464418053627014 3596
1783703744869 0.5428550243377686 3597
1783703745027 0.4087078273296356 3598
1783703745166 0.44367343187332153 3599
1783703745296 0.14407630264759064 3600
1783703745447 0.3119707405567169 3601
1783703745738 0.1546289324760437 3602
1783703745851 0.5675050020217896 3603
1783703745944 0.30927035212516785 3604
1783703746094 0.12041251361370087 3605
1783703746242 0.13361132144927979 3606
1783703746386 0.549665093421936 3607
1783703746535 0.5035534501075745 3608
1783703746686 0.4517616927623749 3609
1783703747008 0.1975650042295456 3610
1783703747181 0.34568285942077637 3611
1783703747332 0.25192490220069885 3612
1783703747482 0.3831924796104431 3613
1783703747651 0.10352405160665512 3614
1783703747817 0.3575741648674011 3615
1783703747953 0.43281954526901245 3616
1783703748090 0.4580647349357605 3617
1783703748449 0.3740908205509186 3618
1783703748647 0.29185202717781067 3619
1783703748807 0.2405722439289093 3620
1783703748959 0.20964281260967255 3621
1783703749097 0.2628140151500702 3622
1783703749208 0.11614179611206055 3623
1783703749354 0.8563739657402039 3624
1783703749495 0.36550119519233704 3625
1783703749713 0.218752920627594 3626
1783703749851 0.32721084356307983 3627
1783703749981 0.2852340638637543 3628
1783703750147 0.5893473029136658 3629
1783703750292 0.309866726398468 3630
1783703750451 0.30406177043914795 3631
1783703750597 0.1451033651828766 3632
1783703750745 0.4149271547794342 3633
1783703750995 0.5801506042480469 3634
1783703751141 0.20056088268756866 3635
1783703751273 0.46000292897224426 3636
1783703751414 0.39505717158317566 3637
1783703751570 0.7308390140533447 3638
1783703751702 0.31076154112815857 3639
1783703751854 0.11055449396371841 3640
1783703752001 0.4655193090438843 3641
1783703752299 0.11368905007839203 3642
1783703752442 0.5166262984275818 3643
1783703752587 0.43490517139434814 3644
1783703752725 0.33028507232666016 3645
1783703752847 0.24191416800022125 3646
1783703752961 0.25672730803489685 3647
1783703753130 0.4635287821292877 3648
1783703753270 0.572539210319519 3649
1783703753416 0.3947058320045471 3650
1783703753626 0.20223945379257202 3651
1783703753761 0.30630624294281006 3652
1783703753872 0.4506613612174988 3653
1783703754018 0.29391786456108093 3654
1783703754159 0.104114830493927 3655
1783703754325 0.5232075452804565 3656
1783703754467 0.6531572937965393 3657
1783703754624 0.2344990372657776 3658
1783703754831 0.2107599973678589 3659
1783703754983 0.4130844473838806 3660
1783703755196 0.2594050467014313 3661
1783703755365 0.2452438920736313 3662
1783703755557 0.2212805300951004 3663
1783703755664 0.20034173130989075 3664
1783703755814 0.2717890441417694 3665
1783703755930 0.1770263910293579 3666
1783703756094 0.21370364725589752 3667
1783703756267 0.23253102600574493 3668
1783703756427 0.21402251720428467 3669
1783703756643 0.43726786971092224 3670
1783703756806 0.5123981833457947 3671
1783703757009 0.2842242419719696 3672
1783703757185 0.3158954679965973 3673
1783703757418 0.30515727400779724 3674
1783703757581 0.49942994117736816 3675
1783703757726 0.570435106754303 3676
1783703757863 0.38356417417526245 3677
1783703758041 0.32693299651145935 3678
1783703758187 0.21920031309127808 3679
1783703758339 0.2405044585466385 3680
1783703758485 0.11555392295122147 3681
1783703758714 0.4099750220775604 3682
1783703758821 0.17657017707824707 3683
1783703758955 0.26328858733177185 3684
1783703759075 0.4067552983760834 3685
1783703759218 0.23260211944580078 3686
1783703759365 0.4686488211154938 3687
1783703759510 0.27552491426467896 3688
1783703759671 0.23594161868095398 3689
1783703759855 0.2577134072780609 3690
1783703760006 0.13736601173877716 3691
1783703760222 0.22615289688110352 3692
1783703760400 0.4900192320346832 3693
1783703760551 0.5879149436950684 3694
1783703760717 0.38365522027015686 3695
1783703760869 0.2696169912815094 3696
1783703761203 0.12795336544513702 3697
1783703761404 0.6159797310829163 3698
1783703761587 0.6227474212646484 3699
1783703761773 0.1795559674501419 3700
1783703761909 0.3938993215560913 3701
1783703762040 0.4409790635108948 3702
1783703762181 0.3534778654575348 3703
1783703762460 0.35731881856918335 3704
1783703762601 0.3279649317264557 3705
1783703762766 0.3195227086544037 3706
1783703762915 0.34517380595207214 3707
1783703763031 0.3928506672382355 3708
1783703763161 0.14618095755577087 3709
1783703763285 0.6828323602676392 3710
1783703763455 0.2935369610786438 3711
1783703763809 0.39993712306022644 3712
1783703763957 0.24320152401924133 3713
1783703764122 0.44323301315307617 3714
1783703764273 0.2300729751586914 3715
1783703764379 0.2220384180545807 3716
1783703764538 0.34260520339012146 3717
1783703764696 0.1725541055202484 3718
1783703764842 0.05994618311524391 3719
1783703765106 0.32747405767440796 3720
1783703765257 0.2365495264530182 3721
1783703765405 0.3134731352329254 3722
1783703765547 0.21585150063037872 3723
1783703765730 0.061305541545152664 3724
1783703765850 0.24759219586849213 3725
1783703765977 0.22039471566677094 3726
1783703766175 0.15611067414283752 3727
1783703766405 0.30769822001457214 3728
1783703766638 0.27657029032707214 3729
1783703766822 0.3977149426937103 3730
1783703766925 0.22587504982948303 3731
1783703767134 0.3816230595111847 3732
1783703767394 0.2758532762527466 3733
1783703767552 0.35252344608306885 3734
1783703767727 0.2947012782096863 3735
1783703767900 0.5432915687561035 3736
1783703768107 0.4686811566352844 3737
1783703768298 0.43828168511390686 3738
1783703768524 0.17609699070453644 3739
1783703768692 0.23706217110157013 3740
1783703768855 0.3576318025588989 3741
1783703769035 0.6914027333259583 3742
1783703769171 0.10010738670825958 3743
1783703769363 0.26940539479255676 3744
1783703769587 0.5831406712532043 3745
1783703769743 0.38528913259506226 3746
1783703769930 0.3526204526424408 3747
1783703770095 0.08150258660316467 3748
1783703770208 0.5811792612075806 3749
1783703771154 0.8581176400184631 3750
1783703771323 0.3741573393344879 3751
1783703771498 0.48763248324394226 3752
1783703771619 0.45460668206214905 3753
1783703771787 0.18873260915279388 3754
1783703771922 0.2689637541770935 3755
1783703772075 0.2272491306066513 3756
1783703772240 0.1621008962392807 3757
1783703772411 0.45785751938819885 3758
1783703772560 0.1680658459663391 3759
1783703772769 0.2226315140724182 3760
1783703772910 0.4463154971599579 3761
1783703773110 0.3466794192790985 3762
1783703773312 0.25470709800720215 3763
1783703773492 0.3957432806491852 3764
1783703773648 0.33517566323280334 3765
1783703773764 0.2048255056142807 3766
1783703773934 0.3787970542907715 3767
1783703774123 0.2852133512496948 3768
1783703774292 0.16033491492271423 3769
1783703774457 0.14339637756347656 3770
1783703774602 0.13545307517051697 3771
1783703774747 0.29392239451408386 3772
1783703774864 0.17535974085330963 3773
1783703775021 0.2113751918077469 3774
1783703775209 0.15614920854568481 3775
1783703775397 0.3204093873500824 3776
1783703775562 0.10594460368156433 3777
1783703775701 0.2157621532678604 3778
1783703775812 0.1495179384946823 3779
1783703775937 0.544631838798523 3780
1783703776041 0.24516572058200836 3781
1783703776177 0.2158983051776886 3782
1783703776311 0.13724258542060852 3783
1783703776587 0.27823033928871155 3784
1783703776711 0.2761072516441345 3785
1783703776871 0.5140442848205566 3786
1783703777031 0.25065675377845764 3787
1783703777166 0.22644062340259552 3788
1783703777304 0.48994800448417664 3789
1783703777451 0.12136504054069519 3790
1783703777604 0.35437247157096863 3791
1783703777766 0.32901671528816223 3792
1783703777915 0.2597366273403168 3793
1783703778074 0.628409743309021 3794
1783703778213 0.2579987943172455 3795
1783703778342 0.5227351784706116 3796
1783703778491 0.5957818031311035 3797
1783703778613 0.29437050223350525 3798
1783703778776 0.2712688744068146 3799
1783703778913 0.3365062177181244 3800
1783703779119 0.4187321066856384 3801
1783703779251 0.16792230308055878 3802
1783703779395 0.4984162449836731 3803
1783703779515 0.2874993085861206 3804
1783703779656 0.17239387333393097 3805
1783703779812 0.26750895380973816 3806
1783703779954 0.09152985364198685 3807
1783703780096 0.18152950704097748 3808
1783703780255 0.180707648396492 3809
1783703780430 0.16800574958324432 3810
1783703780539 0.3947182595729828 3811
1783703780662 0.42742350697517395 3812
1783703780814 0.5529124140739441 3813
1783703780960 0.23029643297195435 3814
1783703781102 0.19169536232948303 3815
1783703781266 0.22922781109809875 3816
1783703781414 0.6733951568603516 3817
1783703781545 0.5371948480606079 3818
1783703781711 0.4480157792568207 3819
1783703781866 0.19993340969085693 3820
1783703782039 0.41853708028793335 3821
1783703782175 0.3165062367916107 3822
1783703782341 0.6156030297279358 3823
1783703782496 0.24686340987682343 3824
1783703782624 0.13685660064220428 3825
1783703782775 0.6272556781768799 3826
1783703782999 0.15952984988689423 3827
1783703783151 0.26888400316238403 3828
1783703783316 0.056392598897218704 3829
1783703783480 0.1325312852859497 3830
1783703783625 0.35779470205307007 3831
1783703783753 0.4408417046070099 3832
1783703783917 0.20576775074005127 3833
1783703784073 0.25438717007637024 3834
1783703784242 0.08499813079833984 3835
1783703784351 0.09400725364685059 3836
1783703784495 0.05869109928607941 3837
1783703784641 0.1490016132593155 3838
1783703784760 0.4670497179031372 3839
1783703784891 0.2564653158187866 3840
1783703785003 0.23960603773593903 3841
1783703785126 0.4719943702220917 3842
1783703785247 0.5441870093345642 3843
1783703785412 0.4164589047431946 3844
1783703785539 0.2964801490306854 3845
1783703785672 0.4586396813392639 3846
1783703785798 0.26221415400505066 3847
1783703785915 0.43389183282852173 3848
1783703786010 0.3323327600955963 3849
1783703786186 0.14638561010360718 3850
1783703786325 0.38106846809387207 3851
1783703786489 0.30420270562171936 3852
1783703786639 0.2829851806163788 3853
1783703786791 0.37451666593551636 3854
1783703786921 0.4892426133155823 3855
1783703787053 0.38077637553215027 3856
1783703787212 0.3814636170864105 3857
1783703787329 0.20272190868854523 3858
1783703787480 0.36480292677879333 3859
1783703787629 0.6314084529876709 3860
1783703787812 0.7662566304206848 3861
1783703788000 0.24770694971084595 3862
1783703788134 0.5135582089424133 3863
1783703788270 0.5315083861351013 3864
1783703788417 0.21387343108654022 3865
1783703788580 0.24832166731357574 3866
1783703788738 0.4239760935306549 3867
1783703788879 0.24530553817749023 3868
1783703789018 0.6061702966690063 3869
1783703789151 0.24747130274772644 3870
1783703789323 0.3482253849506378 3871
1783703789459 0.14795850217342377 3872
1783703789592 0.3676760792732239 3873
1783703789720 0.4286499619483948 3874
1783703789872 0.2288859635591507 3875
1783703789989 0.06898753345012665 3876
1783703790133 0.29851001501083374 3877
1783703790288 0.21888534724712372 3878
1783703790416 0.24751372635364532 3879
1783703790582 0.17383548617362976 3880
1783703790727 0.4814532995223999 3881
1783703790870 0.09918323159217834 3882
1783703791030 0.2217993587255478 3883
1783703791194 0.5551972389221191 3884
1783703791337 0.5598788261413574 3885
1783703791499 0.5377922654151917 3886
1783703791644 0.11532917618751526 3887
1783703791810 0.26510223746299744 3888
1783703791994 0.2258908897638321 3889
1783703792132 0.03940894454717636 3890
1783703792272 0.3162127137184143 3891
1783703792406 0.2940179109573364 3892
1783703792557 0.18180710077285767 3893
1783703792683 0.1223209947347641 3894
1783703792803 0.21810734272003174 3895
1783703792952 0.44759514927864075 3896
1783703793159 0.3249654769897461 3897
1783703793296 0.31841546297073364 3898
1783703793422 0.38175591826438904 3899
1783703793562 0.19911447167396545 3900
1783703793671 0.16998380422592163 3901
1783703793774 0.3526998460292816 3902
1783703793904 0.23230601847171783 3903
1783703794073 0.4345037341117859 3904
1783703794198 0.23142050206661224 3905
1783703794400 0.24961479008197784 3906
1783703794532 0.2434137910604477 3907
1783703794683 0.19095292687416077 3908
1783703794805 0.3241783082485199 3909
1783703794948 0.1729469895362854 3910
1783703795097 0.230712428689003 3911
1783703795231 0.27269330620765686 3912
1783703795427 0.40683072805404663 3913
1783703795551 0.2559056878089905 3914
1783703795711 0.32880309224128723 3915
1783703795819 0.12336499989032745 3916
1783703795924 0.2940288186073303 3917
1783703796022 0.09134969860315323 3918
1783703796142 0.10064131766557693 3919
1783703796245 0.17787230014801025 3920
1783703796365 0.5829902291297913 3921
1783703796474 0.23510867357254028 3922
1783703796597 0.29065099358558655 3923
1783703796725 0.3302924931049347 3924
1783703796879 0.4094471335411072 3925
1783703797080 0.16493648290634155 3926
1783703797244 0.40385913848876953 3927
1783703797400 0.2741609215736389 3928
1783703797536 0.5973407030105591 3929
1783703797654 0.7255558967590332 3930
1783703797768 0.40124109387397766 3931
1783703797909 0.21727585792541504 3932
1783703798056 0.5341324806213379 3933
1783703798214 0.2120833545923233 3934
1783703798391 0.33193522691726685 3935
1783703798563 0.6283482313156128 3936
1783703798700 0.1355639398097992 3937
1783703798825 0.16047713160514832 3938
1783703798957 0.3877043128013611 3939
1783703799103 0.14568838477134705 3940
1783703799214 0.41279804706573486 3941
1783703799314 0.293857216835022 3942
1783703799406 0.08627486228942871 3943
1783703799529 0.40858832001686096 3944
1783703799688 0.10420136898756027 3945
1783703799794 0.40409791469573975 3946
1783703800009 0.491720974445343 3947
1783703800175 0.21171648800373077 3948
1783703800272 0.2394845336675644 3949
1783703800366 0.13464675843715668 3950
1783703800489 0.24531421065330505 3951
1783703800591 0.2293427288532257 3952
1783703800646 0.36610111594200134 3953
1783703800692 0.2903537452220917 3954
1783703800740 0.26702284812927246 3955
1783703800796 0.19785617291927338 3956
1783703800849 0.7626746296882629 3957
1783703800900 0.42859750986099243 3958
1783703800940 0.46512895822525024 3959
1783703800987 0.3724881112575531 3960
1783703801028 0.3913264274597168 3961
1783703801077 0.24413952231407166 3962
1783703801167 0.4907457232475281 3963
1783703801308 0.2760654389858246 3964
1783703801422 0.2544120252132416 3965
1783703801532 0.08954327553510666 3966
1783703801634 0.19770000874996185 3967
1783703801729 0.44317513704299927 3968
1783703801833 0.2051987200975418 3969
1783703802013 0.33924803137779236 3970
1783703802160 0.14026810228824615 3971
1783703802319 0.24967695772647858 3972
1783703802458 0.13525539636611938 3973
1783703802603 0.5895138382911682 3974
1783703802768 0.29428622126579285 3975
1783703802892 0.3304223120212555 3976
1783703803024 0.23774562776088715 3977
1783703803157 0.24843768775463104 3978
1783703803308 0.45572835206985474 3979
1783703803457 0.06370192766189575 3980
1783703803595 0.3978353440761566 3981
1783703803724 0.14626140892505646 3982
1783703803863 0.21312306821346283 3983
1783703803991 0.5048778653144836 3984
1783703804162 0.19384147226810455 3985
1783703804259 0.11890976130962372 3986
1783703804359 0.42233625054359436 3987
1783703804507 0.3304184675216675 3988
1783703804654 0.12309300899505615 3989
1783703804836 0.2631564438343048 3990
1783703804991 0.12867240607738495 3991
1783703805112 0.15735486149787903 3992
1783703805247 0.2868846654891968 3993
1783703805380 0.2897201478481293 3994
1783703805507 0.07371252030134201 3995
1783703805669 0.19370558857917786 3996
1783703805760 0.2722719609737396 3997
1783703805950 0.5750516653060913 3998
1783703806060 0.3236108124256134 3999
1783703806200 0.0378296822309494 4000
1783703806336 0.3322044014930725 4001
1783703806451 0.30450567603111267 4002
1783703806567 0.1958012729883194 4003
1783703806725 0.09177225828170776 4004
1783703806874 0.39824622869491577 4005
1783703807042 0.2412140965461731 4006
1783703807385 0.7030801177024841 4007
1783703807520 0.21270105242729187 4008
1783703807643 0.2926110625267029 4009
1783703807781 0.28034302592277527 4010
1783703807913 0.3021434545516968 4011
1783703808075 0.21641063690185547 4012
1783703808213 0.2934255003929138 4013
1783703808365 0.35609254240989685 4014
1783703808583 0.36486518383026123 4015
1783703808727 0.2906033396720886 4016
1783703808832 0.12481147795915604 4017
1783703808965 0.5457856059074402 4018
1783703809124 0.1253119707107544 4019
1783703809264 0.20562660694122314 4020
1783703809402 0.14538994431495667 4021
1783703809545 0.11782195419073105 4022
1783703809686 0.3685036897659302 4023
1783703809833 0.4320564866065979 4024
1783703810002 0.2672303318977356 4025
1783703810153 0.22257712483406067 4026
1783703810297 0.3643227517604828 4027
1783703810439 0.13491714000701904 4028
1783703810595 0.1321876049041748 4029
1783703810765 0.3624173104763031 4030
1783703810927 0.24256156384944916 4031
1783703811291 0.2785753309726715 4032
1783703811449 0.2076936513185501 4033
1783703811605 0.5268893241882324 4034
1783703811760 0.32644033432006836 4035
1783703811896 0.11235402524471283 4036
1783703812057 0.35624879598617554 4037
1783703812210 0.158499613404274 4038
1783703812422 0.25847792625427246 4039
1783703812560 0.07690999656915665 4040
1783703812719 0.13197141885757446 4041
1783703812847 0.27865779399871826 4042
1783703812990 0.39633938670158386 4043
1783703813138 0.26690492033958435 4044
1783703813244 0.272203654050827 4045
1783703813389 0.4531707465648651 4046
1783703813728 0.11178537458181381 4047
1783703813876 0.5160509943962097 4048
1783703814006 0.13114376366138458 4049
1783703814145 0.34025838971138 4050
1783703814290 0.3487488031387329 4051
1783703814429 0.34899526834487915 4052
1783703814575 0.3537764847278595 4053
1783703814704 0.5726867318153381 4054
1783703814843 0.45729172229766846 4055
1783703815082 0.3422773480415344 4056
1783703815253 0.15087144076824188 4057
1783703815402 0.22031202912330627 4058
1783703815573 0.3138173818588257 4059
1783703815725 0.19198618829250336 4060
1783703815848 0.46839195489883423 4061
1783703815995 0.397271990776062 4062
1783703816124 0.24028067290782928 4063
1783703816290 0.13801753520965576 4064
1783703816482 0.12590643763542175 4065
1783703816633 0.3122728168964386 4066
1783703816810 0.4257040023803711 4067
1783703816963 0.10753360390663147 4068
1783703817099 0.17921876907348633 4069
1783703817257 0.16502805054187775 4070
1783703817393 0.24052868783473969 4071
1783703817566 0.8298333883285522 4072
1783703817821 0.34654751420021057 4073
1783703817975 0.5949451923370361 4074
1783703818152 0.33545857667922974 4075
1783703818315 0.3498920500278473 4076
1783703818439 0.12341594696044922 4077
1783703818568 0.25560975074768066 4078
1783703818678 0.29095664620399475 4079
1783703818865 0.080528624355793 4080
1783703819019 0.12866288423538208 4081
1783703819244 0.2958931028842926 4082
1783703819365 0.3321036100387573 4083
1783703819495 0.2070535272359848 4084
1783703819614 0.33321356773376465 4085
1783703819737 0.657633900642395 4086
1783703819860 0.12318672984838486 4087
1783703819999 0.21505719423294067 4088
1783703820365 0.22506871819496155 4089
1783703820491 0.3034833073616028 4090
1783703820612 0.12729865312576294 4091
1783703820753 0.5063552260398865 4092
1783703820886 0.23346464335918427 4093
1783703821058 0.5272983312606812 4094
1783703821216 0.29528000950813293 4095
1783703821332 0.16910415887832642 4096
1783703821593 0.27556928992271423 4097
1783703821719 0.36225882172584534 4098
1783703821882 0.14527149498462677 4099
1783703822077 0.2885172665119171 4100
1783703822215 0.22306770086288452 4101
1783703822373 0.2134939283132553 4102
1783703822536 0.2957712411880493 4103
1783703822678 0.251633882522583 4104
1783703822916 0.20289267599582672 4105
1783703823038 0.2104225754737854 4106
1783703823143 0.24821770191192627 4107
1783703823284 0.09364053606987 4108
1783703823493 0.18750891089439392 4109
1783703823741 0.44768983125686646 4110
1783703823850 0.3322802484035492 4111
1783703823963 0.5900648236274719 4112
1783703824062 0.11842060834169388 4113
1783703824190 0.23206987977027893 4114
1783703824304 0.24924467504024506 4115
1783703824372 0.29221636056900024 4116
1783703824422 0.3448033034801483 4117
1783703824464 0.3675479292869568 4118
1783703824508 0.2711831033229828 4119
1783703824554 0.5549729466438293 4120
1783703824600 0.6088994741439819 4121
1783703824645 0.08821355551481247 4122
1783703824689 0.3125186264514923 4123
1783703824734 0.3343766927719116 4124
1783703824774 0.36184439063072205 4125
1783703824827 0.19175270199775696 4126
1783703824883 0.3161666691303253 4127
1783703825049 0.15515972673892975 4128
1783703825166 0.6562449336051941 4129
1783703825263 0.108995720744133 4130
1783703825373 0.21980242431163788 4131
1783703825651 0.45174556970596313 4132
1783703825784 0.10191638022661209 4133
1783703825931 0.3015536367893219 4134
1783703826026 0.05401125177741051 4135
1783703826170 0.12054681777954102 4136
1783703826321 0.43396300077438354 4137
1783703826473 0.17828521132469177 4138
1783703826615 0.2182949334383011 4139
1783703826725 0.10268189758062363 4140
1783703826870 0.5324617028236389 4141
1783703827006 0.3035295009613037 4142
1783703827127 1.051128625869751 4143
1783703827229 0.13221248984336853 4144
1783703827362 0.41165095567703247 4145
1783703827518 0.7843769192695618 4146
1783703827689 0.4969692528247833 4147
1783703827849 0.23593781888484955 4148
1783703827941 0.12723366916179657 4149
1783703828050 0.3230181634426117 4150
1783703828170 0.14747999608516693 4151
1783703828324 0.26182278990745544 4152
1783703828474 0.3812064826488495 4153
1783703828635 0.3006638288497925 4154
1783703828762 0.25828680396080017 4155
1783703828918 0.3894408941268921 4156
1783703829056 0.18616138398647308 4157
1783703829160 0.3530825972557068 4158
1783703829421 0.20275603234767914 4159
1783703829558 0.1307138204574585 4160
1783703829722 0.23125402629375458 4161
1783703829864 0.416545033454895 4162
1783703830016 0.22350578010082245 4163
1783703830153 0.3344525694847107 4164
1783703830278 0.30430468916893005 4165
1783703830423 0.15262962877750397 4166
1783703830651 0.16003333032131195 4167
1783703830792 0.5313689708709717 4168
1783703830907 0.37952351570129395 4169
1783703831034 0.2668217420578003 4170
1783703831162 0.19144469499588013 4171
1783703831304 0.23860733211040497 4172
1783703831477 0.20627406239509583 4173
1783703831639 0.8303748369216919 4174
1783703831791 0.1898500621318817 4175
1783703831967 0.29879921674728394 4176
1783703832120 0.12242741882801056 4177
1783703832282 0.20178723335266113 4178
1783703832444 0.3559783697128296 4179
1783703832582 0.308183878660202 4180
1783703832752 0.21461211144924164 4181
1783703832902 0.6328969597816467 4182
1783703833053 0.17833448946475983 4183
1783703833358 0.5174815058708191 4184
1783703833491 0.39304980635643005 4185
1783703833606 0.12626761198043823 4186
1783703833753 0.23263460397720337 4187
1783703833886 1.402887225151062 4188
1783703834026 0.5150461196899414 4189
1783703834156 0.22354044020175934 4190
1783703834299 0.15050745010375977 4191
1783703834455 0.38703230023384094 4192
1783703834609 0.27628710865974426 4193
1783703834714 0.42933958768844604 4194
1783703834854 0.5643541216850281 4195
1783703835016 0.22720742225646973 4196
1783703835169 0.14077629148960114 4197
1783703835318 0.36114826798439026 4198
1783703835490 0.15923602879047394 4199
1783703835633 0.4040011763572693 4200
1783703835747 0.19687670469284058 4201
1783703835909 0.44432857632637024 4202
1783703836031 0.3951247036457062 4203
1783703836134 0.5587539076805115 4204
1783703836290 0.3322576582431793 4205
1783703836461 0.14491219818592072 4206
1783703836601 0.43292924761772156 4207
1783703836710 0.13062843680381775 4208
1783703836883 0.1676965057849884 4209
1783703837173 0.43456053733825684 4210
1783703837309 0.24930687248706818 4211
1783703837422 0.414287805557251 4212
1783703837551 0.15823043882846832 4213
1783703837666 0.3492593765258789 4214
1783703837783 0.38354793190956116 4215
1783703837885 0.21517252922058105 4216
1783703837978 0.44819894433021545 4217
1783703838102 0.13622403144836426 4218
1783703838242 0.24610291421413422 4219
1783703838417 0.7154465913772583 4220
1783703838527 0.5154411196708679 4221
1783703838642 0.5809867978096008 4222
1783703838755 0.43434351682662964 4223
1783703838876 0.3403659760951996 4224
1783703839025 0.3509593605995178 4225
1783703839170 0.10118495672941208 4226
1783703839303 0.11846616119146347 4227
1783703839454 0.1819341629743576 4228
1783703839843 0.2727884352207184 4229
1783703839958 0.5963289141654968 4230
1783703840053 0.35797426104545593 4231
1783703840188 0.37855711579322815 4232
1783703840350 0.47765207290649414 4233
1783703840488 0.5563953518867493 4234
1783703840641 0.1077902689576149 4235
1783703840793 0.25676125288009644 4236
1783703840935 0.35298192501068115 4237
1783703841087 0.7924502491950989 4238
1783703841183 0.15547767281532288 4239
1783703841281 0.22946354746818542 4240
1783703841369 0.10455930978059769 4241
1783703841494 0.11561506986618042 4242
1783703841594 0.15220637619495392 4243
1783703841714 0.458761602640152 4244
1783703841841 0.3076542019844055 4245
1783703841992 0.3238452970981598 4246
1783703842134 0.48589932918548584 4247
1783703842343 0.18854360282421112 4248
1783703842481 0.13032162189483643 4249
1783703842594 0.32287079095840454 4250
1783703842689 0.30609941482543945 4251
1783703842775 0.3492240309715271 4252
1783703842869 0.2147659808397293 4253
1783703842990 0.2726977467536926 4254
1783703843077 0.13389810919761658 4255
1783703843163 0.14410996437072754 4256
1783703843264 0.3217985928058624 4257
1783703843365 0.19060544669628143 4258
1783703843487 0.45053550601005554 4259
1783703843651 0.3072906732559204 4260
1783703843788 0.14377900958061218 4261
1783703843918 0.8423777222633362 4262
1783703844057 0.18700702488422394 4263
1783703844205 0.4592847526073456 4264
1783703844330 0.24809066951274872 4265
1783703844471 0.12215182930231094 4266
1783703844639 0.34573763608932495 4267
1783703844988 0.14674746990203857 4268
1783703845138 0.16597849130630493 4269
1783703845294 0.1825556606054306 4270
1783703845400 0.40621230006217957 4271
1783703845490 0.42855754494667053 4272
1783703845578 0.2420588880777359 4273
1783703845675 0.32179683446884155 4274
1783703845770 0.30793485045433044 4275
1783703845872 0.35024890303611755 4276
1783703845966 0.12162122130393982 4277
1783703846063 0.2587347626686096 4278
1783703846287 0.30256766080856323 4279
1783703846431 0.21711815893650055 4280
1783703846570 0.30132097005844116 4281
1783703846677 0.19351905584335327 4282
1783703846797 0.2285991758108139 4283
1783703846943 0.05965134873986244 4284
1783703847082 0.15609414875507355 4285
1783703847181 0.3143080472946167 4286
1783703847299 0.39486566185951233 4287
1783703847404 0.5662320852279663 4288
1783703847562 0.21976380050182343 4289
1783703847677 0.42356446385383606 4290
1783703847850 0.2661392390727997 4291
1783703847989 0.15307286381721497 4292
1783703848142 0.5774316191673279 4293
1783703848257 0.16476427018642426 4294
1783703848401 0.6560458540916443 4295
1783703848563 0.18752166628837585 4296
1783703848693 0.2341233342885971 4297
1783703848855 0.2879776060581207 4298
1783703849037 0.18332912027835846 4299
1783703849200 0.24504539370536804 4300
1783703849323 0.2477167844772339 4301
1783703849456 0.10353159159421921 4302
1783703849608 0.196698859333992 4303
1783703849744 0.441003680229187 4304
1783703849842 0.15542559325695038 4305
1783703849993 0.4190945029258728 4306
1783703850252 0.1011170893907547 4307
1783703850393 1.2569315433502197 4308
1783703850520 0.4121861457824707 4309
1783703850645 0.21876376867294312 4310
1783703850785 0.19359630346298218 4311
1783703850910 0.048606131225824356 4312
1783703851035 0.39479532837867737 4313
1783703851184 0.33052510023117065 4314
1783703851426 0.1851133555173874 4315
1783703851599 0.5254076719284058 4316
1783703851721 0.38048478960990906 4317
1783703851855 0.43908578157424927 4318
1783703851989 0.38924717903137207 4319
1783703852139 0.3535119593143463 4320
1783703852284 0.46292462944984436 4321
1783703852429 0.1993383765220642 4322
1783703852572 0.30104631185531616 4323
1783703852796 0.12267421185970306 4324
1783703852930 0.4603537917137146 4325
1783703853054 0.2570137679576874 4326
1783703853194 0.29554837942123413 4327
1783703853351 0.3672369718551636 4328
1783703853502 0.24110327661037445 4329
1783703853665 0.1964234858751297 4330
1783703853812 0.09501083940267563 4331
1783703853963 0.16742590069770813 4332
1783703854154 0.4124278426170349 4333
1783703854301 0.2412301003932953 4334
1783703854450 0.33593085408210754 4335
1783703854589 0.12016409635543823 4336
1783703854737 0.13949117064476013 4337
1783703854887 0.15777599811553955 4338
1783703855068 0.3287062346935272 4339
1783703855200 0.7428643107414246 4340
1783703855395 0.08841891586780548 4341
1783703855558 0.17237788438796997 4342
1783703855719 0.03962335363030434 4343
1783703855807 0.36490321159362793 4344
1783703855975 0.5066797733306885 4345
1783703856070 0.2502283751964569 4346
1783703856187 0.12103428691625595 4347
1783703856321 0.17051419615745544 4348
1783703856476 0.20491008460521698 4349
1783703856766 0.12821127474308014 4350
1783703856921 0.38070568442344666 4351
1783703857071 0.22683918476104736 4352
1783703857252 0.33688536286354065 4353
1783703857393 0.45145508646965027 4354
1783703857571 0.36892569065093994 4355
1783703857722 0.16954649984836578 4356
1783703857901 0.14171117544174194 4357
1783703858006 0.3799659311771393 4358
1783703858107 0.7677046656608582 4359
1783703858225 0.3619202971458435 4360
1783703858341 0.09864354878664017 4361
1783703858465 0.14924943447113037 4362
1783703858609 0.24480973184108734 4363
1783703858784 0.7110612988471985 4364
1783703858946 0.2792772352695465 4365
1783703859081 0.12711572647094727 4366
1783703859283 0.11067092418670654 4367
1783703859440 0.3693763315677643 4368
1783703859590 0.6242971420288086 4369
1783703859745 0.3950309753417969 4370
1783703859857 0.27764591574668884 4371
1783703859996 0.2263706475496292 4372
1783703860126 0.5786178708076477 4373
1783703860273 0.5236445665359497 4374
1783703860421 0.420520544052124 4375
1783703860557 0.3807452321052551 4376
1783703860705 0.18178674578666687 4377
1783703860853 0.4661423861980438 4378
1783703861022 0.49345672130584717 4379
1783703861131 0.8220657706260681 4380
1783703861274 0.1608632206916809 4381
1783703861419 0.4039824903011322 4382
1783703861573 0.3324638307094574 4383
1783703861742 0.2085680365562439 4384
1783703861896 0.2910645008087158 4385
1783703862071 0.293790340423584 4386
1783703862227 0.1281600445508957 4387
1783703862391 0.213825523853302 4388
1783703862572 0.2711430490016937 4389
1783703862683 0.2259558141231537 4390
1783703862843 0.917111873626709 4391
1783703862978 0.07764426618814468 4392
1783703863110 0.24259303510189056 4393
1783703863243 0.27275729179382324 4394
1783703863381 0.24782146513462067 4395
1783703863537 0.33555182814598083 4396
1783703863679 0.21486812829971313 4397
1783703863805 0.10411366075277328 4398
1783703863935 0.4167330861091614 4399
1783703864056 0.43869462609291077 4400
1783703864201 0.7938011288642883 4401
1783703864371 0.5147914886474609 4402
1783703864528 0.1263258010149002 4403
1783703864645 0.45391643047332764 4404
1783703864785 0.43787020444869995 4405
1783703864923 0.3085666000843048 4406
1783703865043 0.16161364316940308 4407
1783703865189 0.13817447423934937 4408
1783703865335 0.28300967812538147 4409
1783703865491 0.32743072509765625 4410
1783703865703 0.2915867567062378 4411
1783703865807 0.6559165120124817 4412
1783703865922 0.1465911567211151 4413
1783703866022 0.25325268507003784 4414
1783703866155 0.3254660367965698 4415
1783703866288 0.4394274950027466 4416
1783703866456 0.37328609824180603 4417
1783703866633 0.3556494116783142 4418
1783703866765 0.4573172628879547 4419
1783703866891 0.5217232704162598 4420
1783703867066 0.35710036754608154 4421
1783703867228 0.5491897463798523 4422
1783703867377 0.45882275700569153 4423
1783703867539 0.5809828639030457 4424
1783703867694 0.36047887802124023 4425
1783703867862 0.6512948274612427 4426
1783703868006 0.603481650352478 4427
1783703868146 0.3701156675815582 4428
1783703868271 0.13660097122192383 4429
1783703868384 0.6528021097183228 4430
1783703868500 0.04082120209932327 4431
1783703868655 0.1998276561498642 4432
1783703868793 0.15710286796092987 4433
1783703868936 0.5458170771598816 4434
1783703869089 0.21105103194713593 4435
1783703869217 0.3931707441806793 4436
1783703869374 0.24995186924934387 4437
1783703869686 0.2435675859451294 4438
1783703869840 0.186577707529068 4439
1783703870000 0.4132230877876282 4440
1783703870141 0.5970447063446045 4441
1783703870269 0.7121066451072693 4442
1783703870410 0.11288975179195404 4443
1783703870558 0.263210266828537 4444
1783703870686 0.08902887254953384 4445
1783703871020 0.3118259906768799 4446
1783703871153 0.1481318324804306 4447
1783703871279 0.37239816784858704 4448
1783703871412 0.2062021642923355 4449
1783703871566 0.34801408648490906 4450
1783703871705 0.27431222796440125 4451
1783703871851 0.1791616827249527 4452
1783703871986 0.3869593143463135 4453
1783703872121 0.36438918113708496 4454
1783703872255 0.1775192767381668 4455
1783703872369 0.7996184229850769 4456
1783703872485 0.4053443670272827 4457
1783703872625 0.25472933053970337 4458
1783703872742 0.5915550589561462 4459
1783703872861 0.47030943632125854 4460
1783703872967 0.37904617190361023 4461
1783703873112 0.09584157913923264 4462
1783703873237 0.6147527694702148 4463
1783703873482 0.23149091005325317 4464
1783703873632 0.679860532283783 4465
1783703873781 0.2641529142856598 4466
1783703873951 0.12387257069349289 4467
1783703874105 0.1863379329442978 4468
1783703874239 0.18821199238300323 4469
1783703874386 0.24670720100402832 4470
1783703874513 0.5148513913154602 4471
1783703874887 0.2627183198928833 4472
1783703875024 0.4102232754230499 4473
1783703875180 0.3768646717071533 4474
1783703875334 0.36505788564682007 4475
1783703875499 0.12235624343156815 4476
1783703875630 0.13508272171020508 4477
1783703875769 0.2291519194841385 4478
1783703875915 0.24643082916736603 4479
1783703876056 0.26006197929382324 4480
1783703876249 0.2256385236978531 4481
1783703876392 0.14331623911857605 4482
1783703876545 0.42443129420280457 4483
1783703876698 0.07614964246749878 4484
1783703876831 0.15496572852134705 4485
1783703877020 0.22784380614757538 4486
1783703877167 0.17108725011348724 4487
1783703877338 0.3503855764865875 4488
1783703877605 0.22357594966888428 4489
1783703877754 0.4024367034435272 4490
1783703877884 0.07230886816978455 4491
1783703878068 0.14981159567832947 4492
1783703878207 0.3719525933265686 4493
1783703878333 0.06569889932870865 4494
1783703878444 0.35322877764701843 4495
1783703878590 0.38492193818092346 4496
1783703878823 0.28045710921287537 4497
1783703878951 0.17488594353199005 4498
1783703879094 0.47709739208221436 4499
1783703879237 0.1725766360759735 4500
1783703879371 0.27917495369911194 4501
1783703879527 0.7677242159843445 4502
1783703879658 0.1820535957813263 4503
1783703879803 0.30074161291122437 4504
1783703880088 0.4764307737350464 4505
1783703880215 0.06768497079610825 4506
1783703880372 0.08044975250959396 4507
1783703880529 0.4833751320838928 4508
1783703880686 0.3524485230445862 4509
1783703880852 0.23754803836345673 4510
1783703881002 0.13091714680194855 4511
1783703881129 0.3112139403820038 4512
1783703881348 0.13719283044338226 4513
1783703881510 0.10231497883796692 4514
1783703881640 0.30017170310020447 4515
1783703881794 0.41293299198150635 4516
1783703881946 0.44364282488822937 4517
1783703882075 0.431293785572052 4518
1783703882202 0.2003827542066574 4519
1783703882371 0.34426164627075195 4520
1783703882582 0.6555216312408447 4521
1783703882769 0.39915621280670166 4522
1783703882937 0.23425273597240448 4523
1783703883088 0.15747863054275513 4524
1783703883219 0.16922201216220856 4525
1783703883343 0.31178349256515503 4526
1783703883505 0.18776585161685944 4527
1783703883653 0.5398496985435486 4528
1783703883792 0.6881518959999084 4529
1783703884051 0.5195233225822449 4530
1783703884203 0.23268695175647736 4531
1783703884334 0.16884885728359222 4532
1783703884466 0.40860599279403687 4533
1783703884601 0.4707009494304657 4534
1783703884741 0.2872067987918854 4535
1783703884887 0.2890735864639282 4536
1783703885043 0.32116180658340454 4537
1783703885263 0.10497178137302399 4538
1783703885384 0.27465152740478516 4539
1783703885505 0.275510311126709 4540
1783703885643 0.12850321829319 4541
1783703885788 0.27365538477897644 4542
1783703885927 0.31893861293792725 4543
1783703886055 0.21442025899887085 4544
1783703886173 0.21313565969467163 4545
1783703886430 0.18035830557346344 4546
1783703886650 0.47661009430885315 4547
1783703886792 0.24354419112205505 4548
1783703886940 0.6147311925888062 4549
1783703887070 0.20412105321884155 4550
1783703887205 0.18910151720046997 4551
1783703887376 0.2713441848754883 4552
1783703887524 0.2753409445285797 4553
1783703887808 0.28818103671073914 4554
1783703887942 0.5470904111862183 4555
1783703888069 0.46407225728034973 4556
1783703888224 0.6011171340942383 4557
1783703888389 0.24691466987133026 4558
1783703888529 0.1836387664079666 4559
1783703888665 0.11305631697177887 4560
1783703888807 0.1041039377450943 4561
1783703889104 0.18262922763824463 4562
1783703889227 0.12146300077438354 4563
1783703889375 0.23016563057899475 4564
1783703889519 0.34081363677978516 4565
1783703889688 0.06596443802118301 4566
1783703889837 0.21533174812793732 4567
1783703889988 0.05826230347156525 4568
1783703890144 0.25316542387008667 4569
1783703890295 0.2889256477355957 4570
1783703890444 0.4095136523246765 4571
1783703890591 0.13787728548049927 4572
1783703890734 0.4910210072994232 4573
1783703890875 0.09919515997171402 4574
1783703891008 0.32282084226608276 4575
1783703891151 0.3276662230491638 4576
1783703891256 0.38108137249946594 4577
1783703891382 0.37052103877067566 4578
1783703891536 0.2633567154407501 4579
1783703891752 0.28528261184692383 4580
1783703891881 0.12205184251070023 4581
1783703892018 0.11240789294242859 4582
1783703892165 0.2560860514640808 4583
1783703892319 0.21849972009658813 4584
1783703892470 0.24507395923137665 4585
1783703892614 0.11286094784736633 4586
1783703892754 0.2906135320663452 4587
1783703892905 0.4058144986629486 4588
1783703893036 0.3891908824443817 4589
1783703893170 0.3937241733074188 4590
1783703893313 0.6688921451568604 4591
1783703893455 0.19077162444591522 4592
1783703893586 0.5122607946395874 4593
1783703893728 0.6919374465942383 4594
1783703893889 0.1498492956161499 4595
1783703894047 0.30315518379211426 4596
1783703894199 0.1050330325961113 4597
1783703894385 0.5096668004989624 4598
1783703894538 0.1753181517124176 4599
1783703894702 0.0869876816868782 4600
1783703894860 0.3445887267589569 4601
1783703895004 0.1369408667087555 4602
1783703895144 0.48933836817741394 4603
1783703895447 0.1366063356399536 4604
1783703895630 0.0481787733733654 4605
1783703895806 0.1694103330373764 4606
1783703895946 0.40149712562561035 4607
1783703896069 0.15903311967849731 4608
1783703896196 0.807235598564148 4609
1783703896295 0.3421292006969452 4610
1783703896437 0.36280494928359985 4611
1783703896592 0.4437875747680664 4612
1783703896857 0.3102382719516754 4613
1783703897026 0.25170063972473145 4614
1783703897186 0.26889708638191223 4615
1783703897330 0.3973575234413147 4616
1783703897471 0.2354181557893753 4617
1783703897606 0.24043650925159454 4618
1783703897747 0.1836453229188919 4619
1783703897920 0.13409724831581116 4620
1783703898027 0.2347324639558792 4621
1783703898170 0.5960613489151001 4622
1783703898353 0.5690634250640869 4623
1783703898497 0.3944269120693207 4624
1783703898670 0.2858603298664093 4625
1783703898809 0.30576926469802856 4626
1783703898975 0.2041310966014862 4627
1783703899132 0.19880478084087372 4628
1783703899278 0.2506197392940521 4629
1783703899468 0.22977152466773987 4630
1783703899616 0.4152957797050476 4631
1783703899768 0.3088909387588501 4632
1783703899907 0.3582766652107239 4633
1783703900048 0.3770214915275574 4634
1783703900188 0.11139439046382904 4635
1783703900340 0.6433520913124084 4636
1783703900504 0.37959054112434387 4637
1783703900864 0.2939811050891876 4638
1783703901017 0.11481159180402756 4639
1783703901171 0.3355312943458557 4640
1783703901343 0.4695040285587311 4641
1783703901502 0.3591694235801697 4642
1783703901618 1.063637375831604 4643
1783703901972 0.18297365307807922 4644
1783703902146 0.2364894449710846 4645
1783703902287 0.43159055709838867 4646
1783703902419 0.17612296342849731 4647
1783703902563 0.13242346048355103 4648
1783703902709 0.21798139810562134 4649
1783703902833 0.27021506428718567 4650
1783703902973 0.4803788661956787 4651
1783703903097 0.5433703660964966 4652
1783703903325 0.33121728897094727 4653
1783703903437 0.39811941981315613 4654
1783703903587 0.3150635361671448 4655
1783703903727 0.373221218585968 4656
1783703903849 0.6107860803604126 4657
1783703904013 0.483125776052475 4658
1783703904173 0.48304644227027893 4659
1783703904316 0.6188958287239075 4660
1783703904469 0.32398658990859985 4661
1783703904592 0.2484653741121292 4662
1783703904738 0.06253929436206818 4663
1783703904885 0.2523900270462036 4664
1783703905012 0.21661482751369476 4665
1783703905153 0.6165747046470642 4666
1783703905286 0.21307627856731415 4667
1783703905438 0.40791311860084534 4668
1783703905566 0.4469720423221588 4669
1783703905785 0.3983016610145569 4670
1783703905894 0.30161434412002563 4671
1783703906006 0.11795563250780106 4672
1783703906106 0.24476729333400726 4673
1783703906274 0.6403084397315979 4674
1783703906423 0.4369766116142273 4675
1783703906586 0.5142223834991455 4676
1783703906739 0.4481222927570343 4677
1783703906896 0.5024734735488892 4678
1783703907056 0.4435986280441284 4679
1783703907196 0.2917761504650116 4680
1783703907326 0.10232093930244446 4681
1783703907445 0.19131039083003998 4682
1783703907586 0.14876475930213928 4683
1783703907717 0.16400454938411713 4684
1783703907873 0.33035093545913696 4685
1783703908038 0.12300100922584534 4686
1783703908152 0.08923760801553726 4687
1783703908302 0.36477744579315186 4688
1783703908521 0.6050851941108704 4689
1783703908672 0.26675933599472046 4690
1783703908823 0.1426773965358734 4691
1783703908983 0.18762566149234772 4692
1783703909127 0.1827533096075058 4693
1783703909261 0.3580918610095978 4694
1783703909436 0.38224372267723083 4695
1783703909639 0.6784127354621887 4696
1783703909810 0.19386324286460876 4697
1783703909985 0.19331493973731995 4698
1783703910130 0.13988083600997925 4699
1783703910252 0.5906172394752502 4700
1783703910369 0.4055713415145874 4701
1783703910503 0.2962133586406708 4702
1783703910657 0.37522873282432556 4703
1783703910984 0.3321702480316162 4704
1783703911136 0.27460724115371704 4705
1783703911264 0.3003382980823517 4706
1783703911381 0.12034645676612854 4707
1783703911502 0.27271732687950134 4708
1783703911595 0.3974047899246216 4709
1783703911728 0.27785423398017883 4710
1783703911895 0.12731990218162537 4711
1783703912039 0.23199325799942017 4712
1783703912250 0.2895679473876953 4713
1783703912448 0.14059385657310486 4714
1783703912598 0.09106136113405228 4715
1783703912734 0.09539887309074402 4716
1783703912862 0.2186867594718933 4717
1783703912990 0.09796436876058578 4718
1783703913150 0.17061598598957062 4719
1783703913300 0.11099289357662201 4720
1783703913442 0.3806802034378052 4721
1783703913727 0.13243548572063446 4722
1783703913862 0.25211766362190247 4723
1783703914004 0.4720158576965332 4724
1783703914121 0.2678006589412689 4725
1783703914273 0.3621355891227722 4726
1783703914421 0.3776617646217346 4727
1783703914518 0.2330915629863739 4728
1783703914647 0.11113632470369339 4729
1783703914851 0.3854372799396515 4730
1783703915040 0.5897622108459473 4731
1783703915217 0.6041191220283508 4732
1783703915384 0.6352328062057495 4733
1783703915533 0.09525010734796524 4734
1783703915654 0.092918261885643 4735
1783703915826 0.3344252109527588 4736
1783703915917 0.2975832521915436 4737
1783703915978 0.3257279694080353 4738
1783703916045 0.37747055292129517 4739
1783703916113 0.43398240208625793 4740
1783703916184 0.41464951634407043 4741
1783703916322 0.41066238284111023 4742
1783703916371 0.21196235716342926 4743
1783703916475 0.24729783833026886 4744
1783703916640 0.19583730399608612 4745
1783703916776 0.3316670060157776 4746
1783703916920 0.5156176686286926 4747
1783703917058 0.4192020893096924 4748
1783703917168 0.30582302808761597 4749
1783703917272 0.3516920506954193 4750
1783703917373 0.6061103343963623 4751
1783703917505 0.2954822778701782 4752
1783703917638 0.4203775227069855 4753
1783703917786 0.8594872355461121 4754
1783703917931 0.2030116617679596 4755
1783703918085 0.4260956048965454 4756
1783703918228 0.5153959393501282 4757
1783703918591 0.5128492712974548 4758
1783703918736 0.38234665989875793 4759
1783703918883 0.06091976910829544 4760
1783703919004 0.20379024744033813 4761
1783703919153 0.16429567337036133 4762
1783703919289 0.17424455285072327 4763
1783703919445 0.13162396848201752 4764
1783703919579 0.5058326721191406 4765
1783703919796 0.3817642629146576 4766
1783703920005 0.21283945441246033 4767
1783703920141 0.2259288728237152 4768
1783703920280 0.24774441123008728 4769
1783703920440 0.25329113006591797 4770
1783703920592 0.20712485909461975 4771
1783703920737 0.4973967969417572 4772
1783703920885 0.25782299041748047 4773
1783703921123 0.09951253980398178 4774
1783703921276 0.07937517017126083 4775
1783703921421 0.3054483234882355 4776
1783703921578 0.2309015691280365 4777
1783703921737 0.2959088087081909 4778
1783703921896 0.3919915556907654 4779
1783703922044 0.3572547137737274 4780
1783703922187 0.22393456101417542 4781
1783703922344 0.7731192111968994 4782
1783703922494 0.15399590134620667 4783
1783703922636 0.37325921654701233 4784
1783703922786 0.2023611217737198 4785
1783703922936 0.22541597485542297 4786
1783703923076 0.33322733640670776 4787
1783703923221 0.5820945501327515 4788
1783703923335 0.12114179134368896 4789
1783703923446 0.1542518585920334 4790
1783703923602 0.1712225377559662 4791
1783703923838 0.11917527765035629 4792
1783703923996 0.3195429742336273 4793
1783703924142 0.4983298182487488 4794
1783703924286 0.5556214451789856 4795
1783703924412 0.12386014312505722 4796
1783703924575 0.1601789891719818 4797
1783703924735 0.5507369637489319 4798
1783703924891 0.12336989492177963 4799
1783703925084 0.32697609066963196 4800
1783703925225 0.46375760436058044 4801
1783703925379 0.4224565029144287 4802
1783703925521 0.2906056344509125 4803
1783703925645 0.3962242603302002 4804
1783703925798 0.21180446445941925 4805
1783703925948 0.18154475092887878 4806
1783703926081 0.2605813145637512 4807
1783703926268 0.2630668878555298 4808
1783703926406 0.35153067111968994 4809
1783703926558 0.26759910583496094 4810
1783703926686 0.6451756358146667 4811
1783703926839 0.6620914340019226 4812
1783703927011 0.14206334948539734 4813
1783703927167 0.22852499783039093 4814
1783703927322 0.1640872359275818 4815
1783703927473 0.3229440450668335 4816
1783703927647 0.18272380530834198 4817
1783703927758 0.39204245805740356 4818
1783703927870 0.2918611466884613 4819
1783703928026 0.9466730356216431 4820
1783703928187 0.33253008127212524 4821
1783703928335 0.15029111504554749 4822
1783703928475 0.3838537037372589 4823
1783703928641 0.28538477420806885 4824
1783703928771 0.2876558303833008 4825
1783703928924 0.16338367760181427 4826
1783703929084 0.135518878698349 4827
1783703929254 0.44313907623291016 4828
1783703929417 0.38066527247428894 4829
1783703929566 0.3451305329799652 4830
1783703929707 0.32644909620285034 4831
1783703929850 0.4025079905986786 4832
1783703929967 0.49239403009414673 4833
1783703930074 0.3915420472621918 4834
1783703930234 0.6239365935325623 4835
1783703930362 0.1908130794763565 4836
1783703930515 0.17317931354045868 4837
1783703930665 0.45570310950279236 4838
1783703930808 0.46462661027908325 4839
1783703930912 0.30021241307258606 4840
1783703931053 0.2900015711784363 4841
1783703931209 0.24191409349441528 4842
1783703931335 0.10673820972442627 4843
1783703931562 0.3973120450973511 4844
1783703931702 0.21666911244392395 4845
1783703931876 0.32267698645591736 4846
1783703932000 0.31115636229515076 4847
1783703932127 0.3770737648010254 4848
1783703932273 0.2727268636226654 4849
1783703932404 0.14754360914230347 4850
1783703932560 0.12432119995355606 4851
1783703932669 0.2019694447517395 4852
1783703932822 0.19403551518917084 4853
1783703932974 0.10852654278278351 4854
1783703933086 0.5469204187393188 4855
1783703933219 0.3481196463108063 4856
1783703933346 0.43837887048721313 4857
1783703933511 0.23653534054756165 4858
1783703933670 0.17053711414337158 4859
1783703934002 0.10988295078277588 4860
1783703934119 0.33747047185897827 4861
1783703934251 0.21912963688373566 4862
1783703934404 0.174634650349617 4863
1783703934546 0.1175098791718483 4864
1783703934693 0.26004377007484436 4865
1783703934836 0.3480870723724365 4866
1783703934981 0.6707565188407898 4867
1783703935169 0.3015313446521759 4868
1783703935368 0.45770376920700073 4869
1783703935499 0.3150476813316345 4870
1783703935652 0.17876139283180237 4871
1783703935814 0.20829036831855774 4872
1783703935939 0.3314613401889801 4873
1783703936060 0.22503156960010529 4874
1783703936157 0.2979893684387207 4875
1783703936282 0.7000910043716431 4876
1783703936389 0.301848441362381 4877
1783703936503 0.3909784257411957 4878
1783703936611 0.46780040860176086 4879
1783703936720 0.31260350346565247 4880
1783703936847 0.48636990785598755 4881
1783703937005 0.4755482077598572 4882
1783703937152 0.1397644281387329 4883
1783703937294 0.20751184225082397 4884
1783703937422 0.25628793239593506 4885
1783703937550 0.19402293860912323 4886
1783703937812 0.12277187407016754 4887
1783703937969 0.4434177279472351 4888
1783703938121 0.23213203251361847 4889
1783703938287 0.17451763153076172 4890
1783703938460 0.1291022002696991 4891
1783703938634 0.1280207335948944 4892
1783703938803 0.3275740146636963 4893
1783703938962 0.17238493263721466 4894
1783703939201 0.5735655426979065 4895
1783703939362 0.07146883755922318 4896
1783703939463 0.45794805884361267 4897
1783703939584 0.48376452922821045 4898
1783703939728 0.10552125424146652 4899
1783703939868 0.6047368049621582 4900
1783703940002 0.22924929857254028 4901
1783703940165 0.16799680888652802 4902
1783703940536 0.18248073756694794 4903
1783703940676 0.1646360605955124 4904
1783703940824 0.3410840928554535 4905
1783703940976 0.21882565319538116 4906
1783703941114 0.5056898593902588 4907
1783703941267 0.19293802976608276 4908
1783703941409 0.33600476384162903 4909
1783703941897 0.21455025672912598 4910
1783703942050 0.10038150101900101 4911
1783703942228 0.517305850982666 4912
1783703942433 0.4452897608280182 4913
1783703942590 0.20613262057304382 4914
1783703942739 0.10579203069210052 4915
1783703942895 0.3597649335861206 4916
1783703943056 0.7502778172492981 4917
1783703943189 0.1071501299738884 4918
1783703943356 0.22147276997566223 4919
1783703943515 0.23367880284786224 4920
1783703943618 0.13186705112457275 4921
1783703943722 0.19388864934444427 4922
1783703943861 0.380693256855011 4923
1783703943999 0.21003755927085876 4924
1783703944171 0.39758843183517456 4925
1783703944347 0.2599582374095917 4926
1783703944466 0.23449429869651794 4927
1783703944613 0.2579365670681 4928
1783703944769 0.27468425035476685 4929
1783703944897 0.3466533124446869 4930
1783703945009 0.48878562450408936 4931
1783703945145 0.3002946376800537 4932
1783703945292 0.27646398544311523 4933
1783703945412 0.36794978380203247 4934
1783703945601 0.7415364980697632 4935
1783703945714 0.15248392522335052 4936
1783703945854 0.19500643014907837 4937
1783703945942 0.3135291039943695 4938
1783703946033 0.4761852025985718 4939
1783703946110 0.40775981545448303 4940
1783703946192 0.23990629613399506 4941
1783703946368 0.20501306653022766 4942
1783703946544 0.5140783786773682 4943
1783703946662 0.20666228234767914 4944
1783703946783 0.19793711602687836 4945
1783703946876 0.5707945227622986 4946
1783703946996 0.16983520984649658 4947
1783703947115 0.11813177168369293 4948
1783703947250 0.12120533734560013 4949
1783703947385 0.14453545212745667 4950
1783703947532 0.30229485034942627 4951
1783703947641 0.37005624175071716 4952
1783703947799 0.14378906786441803 4953
1783703947975 0.33344700932502747 4954
1783703948107 0.13402068614959717 4955
1783703948232 0.2630958557128906 4956
1783703948384 0.4792032539844513 4957
1783703948534 0.4126591086387634 4958
1783703948680 0.15356571972370148 4959
1783703948824 0.1511557549238205 4960
1783703948949 0.7005157470703125 4961
1783703949131 0.19309782981872559 4962
1783703949256 0.34011518955230713 4963
1783703949353 0.33930644392967224 4964
1783703949470 0.7398524284362793 4965
1783703949616 0.082842618227005 4966
1783703949753 0.06837502121925354 4967
1783703949888 0.1901189088821411 4968
1783703950007 0.2958972156047821 4969
1783703950126 0.30855122208595276 4970
1783703950286 0.3635627329349518 4971
1783703950418 0.19736656546592712 4972
1783703950802 0.2816900610923767 4973
1783703950934 0.17486807703971863 4974
1783703951076 0.4828281104564667 4975
1783703951241 0.4653347432613373 4976
1783703951378 0.19078385829925537 4977
1783703951523 0.22777105867862701 4978
1783703951685 0.6628981828689575 4979
1783703951838 0.2167382538318634 4980
1783703952068 0.1559591293334961 4981
1783703952189 0.0709623396396637 4982
1783703952300 0.2896575331687927 4983
1783703952438 0.12430860102176666 4984
1783703952567 0.44888123869895935 4985
1783703952679 0.36186498403549194 4986
1783703952822 0.41067397594451904 4987
1783703952934 0.24144084751605988 4988
1783703953328 0.05603170394897461 4989
1783703953471 0.35417431592941284 4990
1783703953602 0.519494354724884 4991
1783703953743 0.17090019583702087 4992
1783703953892 0.6329824924468994 4993
1783703954013 0.10606544464826584 4994
1783703954166 0.17428898811340332 4995
1783703954317 0.3477272391319275 4996
1783703954492 0.24615639448165894 4997
1783703954672 0.1050867959856987 4998
1783703954811 0.26591864228248596 4999
1783703954951 0.3026663064956665 5000
1783703955090 0.3096955418586731 5001
1783703955246 0.5050782561302185 5002
1783703955401 0.10564994812011719 5003
1783703955533 0.6004706621170044 5004
1783703955723 0.40635594725608826 5005
1783703955868 0.41574224829673767 5006
1783703955975 0.27232712507247925 5007
1783703956102 0.292189359664917 5008
1783703956239 0.26128673553466797 5009
1783703956393 0.166184663772583 5010
1783703956540 0.7237652540206909 5011
1783703956682 0.18665055930614471 5012
1783703956818 0.3905413746833801 5013
1783703957001 0.28431978821754456 5014
1783703957162 0.5463427901268005 5015
1783703957294 0.35196107625961304 5016
1783703957469 0.29096218943595886 5017
1783703957611 0.5987626910209656 5018
1783703957749 0.15427559614181519 5019
1783703957865 0.3512541651725769 5020
1783703957989 0.3079187870025635 5021
1783703958179 0.4397704303264618 5022
1783703958312 0.2487323135137558 5023
1783703958402 0.11708061397075653 5024
1783703958521 0.05542336776852608 5025
1783703958686 0.04753660410642624 5026
1783703958841 0.1548154503107071 5027
1783703958981 0.2372744083404541 5028
1783703959127 0.2293248176574707 5029
1783703959254 0.17360348999500275 5030
1783703959461 0.2828255593776703 5031
1783703959614 0.3641418218612671 5032
1783703959704 0.32303446531295776 5033
1783703959845 0.218065544962883 5034
1783703960010 0.4698498249053955 5035
1783703960145 0.23674848675727844 5036
1783703960304 0.1377721130847931 5037
1783703960466 0.46801891922950745 5038
1783703960609 0.41926202178001404 5039
1783703960723 0.11574427783489227 5040
1783703960839 0.5453953742980957 5041
1783703960973 0.21547944843769073 5042
1783703961124 0.7350000143051147 5043
1783703961260 0.5199469327926636 5044
1783703961416 0.6250622272491455 5045
1783703961566 0.266217976808548 5046
1783703961725 0.20747090876102448 5047
1783703961858 0.36895880103111267 5048
1783703962020 0.31007370352745056 5049
1783703962157 0.22254768013954163 5050
1783703962268 0.09514360129833221 5051
1783703962412 0.4907376766204834 5052
1783703962525 0.26484739780426025 5053
1783703962636 0.5909274816513062 5054
1783703962772 0.2542155086994171 5055
1783703962891 0.3428106904029846 5056
1783703963034 0.18845711648464203 5057
1783703963186 0.4337778687477112 5058
1783703963315 0.4344818592071533 5059
1783703963459 0.32314929366111755 5060
1783703963609 0.07825625687837601 5061
1783703963778 0.2305494099855423 5062
1783703963928 0.41444575786590576 5063
1783703964050 0.3127779960632324 5064
1783703964200 0.2623371183872223 5065
1783703964336 0.21405614912509918 5066
1783703964486 0.1555820107460022 5067
1783703964767 0.307464599609375 5068
1783703964948 0.1366046965122223 5069
1783703965114 0.3057969808578491 5070
1783703965283 0.1240500956773758 5071
1783703965415 0.5604924559593201 5072
1783703965555 0.36203497648239136 5073
1783703965666 0.20051200687885284 5074
1783703965960 0.5419790148735046 5075
1783703966054 0.24228478968143463 5076
1783703966157 0.45600324869155884 5077
1783703966332 0.06380633264780045 5078
1783703966518 0.1933186799287796 5079
1783703966683 0.3476422131061554 5080
1783703966845 0.35432884097099304 5081
1783703967010 0.30490541458129883 5082
1783703967216 0.4761134386062622 5083
1783703967358 0.3926014304161072 5084
1783703967483 0.5265790224075317 5085
1783703967626 0.510411262512207 5086
1783703967756 0.2752137780189514 5087
1783703967909 0.3651331067085266 5088
1783703968150 0.30376136302948 5089
1783703968363 0.3920276463031769 5090
1783703968560 0.1706078201532364 5091
1783703968700 0.10658211261034012 5092
1783703968848 0.33326929807662964 5093
1783703968997 0.45147785544395447 5094
1783703969149 0.644956648349762 5095
1783703969296 0.41330114006996155 5096
1783703969452 0.1224936917424202 5097
1783703969707 0.3953739404678345 5098
1783703969858 0.1280650794506073 5099
1783703970017 0.34086874127388 5100
1783703970162 0.12349025160074234 5101
1783703970314 0.6113004088401794 5102
1783703970469 0.2579154670238495 5103
1783703970617 0.257424920797348 5104
1783703970741 0.5207815170288086 5105
1783703970896 0.2457478791475296 5106
1783703971067 0.4539138376712799 5107
1783703971213 0.21361996233463287 5108
1783703971337 0.519489049911499 5109
1783703971519 0.06837945431470871 5110
1783703971687 0.24175946414470673 5111
1783703971840 0.21589910984039307 5112
1783703971952 0.23294588923454285 5113
1783703972103 0.4400795102119446 5114
1783703972331 0.12457152456045151 5115
1783703972438 0.417706161737442 5116
1783703972581 0.37534797191619873 5117
1783703972748 0.21399910748004913 5118
1783703972871 0.06554809957742691 5119
1783703973021 0.19437836110591888 5120
1783703973178 0.3164665400981903 5121
1783703973313 0.40146371722221375 5122
1783703973553 0.559762179851532 5123
1783703973689 0.21794821321964264 5124
1783703973846 0.5175602436065674 5125
1783703973989 0.43147027492523193 5126
1783703974123 0.06114138662815094 5127
1783703974262 0.2023271918296814 5128
1783703974413 0.31126487255096436 5129
1783703974563 0.2820794880390167 5130
1783703974866 0.18631210923194885 5131
1783703975000 0.17166145145893097 5132
1783703975154 0.4051707684993744 5133
1783703975304 0.6541844010353088 5134
1783703975456 0.12300033122301102 5135
1783703975589 0.2474605143070221 5136
1783703975737 0.3191067576408386 5137
1783703975872 0.40099868178367615 5138
1783703975994 0.2895645499229431 5139
1783703976111 0.28398850560188293 5140
1783703976215 0.09807129949331284 5141
1783703976382 0.37041351199150085 5142
1783703976532 0.22516953945159912 5143
1783703976677 0.3837429881095886 5144
1783703976830 0.37165990471839905 5145
1783703976967 0.29103440046310425 5146
1783703977103 0.26485657691955566 5147
1783703977416 0.4754776358604431 5148
1783703977560 0.1642293632030487 5149
1783703977728 0.10772030800580978 5150
1783703977864 0.3266712427139282 5151
1783703978047 0.19132965803146362 5152
1783703978206 0.2071591317653656 5153
1783703978381 0.4208418130874634 5154
1783703978539 0.3728224039077759 5155
1783703978801 0.5008758306503296 5156
1783703978964 0.07259441167116165 5157
1783703979113 0.23634542524814606 5158
1783703979279 0.6875413656234741 5159
1783703979427 0.6940572261810303 5160
1783703979548 0.4500353932380676 5161
1783703979672 0.1485036015510559 5162
1783703979891 0.2104339748620987 5163
1783703980077 0.20720279216766357 5164
1783703980217 0.24005813896656036 5165
1783703980360 0.19904892146587372 5166
1783703980518 0.4906187057495117 5167
1783703980637 0.12413165718317032 5168
1783703980780 0.19549614191055298 5169
1783703980931 0.37805119156837463 5170
1783703981081 0.12678632140159607 5171
1783703981204 0.18172886967658997 5172
1783703981344 0.095683753490448 5173
1783703981465 0.20492351055145264 5174
1783703981603 0.3288048505783081 5175
1783703981750 0.35794302821159363 5176
1783703981880 0.4859600365161896 5177
1783703982034 0.30350056290626526 5178
1783703982196 0.10237351059913635 5179
1783703982349 0.5960476398468018 5180
1783703982643 0.45007815957069397 5181
1783703982780 0.17927446961402893 5182
1783703982902 0.07059115916490555 5183
1783703983049 0.11735393851995468 5184
1783703983186 0.34074389934539795 5185
1783703983330 0.6323085427284241 5186
1783703983465 0.5337352752685547 5187
1783703983636 0.2803991436958313 5188
1783703983783 0.9982362985610962 5189
1783703983909 0.3455268144607544 5190
1783703984043 0.5283781886100769 5191
1783703984199 0.2878374755382538 5192
1783703984336 0.15681719779968262 5193
1783703984500 0.4247562885284424 5194
1783703984652 0.2554394602775574 5195
1783703984799 0.3093281388282776 5196
1783703984953 0.08669524639844894 5197
1783703985111 0.38574910163879395 5198
1783703985258 0.17278313636779785 5199
1783703985397 0.10309871286153793 5200
1783703985521 0.5079692006111145 5201
1783703985653 0.1680028885602951 5202
1783703985781 0.1801118105649948 5203
1783703985941 0.41098472476005554 5204
1783703986053 0.3679502010345459 5205
1783703986157 0.3366992473602295 5206
1783703986309 0.6616843342781067 5207
1783703986488 0.4592444896697998 5208
1783703986626 0.13755588233470917 5209
1783703986760 0.5078283548355103 5210
1783703986907 0.25995150208473206 5211
1783703987059 0.5861591696739197 5212
1783703987188 0.3159017264842987 5213
1783703987336 0.33479729294776917 5214
1783703987476 0.1136079952120781 5215
1783703987833 0.4564286768436432 5216
1783703987972 0.49069270491600037 5217
1783703988111 0.6862590909004211 5218
1783703988254 0.21337124705314636 5219
1783703988389 0.23768866062164307 5220
1783703988552 0.5312955975532532 5221
1783703988700 0.355499804019928 5222
1783703989024 0.19708693027496338 5223
1783703989172 0.12725235521793365 5224
1783703989306 0.43137452006340027 5225
1783703989455 0.12947535514831543 5226
1783703989589 0.8865989446640015 5227
1783703989744 0.3299234211444855 5228
1783703989890 0.5639663338661194 5229
1783703990054 0.43363872170448303 5230
1783703990362 0.3475542366504669 5231
1783703990502 0.2930217683315277 5232
1783703990654 0.3461829721927643 5233
1783703990801 0.2575502395629883 5234
1783703990937 0.2659965455532074 5235
1783703991079 0.3532012104988098 5236
1783703991233 0.23595751821994781 5237
1783703991402 0.5201283693313599 5238
1783703991573 0.3296419680118561 5239
1783703991767 0.1522439420223236 5240
1783703991898 0.49837374687194824 5241
1783703992067 0.08510421216487885 5242
1783703992222 0.48148083686828613 5243
1783703992363 0.2879270315170288 5244
1783703992537 0.21821531653404236 5245
1783703992694 0.21759025752544403 5246
1783703992835 0.33744004368782043 5247
1783703992993 0.23520973324775696 5248
1783703993140 0.1627735048532486 5249
1783703993280 0.29572561383247375 5250
1783703993434 0.21419864892959595 5251
1783703993584 0.20274969935417175 5252
1783703993714 0.8048744201660156 5253
1783703993894 0.6144616007804871 5254
1783703994209 0.5861170887947083 5255
1783703994364 0.22857369482517242 5256
1783703994504 0.2482462376356125 5257
1783703994666 0.18574966490268707 5258
1783703994830 0.47048524022102356 5259
1783703994965 0.5557155013084412 5260
1783703995125 0.4094372093677521 5261
1783703995313 0.5509660243988037 5262
1783703995436 0.230571448802948 5263
1783703995569 0.48791399598121643 5264
1783703995726 0.10624224692583084 5265
1783703995879 0.5084182620048523 5266
1783703996010 0.18291997909545898 5267
1783703996109 0.6893618106842041 5268
1783703996264 0.7123454213142395 5269
1783703996402 0.4441289007663727 5270
1783703996546 0.19399122893810272 5271
1783703996700 0.3290480673313141 5272
1783703996848 0.1692783385515213 5273
1783703997008 0.33637478947639465 5274
1783703997184 0.25443291664123535 5275
1783703997323 0.4950888454914093 5276
1783703997483 0.4521237313747406 5277
1783703997629 0.35313960909843445 5278
1783703997769 0.20081081986427307 5279
1783703998050 0.09235025197267532 5280
1783703998216 0.12062737345695496 5281
1783703998395 0.15192502737045288 5282
1783703998550 0.1513904333114624 5283
1783703998658 0.2612403631210327 5284
1783703998792 0.1641840934753418 5285
1783703998962 0.21887382864952087 5286
1783703999078 0.2144668698310852 5287
1783703999355 0.25079062581062317 5288
1783703999500 0.4907199442386627 5289
1783703999612 0.41990625858306885 5290
1783703999768 0.24693134427070618 5291
1783703999923 0.44576650857925415 5292
1783704000052 0.24847885966300964 5293
1783704000178 0.6103188395500183 5294
1783704000314 0.375910222530365 5295
1783704000520 0.39936530590057373 5296
1783704000666 0.42585286498069763 5297
1783704000854 0.447345107793808 5298
1783704001014 0.3327058255672455 5299
1783704001150 0.37722620368003845 5300
1783704001262 0.5871680378913879 5301
1783704001424 0.07670293003320694 5302
1783704001584 0.19576168060302734 5303
1783704001811 0.1531772017478943 5304
1783704001975 0.11307638138532639 5305
1783704002131 0.11382579058408737 5306
1783704002280 0.17369669675827026 5307
1783704002435 0.8801121711730957 5308
1783704002581 0.43388426303863525 5309
1783704002741 0.2341199815273285 5310
1783704002931 0.2775266766548157 5311
1783704003081 0.5606734752655029 5312
1783704003217 0.32756921648979187 5313
1783704003324 0.4034162163734436 5314
1783704003446 0.8054118156433105 5315
1783704003590 0.24761706590652466 5316
1783704003734 0.5843586325645447 5317
1783704003887 0.22612449526786804 5318
1783704004030 0.3735724091529846 5319
1783704004252 0.36587080359458923 5320
1783704004384 0.38616931438446045 5321
1783704004488 0.5219655632972717 5322
1783704004627 0.2518106997013092 5323
1783704004756 0.1391095072031021 5324
1783704004907 0.09813355654478073 5325
1783704005022 0.26875343918800354 5326
1783704005138 0.23563401401042938 5327
1783704005277 0.36816829442977905 5328
1783704005559 0.22011752426624298 5329
1783704005670 0.281779944896698 5330
1783704005880 0.05467916280031204 5331
1783704005992 0.11015814542770386 5332
1783704006076 0.28665807843208313 5333
1783704006157 1.0687675476074219 5334
1783704006264 0.18998241424560547 5335
1783704006430 0.31933876872062683 5336
1783704006535 0.29323098063468933 5337
1783704006639 0.25547659397125244 5338
1783704006719 0.24009448289871216 5339
1783704006823 0.31350642442703247 5340
1783704006976 0.27985715866088867 5341
1783704007100 0.08695177733898163 5342
1783704007221 0.33401256799697876 5343
1783704007317 0.6844345927238464 5344
1783704007465 0.4276242256164551 5345
1783704007598 0.23671311140060425 5346
1783704007703 0.4973793029785156 5347
1783704007788 0.2653528153896332 5348
1783704007903 0.3094013035297394 5349
1783704008044 0.19422847032546997 5350
1783704008245 0.38912633061408997 5351
1783704008372 0.29081863164901733 5352
1783704008523 0.3486687242984772 5353
1783704008666 0.4517831802368164 5354
1783704008796 0.19661444425582886 5355
1783704008950 0.22774291038513184 5356
1783704009100 0.24224349856376648 5357
1783704009275 0.14616337418556213 5358
1783704009513 0.08307130634784698 5359
1783704009669 0.5753650665283203 5360
1783704009811 0.22857384383678436 5361
1783704009935 0.6744377613067627 5362
1783704010047 0.3517129421234131 5363
1783704010141 0.5502145290374756 5364
1783704010276 0.32452380657196045 5365
1783704010394 0.2430230677127838 5366
1783704010544 0.07688729465007782 5367
1783704010744 0.2891072928905487 5368
1783704010894 0.23398719727993011 5369
1783704011024 0.27011263370513916 5370
1783704011163 0.4901323616504669 5371
1783704011315 0.1477564573287964 5372
1783704011452 0.17089995741844177 5373
1783704011594 0.2395552098751068 5374
1783704011731 0.43253326416015625 5375
1783704011883 0.2534295618534088 5376
1783704012023 0.030241679400205612 5377
1783704012130 0.1190665066242218 5378
1783704012254 0.2443937063217163 5379
1783704012383 0.34762755036354065 5380
1783704012551 0.2351001501083374 5381
1783704012671 0.35856354236602783 5382
1783704012838 0.13563896715641022 5383
1783704012978 0.14292216300964355 5384
1783704013113 0.4075559675693512 5385
1783704013263 0.20340809226036072 5386
1783704013416 0.31753256916999817 5387
1783704013564 0.27868297696113586 5388
1783704013700 0.2840675711631775 5389
1783704013866 0.3711645305156708 5390
1783704014000 0.4203767776489258 5391
1783704014131 0.11579335480928421 5392
1783704014245 0.5485512614250183 5393
1783704014567 0.24832697212696075 5394
1783704014727 0.10253497958183289 5395
1783704014883 0.27263718843460083 5396
1783704014971 0.14505887031555176 5397
1783704015093 0.3284905254840851 5398
1783704015222 0.2805171310901642 5399
1783704015357 0.14269685745239258 5400
1783704015500 0.5902109146118164 5401
1783704015670 0.4503743648529053 5402
1783704015777 0.34192928671836853 5403
1783704015923 0.21299651265144348 5404
1783704016027 0.09057535976171494 5405
1783704016112 0.20192396640777588 5406
1783704016232 0.1715213507413864 5407
1783704016360 0.3533191680908203 5408
1783704016504 0.2562047243118286 5409
1783704016641 0.15111684799194336 5410
1783704016748 0.49477890133857727 5411
1783704016875 0.29253485798835754 5412
1783704017144 0.245629221200943 5413
1783704017255 0.2192511111497879 5414
1783704017400 0.1617477387189865 5415
1783704017543 0.1543954759836197 5416
1783704017650 0.6453031301498413 5417
1783704017818 0.15517252683639526 5418
1783704017966 0.09235168993473053 5419
1783704018129 0.23998405039310455 5420
1783704018288 0.1959811896085739 5421
1783704018432 0.3655704855918884 5422
1783704018524 0.23752029240131378 5423
1783704018629 0.30275335907936096 5424
1783704018766 0.18641363084316254 5425
1783704018947 0.10499241203069687 5426
1783704019097 0.3661980926990509 5427
1783704019252 0.7115042209625244 5428
1783704019387 0.39169415831565857 5429
1783704019672 0.2792193591594696 5430
1783704019820 0.34515315294265747 5431
1783704019989 0.25713637471199036 5432
1783704020135 0.10042231529951096 5433
1783704020305 0.34291842579841614 5434
1783704020450 0.23298874497413635 5435
1783704020594 0.3392409682273865 5436
1783704020724 0.13094057142734528 5437
1783704020962 0.35086143016815186 5438
1783704021116 0.46633803844451904 5439
1783704021269 0.19229605793952942 5440
1783704021406 0.5377752780914307 5441
1783704021542 0.1208965927362442 5442
1783704021683 0.12174113094806671 5443
1783704021812 0.6010259389877319 5444
1783704021944 0.29569223523139954 5445
1783704022141 0.10115126520395279 5446
1783704022306 0.5961859226226807 5447
1783704022436 0.25543633103370667 5448
1783704022584 0.15505445003509521 5449
1783704022743 0.4022572338581085 5450
1783704022864 0.21152843534946442 5451
1783704022993 0.5189374685287476 5452
1783704023163 0.2228313833475113 5453
1783704023543 0.2868995666503906 5454
1783704023684 0.8255293965339661 5455
1783704023821 0.4000034034252167 5456
1783704023957 0.43298566341400146 5457
1783704024106 0.5279348492622375 5458
1783704024266 0.5933481454849243 5459
1783704024414 0.20100438594818115 5460
1783704024554 0.3786751627922058 5461
1783704024889 0.3603593409061432 5462
1783704025030 0.35954755544662476 5463
1783704025178 0.319492906332016 5464
1783704025305 0.261554479598999 5465
1783704025413 0.15770746767520905 5466
1783704025545 0.36700016260147095 5467
1783704025700 0.25549301505088806 5468
1783704025844 0.3447759449481964 5469
1783704025983 0.6205903887748718 5470
1783704026092 0.27847594022750854 5471
1783704026192 0.24949616193771362 5472
1783704026350 0.25641584396362305 5473
1783704026505 0.20913420617580414 5474
1783704026626 0.23917463421821594 5475
1783704026763 0.19929803907871246 5476
1783704026889 0.14433073997497559 5477
1783704027031 0.22699260711669922 5478
1783704027184 0.26428577303886414 5479
1783704027316 0.6175849437713623 5480
1783704027458 0.18745684623718262 5481
1783704027637 0.2404547780752182 5482
1783704027852 0.09316227585077286 5483
1783704027984 0.06768693774938583 5484
1783704028122 0.3837272822856903 5485
1783704028275 0.23395660519599915 5486
1783704028394 0.11293239891529083 5487
1783704028576 0.1524737924337387 5488
1783704028843 0.6052872538566589 5489
1783704028966 0.5863242745399475 5490
1783704029116 0.5253672003746033 5491
1783704029230 0.11102651059627533 5492
1783704029371 0.22870343923568726 5493
1783704029514 0.09240283071994781 5494
1783704029646 0.10006389021873474 5495
1783704029797 0.19280800223350525 5496
1783704029971 0.45042362809181213 5497
1783704030178 0.5537607073783875 5498
1783704030315 0.1186753660440445 5499
1783704030447 0.838188648223877 5500
1783704030586 0.41113704442977905 5501
1783704030731 0.06713053584098816 5502
1783704030866 0.25141897797584534 5503
1783704031015 0.47152426838874817 5504
1783704031179 0.23157615959644318 5505
1783704031348 0.2338722050189972 5506
1783704031449 0.43465566635131836 5507
1783704031567 0.2670798897743225 5508
1783704031682 0.17797619104385376 5509
1783704031825 0.4496850073337555 5510
1783704031987 0.4757460951805115 5511
1783704032111 0.19598574936389923 5512
1783704032281 0.29713112115859985 5513
1783704032434 0.14211395382881165 5514
1783704032572 0.1469748169183731 5515
1783704032720 0.2757292091846466 5516
1783704032879 0.36988526582717896 5517
1783704032994 0.07675617188215256 5518
1783704033135 0.43705374002456665 5519
1783704033277 0.10595421493053436 5520
1783704033404 0.24590158462524414 5521
1783704033560 0.6619654297828674 5522
1783704033711 0.23261506855487823 5523
1783704033894 0.2807876765727997 5524
1783704034031 0.1277560442686081 5525
1783704034189 0.2982122004032135 5526
1783704034327 0.36999592185020447 5527
1783704034462 0.31289538741111755 5528
1783704034599 0.2123260498046875 5529
1783704034721 0.1864258497953415 5530
1783704034842 0.4100470542907715 5531
1783704035006 0.49865520000457764 5532
1783704035170 0.12308252602815628 5533
1783704035314 0.523490309715271 5534
1783704035409 0.14390742778778076 5535
1783704035503 0.19244900345802307 5536
1783704035612 0.3732907772064209 5537
1783704035733 0.37629711627960205 5538
1783704035860 0.4204724431037903 5539
1783704035968 0.3225666284561157 5540
1783704036067 0.516801655292511 5541
1783704036154 0.14986062049865723 5542
1783704036285 0.4232804477214813 5543
1783704036429 0.3572061359882355 5544
1783704036589 0.13260716199874878 5545
1783704036753 0.16947631537914276 5546
1783704036885 0.13888195157051086 5547
1783704037024 0.9507517218589783 5548
1783704037171 0.039204005151987076 5549
1783704037329 0.14337114989757538 5550
1783704037456 0.2828095853328705 5551
1783704037587 0.33755382895469666 5552
1783704037710 0.3186817765235901 5553
1783704037800 0.1718897968530655 5554
1783704037917 0.36289873719215393 5555
1783704038028 0.11370339244604111 5556
1783704038144 0.24637570977210999 5557
1783704038248 0.5566887259483337 5558
1783704038370 0.5277299880981445 5559
1783704038496 0.2049833983182907 5560
1783704038612 0.5629062056541443 5561
1783704038739 0.22794906795024872 5562
1783704038885 0.44468480348587036 5563
1783704039000 0.16511215269565582 5564
1783704039129 0.34737637639045715 5565
1783704039248 0.16966082155704498 5566
1783704039376 0.1447104513645172 5567
1783704039489 0.43249309062957764 5568
1783704039592 0.31838396191596985 5569
1783704039711 0.1254923939704895 5570
1783704039817 0.17901693284511566 5571
1783704039937 0.210423544049263 5572
1783704040054 0.0855829268693924 5573
1783704040151 0.24964013695716858 5574
1783704040263 0.4513770043849945 5575
1783704040365 0.7019120454788208 5576
1783704040475 0.2910415828227997 5577
1783704040592 0.18728958070278168 5578
1783704040711 0.1670217365026474 5579
1783704040843 0.4028916358947754 5580
1783704040937 0.25684118270874023 5581
1783704041049 0.32532745599746704 5582
1783704041172 0.208126038312912 5583
1783704041285 0.31461238861083984 5584
1783704041393 0.4202165901660919 5585
1783704041502 0.45904216170310974 5586
1783704041641 1.0494061708450317 5587
1783704041730 0.14488016068935394 5588
1783704041844 0.22093403339385986 5589
1783704041941 0.22268739342689514 5590
1783704042048 0.31987762451171875 5591
1783704042241 0.36660122871398926 5592
1783704042322 0.20575271546840668 5593
1783704042627 0.11906803399324417 5594
1783704042759 0.5420953035354614 5595
1783704042877 0.41898611187934875 5596
1783704042968 0.2616191506385803 5597
1783704043062 0.145441472530365 5598
1783704043167 0.1613311767578125 5599
1783704043285 0.1720224916934967 5600
1783704043383 0.31263992190361023 5601
1783704043479 0.14810030162334442 5602
1783704043569 0.16488142311573029 5603
1783704043672 0.43556836247444153 5604
1783704043771 0.6303536295890808 5605
1783704043866 0.15494588017463684 5606
1783704043965 0.18981681764125824 5607
1783704044080 0.254610151052475 5608
1783704044185 0.10782365500926971 5609
1783704044317 0.38565269112586975 5610
1783704044453 0.18780456483364105 5611
1783704044560 0.13433709740638733 5612
1783704044662 0.249701127409935 5613
1783704044767 0.309922456741333 5614
1783704044885 0.416471391916275 5615
1783704045009 0.15155139565467834 5616
1783704045211 0.10958053171634674 5617
1783704045355 0.25332292914390564 5618
1783704045453 0.3815140724182129 5619
1783704045573 0.4071996808052063 5620
1783704045693 0.5982532501220703 5621
1783704045816 0.4999566674232483 5622
1783704045945 0.1694277971982956 5623
1783704046061 0.42651283740997314 5624
1783704046841 0.27830740809440613 5625
1783704046967 0.1496540904045105 5626
1783704047140 0.31981974840164185 5627
1783704047260 0.25075018405914307 5628
1783704047392 0.3342762589454651 5629
1783704047561 0.31937170028686523 5630
1783704047703 0.3455628454685211 5631
1783704047851 0.23717504739761353 5632
1783704048010 0.23946139216423035 5633
1783704048178 0.3300568163394928 5634
1783704048287 0.16693951189517975 5635
1783704048441 0.04413939639925957 5636
1783704048611 0.29794952273368835 5637
1783704048729 0.4765622913837433 5638
1783704048851 0.2694350779056549 5639
1783704048945 0.2524432837963104 5640
1783704049089 0.15576237440109253 5641
1783704049250 0.17442259192466736 5642
1783704049412 0.18125906586647034 5643
1783704049566 0.13377371430397034 5644
1783704049711 0.7353474497795105 5645
1783704049860 0.7154374718666077 5646
1783704049985 0.10194189846515656 5647
1783704050151 0.30679482221603394 5648
1783704050255 0.2671513855457306 5649
1783704050392 0.18369051814079285 5650
1783704050533 0.4449467360973358 5651
1783704050683 0.5177677869796753 5652
1783704050807 0.43634945154190063 5653
1783704050962 0.1497625857591629 5654
1783704051091 0.45526206493377686 5655
1783704051311 0.3125127851963043 5656
1783704051477 0.2474936991930008 5657
1783704051610 0.27363190054893494 5658
1783704051747 0.15648819506168365 5659
1783704051882 0.3293542265892029 5660
1783704052032 0.26970160007476807 5661
1783704052128 0.0979115441441536 5662
1783704052245 0.17755085229873657 5663
1783704052377 0.426359623670578 5664
1783704052609 0.3797467350959778 5665
1783704052813 0.33723098039627075 5666
1783704053010 0.028794746845960617 5667
1783704053212 0.2566209137439728 5668
1783704053340 0.2713254690170288 5669
1783704053480 0.19830192625522614 5670
1783704053614 0.2189357578754425 5671
1783704053747 0.34131306409835815 5672
1783704053896 0.45700907707214355 5673
1783704054040 0.22446927428245544 5674
1783704054181 0.23540346324443817 5675
1783704054296 0.4553172290325165 5676
1783704054430 0.23404555022716522 5677
1783704054589 0.2386256456375122 5678
1783704054731 0.29135024547576904 5679
1783704054892 0.21950608491897583 5680
1783704055040 0.27522751688957214 5681
1783704055194 0.03653222322463989 5682
1783704055298 0.20733283460140228 5683
1783704055401 0.34548458456993103 5684
1783704055548 0.07812482863664627 5685
1783704055661 0.2357846200466156 5686
1783704055755 0.3513036072254181 5687
1783704055849 0.147837832570076 5688
1783704055998 0.26655644178390503 5689
1783704056099 0.28647157549858093 5690
1783704056189 0.5074281692504883 5691
1783704056390 0.19103418290615082 5692
1783704056525 0.3438938856124878 5693
1783704056661 0.12217520922422409 5694
1783704056791 0.18586482107639313 5695
1783704056954 0.3196922540664673 5696
1783704057085 0.3620308041572571 5697
1783704057228 0.22236573696136475 5698
1783704057364 0.3578674793243408 5699
1783704057483 0.5744349956512451 5700
1783704057619 0.15738137066364288 5701
1783704057778 0.3354065418243408 5702
1783704057941 0.16792570054531097 5703
1783704058109 0.5655357837677002 5704
1783704058292 0.1078421100974083 5705
1783704058432 0.25079891085624695 5706
1783704058574 0.2927265763282776 5707
1783704058823 0.12694840133190155 5708
1783704058942 0.26082903146743774 5709
1783704059136 0.46814247965812683 5710
1783704059276 0.7608124017715454 5711
1783704059407 0.3957633674144745 5712
1783704059548 0.16732093691825867 5713
1783704059676 0.21278153359889984 5714
1783704059808 0.34823185205459595 5715
1783704059917 0.26365989446640015 5716
1783704060056 0.44128116965293884 5717
1783704060158 0.2352333515882492 5718
1783704060504 0.4503263235092163 5719
1783704060663 0.13384531438350677 5720
1783704060793 0.21495802700519562 5721
1783704060912 0.19463619589805603 5722
1783704061021 0.5387662649154663 5723
1783704061136 0.24930879473686218 5724
1783704061282 0.22103449702262878 5725
1783704061449 0.16544227302074432 5726
1783704061579 0.47354257106781006 5727
1783704061732 0.06362796574831009 5728
1783704061850 0.19872048497200012 5729
1783704061975 0.31110918521881104 5730
1783704062131 0.30900073051452637 5731
1783704062310 0.3995649814605713 5732
1783704062451 0.3048441708087921 5733
1783704062571 0.41398996114730835 5734
1783704062696 0.4839724898338318 5735
1783704062818 0.2137097716331482 5736
1783704062952 0.36060985922813416 5737
1783704063130 0.25394031405448914 5738
1783704063264 0.5716693997383118 5739
1783704063423 0.4027576148509979 5740
1783704063591 0.2670527696609497 5741
1783704063691 0.27991217374801636 5742
1783704063819 0.16695816814899445 5743
1783704063935 0.18684899806976318 5744
1783704064041 0.49957507848739624 5745
1783704064200 0.09408065676689148 5746
1783704064306 0.2646179795265198 5747
1783704064411 0.29231008887290955 5748
1783704064519 0.2085265815258026 5749
1783704064676 0.7745786905288696 5750
1783704064785 0.15336337685585022 5751
1783704064922 0.24983830749988556 5752
1783704065078 0.5508303046226501 5753
1783704065136 0.5221464037895203 5754
1783704065193 0.21712316572666168 5755
1783704065243 0.33956417441368103 5756
1783704065296 0.18035836517810822 5757
1783704065346 0.35475730895996094 5758
1783704065418 0.41975322365760803 5759
1783704065485 0.07110495120286942 5760
1783704065537 0.2993198037147522 5761
1783704065584 0.13328146934509277 5762
1783704065676 0.28226348757743835 5763
1783704065813 0.25009873509407043 5764
1783704065919 0.44078680872917175 5765
1783704066012 0.12696203589439392 5766
1783704066103 0.3249501585960388 5767
1783704066192 0.16903668642044067 5768
1783704066281 0.21607275307178497 5769
1783704066427 0.09798899292945862 5770
1783704066575 0.258500337600708 5771
1783704066757 0.18182525038719177 5772
1783704066887 0.30185794830322266 5773
1783704067055 0.16664592921733856 5774
1783704067215 0.25813353061676025 5775
1783704067363 0.5522162914276123 5776
1783704067514 0.42836856842041016 5777
1783704067648 0.30430668592453003 5778
1783704067802 0.13224951922893524 5779
1783704068050 0.28305184841156006 5780
1783704068199 0.30163273215293884 5781
1783704068334 0.6567930579185486 5782
1783704068470 0.14184483885765076 5783
1783704068610 0.24635404348373413 5784
1783704068754 0.3857811391353607 5785
1783704068885 0.2647402584552765 5786
1783704069051 0.2828390598297119 5787
1783704069189 0.15157116949558258 5788
1783704069333 0.2678494453430176 5789
1783704069466 0.27217957377433777 5790
1783704069610 0.15180633962154388 5791
1783704069748 0.17360226809978485 5792
1783704069915 0.4403662085533142 5793
1783704070070 0.17418032884597778 5794
1783704070214 0.33975228667259216 5795
1783704070346 0.12051569670438766 5796
1783704070571 0.29807430505752563 5797
1783704070698 0.22057557106018066 5798
1783704070827 0.5358291268348694 5799
1783704070979 0.23986749351024628 5800
1783704071129 0.39141586422920227 5801
1783704071278 0.4135041832923889 5802
1783704071433 0.1744643598794937 5803
1783704071583 0.25738322734832764 5804
1783704071673 0.18971318006515503 5805
1783704071781 0.1052662581205368 5806
1783704071900 0.21906086802482605 5807
1783704072004 0.13741549849510193 5808
1783704072167 0.5778601169586182 5809
1783704072305 0.07931044697761536 5810
1783704072459 0.4107629954814911 5811
1783704072629 0.5023850798606873 5812
1783704072729 0.15339504182338715 5813
1783704072883 0.5477631688117981 5814
1783704073065 0.5888060331344604 5815
1783704073218 0.1809992492198944 5816
1783704073355 0.7809091806411743 5817
1783704073486 0.2955041527748108 5818
1783704073645 0.2732197642326355 5819
1783704073767 0.4418608546257019 5820
1783704073866 0.3272963762283325 5821
1783704074017 0.6213507652282715 5822
1783704074166 0.08979007601737976 5823
1783704074330 0.1667099893093109 5824
1783704074611 0.2564345598220825 5825
1783704074752 0.08822565525770187 5826
1783704074888 0.5755426287651062 5827
1783704075020 0.7621785998344421 5828
1783704075169 0.17927072942256927 5829
1783704075314 0.22367964684963226 5830
1783704075482 0.3074619472026825 5831
1783704075651 0.40379273891448975 5832
1783704075912 0.3093097507953644 5833
1783704076035 0.060481101274490356 5834
1783704076144 0.28774625062942505 5835
1783704076245 0.30829647183418274 5836
1783704076400 0.42986059188842773 5837
1783704076554 0.48951053619384766 5838
1783704076711 0.3096946179866791 5839
1783704076865 0.05671315640211105 5840
1783704077009 0.12104779481887817 5841
1783704077144 0.21418318152427673 5842
1783704077286 0.38595956563949585 5843
1783704077430 0.3212476968765259 5844
1783704077573 0.27599117159843445 5845
1783704077745 0.2432190179824829 5846
1783704077895 0.1925603151321411 5847
1783704078023 0.29999664425849915 5848
1783704078149 0.49770185351371765 5849
1783704078307 0.5707120299339294 5850
1783704078418 0.40941932797431946 5851
1783704078530 0.29185134172439575 5852
1783704078677 0.5069736838340759 5853
1783704078834 0.25381913781166077 5854
1783704078970 0.38986635208129883 5855
1783704079109 0.20236097276210785 5856
1783704079250 0.32514604926109314 5857
1783704079337 0.1605197936296463 5858
1783704079442 0.2949039041996002 5859
1783704079547 0.18514776229858398 5860
1783704079652 0.2040223628282547 5861
1783704079743 0.24056218564510345 5862
1783704079838 0.44284358620643616 5863
1783704079939 0.3024008274078369 5864
1783704080041 0.19300533831119537 5865
1783704080136 0.1767585128545761 5866
1783704080255 0.43869689106941223 5867
1783704080364 0.3814520537853241 5868
1783704080477 0.31929194927215576 5869
1783704080590 0.16632810235023499 5870
1783704080693 0.4793853759765625 5871
1783704080802 0.47033610939979553 5872
1783704080915 0.18121658265590668 5873
1783704081014 0.13098248839378357 5874
1783704081164 0.1552993357181549 5875
1783704081305 0.4046960473060608 5876
1783704081441 0.2233390361070633 5877
1783704081593 0.34538233280181885 5878
1783704081699 0.05230194330215454 5879
1783704081838 0.21701069176197052 5880
1783704082071 0.2762297987937927 5881
1783704082235 0.470823734998703 5882
1783704082359 0.17991836369037628 5883
1783704082456 0.39333364367485046 5884
1783704082592 0.25823360681533813 5885
1783704082718 0.2626758813858032 5886
1783704082846 0.11109970510005951 5887
1783704082954 0.3124483525753021 5888
1783704083144 0.3417986035346985 5889
1783704083356 0.48338162899017334 5890
1783704083525 0.3640241026878357 5891
1783704083633 0.40758785605430603 5892
1783704083734 0.31145161390304565 5893
1783704083897 0.5517897605895996 5894
1783704084045 0.3225007653236389 5895
1783704084186 0.23335328698158264 5896
1783704084353 0.2172805219888687 5897
1783704084587 0.07966512441635132 5898
1783704084754 0.4127148389816284 5899
1783704084870 0.18033556640148163 5900
1783704085016 0.1300775557756424 5901
1783704085177 0.3938372731208801 5902
1783704085411 0.3211015462875366 5903
1783704085611 0.30387210845947266 5904
1783704085742 0.28823262453079224 5905
1783704086002 0.27433571219444275 5906
1783704086103 0.239887535572052 5907
1783704086187 0.09590674936771393 5908
1783704086298 0.4539026916027069 5909
1783704086476 0.2213483601808548 5910
1783704086624 0.3627564609050751 5911
1783704086777 0.1336301565170288 5912
1783704086918 0.2413124293088913 5913
1783704087061 0.13553032279014587 5914
1783704087184 0.3649442195892334 5915
1783704087288 0.1792886108160019 5916
1783704087380 0.1321970522403717 5917
1783704087467 0.09850411117076874 5918
1783704087567 0.25636905431747437 5919
1783704087692 0.19689252972602844 5920
1783704087826 0.47164586186408997 5921
1783704087915 0.1238669827580452 5922
1783704088093 0.17595674097537994 5923
1783704088194 0.19273380935192108 5924
1783704088304 0.26220402121543884 5925
1783704088415 0.19299127161502838 5926
1783704088530 0.3999852240085602 5927
1783704088665 0.27396050095558167 5928
1783704088815 0.18685583770275116 5929
1783704088918 0.05282411351799965 5930
1783704089043 0.5904940366744995 5931
1783704089187 0.27221614122390747 5932
1783704089334 0.3235451579093933 5933
1783704089490 0.4004210829734802 5934
1783704089616 0.2821771502494812 5935
1783704089793 0.12392298132181168 5936
1783704089944 0.5004978775978088 5937
1783704090053 0.12247659265995026 5938
1783704090213 0.12305580824613571 5939
1783704090365 0.4007579982280731 5940
1783704090493 0.20538632571697235 5941
1783704090633 0.25411275029182434 5942
1783704090751 0.8935713171958923 5943
1783704090891 0.4549739956855774 5944
1783704091125 0.30683398246765137 5945
1783704091283 0.5018171072006226 5946
1783704091444 0.22241178154945374 5947
1783704091623 0.1741553097963333 5948
1783704091750 0.8582872748374939 5949
1783704091890 0.16999386250972748 5950
1783704092027 0.48229312896728516 5951
1783704092165 0.3261176645755768 5952
1783704092324 0.14543573558330536 5953
1783704092581 0.1676795929670334 5954
1783704092703 0.5442790389060974 5955
1783704092868 0.5160788893699646 5956
1783704093019 0.3622615933418274 5957
1783704093148 0.15958090126514435 5958
1783704093282 0.22670145332813263 5959
1783704093427 0.17489077150821686 5960
1783704093714 0.17792952060699463 5961
1783704093845 0.5735422372817993 5962
1783704093940 0.4705001711845398 5963
1783704094067 0.1813085824251175 5964
1783704094241 0.14060653746128082 5965
1783704094395 0.564285933971405 5966
1783704094595 0.4388502240180969 5967
1783704094711 0.2047572135925293 5968
1783704094828 0.44161808490753174 5969
1783704094991 0.162180557847023 5970
1783704095202 0.5378307700157166 5971
1783704095347 0.21448826789855957 5972
1783704095499 0.20326675474643707 5973
1783704095768 0.14990749955177307 5974
1783704095895 0.1873125433921814 5975
1783704096044 0.3444002866744995 5976
1783704096143 0.22996680438518524 5977
1783704096234 0.2910844683647156 5978
1783704096400 0.25148260593414307 5979
1783704096507 0.18117879331111908 5980
1783704096587 0.3786199688911438 5981
1783704096735 0.3721068799495697 5982
1783704096869 0.3696218430995941 5983
1783704096998 0.3819005787372589 5984
1783704097154 0.09209957718849182 5985
1783704097305 0.10775153338909149 5986
1783704097437 0.1131143569946289 5987
1783704097550 0.03427569940686226 5988
1783704097653 0.07113295048475266 5989
1783704097786 0.20945747196674347 5990
1783704097883 0.20070473849773407 5991
1783704098031 0.22408729791641235 5992
1783704098161 0.23924803733825684 5993
1783704098254 0.057001080363988876 5994
1783704098370 0.16853214800357819 5995
1783704098494 0.21577785909175873 5996
1783704098633 0.4373207092285156 5997
1783704098753 0.1519128680229187 5998
1783704099011 0.4303742051124573 5999
1783704099129 0.12497476488351822 6000
1783704099261 0.1417866200208664 6001
1783704099397 0.14257171750068665 6002
1783704099536 0.29354771971702576 6003
1783704099683 0.13511456549167633 6004
1783704099842 0.32714879512786865 6005
1783704099971 0.49171915650367737 6006
1783704100279 0.14608797430992126 6007
1783704100412 0.30453455448150635 6008
1783704100574 0.20155824720859528 6009
1783704100724 0.1049036979675293 6010
1783704100850 0.8611205220222473 6011
1783704100981 0.2949213981628418 6012
1783704101124 0.07424461841583252 6013
1783704101268 0.2035113275051117 6014
1783704101430 0.5653989911079407 6015
1783704101604 0.3197368085384369 6016
1783704101732 0.48344820737838745 6017
1783704101883 0.18400105834007263 6018
1783704102014 0.18078754842281342 6019
1783704102137 0.20878131687641144 6020
1783704102280 0.13415458798408508 6021
1783704102415 0.30749666690826416 6022
1783704102552 0.2697010040283203 6023
1783704102708 0.1873837560415268 6024
1783704102977 0.05080116540193558 6025
1783704103087 0.407492458820343 6026
1783704103231 0.13574568927288055 6027
1783704103357 0.13429760932922363 6028
1783704103477 0.28181636333465576 6029
1783704103620 0.18427158892154694 6030
1783704103770 0.24719591438770294 6031
1783704103916 0.06516513228416443 6032
1783704104262 0.29780375957489014 6033
1783704104418 0.25436559319496155 6034
1783704104570 0.2989204525947571 6035
1783704104714 0.40393245220184326 6036
1783704104866 0.3609800636768341 6037
1783704105025 0.4807126224040985 6038
1783704105166 0.2210264950990677 6039
1783704105327 0.18141768872737885 6040
1783704105504 0.30985748767852783 6041
1783704105635 0.15176498889923096 6042
1783704105800 0.4690512418746948 6043
1783704105950 0.354483038187027 6044
1783704106093 0.20560935139656067 6045
1783704106192 0.2785474359989166 6046
1783704106301 0.17736348509788513 6047
1783704106433 0.7311106324195862 6048
1783704106751 0.21961581707000732 6049
1783704106899 0.15833884477615356 6050
1783704107033 0.7027583718299866 6051
1783704107162 0.880856990814209 6052
1783704107325 0.21551838517189026 6053
1783704107443 0.11765334010124207 6054
1783704107579 0.25299620628356934 6055
1783704107712 0.1793186515569687 6056
1783704107879 0.5298893451690674 6057
1783704108083 0.4844038486480713 6058
1783704108231 0.7168363928794861 6059
1783704108383 0.4961073696613312 6060
1783704108512 0.18503983318805695 6061
1783704108660 0.2557648718357086 6062
1783704108811 0.23752033710479736 6063
1783704108958 0.543526291847229 6064
1783704109102 0.6357533931732178 6065
1783704109491 0.16928818821907043 6066
1783704109636 0.675341010093689 6067
1783704109794 0.4113549590110779 6068
1783704109944 0.16758769750595093 6069
1783704110090 0.3611837327480316 6070
1783704110201 0.445547878742218 6071
1783704110332 0.2051965594291687 6072
1783704110464 0.34342336654663086 6073
1783704110830 0.09246399253606796 6074
1783704110991 0.31318002939224243 6075
1783704111133 0.2784760594367981 6076
1783704111289 0.32603901624679565 6077
1783704111404 0.24111856520175934 6078
1783704111559 0.5892536640167236 6079
1783704111735 0.083457350730896 6080
1783704111897 0.14073757827281952 6081
1783704112144 0.6017528176307678 6082
1783704112309 0.5419674515724182 6083
1783704112412 0.30223706364631653 6084
1783704112549 0.3325573801994324 6085
1783704112708 0.5185330510139465 6086
1783704112827 0.5627626776695251 6087
1783704112925 0.3183036148548126 6088
1783704113071 0.7017148733139038 6089
1783704113232 0.5774412751197815 6090
1783704113382 0.30918240547180176 6091
1783704113511 0.3976258933544159 6092
1783704113649 0.6845014095306396 6093
1783704113825 0.3265191614627838 6094
1783704113943 0.08651890605688095 6095
1783704114071 0.32891228795051575 6096
1783704114220 0.5237647891044617 6097
1783704114357 0.10047470778226852 6098
1783704114496 0.47137728333473206 6099
1783704114663 0.322701632976532 6100
1783704114791 0.385507732629776 6101
1783704114909 0.3071158230304718 6102
1783704115054 0.23425820469856262 6103
1783704115207 0.23680256307125092 6104
1783704115354 0.865690290927887 6105
1783704115488 0.5658985376358032 6106
1783704115648 0.13065463304519653 6107
1783704115781 0.5807313919067383 6108
1783704115980 0.11589378118515015 6109
1783704116101 0.28153932094573975 6110
1783704116190 0.5833538770675659 6111
1783704116287 0.2042144238948822 6112
1783704116447 0.18317127227783203 6113
1783704116636 0.32629427313804626 6114
1783704116789 0.16984431445598602 6115
1783704116943 0.24170048534870148 6116
1783704117155 0.5089196562767029 6117
1783704117305 0.28359296917915344 6118
1783704117433 0.2774255871772766 6119
1783704117574 0.421048641204834 6120
1783704117701 0.373987078666687 6121
1783704117831 0.2779604196548462 6122
1783704117987 0.157101571559906 6123
1783704118149 0.22446365654468536 6124
1783704118341 0.261273592710495 6125
1783704118547 0.3868468105792999 6126
1783704118689 0.12666186690330505 6127
1783704118849 0.2821461260318756 6128
1783704118961 0.35274797677993774 6129
1783704119103 0.16991795599460602 6130
1783704119277 0.037585798650979996 6131
1783704119420 0.06672626733779907 6132
1783704119585 0.12112665921449661 6133
1783704119891 0.1630740910768509 6134
1783704120135 0.41210997104644775 6135
1783704120306 0.33649852871894836 6136
1783704120424 0.5118570327758789 6137
1783704120550 0.30167844891548157 6138
1783704120675 0.2642134130001068 6139
1783704120839 0.14036612212657928 6140
1783704121175 0.21037183701992035 6141
1783704121312 0.14217811822891235 6142
1783704121466 0.16619545221328735 6143
1783704121596 0.20064078271389008 6144
1783704121736 0.12774156033992767 6145
1783704121879 0.27935075759887695 6146
1783704122023 0.39447376132011414 6147
1783704122176 0.21960975229740143 6148
1783704122346 0.19464141130447388 6149
1783704122502 0.4470657408237457 6150
1783704122611 0.24933573603630066 6151
1783704122724 0.4412183463573456 6152
1783704122869 0.22273555397987366 6153
1783704123022 0.2769853472709656 6154
1783704123175 0.10047918558120728 6155
1783704123344 0.12809942662715912 6156
1783704123500 0.4269927144050598 6157
1783704123807 0.16576677560806274 6158
1783704123942 0.28272417187690735 6159
1783704124114 0.46452444791793823 6160
1783704124253 0.212803453207016 6161
1783704124398 0.06740501523017883 6162
1783704124550 0.25642672181129456 6163
1783704124647 0.4303005039691925 6164
1783704124765 0.278884619474411 6165
1783704124920 0.7862709760665894 6166
1783704125133 0.21731433272361755 6167
1783704125274 0.06305162608623505 6168
1783704125427 0.10116824507713318 6169
1783704125578 0.10750748962163925 6170
1783704125705 0.4981324374675751 6171
1783704125828 0.4183410704135895 6172
1783704125955 0.3039923906326294 6173
1783704126110 0.5442214012145996 6174
1783704126231 0.3378590941429138 6175
1783704126352 0.23199047148227692 6176
1783704126521 0.2709304690361023 6177
1783704126666 0.13373643159866333 6178
1783704126790 0.4606848657131195 6179
1783704126889 0.40874841809272766 6180
1783704127003 0.2345680445432663 6181
1783704127184 0.2979634702205658 6182
1783704127310 0.38173791766166687 6183
1783704127446 0.32097363471984863 6184
1783704127677 0.3259768784046173 6185
1783704127822 0.16840104758739471 6186
1783704127972 0.29486697912216187 6187
1783704128107 0.7121482491493225 6188
1783704128247 0.35559529066085815 6189
1783704128412 0.17612966895103455 6190
1783704128573 0.19455307722091675 6191
1783704128841 0.4453057050704956 6192
1783704129003 0.19444775581359863 6193
1783704129131 0.3025786280632019 6194
1783704129249 0.2912173569202423 6195
1783704129361 0.06031608209013939 6196
1783704129497 0.5148252248764038 6197
1783704129640 0.33330702781677246 6198
1783704129775 0.03199799731373787 6199
1783704129929 0.25727248191833496 6200
1783704130128 0.13969674706459045 6201
1783704130271 0.45506325364112854 6202
1783704130394 0.2103220373392105 6203
1783704130538 0.18839135766029358 6204
1783704130695 0.16976706683635712 6205
1783704130829 0.10830852389335632 6206
1783704130966 0.2760760486125946 6207
1783704131124 0.3757884204387665 6208
1783704131242 0.3664299547672272 6209
1783704131346 0.42120274901390076 6210
1783704131459 0.15599095821380615 6211
1783704131549 0.12649762630462646 6212
1783704131665 0.218185693025589 6213
1783704131816 0.14357489347457886 6214
1783704131966 0.26331809163093567 6215
1783704132112 0.07599591463804245 6216
1783704132258 0.15925562381744385 6217
1783704132388 0.26681116223335266 6218
1783704132558 0.4405950903892517 6219
1783704132769 0.2100934237241745 6220
1783704132925 0.19734783470630646 6221
1783704133065 0.3435361981391907 6222
1783704133209 0.223858043551445 6223
1783704133352 0.23458129167556763 6224
1783704133462 0.25763148069381714 6225
1783704133617 0.21988505125045776 6226
1783704133784 0.21951650083065033 6227
1783704133956 0.26262760162353516 6228
1783704134094 0.6652798056602478 6229
1783704134238 0.14303964376449585 6230
1783704134382 1.2287750244140625 6231
1783704134509 0.08738159388303757 6232
1783704134645 0.1899731606245041 6233
1783704134816 0.6893886923789978 6234
1783704134964 0.33079802989959717 6235
1783704135111 0.3217134177684784 6236
1783704135393 0.38726484775543213 6237
1783704135540 0.10626563429832458 6238
1783704135672 0.17920616269111633 6239
1783704135834 0.2792558968067169 6240
1783704135987 0.22453738749027252 6241
1783704136129 0.31215137243270874 6242
1783704136226 0.11727968603372574 6243
1783704136337 0.4018164575099945 6244
1783704136584 0.45367029309272766 6245
1783704136756 0.2907295823097229 6246
1783704136912 0.30721884965896606 6247
1783704137067 0.0979030430316925 6248
1783704137202 0.12656807899475098 6249
1783704137340 0.33285844326019287 6250
1783704137483 0.34042778611183167 6251
1783704137647 0.43633201718330383 6252
1783704137760 0.6217527389526367 6253
1783704137907 0.6228269338607788 6254
1783704138041 0.2242748737335205 6255
1783704138221 0.156542107462883 6256
1783704138337 0.7717309594154358 6257
1783704138505 0.5693953037261963 6258
1783704138638 0.20878519117832184 6259
1783704138780 0.15000605583190918 6260
1783704138874 0.4684103727340698 6261
1783704139014 0.26103687286376953 6262
1783704139299 0.3423500061035156 6263
1783704139451 0.3161716163158417 6264
1783704139568 0.12242419272661209 6265
1783704139709 0.20672693848609924 6266
1783704139879 0.52608722448349 6267
1783704140022 0.07738042622804642 6268
1783704140172 0.11192551255226135 6269
1783704140409 0.3428293764591217 6270
1783704140561 0.3270609676837921 6271
1783704140717 0.2904084622859955 6272
1783704140873 0.3330090045928955 6273
1783704141007 0.0968857854604721 6274
1783704141131 0.0646902322769165 6275
1783704141282 0.4584084153175354 6276
1783704141405 0.5548239946365356 6277
1783704141509 0.36374446749687195 6278
1783704141681 0.73492830991745 6279
1783704141845 0.09893143177032471 6280
1783704142025 0.07818326354026794 6281
1783704142145 0.6700724363327026 6282
1783704142294 0.4076943099498749 6283
1783704142421 0.36070331931114197 6284
1783704142569 0.16362901031970978 6285
1783704142745 0.18052610754966736 6286
1783704142875 0.2134857475757599 6287
1783704143043 0.06293877959251404 6288
1783704143170 0.10361375659704208 6289
1783704143303 0.1406533122062683 6290
1783704143407 0.16372889280319214 6291
1783704143513 0.30551421642303467 6292
1783704143672 0.16888408362865448 6293
1783704143834 0.21018508076667786 6294
1783704143979 0.2734142243862152 6295
1783704144152 0.43219298124313354 6296
1783704144406 0.23691773414611816 6297
1783704144574 0.3048573434352875 6298
1783704144728 0.1404128223657608 6299
1783704144839 0.6376622319221497 6300
1783704144957 0.08853898197412491 6301
1783704145088 0.3157601058483124 6302
1783704145203 0.13898865878582 6303
1783704145342 0.27243971824645996 6304
1783704145473 0.15079300105571747 6305
1783704145624 0.3096765875816345 6306
1783704145775 0.32935288548469543 6307
1783704145942 0.5143131613731384 6308
1783704146075 0.3556276261806488 6309
1783704146170 0.28734591603279114 6310
1783704146270 0.11121036857366562 6311
1783704146409 0.43781986832618713 6312
1783704146511 0.21292898058891296 6313
1783704146633 0.18276380002498627 6314
1783704146758 0.7524762153625488 6315
1783704146860 0.32411256432533264 6316
1783704146976 0.29421108961105347 6317
1783704147108 0.42147955298423767 6318
1783704147219 0.20468665659427643 6319
1783704147317 0.6781776547431946 6320
1783704147445 0.2809779942035675 6321
1783704147606 0.13038858771324158 6322
1783704147763 0.3999544680118561 6323
1783704147904 0.10438339412212372 6324
1783704148062 0.612481951713562 6325
1783704148193 0.2463582158088684 6326
1783704148314 0.22361412644386292 6327
1783704148440 0.5669130086898804 6328
1783704148571 0.2111312747001648 6329
1783704148717 0.16579554975032806 6330
1783704148860 0.13667483627796173 6331
1783704149013 0.2721376419067383 6332
1783704149141 0.8743646740913391 6333
1783704149281 0.4795742928981781 6334
1783704149452 0.3011334538459778 6335
1783704149623 0.2573648691177368 6336
1783704149758 0.1775875836610794 6337
1783704149913 0.1381308138370514 6338
1783704150056 0.19847145676612854 6339
1783704150222 0.2695496082305908 6340
1783704150376 0.1294817328453064 6341
1783704150511 0.08820565789937973 6342
1783704150667 0.14220108091831207 6343
1783704150891 0.26242905855178833 6344
1783704151020 0.1801997870206833 6345
1783704151168 0.14507842063903809 6346
1783704151311 0.43057048320770264 6347
1783704151464 0.13446184992790222 6348
1783704151581 0.14557765424251556 6349
1783704151703 0.28755515813827515 6350
1783704151829 0.35675737261772156 6351
1783704151946 0.056473903357982635 6352
1783704152107 0.4447840452194214 6353
1783704152254 0.12888391315937042 6354
1783704152357 0.42335838079452515 6355
1783704152486 0.5487415790557861 6356
1783704152610 0.3734312355518341 6357
1783704152751 0.39492490887641907 6358
1783704152885 0.7232919931411743 6359
1783704152984 0.30266720056533813 6360
1783704153121 0.35813936591148376 6361
1783704153267 0.2019663006067276 6362
1783704153483 0.4360557198524475 6363
1783704153628 0.08992721140384674 6364
1783704153774 0.6795156598091125 6365
1783704153894 0.2562851309776306 6366
1783704154010 0.31268319487571716 6367
1783704154142 0.3599246144294739 6368
1783704154269 0.5177278518676758 6369
1783704154410 0.21422196924686432 6370
1783704154507 0.21810169517993927 6371
1783704154645 0.7104546427726746 6372
1783704154783 0.13193245232105255 6373
1783704154917 0.15635259449481964 6374
1783704155065 0.594273567199707 6375
1783704155214 0.10452339798212051 6376
1783704155346 0.15078015625476837 6377
1783704155487 0.19161275029182434 6378
1783704155623 0.14358189702033997 6379
1783704155749 0.7813438773155212 6380
1783704155876 0.2710985541343689 6381
1783704155985 0.1420769989490509 6382
1783704156140 0.30917203426361084 6383
1783704156254 0.1890907734632492 6384
1783704156372 0.36913466453552246 6385
1783704156487 0.5025562047958374 6386
1783704156589 0.34084025025367737 6387
1783704156702 0.1206841766834259 6388
1783704156845 0.49629369378089905 6389
1783704157107 0.1977936327457428 6390
1783704157252 0.17829909920692444 6391
1783704157385 0.41229021549224854 6392
1783704157534 0.2944311499595642 6393
1783704157685 0.13775120675563812 6394
1783704157836 0.08895289897918701 6395
1783704157961 0.7767801284790039 6396
1783704158083 0.14402885735034943 6397
1783704158195 0.13733646273612976 6398
1783704158304 0.2221125215291977 6399
1783704158447 0.6380106806755066 6400
1783704158617 0.44434431195259094 6401
1783704158793 0.24429355561733246 6402
1783704158920 0.2109493762254715 6403
1783704159080 0.46386265754699707 6404
1783704159226 0.40986278653144836 6405
1783704159392 0.19904586672782898 6406
1783704159499 0.38188961148262024 6407
1783704159658 0.29546058177948 6408
1783704159767 0.2965161204338074 6409
1783704159896 0.328522652387619 6410
1783704160021 0.5804710984230042 6411
1783704160148 0.579230010509491 6412
1783704160284 0.2783292531967163 6413
1783704160391 0.22544245421886444 6414
1783704160521 0.18037337064743042 6415
1783704160658 0.2902420163154602 6416
1783704160803 0.054423168301582336 6417
1783704161008 0.2917804718017578 6418
1783704161148 0.2526141107082367 6419
1783704161296 0.12684623897075653 6420
1783704161459 0.6227465271949768 6421
1783704161563 0.22556814551353455 6422
1783704161690 0.39593371748924255 6423
1783704161823 0.7922739386558533 6424
1783704161970 0.46265169978141785 6425
1783704162188 1.2479302883148193 6426
1783704162405 0.5377548933029175 6427
1783704162550 0.23391439020633698 6428
1783704162693 0.353055477142334 6429
1783704162809 0.6566779613494873 6430
1783704162933 0.13549475371837616 6431
1783704163076 0.16149483621120453 6432
1783704163244 0.45589450001716614 6433
1783704163387 0.11277778446674347 6434
1783704163695 0.19641080498695374 6435
1783704163825 0.28981631994247437 6436
1783704163995 0.23835361003875732 6437
1783704164110 0.21211382746696472 6438
1783704164219 0.25966188311576843 6439
1783704164363 0.2291695922613144 6440
1783704164498 0.25744515657424927 6441
1783704164592 0.11332246661186218 6442
1783704164690 0.15260694921016693 6443
1783704164807 0.262689471244812 6444
1783704164900 0.30708062648773193 6445
1783704165001 0.6979666352272034 6446
1783704165101 0.1542615443468094 6447
1783704165238 0.6297679543495178 6448
1783704165369 0.1882154643535614 6449
1783704165572 0.14845658838748932 6450
1783704165726 0.2661935091018677 6451
1783704165875 0.3162190616130829 6452
1783704165974 0.5011196732521057 6453
1783704166176 0.2903771698474884 6454
1783704166273 0.409901887178421 6455
1783704166357 0.25775742530822754 6456
1783704166521 0.33709797263145447 6457
1783704166653 0.23632867634296417 6458
1783704166786 0.17665962874889374 6459
1783704166955 0.3734946548938751 6460
1783704167071 0.2651738226413727 6461
1783704167260 0.303218811750412 6462
1783704167419 0.4417644441127777 6463
1783704167559 0.28706037998199463 6464
1783704167711 0.10176004469394684 6465
1783704167846 0.14289525151252747 6466
1783704167970 0.6062466502189636 6467
1783704168103 0.46176454424858093 6468
1783704168246 0.48317694664001465 6469
1783704168393 0.3559996485710144 6470
1783704168563 0.37346595525741577 6471
1783704168786 0.47900334000587463 6472
1783704168953 0.13328006863594055 6473
1783704169075 0.47000664472579956 6474
1783704169184 0.2955136001110077 6475
1783704169328 0.4364193379878998 6476
1783704169475 0.5266329646110535 6477
1783704169609 0.2572863698005676 6478
1783704169757 0.06518906354904175 6479
1783704169897 0.11331133544445038 6480
1783704170027 0.32591772079467773 6481
1783704170173 0.12647601962089539 6482
1783704170317 0.25281935930252075 6483
1783704170459 0.2943781316280365 6484
1783704170606 0.2581407427787781 6485
1783704170718 0.22252650558948517 6486
1783704170838 0.2465662956237793 6487
1783704170986 0.19383659958839417 6488
1783704171227 0.19560255110263824 6489
1783704171388 0.19854387640953064 6490
1783704171529 0.2706322968006134 6491
1783704171667 0.7827576398849487 6492
1783704171806 0.14839139580726624 6493
1783704171955 0.5039272308349609 6494
1783704172117 0.5142168402671814 6495
1783704172277 0.44535738229751587 6496
1783704172552 0.3494957983493805 6497
1783704172703 0.13598597049713135 6498
1783704172834 0.12231683731079102 6499
1783704172999 0.24375417828559875 6500
1783704173150 0.06552541255950928 6501
1783704173309 0.41363829374313354 6502
1783704173459 0.3970632255077362 6503
1783704173599 0.0967898964881897 6504
1783704173764 0.42411792278289795 6505
1783704173926 0.5195741653442383 6506
1783704174078 0.33913496136665344 6507
1783704174239 0.1353723704814911 6508
1783704174364 0.15312567353248596 6509
1783704174507 0.22961381077766418 6510
1783704174631 0.32520514726638794 6511
1783704174779 0.21769772469997406 6512
1783704174923 0.20446085929870605 6513
1783704175168 0.05638663470745087 6514
1783704175288 0.20089717209339142 6515
1783704175434 0.18971991539001465 6516
1783704175580 0.7190902233123779 6517
1783704175722 0.07711273431777954 6518
1783704175871 0.17085230350494385 6519
1783704176062 0.5844569206237793 6520
1783704176177 0.23741888999938965 6521
1783704176297 0.24783571064472198 6522
1783704176451 0.1067890152335167 6523
1783704176597 0.38952165842056274 6524
1783704176714 0.48227235674858093 6525
1783704176846 0.2544591724872589 6526
1783704176979 0.12056446075439453 6527
1783704177118 0.10939905792474747 6528
1783704177277 0.3748677670955658 6529
1783704177430 0.20159482955932617 6530
1783704177717 0.24386171996593475 6531
1783704177859 0.3489604890346527 6532
1783704177995 0.1469913274049759 6533
1783704178106 0.14444506168365479 6534
1783704178274 0.10847832262516022 6535
1783704178440 0.8643888831138611 6536
1783704178598 0.24194826185703278 6537
1783704178732 0.4297768473625183 6538
1783704179089 0.06850297749042511 6539
1783704179250 0.08353608846664429 6540
1783704179390 0.2808438539505005 6541
1783704179553 0.2090543806552887 6542
1783704179695 0.720125138759613 6543
1783704179868 0.17763549089431763 6544
1783704179983 0.183651402592659 6545
1783704180097 0.2078702449798584 6546
1783704180208 0.1907130777835846 6547
1783704180307 0.7190973162651062 6548
1783704180384 0.2416592389345169 6549
1783704180514 0.23807752132415771 6550
1783704180671 0.3597501814365387 6551
1783704180840 0.7142158150672913 6552
1783704180969 0.34545159339904785 6553
1783704181089 0.2923797070980072 6554
1783704181224 0.08827471733093262 6555
1783704181552 0.10075592249631882 6556
1783704181704 0.4471256732940674 6557
1783704181837 0.2535439133644104 6558
1783704181951 0.18093398213386536 6559
1783704182089 0.08395683020353317 6560
1783704182237 0.21490970253944397 6561
1783704182380 0.12088191509246826 6562
1783704182521 0.44038987159729004 6563
1783704182658 0.10384850203990936 6564
1783704182949 0.44416722655296326 6565
1783704183047 0.5959004759788513 6566
1783704183162 0.27850931882858276 6567
1783704183264 0.27561646699905396 6568
1783704183367 0.2941381335258484 6569
1783704183517 0.28562453389167786 6570
1783704183683 0.6383086442947388 6571
1783704183823 0.20952609181404114 6572
1783704184025 0.45873570442199707 6573
1783704184158 0.45581185817718506 6574
1783704184266 0.20191803574562073 6575
1783704184375 0.18970777094364166 6576
1783704184475 0.4882041811943054 6577
1783704184527 0.5990084409713745 6578
1783704184580 0.6924664378166199 6579
1783704184631 0.3185670077800751 6580
1783704184681 0.21883073449134827 6581
1783704184726 0.3249810039997101 6582
1783704184772 0.16618043184280396 6583
1783704184816 0.28619325160980225 6584
1783704184863 0.051557332277297974 6585
1783704184905 0.17927934229373932 6586
1783704184949 0.10798002034425735 6587
1783704185001 0.27796968817710876 6588
1783704185127 0.2276163250207901 6589
1783704185345 0.19568778574466705 6590
1783704185482 0.3769364655017853 6591
1783704185585 0.20374427735805511 6592
1783704185689 0.2838008999824524 6593
1783704185805 0.2542213201522827 6594
1783704185941 0.20752644538879395 6595
1783704186124 0.05889986455440521 6596
1783704186226 0.0719798132777214 6597
1783704186325 0.14242935180664062 6598
1783704186494 0.219132661819458 6599
1783704186837 0.21026980876922607 6600
1783704186996 0.3845345675945282 6601
1783704187160 0.8116726279258728 6602
1783704187306 0.30343809723854065 6603
1783704187460 0.195535346865654 6604
1783704187626 0.33034735918045044 6605
1783704187768 0.12245798110961914 6606
1783704187994 0.4142954349517822 6607
1783704188125 0.15072345733642578 6608
1783704188290 0.31013110280036926 6609
1783704188441 0.22877834737300873 6610
1783704188603 0.4636947512626648 6611
1783704188721 0.09808153659105301 6612
1783704188855 0.23884417116641998 6613
1783704188995 0.3296830356121063 6614
1783704189270 0.18303395807743073 6615
1783704189423 0.16879570484161377 6616
1783704189604 0.8043020367622375 6617
1783704189740 0.29400530457496643 6618
1783704189878 0.24338413774967194 6619
1783704190021 0.14624269306659698 6620
1783704190158 0.13140857219696045 6621
1783704190324 0.6356501579284668 6622
1783704190478 0.3133161962032318 6623
1783704190663 0.07380381971597672 6624
1783704190806 0.1511017233133316 6625
1783704190951 0.5450778007507324 6626
1783704191108 0.2339218556880951 6627
1783704191274 0.29248055815696716 6628
1783704191408 0.36099815368652344 6629
1783704191550 0.42028576135635376 6630
1783704191705 0.4650548994541168 6631
1783704191892 0.18673792481422424 6632
1783704192024 0.1668887734413147 6633
1783704192183 0.4938289523124695 6634
1783704192337 0.1838540881872177 6635
1783704192488 0.13455462455749512 6636
1783704192624 0.47123512625694275 6637
1783704192780 0.35813650488853455 6638
1783704192937 0.12439100444316864 6639
1783704193066 0.3548600375652313 6640
1783704193280 0.6906836032867432 6641
1783704193414 0.42914673686027527 6642
1783704193577 0.2931017279624939 6643
1783704193729 0.7186135053634644 6644
1783704193875 0.25278350710868835 6645
1783704194019 0.26827287673950195 6646
1783704194151 0.3326706290245056 6647
1783704194273 0.15698231756687164 6648
1783704194527 0.126858651638031 6649
1783704194675 0.24320156872272491 6650
1783704194835 0.33351150155067444 6651
1783704195013 0.5016934871673584 6652
1783704195169 0.0490896962583065 6653
1783704195310 0.335164338350296 6654
1783704195472 0.12568695843219757 6655
1783704195758 0.18658271431922913 6656
1783704195923 0.22636261582374573 6657
1783704196107 0.22439485788345337 6658
1783704196217 0.1296740174293518 6659
1783704196342 0.2546142041683197 6660
1783704196498 0.25119149684906006 6661
1783704196642 0.1877250075340271 6662
1783704196811 0.42478707432746887 6663
1783704197197 0.0885157510638237 6664
1783704197339 0.08518471568822861 6665
1783704197476 0.308906614780426 6666
1783704197626 0.17745649814605713 6667
1783704197773 0.39547988772392273 6668
1783704197910 0.3216707706451416 6669
1783704198074 0.1273493766784668 6670
1783704198260 0.17578266561031342 6671
1783704198433 0.4544380009174347 6672
1783704198556 0.2784801721572876 6673
1783704198705 0.3758087754249573 6674
1783704198847 0.1521024852991104 6675
1783704199011 0.17302194237709045 6676
1783704199158 0.3162892460823059 6677
1783704199296 0.16413308680057526 6678
1783704199448 0.6456506252288818 6679
1783704199606 0.1641591191291809 6680
1783704199758 0.26463431119918823 6681
1783704199910 0.5176510214805603 6682
1783704200071 0.07902015745639801 6683
1783704200223 0.2494853287935257 6684
1783704200373 0.17518815398216248 6685
1783704200524 0.26002758741378784 6686
1783704200660 0.16018344461917877 6687
1783704200998 0.1827685534954071 6688
1783704201177 0.20197944343090057 6689
1783704201327 0.5487936735153198 6690
1783704201507 0.25959694385528564 6691
1783704201650 0.3098706901073456 6692
1783704201792 0.22846351563930511 6693
1783704201957 0.404896080493927 6694
1783704202145 0.4885246455669403 6695
1783704202443 0.28616586327552795 6696
1783704202596 0.39578762650489807 6697
1783704202741 0.36287379264831543 6698
1783704202882 0.7301250696182251 6699
1783704203025 0.40674272179603577 6700
1783704203165 0.7624552845954895 6701
1783704203326 0.09462081640958786 6702
1783704203545 0.30186694860458374 6703
1783704203713 0.20139621198177338 6704
1783704203845 0.9866595268249512 6705
1783704204001 0.4001508057117462 6706
1783704204178 0.33533766865730286 6707
1783704204341 0.12151114642620087 6708
1783704204476 0.28927794098854065 6709
1783704204631 0.3581021726131439 6710
1783704204824 0.3380817472934723 6711
1783704204936 0.26653507351875305 6712
1783704205036 0.28061288595199585 6713
1783704205208 0.16604354977607727 6714
1783704205359 0.33496350049972534 6715
1783704205518 0.4091808795928955 6716
1783704205690 0.24982625246047974 6717
1783704205892 0.09502874314785004 6718
1783704206049 0.3487853407859802 6719
1783704206183 0.18747439980506897 6720
1783704206296 0.7462786436080933 6721
1783704206425 0.5762900710105896 6722
1783704206598 0.06782323122024536 6723
1783704206793 0.10684525966644287 6724
1783704206977 0.27900198101997375 6725
1783704207115 0.11039499193429947 6726
1783704207282 0.12298516929149628 6727
1783704207474 0.1993865668773651 6728
1783704207672 0.14163172245025635 6729
1783704207808 0.8709374070167542 6730
1783704207958 0.24328073859214783 6731
1783704208109 0.12125203013420105 6732
1783704208261 0.28004106879234314 6733
1783704208409 0.17359605431556702 6734
1783704208595 0.4098661243915558 6735
1783704208862 0.30011922121047974 6736
1783704209007 0.04197915643453598 6737
1783704209193 0.28411900997161865 6738
1783704209324 0.6507264971733093 6739
1783704209463 0.1711466908454895 6740
1783704209611 0.7546032071113586 6741
1783704209781 0.21292133629322052 6742
1783704209914 0.14700841903686523 6743
1783704210183 0.04808556288480759 6744
1783704210318 0.6147832870483398 6745
1783704210452 0.4037027657032013 6746
1783704210594 0.052388135343790054 6747
1783704210750 0.3476688861846924 6748
1783704210919 0.2143675535917282 6749
1783704211071 0.08928702026605606 6750
1783704211284 0.2706134617328644 6751
1783704211448 0.18950097262859344 6752
1783704211597 0.2774289548397064 6753
1783704211741 0.20973563194274902 6754
1783704211893 0.2890506982803345 6755
1783704212037 0.32836347818374634 6756
1783704212193 0.45939207077026367 6757
1783704212351 0.16686716675758362 6758
1783704212511 0.3439926207065582 6759
1783704212740 0.14300717413425446 6760
1783704212931 0.29028964042663574 6761
1783704213098 0.20745189487934113 6762
1783704213246 0.3772686719894409 6763
1783704213400 0.3134840726852417 6764
1783704213555 0.547518253326416 6765
1783704213696 0.27521470189094543 6766
1783704213860 0.38064756989479065 6767
1783704214136 0.1229122132062912 6768
1783704214288 0.19870604574680328 6769
1783704214446 0.277140349149704 6770
1783704214623 0.5639222860336304 6771
1783704214725 0.09707481414079666 6772
1783704214838 0.31669896841049194 6773
1783704214940 0.29788362979888916 6774
1783704215083 0.5510324835777283 6775
1783704215265 0.26275506615638733 6776
1783704215405 0.1497178077697754 6777
1783704215514 0.4181560277938843 6778
1783704215641 0.19567550718784332 6779
1783704215772 0.10664776712656021 6780
1783704215937 0.3954421877861023 6781
1783704216097 0.34357312321662903 6782
1783704216205 0.26118484139442444 6783
1783704216304 0.13125407695770264 6784
1783704216472 0.10222602635622025 6785
1783704216731 0.5044726133346558 6786
1783704216857 0.3641732633113861 6787
1783704216995 0.1459178477525711 6788
1783704217141 0.22410103678703308 6789
1783704217256 0.20618803799152374 6790
1783704217402 0.4099651873111725 6791
1783704217539 0.5161572098731995 6792
1783704217689 0.06654204428195953 6793
1783704218053 0.35371074080467224 6794
1783704218241 0.3327030539512634 6795
1783704218356 0.17931947112083435 6796
1783704218456 0.22039584815502167 6797
1783704218584 0.39067432284355164 6798
1783704218732 0.2626745402812958 6799
1783704218873 0.07720474153757095 6800
1783704219023 0.32617542147636414 6801
1783704219333 0.16854214668273926 6802
1783704219494 0.18000774085521698 6803
1783704219681 0.15866027772426605 6804
1783704219830 0.10915721207857132 6805
1783704219981 0.3385950028896332 6806
1783704220113 0.5708656311035156 6807
1783704220253 0.07544820010662079 6808
1783704220412 0.1824772208929062 6809
1783704220542 0.20137685537338257 6810
1783704220719 0.4489721655845642 6811
1783704220872 0.38247042894363403 6812
1783704221020 0.21808992326259613 6813
1783704221177 0.3020389974117279 6814
1783704221322 0.2136695683002472 6815
1783704221481 0.22149758040905 6816
1783704221575 0.3671909272670746 6817
1783704221668 0.35905537009239197 6818
1783704221790 0.18437722325325012 6819
1783704221900 0.17479650676250458 6820
1783704222036 0.1740705966949463 6821
1783704222181 0.10544248670339584 6822
1783704222324 0.6508175730705261 6823
1783704222507 0.611909031867981 6824
1783704222653 0.11049919575452805 6825
1783704222792 0.17910495400428772 6826
1783704222961 0.16147802770137787 6827
1783704223193 0.8050985932350159 6828
1783704223334 0.25250479578971863 6829
1783704223477 0.1550360918045044 6830
1783704223638 0.48482009768486023 6831
1783704223753 0.29512929916381836 6832
1783704223887 0.25679031014442444 6833
1783704224043 0.3314373791217804 6834
1783704224341 0.02661505527794361 6835
1783704224444 0.6356292963027954 6836
1783704224575 0.09318020194768906 6837
1783704224752 0.16625608503818512 6838
1783704224890 0.1909765601158142 6839
1783704225052 0.3189348876476288 6840
1783704225203 0.616617739200592 6841
1783704225350 0.49923598766326904 6842
1783704225569 0.2297234982252121 6843
1783704225734 0.24327649176120758 6844
1783704225836 0.6370292901992798 6845
1783704225979 0.11971916258335114 6846
1783704226132 0.26517993211746216 6847
1783704226225 0.3807069957256317 6848
1783704226326 0.17120900750160217 6849
1783704226438 0.11218825727701187 6850
1783704226604 0.10325738042593002 6851
1783704226822 0.2488887906074524 6852
1783704227106 0.19575786590576172 6853
1783704227291 0.18260367214679718 6854
1783704227408 0.26924067735671997 6855
1783704227572 0.3223542869091034 6856
1783704227696 0.5200517177581787 6857
1783704227824 0.3073667585849762 6858
1783704227955 0.36677929759025574 6859
1783704228115 0.407006174325943 6860
1783704228264 0.13665415346622467 6861
1783704228429 0.33642151951789856 6862
1783704228630 0.40709617733955383 6863
1783704228779 0.25794488191604614 6864
1783704228921 0.4674713611602783 6865
1783704229096 0.3416661024093628 6866
1783704229201 0.2759174406528473 6867
1783704229326 0.046011656522750854 6868
1783704229489 0.3289925754070282 6869
1783704229670 0.1434050351381302 6870
1783704229795 0.565398097038269 6871
1783704229945 0.3353802561759949 6872
1783704230108 0.3006936311721802 6873
1783704230253 0.1768380105495453 6874
1783704230405 0.4538092017173767 6875
1783704230570 0.3538537919521332 6876
1783704230779 0.24701447784900665 6877
1783704230905 0.31765231490135193 6878
1783704231001 0.43424558639526367 6879
1783704231103 0.2972783148288727 6880
1783704231191 0.5294206738471985 6881
1783704231345 0.4485228955745697 6882
1783704231531 0.4471380412578583 6883
1783704231680 0.16650749742984772 6884
1783704231812 0.5068680644035339 6885
1783704232109 0.40590986609458923 6886
1783704232241 0.2421978861093521 6887
1783704232397 0.3442747890949249 6888
1783704232543 0.261243611574173 6889
1783704232721 0.42130547761917114 6890
1783704232879 0.3680914044380188 6891
1783704233025 0.061860498040914536 6892
1783704233140 0.37215182185173035 6893
1783704233364 0.6796931028366089 6894
1783704233504 0.575839638710022 6895
1783704233677 0.421591192483902 6896
1783704233809 0.2726564407348633 6897
1783704234002 0.18378521502017975 6898
1783704234130 0.5961387753486633 6899
1783704234259 0.17425666749477386 6900
1783704234370 0.22906999289989471 6901
1783704234602 0.1613772213459015 6902
1783704234742 0.21483847498893738 6903
1783704234871 0.0957862064242363 6904
1783704235021 0.5020599961280823 6905
1783704235160 0.17060472071170807 6906
1783704235322 0.216107577085495 6907
1783704235480 0.30984923243522644 6908
1783704235641 0.2898905277252197 6909
1783704235958 0.6931191682815552 6910
1783704236141 0.1633281260728836 6911
1783704236232 0.36989152431488037 6912
1783704236349 0.06329592317342758 6913
1783704236491 0.31707778573036194 6914
1783704236627 0.5225480198860168 6915
1783704236783 0.2798544466495514 6916
1783704236940 0.2682616412639618 6917
1783704237102 0.38518768548965454 6918
1783704237266 0.1477050930261612 6919
1783704237401 0.21116898953914642 6920
1783704237562 0.10267741978168488 6921
1783704237665 0.16194838285446167 6922
1783704237794 0.38354048132896423 6923
1783704237925 0.3807871639728546 6924
1783704238072 0.48235493898391724 6925
1783704238217 0.29925301671028137 6926
1783704238352 0.5340660214424133 6927
1783704238465 0.1500212550163269 6928
1783704238586 0.7982351183891296 6929
1783704238702 0.40456897020339966 6930
1783704238839 0.4400935471057892 6931
1783704238981 0.32365143299102783 6932
1783704239120 0.23385675251483917 6933
1783704239275 0.19618138670921326 6934
1783704239420 0.07787130028009415 6935
1783704239569 0.46084165573120117 6936
1783704239823 0.19785985350608826 6937
1783704239992 0.4066865146160126 6938
1783704240119 0.38783133029937744 6939
1783704240301 0.29862743616104126 6940
1783704240409 0.4031406044960022 6941
1783704240514 0.4586741328239441 6942
1783704240624 0.2251846194267273 6943
1783704240713 0.15197890996932983 6944
1783704240847 0.34166237711906433 6945
1783704240975 0.3499739170074463 6946
1783704241087 0.21091315150260925 6947
1783704241205 0.2800770699977875 6948
1783704241353 0.2858174443244934 6949
1783704241533 0.17144550383090973 6950
1783704241652 0.0852155089378357 6951
1783704241784 0.22905807197093964 6952
1783704241937 0.3417348563671112 6953
1783704242088 0.46215152740478516 6954
1783704242363 0.13126757740974426 6955
1783704242517 0.6848130226135254 6956
1783704242674 0.5623200535774231 6957
1783704242810 0.16354428231716156 6958
1783704242937 0.2786310613155365 6959
1783704243061 0.15011346340179443 6960
1783704243191 0.2331654280424118 6961
1783704243322 0.26818928122520447 6962
1783704243492 0.9834543466567993 6963
1783704243652 0.2199760526418686 6964
1783704243813 0.42093411087989807 6965
1783704243924 0.14882203936576843 6966
1783704244033 0.25258868932724 6967
1783704244250 0.2029721587896347 6968
1783704244400 0.22284142673015594 6969
1783704244559 0.11875831335783005 6970
1783704244717 0.2740386128425598 6971
1783704245022 0.6465498208999634 6972
1783704245149 0.141360804438591 6973
1783704245318 0.2215290069580078 6974
1783704245455 0.3172336220741272 6975
1783704245611 0.5889983177185059 6976
1783704245763 0.26150086522102356 6977
1783704245905 0.48127174377441406 6978
1783704246040 0.2965857684612274 6979
1783704246197 0.2433338761329651 6980
1783704246297 0.25512629747390747 6981
1783704246405 0.3356180787086487 6982
1783704246573 0.16746272146701813 6983
1783704246744 0.1780976802110672 6984
1783704246919 0.1555784046649933 6985
1783704247076 0.5435622930526733 6986
1783704247226 1.1232357025146484 6987
1783704247361 0.21117226779460907 6988
1783704247574 0.645820140838623 6989
1783704247714 0.18128827214241028 6990
1783704247856 0.08092595636844635 6991
1783704248021 0.2337845116853714 6992
1783704248157 0.25398510694503784 6993
1783704248292 0.14765071868896484 6994
1783704248471 0.11618728935718536 6995
1783704248644 0.9592845439910889 6996
1783704248918 0.9015801548957825 6997
1783704249068 0.3124725818634033 6998
1783704249220 0.33410751819610596 6999
1783704249350 0.1757495403289795 7000
1783704249463 0.27329346537590027 7001
1783704249609 0.31383609771728516 7002
1783704249732 0.4907686412334442 7003
1783704249871 0.7942057251930237 7004
1783704250025 0.10471881926059723 7005
1783704250188 0.1741509735584259 7006
1783704250330 0.5928642749786377 7007
1783704250455 0.20645344257354736 7008
1783704250598 0.1853962242603302 7009
1783704250724 0.1490289568901062 7010
1783704250855 0.1468581259250641 7011
1783704250996 0.3157859146595001 7012
1783704251180 0.028849942609667778 7013
1783704251437 0.2690389156341553 7014
1783704251578 0.03886835649609566 7015
1783704251723 0.33204665780067444 7016
1783704251879 0.2824060916900635 7017
1783704252041 0.24511118233203888 7018
1783704252191 0.2553916871547699 7019
1783704252337 0.3104046881198883 7020
1783704252451 0.2406710684299469 7021
1783704252583 0.16667895019054413 7022
1783704252703 0.7842444181442261 7023
1783704252855 0.4831068813800812 7024
1783704252998 0.7393903732299805 7025
1783704253145 0.14944660663604736 7026
1783704253275 0.29627132415771484 7027
1783704253392 0.16022218763828278 7028
1783704253546 0.15121042728424072 7029
1783704253691 0.20109371840953827 7030
1783704253842 0.8483683466911316 7031
1783704254075 0.48182472586631775 7032
1783704254255 0.2678579092025757 7033
1783704254396 0.126246839761734 7034
1783704254535 0.4450327754020691 7035
1783704254704 0.26345691084861755 7036
1783704254860 0.36333712935447693 7037
1783704255009 0.22882720828056335 7038
1783704255144 0.5518180131912231 7039
1783704255453 0.3884298503398895 7040
1783704255592 0.24147579073905945 7041
1783704255747 0.47204703092575073 7042
1783704255876 0.2615095376968384 7043
1783704256025 0.14991183578968048 7044
1783704256160 0.4448613226413727 7045
1783704256266 0.25407108664512634 7046
1783704256373 0.3689136505126953 7047
1783704256618 0.6551323533058167 7048
1783704256779 0.09612765908241272 7049
1783704256902 0.1459224820137024 7050
1783704257051 0.14622445404529572 7051
1783704257193 0.6506451964378357 7052
1783704257338 0.4845566153526306 7053
1783704257490 0.28614214062690735 7054
1783704257631 0.38941892981529236 7055
1783704257748 0.169139564037323 7056
1783704257859 0.6248301863670349 7057
1783704257977 0.39140695333480835 7058
1783704258065 0.15497346222400665 7059
1783704258184 0.2844991087913513 7060
1783704258299 0.23341330885887146 7061
1783704258472 0.30236026644706726 7062
1783704258629 0.36809104681015015 7063
1783704258758 0.2968803644180298 7064
1783704258906 0.4773241877555847 7065
1783704259107 0.27656856179237366 7066
1783704259258 0.13625861704349518 7067
1783704259398 0.2543291449546814 7068
1783704259552 0.2430623471736908 7069
1783704259663 0.12248073518276215 7070
1783704259800 0.21440362930297852 7071
1783704259939 0.41374120116233826 7072
1783704260087 0.28703513741493225 7073
1783704260183 0.4003855884075165 7074
1783704260320 0.4531274735927582 7075
1783704260477 0.3421989977359772 7076
1783704260611 0.3597133755683899 7077
1783704260767 0.3299156427383423 7078
1783704260931 0.33867496252059937 7079
1783704261091 0.11839108914136887 7080
1783704261249 0.14332735538482666 7081
1783704261394 0.8177595734596252 7082
1783704261530 0.21255356073379517 7083
1783704261677 0.2904130518436432 7084
1783704262022 0.17236734926700592 7085
1783704262165 0.3747437000274658 7086
1783704262317 0.45780259370803833 7087
1783704262417 0.5196239948272705 7088
1783704262551 0.3244155943393707 7089
1783704262696 0.294350266456604 7090
1783704262857 0.2571375072002411 7091
1783704262960 0.3056007921695709 7092
1783704263116 0.4058106541633606 7093
1783704263274 0.1252978891134262 7094
1783704263421 0.08890511095523834 7095
1783704263555 0.5528621673583984 7096
1783704263688 0.5169517993927002 7097
1783704263831 0.450962632894516 7098
1783704264009 0.37800267338752747 7099
1783704264155 0.2094281166791916 7100
1783704264315 0.152817040681839 7101
1783704264478 0.36173373460769653 7102
1783704264619 0.2379070222377777 7103
1783704264763 0.18567965924739838 7104
1783704264891 0.65437251329422 7105
1783704265043 0.19358620047569275 7106
1783704265206 0.5900768041610718 7107
1783704265350 0.3837360739707947 7108
1783704265487 0.14934533834457397 7109
1783704265687 0.17215467989444733 7110
1783704265920 0.2158743441104889 7111
1783704266066 0.5105677247047424 7112
1783704266187 0.27718812227249146 7113
1783704266304 0.379017174243927 7114
1783704266404 0.5285907983779907 7115
1783704266541 0.22362247109413147 7116
1783704266681 0.1972164660692215 7117
1783704266823 0.4585226774215698 7118
1783704267010 0.1301284283399582 7119
1783704267135 0.25491082668304443 7120
1783704267239 0.4693165421485901 7121
1783704267352 0.2226705700159073 7122
1783704267458 0.08585025370121002 7123
1783704267591 0.504093587398529 7124
1783704267741 0.2489890456199646 7125
1783704267894 0.4224056899547577 7126
1783704268054 0.3104567527770996 7127
1783704268228 0.1752290278673172 7128
1783704268349 0.2799910008907318 7129
1783704268456 0.2864408493041992 7130
1783704268545 0.1811784952878952 7131
1783704268680 0.3292733430862427 7132
1783704268821 0.4093911051750183 7133
1783704268966 0.3888354003429413 7134
1783704269125 0.3609326183795929 7135
1783704269283 0.12434597313404083 7136
1783704269666 0.1392860859632492 7137
1783704269805 0.12561485171318054 7138
1783704269948 0.38466253876686096 7139
1783704270070 0.1969684511423111 7140
1783704270228 0.8309834599494934 7141
1783704270366 0.14303798973560333 7142
1783704270541 0.5555722117424011 7143
1783704270697 0.26519152522087097 7144
1783704270851 0.4196828007698059 7145
1783704271006 0.4819065034389496 7146
1783704271113 0.35138046741485596 7147
1783704271254 0.4759959578514099 7148
1783704271410 0.663008987903595 7149
1783704271541 0.08792999386787415 7150
1783704271684 0.5152963995933533 7151
1783704271821 0.30433419346809387 7152
1783704272317 0.3859231173992157 7153
1783704272483 0.7799250483512878 7154
1783704272643 0.3282935321331024 7155
1783704272791 0.15780195593833923 7156
1783704272936 0.13878589868545532 7157
1783704273077 0.24780012667179108 7158
1783704273185 0.10192829370498657 7159
1783704273332 0.22253328561782837 7160
1783704273566 0.5145044326782227 7161
1783704273698 0.2802576422691345 7162
1783704273852 0.24879516661167145 7163
1783704273987 0.10514843463897705 7164
1783704274137 0.2550930380821228 7165
1783704274280 0.2130158543586731 7166
1783704274408 0.44443678855895996 7167
1783704274555 0.1907258927822113 7168
1783704274840 0.3310747444629669 7169
1783704274986 0.29297319054603577 7170
1783704275129 0.21683764457702637 7171
1783704275296 0.28719383478164673 7172
1783704275436 0.23068854212760925 7173
1783704275568 0.20567846298217773 7174
1783704275724 0.31758326292037964 7175
1783704275835 0.39963608980178833 7176
1783704276104 0.08047476410865784 7177
1783704276222 0.3647999167442322 7178
1783704276333 0.3371075689792633 7179
1783704276434 0.21957682073116302 7180
1783704276527 0.418963760137558 7181
1783704276702 0.23192951083183289 7182
1783704276848 0.23215240240097046 7183
1783704277022 0.43077710270881653 7184
1783704277154 0.4175139367580414 7185
1783704277328 0.36641091108322144 7186
1783704277492 0.3209278881549835 7187
1783704277619 0.1898919641971588 7188
1783704277784 0.496338427066803 7189
1783704277935 0.12078190594911575 7190
1783704278074 0.66837477684021 7191
1783704278170 0.29896116256713867 7192
1783704278301 0.4574523866176605 7193
1783704278426 0.220574751496315 7194
1783704278534 0.21489080786705017 7195
1783704278649 0.2806277871131897 7196
1783704278738 0.12916260957717896 7197
1783704278870 0.4177308678627014 7198
1783704279034 0.27486175298690796 7199
1783704279169 0.20995891094207764 7200
1783704279321 0.6032480001449585 7201
1783704279480 0.11660179495811462 7202
1783704279637 0.5187313556671143 7203
1783704279794 0.4895990788936615 7204
1783704279983 0.2057953029870987 7205
1783704280118 0.16198332607746124 7206
1783704280275 0.2566811442375183 7207
1783704280391 0.19299042224884033 7208
1783704280495 0.4214717447757721 7209
1783704280589 0.314080148935318 7210
1783704280720 0.23149235546588898 7211
1783704280831 0.3872491419315338 7212
1783704280938 0.7370157241821289 7213
1783704281062 0.043791573494672775 7214
1783704281174 0.17858898639678955 7215
1783704281298 0.23157809674739838 7216
1783704281399 0.08990645408630371 7217
1783704281493 0.20081017911434174 7218
1783704281629 0.11704686284065247 7219
1783704281742 0.22758647799491882 7220
1783704281858 0.43335047364234924 7221
1783704281981 0.39533329010009766 7222
1783704282097 0.19192247092723846 7223
1783704282219 0.33898890018463135 7224
1783704282406 0.08371306955814362 7225
1783704282519 0.18761923909187317 7226
1783704282640 0.20533311367034912 7227
1783704282761 0.48462921380996704 7228
1783704282884 0.30203360319137573 7229
1783704282988 0.2840263247489929 7230
1783704283097 0.6605769991874695 7231
1783704283243 0.07162187248468399 7232
1783704283397 0.45471319556236267 7233
1783704283553 0.3268775939941406 7234
1783704283683 0.05595802888274193 7235
1783704283826 0.14347369968891144 7236
1783704283922 0.13261811435222626 7237
1783704284033 0.0693194791674614 7238
1783704284135 0.4876305162906647 7239
1783704284269 0.15594781935214996 7240
1783704284401 0.5213959217071533 7241
1783704284569 0.15734362602233887 7242
1783704284728 0.19693578779697418 7243
1783704284858 0.36577022075653076 7244
1783704284988 0.45618152618408203 7245
1783704285124 0.1526108831167221 7246
1783704285243 0.5439692735671997 7247
1783704285385 0.5513887405395508 7248
1783704285514 0.20934030413627625 7249
1783704285648 0.4480574131011963 7250
1783704285779 0.22543112933635712 7251
1783704285896 0.3106476068496704 7252
1783704286036 0.7041171193122864 7253
1783704286205 0.26070278882980347 7254
1783704286306 0.08165913075208664 7255
1783704286404 0.2003331482410431 7256
1783704286537 0.5920700430870056 7257
1783704286708 0.30723753571510315 7258
1783704286836 0.26024866104125977 7259
1783704286987 0.5230897665023804 7260
1783704287145 0.19690190255641937 7261
1783704287288 0.31166571378707886 7262
1783704287563 0.2348003387451172 7263
1783704287691 0.6545665860176086 7264
1783704287822 0.48428162932395935 7265
1783704287969 0.16198086738586426 7266
1783704288120 0.6266274452209473 7267
1783704288275 0.21439912915229797 7268
1783704288418 0.522058367729187 7269
1783704288513 0.32961857318878174 7270
1783704288684 0.3120701014995575 7271
1783704288901 0.5505340695381165 7272
1783704289044 0.1692153513431549 7273
1783704289184 0.07144512981176376 7274
1783704289292 0.4027104079723358 7275
1783704289425 0.1906597763299942 7276
1783704289539 0.10493306815624237 7277
1783704289633 0.16508948802947998 7278
1783704289740 0.542262077331543 7279
1783704289887 0.2345256805419922 7280
1783704290117 0.10171842575073242 7281
1783704290230 0.5333775281906128 7282
1783704290373 0.8730224967002869 7283
1783704290507 0.16448913514614105 7284
1783704290617 0.23766271770000458 7285
1783704290743 0.4274003207683563 7286
1783704290891 0.22734947502613068 7287
1783704291003 0.29858681559562683 7288
1783704291132 0.44853508472442627 7289
1783704291271 0.29271918535232544 7290
1783704291430 0.1686328500509262 7291
1783704291592 0.3392782211303711 7292
1783704291688 0.5470238924026489 7293
1783704291823 0.25252100825309753 7294
1783704291955 0.4191785156726837 7295
1783704292108 0.26842623949050903 7296
1783704292252 0.3401270806789398 7297
1783704292416 0.11222391575574875 7298
1783704292551 0.2774077355861664 7299
1783704292709 0.12060582637786865 7300
1783704292834 0.4073355793952942 7301
1783704293001 0.46555352210998535 7302
1783704293157 0.09796206653118134 7303
1783704293302 0.21568652987480164 7304
1783704293446 0.41751036047935486 7305
1783704293618 0.5375609397888184 7306
1783704293784 0.611771285533905 7307
1783704293932 0.4897896349430084 7308
1783704294108 0.2592267394065857 7309
1783704294254 0.5894423127174377 7310
1783704294400 0.12534449994564056 7311
1783704294554 0.21018941700458527 7312
1783704294666 0.42345407605171204 7313
1783704294821 0.10342670232057571 7314
1783704294959 0.09029510617256165 7315
1783704295106 0.18738238513469696 7316
1783704295253 0.23315578699111938 7317
1783704295512 0.15841169655323029 7318
1783704295656 0.28866612911224365 7319
1783704295788 0.317455917596817 7320
1783704295915 0.31672823429107666 7321
1783704296050 0.2978438436985016 7322
1783704296204 0.18185153603553772 7323
1783704296310 0.42924994230270386 7324
1783704296451 0.5438156127929688 7325
1783704296615 0.7810216546058655 7326
1783704296858 0.19837255775928497 7327
1783704297006 0.14405599236488342 7328
1783704297142 0.20225143432617188 7329
1783704297324 0.3338156044483185 7330
1783704297462 0.31613460183143616 7331
1783704297611 0.33915814757347107 7332
1783704297784 0.31476980447769165 7333
1783704297948 0.4863165020942688 7334
1783704298171 0.20422108471393585 7335
1783704298358 1.0124512910842896 7336
1783704298530 0.13304577767848969 7337
1783704298696 0.3467184901237488 7338
1783704298857 0.456545889377594 7339
1783704299007 0.36688750982284546 7340
1783704299150 0.10481740534305573 7341
1783704299315 0.4652123749256134 7342
1783704299496 0.166731595993042 7343
1783704299629 0.23251532018184662 7344
1783704299729 0.24665679037570953 7345
1783704299847 0.184795081615448 7346
1783704299981 0.3207675516605377 7347
1783704300110 0.2891302704811096 7348
1783704300253 0.3657868802547455 7349
1783704300380 0.09278447180986404 7350
1783704300644 0.34693190455436707 7351
1783704300772 0.2232218086719513 7352
1783704300910 0.4420345723628998 7353
1783704301056 0.4263765513896942 7354
1783704301202 0.23981064558029175 7355
1783704301354 0.27482837438583374 7356
1783704301507 0.5772293210029602 7357
1783704301686 0.2892261743545532 7358
1783704301888 0.10139858722686768 7359
1783704302014 0.36992019414901733 7360
1783704302169 0.444675475358963 7361
1783704302332 0.11399191617965698 7362
1783704302467 0.08561499416828156 7363
1783704302648 0.1344839632511139 7364
1783704302788 0.44699326157569885 7365
1783704302915 0.12226146459579468 7366
1783704303044 0.9133865833282471 7367
1783704303187 0.7153056263923645 7368
1783704303348 0.5721559524536133 7369
1783704303484 0.29690611362457275 7370
1783704303616 0.19009657204151154 7371
1783704303737 0.09446489065885544 7372
1783704303877 0.25733208656311035 7373
1783704303977 0.256440669298172 7374
1783704304136 0.37847885489463806 7375
1783704304370 0.8233904838562012 7376
1783704304599 0.1301325410604477 7377
1783704304710 0.5361465215682983 7378
1783704304864 0.30158284306526184 7379
1783704305008 0.33647316694259644 7380
1783704305181 0.323968768119812 7381
1783704305317 0.4700499176979065 7382
1783704305466 0.3091585636138916 7383
1783704305810 0.351522296667099 7384
1783704305975 0.29471099376678467 7385
1783704306127 0.13962355256080627 7386
1783704306249 0.1934121698141098 7387
1783704306344 0.2591020166873932 7388
1783704306437 0.21416927874088287 7389
1783704306568 0.18795374035835266 7390
1783704306717 0.47605758905410767 7391
1783704306840 0.14713260531425476 7392
1783704306968 0.11953939497470856 7393
1783704307087 0.4212082624435425 7394
1783704307232 0.47496551275253296 7395
1783704307381 0.5164322257041931 7396
1783704307535 0.18111608922481537 7397
1783704307703 0.19102753698825836 7398
1783704307850 0.23711222410202026 7399
1783704308012 0.3999873101711273 7400
1783704308292 0.1232592910528183 7401
1783704308409 0.47201016545295715 7402
1783704308514 0.24176041781902313 7403
1783704308657 0.5223503708839417 7404
1783704308802 0.2508527636528015 7405
1783704308939 0.253765732049942 7406
1783704309039 0.18891602754592896 7407
1783704309169 0.4109236001968384 7408
1783704309366 0.23699314892292023 7409
1783704309504 0.15468138456344604 7410
1783704309650 0.43004879355430603 7411
1783704309772 0.13059452176094055 7412
1783704309891 0.37506577372550964 7413
1783704310050 0.21751520037651062 7414
1783704310189 0.2414703220129013 7415
1783704310368 0.36210721731185913 7416
1783704310494 0.2747608721256256 7417
1783704310617 0.3480558395385742 7418
1783704310738 0.10818351060152054 7419
1783704310875 0.6418830752372742 7420
1783704311025 0.09055614471435547 7421
1783704311164 0.29784008860588074 7422
1783704311315 0.3244064748287201 7423
1783704311414 0.3248838484287262 7424
1783704311551 0.28562217950820923 7425
1783704311671 0.17676633596420288 7426
1783704311816 0.42436546087265015 7427
1783704311956 0.9155932068824768 7428
1783704312268 0.056009531021118164 7429
1783704312407 0.3314010500907898 7430
1783704312548 0.20383749902248383 7431
1783704312700 0.11971919238567352 7432
1783704312852 0.36550039052963257 7433
1783704313005 0.04996788874268532 7434
1783704313171 0.6067211031913757 7435
1783704313543 0.3858638405799866 7436
1783704313713 0.16228246688842773 7437
1783704313829 0.21983952820301056 7438
1783704313972 0.3503219783306122 7439
1783704314117 0.3054731488227844 7440
1783704314251 0.3017873764038086 7441
1783704314399 0.29006585478782654 7442
1783704314516 0.1163090392947197 7443
1783704314710 0.17124679684638977 7444
1783704314869 0.5708706378936768 7445
1783704315031 0.2912002205848694 7446
1783704315140 0.5496867895126343 7447
1783704315258 0.4495771825313568 7448
1783704315387 0.3041042387485504 7449
1783704315516 0.0683213546872139 7450
1783704315640 0.2198859006166458 7451
1783704315753 0.3547030985355377 7452
1783704315941 0.5591379404067993 7453
1783704316085 0.20655271410942078 7454
1783704316208 0.37711623311042786 7455
1783704316308 0.1485442966222763 7456
1783704316408 0.0410100594162941 7457
1783704316551 0.23550105094909668 7458
1783704316686 0.7477521896362305 7459
1783704316811 0.054159197956323624 7460
1783704316968 0.22029581665992737 7461
1783704317102 0.399764746427536 7462
1783704317380 0.4201605021953583 7463
1783704317495 0.08515457063913345 7464
1783704317638 0.29665493965148926 7465
1783704317750 0.19177691638469696 7466
1783704317902 0.13838641345500946 7467
1783704318046 0.18146875500679016 7468
1783704318179 0.08530741930007935 7469
1783704318356 0.22233764827251434 7470
1783704318548 0.6466349363327026 7471
1783704318701 0.589486300945282 7472
1783704318836 0.2301633059978485 7473
1783704318969 0.08054199814796448 7474
1783704319135 0.3494718670845032 7475
1783704319285 0.26321834325790405 7476
1783704319433 0.07965634018182755 7477
1783704319571 0.4360122084617615 7478
1783704319719 0.20746749639511108 7479
1783704319849 0.2694821357727051 7480
1783704319990 0.4767358899116516 7481
1783704320152 0.17982806265354156 7482
1783704320298 0.2906741797924042 7483
1783704320436 0.1869242936372757 7484
1783704320576 0.32536670565605164 7485
1783704320751 0.22598862648010254 7486
1783704320892 0.5319986343383789 7487
1783704321062 0.1629292219877243 7488
1783704321286 0.1146145910024643 7489
1783704321454 0.09776359051465988 7490
1783704321599 0.1402176469564438 7491
1783704321760 0.350113183259964 7492
1783704321900 0.4542904496192932 7493
1783704322020 0.4369466304779053 7494
1783704322165 0.1318189948797226 7495
1783704322479 0.13389717042446136 7496
1783704322628 0.2957189381122589 7497
1783704322773 0.4910292625427246 7498
1783704322927 0.34026598930358887 7499
1783704323697 0.18780364096164703 7500
1783704323865 0.18269328773021698 7501
1783704324014 0.3510792553424835 7502
1783704324141 0.3450649678707123 7503
1783704324267 0.1606028974056244 7504
1783704324444 0.3023279011249542 7505
1783704324593 0.3643161654472351 7506
1783704324723 0.23914052546024323 7507
1783704325030 0.1681138128042221 7508
1783704325190 0.12014659494161606 7509
1783704325297 0.0722283124923706 7510
1783704325468 0.30405688285827637 7511
1783704325589 0.28319060802459717 7512
1783704325729 0.06458941847085953 7513
1783704325885 0.4879284203052521 7514
1783704326018 0.41978687047958374 7515
1783704326179 0.24583829939365387 7516
1783704326290 0.1064886748790741 7517
1783704326391 0.329126238822937 7518
1783704326483 0.2847334146499634 7519
1783704326623 0.07137221843004227 7520
1783704326749 0.45721518993377686 7521
1783704326890 0.2557647228240967 7522
1783704327039 0.06571684032678604 7523
1783704327179 0.539777934551239 7524
1783704327346 0.4273768365383148 7525
1783704327516 0.24731309711933136 7526
1783704327671 0.12298071384429932 7527
1783704327801 0.2527938783168793 7528
1783704327949 0.41262415051460266 7529
1783704328095 0.33721908926963806 7530
1783704328237 0.42934927344322205 7531
1783704328373 0.4970862865447998 7532
1783704328523 0.12875831127166748 7533
1783704328863 0.21133512258529663 7534
1783704329003 0.3350527584552765 7535
1783704329149 0.17209884524345398 7536
1783704329265 0.2290077805519104 7537
1783704329390 0.20770534873008728 7538
1783704329508 0.1827276349067688 7539
1783704329649 0.22033067047595978 7540
1783704329783 0.10731866955757141 7541
1783704329897 1.0366634130477905 7542
1783704330107 0.1353118121623993 7543
1783704330269 0.49780383706092834 7544
1783704330376 0.42211782932281494 7545
1783704330503 0.40560412406921387 7546
1783704330631 0.20612218976020813 7547
1783704330750 0.2939584255218506 7548
1783704330896 0.1881149411201477 7549
1783704331032 0.6192067265510559 7550
1783704331141 0.1547313630580902 7551
1783704331339 0.34942975640296936 7552
1783704331491 0.520659327507019 7553
1783704331619 0.3314649164676666 7554
1783704331720 0.25054654479026794 7555
1783704331853 0.36562761664390564 7556
1783704332036 0.404035747051239 7557
1783704332178 0.1603441834449768 7558
1783704332311 0.22552183270454407 7559
1783704332439 0.42150938510894775 7560
1783704332574 0.3358495831489563 7561
1783704332723 0.08636736869812012 7562
1783704332876 0.2343125343322754 7563
1783704333033 0.3807379901409149 7564
1783704333184 0.28079754114151 7565
1783704333330 0.31932443380355835 7566
1783704333486 0.11855953186750412 7567
1783704333612 0.31785881519317627 7568
1783704333934 0.263335257768631 7569
1783704334046 0.1539439857006073 7570
1783704334177 0.19357040524482727 7571
1783704334297 0.21364682912826538 7572
1783704334422 0.6484584212303162 7573
1783704334563 0.150358647108078 7574
1783704334695 0.15975421667099 7575
1783704334853 0.1313336342573166 7576
1783704334966 0.09925427287817001 7577
1783704335098 0.44004949927330017 7578
1783704335272 0.1889941394329071 7579
1783704335438 0.3293101191520691 7580
1783704335586 0.5163797736167908 7581
1783704335745 0.40892407298088074 7582
1783704335883 0.12755894660949707 7583
1783704336033 0.2709774672985077 7584
1783704336163 0.31142115592956543 7585
1783704336298 0.24789103865623474 7586
1783704336403 0.17796160280704498 7587
1783704336526 0.189677894115448 7588
1783704336657 0.15313948690891266 7589
1783704336801 0.08669769018888474 7590
1783704336933 0.48646044731140137 7591
1783704337081 0.6355831623077393 7592
1783704337205 0.38241538405418396 7593
1783704337346 0.23109982907772064 7594
1783704337465 0.28788599371910095 7595
1783704337619 0.06935449689626694 7596
1783704337774 0.17018015682697296 7597
1783704337878 0.19766053557395935 7598
1783704338014 0.7455447912216187 7599
1783704338160 0.3929951786994934 7600
1783704338279 0.24742664396762848 7601
1783704338446 0.2772434651851654 7602
1783704338612 0.3635861873626709 7603
1783704338776 0.3243207037448883 7604
1783704338917 0.17510032653808594 7605
1783704339036 0.10923376679420471 7606
1783704339147 0.3655105531215668 7607
1783704339289 0.21180622279644012 7608
1783704339424 0.4566129744052887 7609
1783704339562 0.10002121329307556 7610
1783704339718 0.48738589882850647 7611
1783704339882 0.8745026588439941 7612
1783704340047 0.627029538154602 7613
1783704340313 0.37097424268722534 7614
1783704340450 0.5850987434387207 7615
1783704340624 0.10549620538949966 7616
1783704340726 0.2168213576078415 7617
1783704340864 0.22718173265457153 7618
1783704340991 0.41845911741256714 7619
1783704341124 0.15168826282024384 7620
1783704341264 0.30929410457611084 7621
1783704341466 0.1795707643032074 7622
1783704341670 0.2673759460449219 7623
1783704341798 0.1271027773618698 7624
1783704341949 0.33071041107177734 7625
1783704342075 0.2891077995300293 7626
1783704342227 0.6152061223983765 7627
1783704342352 0.16832785308361053 7628
1783704342491 0.33181312680244446 7629
1783704342630 0.35861673951148987 7630
1783704342870 0.2970176935195923 7631
1783704343011 0.24963714182376862 7632
1783704343154 0.5744426846504211 7633
1783704343326 0.22024060785770416 7634
1783704343477 0.27564769983291626 7635
1783704343620 0.1481212079524994 7636
1783704343745 0.29032617807388306 7637
1783704343911 0.4299471080303192 7638
1783704344212 0.30742165446281433 7639
1783704344349 0.6237160563468933 7640
1783704344497 0.32400044798851013 7641
1783704344595 0.12125589698553085 7642
1783704344742 0.21083341538906097 7643
1783704344877 0.5051577091217041 7644
1783704345050 0.2296345829963684 7645
1783704345188 0.15956267714500427 7646
1783704345340 0.3630005121231079 7647
1783704345475 0.25877025723457336 7648
1783704345601 0.14110560715198517 7649
1783704345762 0.37799543142318726 7650
1783704345882 0.4260807931423187 7651
1783704346019 0.06949267536401749 7652
1783704346179 0.27259039878845215 7653
1783704346281 0.21361741423606873 7654
1783704346366 0.2961409091949463 7655
1783704346483 0.13983553647994995 7656
1783704346644 0.08231572806835175 7657
1783704346781 0.08430486917495728 7658
1783704346901 0.1937357485294342 7659
1783704347035 0.34451258182525635 7660
1783704347182 0.2361096739768982 7661
1783704347339 0.0712316557765007 7662
1783704347487 0.11191803216934204 7663
1783704347665 0.17528527975082397 7664
1783704347963 0.09578961879014969 7665
1783704348108 0.30981993675231934 7666
1783704348252 0.3100963234901428 7667
1783704348380 0.2911544740200043 7668
1783704348542 0.32643747329711914 7669
1783704348697 0.3615587055683136 7670
1783704348850 0.3603925108909607 7671
1783704349022 0.11577340960502625 7672
1783704349144 0.21891087293624878 7673
1783704349306 0.10633008182048798 7674
1783704349419 0.2023402750492096 7675
1783704349582 0.3470190167427063 7676
1783704349700 0.23527680337429047 7677
1783704349838 0.33061617612838745 7678
1783704349973 0.8108571171760559 7679
1783704350067 0.2577250599861145 7680
1783704350169 0.14960762858390808 7681
1783704350306 0.2228257656097412 7682
1783704350478 0.06353941559791565 7683
1783704350622 0.20932213962078094 7684
1783704350770 0.3336319923400879 7685
1783704350936 0.2042321413755417 7686
1783704351077 0.25537803769111633 7687
1783704351264 0.12006846815347672 7688
1783704351357 0.3326982855796814 7689
1783704351474 0.2087404578924179 7690
1783704351915 0.2017197459936142 7691
1783704352047 0.07930978387594223 7692
1783704352180 0.3281269371509552 7693
1783704352317 0.183307483792305 7694
1783704352453 0.07318410277366638 7695
1783704352594 0.13262109458446503 7696
1783704352764 0.09046670794487 7697
1783704352912 0.1769285798072815 7698
1783704353023 0.2944053113460541 7699
1783704353151 0.18074986338615417 7700
1783704353255 0.2923922836780548 7701
1783704353340 0.32393231987953186 7702
1783704353457 0.2284107804298401 7703
1783704353598 0.3112395405769348 7704
1783704353768 0.23504620790481567 7705
1783704353893 0.10622741281986237 7706
1783704354038 0.2216797173023224 7707
1783704354189 0.3684570789337158 7708
1783704354363 0.24353955686092377 7709
1783704354488 0.21320629119873047 7710
1783704354618 0.41651222109794617 7711
1783704354759 0.231027290225029 7712
1783704354884 0.3998652696609497 7713
1783704355056 0.4992496073246002 7714
1783704355194 0.17712078988552094 7715
1783704355357 0.1052921786904335 7716
1783704355460 0.19663242995738983 7717
1783704355642 0.18701207637786865 7718
1783704355743 0.17814703285694122 7719
1783704355890 0.09197339415550232 7720
1783704356050 0.36111122369766235 7721
1783704356181 0.42380109429359436 7722
1783704356287 0.3003438413143158 7723
1783704356403 0.24836666882038116 7724
1783704356610 0.17400774359703064 7725
1783704356722 0.2993505299091339 7726
1783704356856 0.17189347743988037 7727
1783704356948 0.13253523409366608 7728
1783704357039 0.04942150041460991 7729
1783704357132 0.22452108561992645 7730
1783704357257 0.4182755649089813 7731
1783704357402 0.6423917412757874 7732
1783704357544 0.3904513418674469 7733
1783704357685 0.15892335772514343 7734
1783704357802 0.21660664677619934 7735
1783704357892 0.13515616953372955 7736
1783704357992 0.2913990318775177 7737
1783704358118 0.6267227530479431 7738
1783704358218 0.4112430512905121 7739
1783704358291 0.42121005058288574 7740
1783704358349 0.3081205189228058 7741
1783704358399 0.5666289329528809 7742
1783704358456 0.09270217269659042 7743
1783704358505 0.3134758472442627 7744
1783704358570 0.2458324432373047 7745
1783704358618 0.17230883240699768 7746
1783704358671 0.2041023224592209 7747
1783704358712 0.400677889585495 7748
1783704358883 0.44269752502441406 7749
1783704359006 0.07948602735996246 7750
1783704359225 0.3305196464061737 7751
1783704359345 0.24010954797267914 7752
1783704359445 0.07783783227205276 7753
1783704359529 0.3625383675098419 7754
1783704359620 0.3142710328102112 7755
1783704359733 0.18476232886314392 7756
1783704359853 0.1632622480392456 7757
1783704359977 0.2221025675535202 7758
1783704360092 0.15083034336566925 7759
1783704360231 0.06993282586336136 7760
1783704360405 0.3317795693874359 7761
1783704360614 0.15571115911006927 7762
1783704360735 0.3558717370033264 7763
1783704360838 0.17177918553352356 7764
1783704360986 0.14131353795528412 7765
1783704361089 0.34394198656082153 7766
1783704361231 0.10204902291297913 7767
1783704361361 0.22908827662467957 7768
1783704361484 0.4008323550224304 7769
1783704361642 0.18860605359077454 7770
1783704361752 0.12979739904403687 7771
1783704361923 0.23369473218917847 7772
1783704362050 0.408276230096817 7773
1783704362183 0.06725690513849258 7774
1783704362337 0.09218717366456985 7775
1783704362460 0.43158698081970215 7776
1783704362599 0.44652968645095825 7777
1783704362725 0.06708817929029465 7778
1783704362856 0.1455637514591217 7779
1783704362973 0.749973714351654 7780
1783704363149 0.1340603232383728 7781
1783704363327 0.3611963093280792 7782
1783704363466 0.34700828790664673 7783
1783704363632 0.8481586575508118 7784
1783704363775 0.539828360080719 7785
1783704363920 0.14706870913505554 7786
1783704364072 0.28801000118255615 7787
1783704364196 0.16501207649707794 7788
1783704364337 0.33451899886131287 7789
1783704364598 0.0676390677690506 7790
1783704364753 0.26322245597839355 7791
1783704364909 0.5139325857162476 7792
1783704365034 0.6272128224372864 7793
1783704365185 0.13774168491363525 7794
1783704365303 0.3595215380191803 7795
1783704365437 0.24801018834114075 7796
1783704365577 0.5252091884613037 7797
1783704365782 0.1664455682039261 7798
1783704365879 0.11829457432031631 7799
1783704365970 0.4729301929473877 7800
1783704366110 0.13109111785888672 7801
1783704366246 0.1865786463022232 7802
1783704366342 0.7116748094558716 7803
1783704366462 0.6022075414657593 7804
1783704366602 0.4611222743988037 7805
1783704366757 0.4483393132686615 7806
1783704366893 0.15934164822101593 7807
1783704367085 0.3673548698425293 7808
1783704367214 0.18220709264278412 7809
1783704367332 0.19100455939769745 7810
1783704367426 0.1950838565826416 7811
1783704367557 0.4545128047466278 7812
1783704367711 0.03904655575752258 7813
1783704367845 0.060334447771310806 7814
1783704368000 0.42809855937957764 7815
1783704368127 0.21826621890068054 7816
1783704368334 0.10899289697408676 7817
1783704368472 0.5631210207939148 7818
1783704368582 0.12655721604824066 7819
1783704368754 0.20685453712940216 7820
1783704369030 0.24247662723064423 7821
1783704369208 0.489682674407959 7822
1783704369400 0.3886224627494812 7823
1783704369582 0.2086486667394638 7824
1783704369694 0.5159258842468262 7825
1783704369824 0.1640430986881256 7826
1783704369972 0.25058236718177795 7827
1783704370110 0.6253884434700012 7828
1783704370232 0.198980450630188 7829
1783704370384 0.749907374382019 7830
1783704370537 0.3404327929019928 7831
1783704370660 0.6588191986083984 7832
1783704370813 0.2640651762485504 7833
1783704370926 0.19207072257995605 7834
1783704371041 0.6252773404121399 7835
1783704371189 0.18318451941013336 7836
1783704371332 0.3823450803756714 7837
1783704371478 0.37833666801452637 7838
1783704371621 0.18630729615688324 7839
1783704371765 0.2966870665550232 7840
1783704371882 0.27379417419433594 7841
1783704372022 0.19438709318637848 7842
1783704372175 0.15707872807979584 7843
1783704372340 0.2810819447040558 7844
1783704372484 0.20566748082637787 7845
1783704372661 0.1338888704776764 7846
1783704372788 0.1157112717628479 7847
1783704372925 0.4435177445411682 7848
1783704373049 0.21566176414489746 7849
1783704373146 0.4307408630847931 7850
1783704373247 0.41141214966773987 7851
1783704373375 0.44019654393196106 7852
1783704373508 0.3962177336215973 7853
1783704373618 0.2334139496088028 7854
1783704373712 0.41135579347610474 7855
1783704373821 0.18074655532836914 7856
1783704373936 0.40877363085746765 7857
1783704374025 0.16880011558532715 7858
1783704374153 0.3211788237094879 7859
1783704374302 0.36063453555107117 7860
1783704374468 0.2874341309070587 7861
1783704374632 0.17313960194587708 7862
1783704374900 0.19920934736728668 7863
1783704375033 0.5967143177986145 7864
1783704375179 0.31435713171958923 7865
1783704375322 0.5249868035316467 7866
1783704375449 0.3538685739040375 7867
1783704375610 0.34544265270233154 7868
1783704375747 0.5521022081375122 7869
1783704375872 0.07134373486042023 7870
1783704376044 0.1179313063621521 7871
1783704376153 0.19141528010368347 7872
1783704376238 0.2795024514198303 7873
1783704376334 0.14126117527484894 7874
1783704376423 0.2697122395038605 7875
1783704376536 0.10822931677103043 7876
1783704376668 0.18681371212005615 7877
1783704376809 0.7759387493133545 7878
1783704376929 0.22561240196228027 7879
1783704377039 0.3192584216594696 7880
1783704377161 0.17940978705883026 7881
1783704377292 0.34073150157928467 7882
1783704377437 0.19326022267341614 7883
1783704377600 0.22929589450359344 7884
1783704377738 0.22350750863552094 7885
1783704377872 0.5921540260314941 7886
1783704378018 0.1449398249387741 7887
1783704378168 0.5676023364067078 7888
1783704378285 0.3009694516658783 7889
1783704378417 0.3385162353515625 7890
1783704378565 0.17343458533287048 7891
1783704378817 0.2287617176771164 7892
1783704378954 0.37823745608329773 7893
1783704379096 0.17453832924365997 7894
1783704379212 0.4251902997493744 7895
1783704379336 0.4687930941581726 7896
1783704379459 0.1577633023262024 7897
1783704379614 0.29477739334106445 7898
1783704379768 0.07339909672737122 7899
1783704379928 0.3424147665500641 7900
1783704380098 0.054702021181583405 7901
1783704380232 0.5510326623916626 7902
1783704380365 0.3711387813091278 7903
1783704380501 0.18371827900409698 7904
1783704380651 0.482092946767807 7905
1783704380804 0.5545293092727661 7906
1783704380937 0.29078757762908936 7907
1783704381078 0.4237267076969147 7908
1783704381372 0.3367680013179779 7909
1783704381510 0.2122652530670166 7910
1783704381620 0.1919141709804535 7911
1783704381731 0.24241423606872559 7912
1783704381885 0.5913105607032776 7913
1783704382035 0.26161712408065796 7914
1783704382190 0.18604350090026855 7915
1783704382304 0.346708744764328 7916
1783704382414 0.08927452564239502 7917
1783704382698 0.21099400520324707 7918
1783704382835 0.0771264061331749 7919
1783704382978 0.429166704416275 7920
1783704383107 0.08109281957149506 7921
1783704383234 0.3405131697654724 7922
1783704383372 0.16681095957756042 7923
1783704383517 0.4071178138256073 7924
1783704383643 0.2696237862110138 7925
1783704383873 0.06825375556945801 7926
1783704384001 0.2004452496767044 7927
1783704384157 0.17590610682964325 7928
1783704384287 0.5935049653053284 7929
1783704384429 0.21140657365322113 7930
1783704384568 0.5825667977333069 7931
1783704384701 0.15874500572681427 7932
1783704384815 0.12094482779502869 7933
1783704384935 0.3475373685359955 7934
1783704385198 0.12514923512935638 7935
1783704385369 0.23621425032615662 7936
1783704385512 0.192924365401268 7937
1783704385650 0.349835604429245 7938
1783704385782 0.5562840104103088 7939
1783704385905 0.155013307929039 7940
1783704386014 0.12416546791791916 7941
1783704386149 0.2766909599304199 7942
1783704386287 0.28479641675949097 7943
1783704386406 0.2624056339263916 7944
1783704386512 0.19106125831604004 7945
1783704386650 0.4707394242286682 7946
1783704386760 0.2327370047569275 7947
1783704386902 0.3667702376842499 7948
1783704387035 0.12928199768066406 7949
1783704387184 0.10997339338064194 7950
1783704387315 0.23996073007583618 7951
1783704387464 0.5892760753631592 7952
1783704387597 0.4435681998729706 7953
1783704387824 0.2170039415359497 7954
1783704387949 0.21127232909202576 7955
1783704388097 0.27077609300613403 7956
1783704388237 0.17118394374847412 7957
1783704388400 0.19463323056697845 7958
1783704388527 0.34488531947135925 7959
1783704388685 0.3930836617946625 7960
1783704388806 0.5630302429199219 7961
1783704388994 0.25652891397476196 7962
1783704389098 0.5096973180770874 7963
1783704389194 0.16464300453662872 7964
1783704389354 0.288237601518631 7965
1783704389498 0.15300491452217102 7966
1783704389633 0.5740059614181519 7967
1783704389781 0.3421100974082947 7968
1783704389928 0.24643604457378387 7969
1783704390065 0.16986235976219177 7970
1783704390344 0.13639409840106964 7971
1783704390520 0.20919859409332275 7972
1783704390666 0.8850243091583252 7973
1783704390815 0.2878080904483795 7974
1783704390962 0.19030271470546722 7975
1783704391096 0.3435576558113098 7976
1783704391240 0.15443944931030273 7977
1783704391358 0.35996580123901367 7978
1783704391480 0.44254302978515625 7979
1783704391734 0.24899078905582428 7980
1783704391869 0.30417323112487793 7981
1783704392017 0.3510236442089081 7982
1783704392161 0.26813623309135437 7983
1783704392299 0.45312395691871643 7984
1783704392416 0.1818091720342636 7985
1783704392530 0.25085365772247314 7986
1783704392685 0.2545706033706665 7987
1783704392834 0.505366861820221 7988
1783704392980 0.2502460181713104 7989
1783704393137 0.39653831720352173 7990
1783704393297 0.08206698298454285 7991
1783704393431 0.25962308049201965 7992
1783704393553 0.076139897108078 7993
1783704393682 0.17609727382659912 7994
1783704393836 0.35298967361450195 7995
1783704393982 0.33876365423202515 7996
1783704394133 0.2810651361942291 7997
1783704394330 0.2098424732685089 7998
1783704394454 0.3155714273452759 7999
1783704394587 0.4489181637763977 8000
1783704394697 0.1976941078901291 8001
1783704394825 0.6914948225021362 8002
1783704394953 0.6705297231674194 8003
1783704395065 0.22025850415229797 8004
1783704395200 0.3496067225933075 8005
1783704395329 0.6013883352279663 8006
1783704395650 0.41319364309310913 8007
1783704395792 0.5325531959533691 8008
1783704395914 0.16664114594459534 8009
1783704396132 0.352736234664917 8010
1783704396249 0.1514517366886139 8011
1783704396356 0.365420401096344 8012
1783704396450 0.17379382252693176 8013
1783704396555 0.43572232127189636 8014
1783704396696 0.23413792252540588 8015
1783704396911 0.265475869178772 8016
1783704397063 0.23030400276184082 8017
1783704397186 0.42851459980010986 8018
1783704397295 0.29389870166778564 8019
1783704397429 1.2591383457183838 8020
1783704397545 0.37584811449050903 8021
1783704397667 0.3166210353374481 8022
1783704397788 0.39007338881492615 8023
1783704397897 0.46898606419563293 8024
1783704398037 0.35870081186294556 8025
1783704398314 0.6628214716911316 8026
1783704398471 0.4235421419143677 8027
1783704398597 0.47688448429107666 8028
1783704398728 0.2179880142211914 8029
1783704398862 0.17775152623653412 8030
1783704398985 0.34623634815216064 8031
1783704399107 0.1326005607843399 8032
1783704399268 0.21328845620155334 8033
1783704399407 0.1121557354927063 8034
1783704399548 0.45882564783096313 8035
1783704399762 0.2921759784221649 8036
1783704399922 0.5248478055000305 8037
1783704400034 0.293800950050354 8038
1783704400149 0.13586358726024628 8039
1783704400282 0.23536363244056702 8040
1783704400436 0.20439158380031586 8041
1783704400566 0.21001587808132172 8042
1783704400894 0.5779299139976501 8043
1783704401040 0.6577805876731873 8044
1783704401170 0.22272278368473053 8045
1783704401310 0.32550710439682007 8046
1783704401436 0.11787642538547516 8047
1783704401575 0.2604198455810547 8048
1783704401713 0.34005939960479736 8049
1783704401863 0.44211211800575256 8050
1783704402010 0.2746141850948334 8051
1783704402187 0.2636955678462982 8052
1783704402308 0.08109410852193832 8053
1783704402458 0.15999627113342285 8054
1783704402597 0.07912691682577133 8055
1783704402743 0.19301781058311462 8056
1783704402892 0.47168347239494324 8057
1783704403028 0.14478662610054016 8058
1783704403153 0.24066013097763062 8059
1783704403269 0.1272612065076828 8060
1783704403475 0.4446762800216675 8061
1783704403623 0.5454936623573303 8062
1783704403752 0.1705320179462433 8063
1783704403892 0.32636359333992004 8064
1783704404030 0.2393365055322647 8065
1783704404165 0.26732945442199707 8066
1783704404298 0.28053101897239685 8067
1783704404418 0.08712174743413925 8068
1783704404707 0.2948974370956421 8069
1783704404844 0.18542027473449707 8070
1783704405000 0.6398476362228394 8071
1783704405135 0.07574686408042908 8072
1783704405286 0.1533242017030716 8073
1783704405405 0.15026359260082245 8074
1783704405526 0.33885717391967773 8075
1783704405654 0.46444520354270935 8076
1783704405802 0.6062565445899963 8077
1783704405963 0.3528638482093811 8078
1783704406204 0.4284448027610779 8079
1783704406320 0.30465322732925415 8080
1783704406413 0.25054931640625 8081
1783704406510 0.1298593282699585 8082
1783704406621 0.0594421923160553 8083
1783704406761 0.25068625807762146 8084
1783704406908 0.47669994831085205 8085
1783704407069 0.2554105818271637 8086
1783704407356 0.5157430768013 8087
1783704407502 0.5056009292602539 8088
1783704407612 0.4341220259666443 8089
1783704407752 0.412709504365921 8090
1783704407907 0.25302988290786743 8091
1783704408052 0.29516762495040894 8092
1783704408188 0.12020833790302277 8093
1783704408322 0.6187276840209961 8094
1783704408442 0.5066186785697937 8095
1783704408689 0.4805142879486084 8096
1783704408828 0.39007270336151123 8097
1783704408975 0.28564149141311646 8098
1783704409102 0.14138196408748627 8099
1783704409245 0.40151453018188477 8100
1783704409378 0.5280061364173889 8101
1783704409511 0.1445188820362091 8102
1783704409642 0.29061588644981384 8103
1783704409780 0.2867686450481415 8104
1783704409932 0.10063035786151886 8105
1783704410068 0.1369621455669403 8106
1783704410203 0.15647538006305695 8107
1783704410339 0.5263187885284424 8108
1783704410496 0.16187752783298492 8109
1783704410641 0.22202323377132416 8110
1783704410761 0.12978413701057434 8111
1783704410879 0.04938877373933792 8112
1783704410968 0.12485556304454803 8113
1783704411115 0.244487926363945 8114
1783704411298 0.38588088750839233 8115
1783704411461 0.21540828049182892 8116
1783704411598 0.18214209377765656 8117
1783704411728 0.15424774587154388 8118
1783704411869 0.13705402612686157 8119
1783704412006 0.26966649293899536 8120
1783704412132 0.5220094323158264 8121
1783704412222 0.2673700153827667 8122
1783704412331 0.13986384868621826 8123
1783704412468 0.44768595695495605 8124
1783704412624 0.23357462882995605 8125
1783704412780 0.2766503691673279 8126
1783704412896 0.3731135129928589 8127
1783704413021 0.29802918434143066 8128
1783704413151 0.6306164860725403 8129
1783704413295 0.05722441524267197 8130
1783704413418 0.40681758522987366 8131
1783704413546 0.2454839050769806 8132
1783704413777 0.2334311157464981 8133
1783704413920 0.19531361758708954 8134
1783704414064 0.16331008076667786 8135
1783704414199 0.174300417304039 8136
1783704414345 0.4278858006000519 8137
1783704414467 0.14003755152225494 8138
1783704414584 0.17204850912094116 8139
1783704414704 0.03358057886362076 8140
1783704414833 0.44553250074386597 8141
1783704415041 0.2050255537033081 8142
1783704415194 0.34805649518966675 8143
1783704415300 0.2644898593425751 8144
1783704415464 0.25088292360305786 8145
1783704415622 0.15613587200641632 8146
1783704415755 0.25817736983299255 8147
1783704415874 0.2798524796962738 8148
1783704416013 0.5482844114303589 8149
1783704416118 0.3233240842819214 8150
1783704416289 0.13808000087738037 8151
1783704416383 0.16294054687023163 8152
1783704416471 0.3798758089542389 8153
1783704416568 0.19515356421470642 8154
1783704416698 0.28720033168792725 8155
1783704416865 0.5362846851348877 8156
1783704417016 0.6298636794090271 8157
1783704417170 0.21083371341228485 8158
1783704417308 0.1392795741558075 8159
1783704417494 0.2376282662153244 8160
1783704417685 0.12428484857082367 8161
1783704417829 0.12565068900585175 8162
1783704417960 0.25563186407089233 8163
1783704418113 0.05956234782934189 8164
1783704418247 0.7343803644180298 8165
1783704418414 0.8983374238014221 8166
1783704418498 0.2013605833053589 8167
1783704418645 0.2045428454875946 8168
1783704418940 0.3730521500110626 8169
1783704419072 0.2454451322555542 8170
1783704419203 0.3916090428829193 8171
1783704419325 0.40775609016418457 8172
1783704419448 0.1422846019268036 8173
1783704419549 0.10862661153078079 8174
1783704419645 0.2936854958534241 8175
1783704419781 0.22720247507095337 8176
1783704419936 0.2750099003314972 8177
1783704420182 0.4961138367652893 8178
1783704420314 0.09432275593280792 8179
1783704420444 0.1278303563594818 8180
1783704420580 0.2586968243122101 8181
1783704420706 0.21987512707710266 8182
1783704420860 0.45575836300849915 8183
1783704421003 0.42149898409843445 8184
1783704421151 0.6888818144798279 8185
1783704421412 0.4114223122596741 8186
1783704421609 0.22840616106987 8187
1783704421725 0.15025094151496887 8188
1783704421846 0.4446706771850586 8189
1783704421979 0.2852078676223755 8190
1783704422137 0.29426491260528564 8191
1783704422270 0.20662696659564972 8192
1783704422412 0.652748703956604 8193
1783704422564 0.6940624713897705 8194
1783704422734 0.38869842886924744 8195
1783704422870 0.3403148055076599 8196
1783704423025 0.28365591168403625 8197
1783704423180 0.3244493901729584 8198
1783704423315 0.1703035533428192 8199
1783704423435 0.07841726392507553 8200
1783704423566 0.2733100652694702 8201
1783704423713 0.26635196805000305 8202
1783704423855 0.8879237174987793 8203
1783704423998 0.43498674035072327 8204
1783704424166 0.24132713675498962 8205
1783704424304 0.34751054644584656 8206
1783704424426 0.2952186167240143 8207
1783704424545 0.14105309545993805 8208
1783704424669 0.11532815545797348 8209
1783704424789 0.05216827243566513 8210
1783704424958 0.18736793100833893 8211
1783704425208 0.38178524374961853 8212
1783704425425 0.11082936823368073 8213
1783704425565 0.04930536448955536 8214
1783704425708 0.3081297278404236 8215
1783704425829 0.2172756940126419 8216
1783704425970 0.340672105550766 8217
1783704426073 0.3353657126426697 8218
1783704426184 0.3152722418308258 8219
1783704426319 0.43682193756103516 8220
1783704426401 0.6495268940925598 8221
1783704426492 0.43120360374450684 8222
1783704426585 0.18253935873508453 8223
1783704426709 0.2198658585548401 8224
1783704426865 0.7314485311508179 8225
1783704426993 0.2759403884410858 8226
1783704427139 0.36666759848594666 8227
1783704427273 0.13962897658348083 8228
1783704427413 0.420397013425827 8229
1783704427545 0.18406137824058533 8230
1783704427882 0.10601919144392014 8231
1783704427992 0.3076891303062439 8232
1783704428151 0.23970986902713776 8233
1783704428288 0.7845147252082825 8234
1783704428453 0.23334002494812012 8235
1783704428566 0.12780222296714783 8236
1783704428679 0.13786211609840393 8237
1783704428791 0.42868536710739136 8238
1783704429103 0.07968725264072418 8239
1783704429232 0.6337016820907593 8240
1783704429326 0.5626822113990784 8241
1783704429491 0.39883115887641907 8242
1783704429589 0.5084350109100342 8243
1783704429706 0.07550972700119019 8244
1783704429816 0.2763315439224243 8245
1783704429948 0.2042386680841446 8246
1783704430107 0.1439027339220047 8247
1783704430413 0.25827690958976746 8248
1783704430563 0.14839310944080353 8249
1783704430717 0.21229098737239838 8250
1783704430873 0.08094975352287292 8251
1783704431015 0.13263730704784393 8252
1783704431152 0.23378024995326996 8253
1783704431299 0.18798509240150452 8254
1783704431417 0.37694019079208374 8255
1783704431664 0.14000636339187622 8256
1783704431810 0.19189178943634033 8257
1783704431939 0.5620073080062866 8258
1783704432085 0.19048257172107697 8259
1783704432190 0.3764396905899048 8260
1783704432361 0.2418254017829895 8261
1783704432484 0.38653379678726196 8262
1783704432613 0.30523067712783813 8263
1783704432740 0.21928808093070984 8264
1783704432898 0.4208660423755646 8265
1783704433051 0.18374808132648468 8266
1783704433194 0.11929307878017426 8267
1783704433325 0.20408159494400024 8268
1783704433449 0.256266325712204 8269
1783704433574 0.6309869885444641 8270
1783704433706 0.6731330156326294 8271
1783704433801 0.04274161159992218 8272
1783704433953 0.2575676441192627 8273
1783704434169 0.2807491421699524 8274
1783704434313 0.3604036271572113 8275
1783704434450 0.46923789381980896 8276
1783704434581 0.2892248332500458 8277
1783704434674 0.1865384578704834 8278
1783704434761 0.3704421818256378 8279
1783704434904 0.458001971244812 8280
1783704435034 0.3510655462741852 8281
1783704435194 0.3472716212272644 8282
1783704435452 0.7428385019302368 8283
1783704435564 0.052923787385225296 8284
1783704435688 0.30268630385398865 8285
1783704435783 0.2919676601886749 8286
1783704435912 0.42810317873954773 8287
1783704436049 0.38876810669898987 8288
1783704436194 0.20702269673347473 8289
1783704436325 0.17118392884731293 8290
1783704436418 0.36964738368988037 8291
1783704436521 0.28076139092445374 8292
1783704436759 0.31041499972343445 8293
1783704436869 0.18242624402046204 8294
1783704437020 0.4621346890926361 8295
1783704437145 0.3008095920085907 8296
1783704437277 0.5049999952316284 8297
1783704437424 0.5593945980072021 8298
1783704437564 0.4276585578918457 8299
1783704437691 0.09542784094810486 8300
1783704437795 0.1712416410446167 8301
1783704437934 0.22408823668956757 8302
1783704438090 0.4760707914829254 8303
1783704438241 0.44582122564315796 8304
1783704438386 0.357880175113678 8305
1783704438522 0.3678380250930786 8306
1783704438672 0.20119410753250122 8307
1783704438790 0.2076307088136673 8308
1783704438883 0.1300646960735321 8309
1783704438975 0.0857810229063034 8310
1783704439064 0.22040362656116486 8311
1783704439199 0.08161525428295135 8312
1783704439374 0.13587261736392975 8313
1783704439480 0.1035161241889 8314
1783704439635 0.11213818192481995 8315
1783704439765 0.14197836816310883 8316
1783704439885 0.18956510722637177 8317
1783704440043 0.24340926110744476 8318
1783704440148 0.3732275068759918 8319
1783704440311 0.529371976852417 8320
1783704440446 0.2064632922410965 8321
1783704440815 0.22042328119277954 8322
1783704440920 0.29644110798835754 8323
1783704441022 0.29726284742355347 8324
1783704441172 0.21680384874343872 8325
1783704441283 0.22927147150039673 8326
1783704441398 0.43042242527008057 8327
1783704441529 0.2889767587184906 8328
1783704441665 0.1983216106891632 8329
1783704442000 0.19238869845867157 8330
1783704442102 0.10843116790056229 8331
1783704442234 0.21315635740756989 8332
1783704442361 0.1636107861995697 8333
1783704442495 0.2453075647354126 8334
1783704442598 0.25108757615089417 8335
1783704442727 0.28085416555404663 8336
1783704442856 0.08857563138008118 8337
1783704443000 0.15286993980407715 8338
1783704443275 0.06997888535261154 8339
1783704443414 0.46287721395492554 8340
1783704443577 0.3140203654766083 8341
1783704443718 0.6929455399513245 8342
1783704443840 0.5591002702713013 8343
1783704443960 0.1647929847240448 8344
1783704444078 0.29114606976509094 8345
1783704444240 0.32679492235183716 8346
1783704444681 0.35361579060554504 8347
1783704444825 0.06874407082796097 8348
1783704444945 0.24569524824619293 8349
1783704445109 0.37630802392959595 8350
1783704445242 0.2851569354534149 8351
1783704445387 0.15730039775371552 8352
1783704445544 0.15184730291366577 8353
1783704445667 0.21291689574718475 8354
1783704445769 0.302065372467041 8355
1783704445914 0.05827784538269043 8356
1783704446049 0.3502886891365051 8357
1783704446212 0.30618858337402344 8358
1783704446333 0.5829616189002991 8359
1783704446434 0.09243297576904297 8360
1783704446524 0.03573992848396301 8361
1783704446628 0.25043728947639465 8362
1783704446762 0.29508328437805176 8363
1783704446906 0.10803340375423431 8364
1783704447049 0.18896564841270447 8365
1783704447251 0.23159228265285492 8366
1783704447417 0.19886454939842224 8367
1783704447560 0.5118509531021118 8368
1783704447686 0.2259850800037384 8369
1783704447808 0.25287798047065735 8370
1783704447932 0.22418855130672455 8371
1783704448047 0.5004928112030029 8372
1783704448182 0.4179578125476837 8373
1783704448353 0.1466314196586609 8374
1783704448494 0.23370423913002014 8375
1783704448633 0.16892123222351074 8376
1783704448783 0.3462490141391754 8377
1783704448929 0.10434552282094955 8378
1783704449070 0.2650456130504608 8379
1783704449198 0.3405537009239197 8380
1783704449340 0.35010403394699097 8381
1783704449480 0.16950885951519012 8382
1783704449698 0.1237172782421112 8383
1783704449817 0.078470379114151 8384
1783704449954 0.3416898548603058 8385
1783704450096 0.5332753658294678 8386
1783704450235 0.2699301242828369 8387
1783704450371 0.19642773270606995 8388
1783704450477 0.1817614883184433 8389
1783704450623 0.4368935227394104 8390
1783704450850 0.23039381206035614 8391
1783704450974 0.33021920919418335 8392
1783704451117 0.06124311313033104 8393
1783704451273 0.1284307837486267 8394
1783704451391 0.21381564438343048 8395
1783704451527 0.12170358747243881 8396
1783704451646 0.2551833391189575 8397
1783704451777 0.13390503823757172 8398
1783704451930 0.2562248706817627 8399
1783704452064 0.5145352482795715 8400
1783704452271 0.12108100205659866 8401
1783704452396 0.64647376537323 8402
1783704452528 0.5108712315559387 8403
1783704452677 0.17088532447814941 8404
1783704452804 0.40642499923706055 8405
1783704452952 0.04547465965151787 8406
1783704453056 0.13682562112808228 8407
1783704453162 0.16971082985401154 8408
1783704453310 0.1266726553440094 8409
1783704453644 0.27365952730178833 8410
1783704453789 0.3473648428916931 8411
1783704453935 0.235548198223114 8412
1783704454081 0.1934356689453125 8413
1783704454233 0.3538959324359894 8414
1783704454381 0.5666694045066833 8415
1783704454527 0.5234845280647278 8416
1783704454692 0.17172007262706757 8417
1783704455018 0.6995901465415955 8418
1783704455126 0.1199856698513031 8419
1783704455258 0.4779035151004791 8420
1783704455377 0.6339799165725708 8421
1783704455524 0.07618919014930725 8422
1783704455675 0.5015536546707153 8423
1783704455811 0.27320972084999084 8424
1783704455953 0.0915960818529129 8425
1783704456127 0.1393662393093109 8426
1783704456263 0.45815590023994446 8427
1783704456366 0.4441929757595062 8428
1783704456466 0.1609441339969635 8429
1783704456567 0.2738923728466034 8430
1783704456737 0.5423219203948975 8431
1783704456889 0.1112276241183281 8432
1783704457037 0.46922266483306885 8433
1783704457184 0.14109723269939423 8434
1783704457312 0.17306776344776154 8435
1783704457427 0.2792472541332245 8436
1783704457608 0.1370447427034378 8437
1783704457739 0.45797425508499146 8438
1783704457847 0.1763828843832016 8439
1783704457978 0.382088303565979 8440
1783704458113 0.30643370747566223 8441
1783704458260 0.7014970183372498 8442
1783704458409 0.1335650533437729 8443
1783704458509 0.3333483934402466 8444
1783704458855 0.46389976143836975 8445
1783704459012 0.20487967133522034 8446
1783704459142 0.26499518752098083 8447
1783704459294 0.07663026452064514 8448
1783704459431 0.3174631893634796 8449
1783704459543 0.17152509093284607 8450
1783704459665 0.21010147035121918 8451
1783704459823 0.6572993397712708 8452
1783704460214 0.362501859664917 8453
1783704460376 0.33716776967048645 8454
1783704460543 0.7307104468345642 8455
1783704460665 0.17855025827884674 8456
1783704460779 0.06962165981531143 8457
1783704460936 0.31940826773643494 8458
1783704461084 0.2605625092983246 8459
1783704461330 0.2578917443752289 8460
1783704461475 0.13202516734600067 8461
1783704461608 0.17798592150211334 8462
1783704461724 0.1498880237340927 8463
1783704461875 0.38669583201408386 8464
1783704462023 0.11061372607946396 8465
1783704462176 0.27906739711761475 8466
1783704462313 0.4889410734176636 8467
1783704462469 0.9268361926078796 8468
1783704462764 0.2848823070526123 8469
1783704462912 0.44322481751441956 8470
1783704463057 0.23361174762248993 8471
1783704463214 0.16811083257198334 8472
1783704463380 0.3690263628959656 8473
1783704463540 0.2735549509525299 8474
1783704463694 0.6715684533119202 8475
1783704463986 0.2957693040370941 8476
1783704464127 0.09649475663900375 8477
1783704464261 0.13868194818496704 8478
1783704464421 0.12669309973716736 8479
1783704464568 0.5906494855880737 8480
1783704464697 0.254162073135376 8481
1783704464832 0.3634288012981415 8482
1783704464947 0.2813689112663269 8483
1783704465129 0.3003108501434326 8484
1783704465327 0.939667284488678 8485
1783704465445 0.5157972574234009 8486
1783704465608 0.13794708251953125 8487
1783704465762 0.4941663444042206 8488
1783704465910 0.2131478190422058 8489
1783704466022 0.525720477104187 8490
1783704466127 0.5190651416778564 8491
1783704466291 0.14730457961559296 8492
1783704466387 0.15788306295871735 8493
1783704466495 0.4600360691547394 8494
1783704466601 0.16028012335300446 8495
1783704466718 0.18027882277965546 8496
1783704466855 0.25368398427963257 8497
1783704467003 0.44819486141204834 8498
1783704467134 0.2359003722667694 8499
1783704467297 0.5198086500167847 8500
1783704467447 0.21072830259799957 8501
1783704467669 0.16763336956501007 8502
1783704467883 0.10448970645666122 8503
1783704468009 0.1673942506313324 8504
1783704468154 0.043401606380939484 8505
1783704468286 0.11064761877059937 8506
1783704468430 0.3413693904876709 8507
1783704468580 0.4702177047729492 8508
1783704468730 0.20127786695957184 8509
1783704468848 0.5420704483985901 8510
1783704469064 0.43508636951446533 8511
1783704469216 0.30318683385849 8512
1783704469348 0.12390948086977005 8513
1783704469504 0.4964439272880554 8514
1783704469656 0.3586411774158478 8515
1783704469820 0.4566101133823395 8516
1783704469975 0.4943481981754303 8517
1783704470132 0.21385878324508667 8518
1783704470304 0.20398814976215363 8519
1783704470443 0.3342667818069458 8520
1783704470604 0.16254283487796783 8521
1783704470756 0.4947426915168762 8522
1783704470903 0.11546741425991058 8523
1783704471065 0.5793434977531433 8524
1783704471202 0.1513412892818451 8525
1783704471374 0.18988411128520966 8526
1783704471524 0.35905611515045166 8527
1783704471667 0.129238098859787 8528
1783704471827 0.1793850213289261 8529
1783704471972 0.321023166179657 8530
1783704472117 0.16125920414924622 8531
1783704472233 0.7072390913963318 8532
1783704472365 0.4251263737678528 8533
1783704472477 0.1171644926071167 8534
1783704472574 0.0979594737291336 8535
1783704472692 0.4173347055912018 8536
1783704472803 0.7023104429244995 8537
1783704472893 0.661830723285675 8538
1783704473023 0.2959432005882263 8539
1783704473169 0.44364428520202637 8540
1783704473293 0.2335590273141861 8541
1783704473463 0.5201232433319092 8542
1783704473581 0.3264584243297577 8543
1783704473715 0.35268518328666687 8544
1783704474060 0.23525838553905487 8545
1783704474200 0.0993494763970375 8546
1783704474340 0.2958342134952545 8547
1783704474489 0.28312891721725464 8548
1783704474612 0.2317284643650055 8549
1783704474726 0.2592754065990448 8550
1783704474878 0.17996138334274292 8551
1783704474995 0.6235631704330444 8552
1783704475160 0.20168107748031616 8553
1783704475325 0.15910083055496216 8554
1783704475450 0.17951880395412445 8555
1783704475631 0.5281668901443481 8556
1783704475743 0.13517126441001892 8557
1783704475872 0.6849417686462402 8558
1783704476003 0.19590970873832703 8559
1783704476156 0.4194743037223816 8560
1783704476295 0.3811083734035492 8561
1783704476402 0.15502355992794037 8562
1783704476497 0.13515350222587585 8563
1783704476622 0.2783217430114746 8564
1783704476769 0.28375744819641113 8565
1783704476902 0.19497574865818024 8566
1783704477048 0.6357688903808594 8567
1783704477160 0.3694559931755066 8568
1783704477310 0.08143004029989243 8569
1783704477451 0.7629433274269104 8570
1783704477610 0.049370598047971725 8571
1783704477918 0.2621077299118042 8572
1783704478055 0.08951383829116821 8573
1783704478186 0.19424428045749664 8574
1783704478321 0.29611119627952576 8575
1783704478452 0.0925283432006836 8576
1783704478603 0.21892957389354706 8577
1783704478750 0.48793649673461914 8578
1783704478896 0.2359706163406372 8579
1783704479039 0.15260107815265656 8580
1783704479253 0.31569042801856995 8581
1783704479360 0.28077390789985657 8582
1783704479501 0.07254626601934433 8583
1783704479637 0.268886536359787 8584
1783704479787 0.3475353419780731 8585
1783704479929 0.16737100481987 8586
1783704480130 0.07513076812028885 8587
1783704480256 0.2443140596151352 8588
1783704480454 0.16034109890460968 8589
1783704480593 0.19559966027736664 8590
1783704480749 0.3705125153064728 8591
1783704480851 0.6448945999145508 8592
1783704480989 0.13932302594184875 8593
1783704481092 0.3070952296257019 8594
1783704481191 0.10022012889385223 8595
1783704481313 0.12040220201015472 8596
1783704481456 0.38162529468536377 8597
1783704481785 0.17213183641433716 8598
1783704481917 0.38847336173057556 8599
1783704482069 0.30139273405075073 8600
1783704482197 0.4651070237159729 8601
1783704482339 0.29639267921447754 8602
1783704482477 0.5669721364974976 8603
1783704482639 0.35561031103134155 8604
1783704482792 0.1818091869354248 8605
1783704482937 0.439750611782074 8606
1783704483077 0.18127886950969696 8607
1783704483206 0.49383774399757385 8608
1783704483328 0.22662734985351562 8609
1783704483476 0.4958653748035431 8610
1783704483625 0.11784643679857254 8611
1783704483774 0.26409369707107544 8612
1783704483879 0.31800585985183716 8613
1783704484043 0.2587924301624298 8614
1783704484224 0.2161029875278473 8615
1783704484360 0.7543969750404358 8616
1783704484462 0.37999263405799866 8617
1783704484630 0.132991224527359 8618
1783704484781 0.4344533085823059 8619
1783704484943 0.2444266527891159 8620
1783704485093 0.4385571777820587 8621
1783704485344 0.12088582664728165 8622
1783704485471 0.5552695989608765 8623
1783704485612 0.04403616860508919 8624
1783704485760 0.09330833703279495 8625
1783704485895 0.6443721055984497 8626
1783704485996 0.49143415689468384 8627
1783704486148 0.09447555989027023 8628
1783704486267 0.3001832365989685 8629
1783704486363 0.41272836923599243 8630
1783704486485 0.07750769704580307 8631
1783704486578 0.12406115233898163 8632
1783704486937 0.5183517336845398 8633
1783704487097 0.48867669701576233 8634
1783704487246 0.09984279423952103 8635
1783704487359 0.294260174036026 8636
1783704487514 0.22884424030780792 8637
1783704487635 0.05580639839172363 8638
1783704487730 0.0618630014359951 8639
1783704487843 0.2994016110897064 8640
1783704487939 0.2042102813720703 8641
1783704488040 0.20131003856658936 8642
1783704488180 0.09891477227210999 8643
1783704488334 0.24832208454608917 8644
1783704488480 0.3746725022792816 8645
1783704488644 0.7281848192214966 8646
1783704488772 0.15706469118595123 8647
1783704488928 0.4955713152885437 8648
1783704489062 0.49894091486930847 8649
1783704489389 0.05059956759214401 8650
1783704489529 0.1885974258184433 8651
1783704489634 0.32930439710617065 8652
1783704489761 0.13577669858932495 8653
1783704489863 0.20259779691696167 8654
1783704489989 0.23533995449543 8655
1783704490131 0.1361624300479889 8656
1783704490271 0.13488194346427917 8657
1783704490411 0.1228470653295517 8658
1783704490566 0.39037078619003296 8659
1783704490737 0.4159015417098999 8660
1783704490863 0.2541157305240631 8661
1783704490983 0.24481360614299774 8662
1783704491106 0.197915717959404 8663
1783704491206 0.3392587900161743 8664
1783704491301 0.2946857213973999 8665
1783704491378 0.23495659232139587 8666
1783704491512 0.36440765857696533 8667
1783704491738 0.206045463681221 8668
1783704491931 0.28909584879875183 8669
1783704492057 0.12770198285579681 8670
1783704492184 0.18077465891838074 8671
1783704492280 0.3983253538608551 8672
1783704492358 0.2422485053539276 8673
1783704492486 0.2500170171260834 8674
1783704492577 0.4378441572189331 8675
1783704492623 0.38558802008628845 8676
1783704492667 0.38560447096824646 8677
1783704492711 0.7013102173805237 8678
1783704492753 0.6398655772209167 8679
1783704492800 0.2873716354370117 8680
1783704492848 0.22095131874084473 8681
1783704492897 0.19898129999637604 8682
1783704492941 0.22742682695388794 8683
1783704493003 0.11660174280405045 8684
1783704493065 0.26144668459892273 8685
1783704493166 0.2949439287185669 8686
1783704493278 0.22437062859535217 8687
1783704493368 0.29031991958618164 8688
1783704493467 0.469061017036438 8689
1783704493604 0.2635843753814697 8690
1783704493750 0.5271716713905334 8691
1783704493903 0.0692267045378685 8692
1783704494045 0.4041407108306885 8693
1783704494190 0.37256014347076416 8694
1783704494338 0.11162471026182175 8695
1783704494531 0.3660343289375305 8696
1783704494675 0.2691006362438202 8697
1783704494823 0.12668196856975555 8698
1783704494980 0.2217368632555008 8699
1783704495122 0.3572522699832916 8700
1783704495251 0.2086690366268158 8701
1783704495420 0.2885681986808777 8702
1783704495786 0.33589285612106323 8703
1783704495954 0.1319023221731186 8704
1783704496107 0.2533453404903412 8705
1783704496271 0.549903929233551 8706
1783704496380 0.29407522082328796 8707
1783704496498 0.23883724212646484 8708
1783704496594 0.3216170072555542 8709
1783704496749 0.6342455744743347 8710
1783704497215 0.3348677158355713 8711
1783704497381 0.6620169878005981 8712
1783704497515 0.3996465802192688 8713
1783704497706 0.32683685421943665 8714
1783704497873 0.45346856117248535 8715
1783704498009 0.15185953676700592 8716
1783704498134 0.7604899406433105 8717
1783704498278 0.47701647877693176 8718
1783704498437 0.4440811276435852 8719
1783704498553 0.14174939692020416 8720
1783704498728 0.14217250049114227 8721
1783704498851 0.08684945851564407 8722
1783704498953 0.2726653516292572 8723
1783704499101 0.5108017325401306 8724
1783704499239 0.12442191690206528 8725
1783704499385 0.6984289288520813 8726
1783704499541 0.7413243651390076 8727
1783704499732 0.09957494586706161 8728
1783704499874 0.24346736073493958 8729
1783704500035 0.21551762521266937 8730
1783704500174 0.06846515834331512 8731
1783704500310 0.28185421228408813 8732
1783704500437 0.16819711029529572 8733
1783704500557 0.3918263614177704 8734
1783704500675 0.2694920003414154 8735
1783704501019 0.5519178509712219 8736
1783704501160 0.37422245740890503 8737
1783704501309 0.35429826378822327 8738
1783704501460 0.4123062491416931 8739
1783704501610 0.254843533039093 8740
1783704501761 0.24112476408481598 8741
1783704501909 0.11122830957174301 8742
1783704502067 0.6055755615234375 8743
1783704502250 0.4495528042316437 8744
1783704502401 0.0728004202246666 8745
1783704502553 0.07240895181894302 8746
1783704502701 0.4307463765144348 8747
1783704502833 0.4207364618778229 8748
1783704502960 0.18060310184955597 8749
1783704503111 0.15479904413223267 8750
1783704503281 0.11838717013597488 8751
1783704503429 0.31231725215911865 8752
1783704503673 0.17483334243297577 8753
1783704503810 0.19676253199577332 8754
1783704503946 0.9824783802032471 8755
1783704504077 0.23069298267364502 8756
1783704504226 0.15570981800556183 8757
1783704504341 0.5065508484840393 8758
1783704504482 0.15125444531440735 8759
1783704504646 0.3214257061481476 8760
1783704504957 0.15677793323993683 8761
1783704505094 0.31496256589889526 8762
1783704505259 0.3638739287853241 8763
1783704505390 0.15894737839698792 8764
1783704505547 0.43734055757522583 8765
1783704505716 0.2320554554462433 8766
1783704505860 0.2709867060184479 8767
1783704505981 0.4456503391265869 8768
1783704506292 0.4978952407836914 8769
1783704506409 0.18089976906776428 8770
1783704506514 0.3052593171596527 8771
1783704506636 0.22776423394680023 8772
1783704506794 0.20142559707164764 8773
1783704506940 0.5595054030418396 8774
1783704507059 0.584272563457489 8775
1783704507170 0.5799558162689209 8776
1783704507317 0.27463337779045105 8777
1783704507502 0.319389283657074 8778
1783704507668 0.28081080317497253 8779
1783704507827 0.17904554307460785 8780
1783704507972 0.17863211035728455 8781
1783704508131 0.21986860036849976 8782
1783704508270 0.1698591113090515 8783
1783704508469 0.3567243814468384 8784
1783704508634 0.19199122488498688 8785
1783704508831 0.48776471614837646 8786
1783704508953 0.15084469318389893 8787
1783704509078 0.36507564783096313 8788
1783704509239 0.23133856058120728 8789
1783704509370 0.20214617252349854 8790
1783704509511 0.3044714629650116 8791
1783704509652 0.250099778175354 8792
1783704509807 0.279186487197876 8793
1783704509963 0.5011916160583496 8794
1783704510237 0.21375976502895355 8795
1783704510350 0.2608083486557007 8796
1783704510478 0.1483604460954666 8797
1783704510628 1.1848134994506836 8798
1783704510776 0.41444218158721924 8799
1783704510928 0.1820255070924759 8800
1783704511078 0.20957069098949432 8801
1783704511207 0.22206684947013855 8802
1783704511412 0.11465130746364594 8803
1783704511530 0.39921051263809204 8804
1783704511672 0.13812975585460663 8805
1783704511798 0.5663617253303528 8806
1783704511925 0.6184526681900024 8807
1783704512077 0.21889598667621613 8808
1783704512188 0.35118532180786133 8809
1783704512312 0.2444743663072586 8810
1783704512453 0.589815616607666 8811
1783704512747 0.33148181438446045 8812
1783704512896 0.3197615444660187 8813
1783704513035 0.24667403101921082 8814
1783704513178 0.34423574805259705 8815
1783704513321 0.0971110388636589 8816
1783704513464 0.16084527969360352 8817
1783704513605 0.08684898912906647 8818
1783704513741 0.5226744413375854 8819
1783704513882 0.3635428845882416 8820
1783704514129 0.1591438353061676 8821
1783704514224 0.3853493332862854 8822
1783704514329 0.6036134958267212 8823
1783704514476 0.11692003160715103 8824
1783704514621 0.4212457835674286 8825
1783704514744 0.3269546329975128 8826
1783704514856 0.2824483811855316 8827
1783704514997 0.32712674140930176 8828
1783704515272 0.423136830329895 8829
1783704515464 0.12380881607532501 8830
1783704515613 0.0964500829577446 8831
1783704515754 0.41527727246284485 8832
1783704515901 0.2212391197681427 8833
1783704516046 0.13893795013427734 8834
1783704516198 0.2620236277580261 8835
1783704516324 0.15393678843975067 8836
1783704516435 0.20179979503154755 8837
1783704516540 0.5188236832618713 8838
1783704516712 0.29943493008613586 8839
1783704516839 0.40937337279319763 8840
1783704516966 0.17751836776733398 8841
1783704517085 0.2314835786819458 8842
1783704517227 0.3677300214767456 8843
1783704517371 0.1566600501537323 8844
1783704517512 0.14852552115917206 8845
1783704517626 0.5135120749473572 8846
1783704517918 0.3075198233127594 8847
1783704518038 0.4831885099411011 8848
1783704518193 0.4248991310596466 8849
1783704518350 0.49712157249450684 8850
1783704518492 0.19642917811870575 8851
1783704518658 0.1988137662410736 8852
1783704518821 0.2867512106895447 8853
1783704518941 0.2423168122768402 8854
1783704519102 0.20146463811397552 8855
1783704519336 0.21988606452941895 8856
1783704519468 0.07911446690559387 8857
1783704519602 0.4670485556125641 8858
1783704519759 0.12793762981891632 8859
1783704519893 0.6054339408874512 8860
1783704520013 0.5607404708862305 8861
1783704520165 0.16655927896499634 8862
1783704520492 0.37756621837615967 8863
1783704520637 0.3620610237121582 8864
1783704520761 0.48083898425102234 8865
1783704520913 0.36825644969940186 8866
1783704521041 0.6558696627616882 8867
1783704521168 0.1733546257019043 8868
1783704521285 0.5313318967819214 8869
1783704521417 0.27257001399993896 8870
1783704521548 0.20059828460216522 8871
1783704521683 0.16130898892879486 8872
1783704521901 0.09743957966566086 8873
1783704522031 0.1347167044878006 8874
1783704522184 0.6544555425643921 8875
1783704522308 0.16081683337688446 8876
1783704522444 0.20843373239040375 8877
1783704522608 0.1304556429386139 8878
1783704522749 0.5678392052650452 8879
1783704522907 0.06527851521968842 8880
1783704523017 0.24643513560295105 8881
1783704523129 0.08634905517101288 8882
1783704523246 0.20311304926872253 8883
1783704523410 0.5054098963737488 8884
1783704523543 0.25058239698410034 8885
1783704523693 0.28223180770874023 8886
1783704523855 0.20429165661334991 8887
1783704524011 0.2539663016796112 8888
1783704524151 1.01911199092865 8889
1783704524307 0.18980379402637482 8890
1783704524528 0.342704713344574 8891
1783704524691 0.0880155935883522 8892
1783704524838 0.5557852983474731 8893
1783704524977 0.17949718236923218 8894
1783704525123 0.24427266418933868 8895
1783704525254 0.16381382942199707 8896
1783704525410 0.09996342658996582 8897
1783704525557 0.33212846517562866 8898
1783704525762 0.22953884303569794 8899
1783704525909 0.23099753260612488 8900
1783704526050 0.16330188512802124 8901
1783704526208 0.2683974802494049 8902
1783704526330 0.13191218674182892 8903
1783704526442 0.13064193725585938 8904
1783704526539 0.5315009355545044 8905
1783704526653 0.3118579685688019 8906
1783704526948 0.1630963683128357 8907
1783704527075 0.38153424859046936 8908
1783704527231 0.09412568062543869 8909
1783704527373 0.23845413327217102 8910
1783704527496 0.3186289370059967 8911
1783704527621 0.29384490847587585 8912
1783704527754 0.29850444197654724 8913
1783704527894 0.24144209921360016 8914
1783704528065 0.2634563446044922 8915
1783704528187 0.37648335099220276 8916
1783704528312 0.36442309617996216 8917
1783704528466 0.2742155194282532 8918
1783704528607 0.8023049235343933 8919
1783704528718 0.08398401737213135 8920
1783704528864 0.4804310202598572 8921
1783704528996 0.40260937809944153 8922
1783704529145 0.47940224409103394 8923
1783704529283 0.2863333821296692 8924
1783704529429 0.40236175060272217 8925
1783704529587 0.46514880657196045 8926
1783704529725 0.10209105163812637 8927
1783704529860 0.4835413694381714 8928
1783704530015 0.47811877727508545 8929
1783704530174 0.56382817029953 8930
1783704530307 0.843501627445221 8931
1783704530427 0.08058580011129379 8932
1783704530549 0.08226823061704636 8933
1783704530684 0.8354095220565796 8934
1783704530835 0.26008734107017517 8935
1783704530989 0.6733731627464294 8936
1783704531125 0.2200496643781662 8937
1783704531277 0.17230913043022156 8938
1783704531438 0.16761651635169983 8939
1783704531537 0.13406126201152802 8940
1783704531689 0.5212979316711426 8941
1783704531873 0.28553637862205505 8942
1783704531982 0.34467729926109314 8943
1783704532137 0.10006856173276901 8944
1783704532264 0.11088961362838745 8945
1783704532388 0.19499510526657104 8946
1783704532515 0.591163158416748 8947
1783704532630 0.5106692314147949 8948
1783704532733 0.16149887442588806 8949
1783704532865 0.3528817594051361 8950
1783704533023 0.3544180989265442 8951
1783704533150 0.2815603017807007 8952
1783704533415 0.2468498945236206 8953
1783704533564 0.15012523531913757 8954
1783704533689 0.07142681628465652 8955
1783704533824 0.463763564825058 8956
1783704533910 0.1441812962293625 8957
1783704534050 0.24726711213588715 8958
1783704534153 0.24853789806365967 8959
1783704534286 0.3048063814640045 8960
1783704534416 0.2629135549068451 8961
1783704534574 0.24980494379997253 8962
1783704534721 0.26484566926956177 8963
1783704534905 1.043207049369812 8964
1783704535034 0.4851861000061035 8965
1783704535196 0.30345332622528076 8966
1783704535327 0.13494478166103363 8967
1783704535476 0.30542588233947754 8968
1783704535640 0.09284360706806183 8969
1783704535769 0.4756914973258972 8970
1783704536048 0.3331340253353119 8971
1783704536180 0.21348226070404053 8972
1783704536327 0.2242230325937271 8973
1783704536433 0.05338098108768463 8974
1783704536526 0.49742913246154785 8975
1783704536629 0.27044594287872314 8976
1783704536774 0.7156611084938049 8977
1783704536931 0.2766963243484497 8978
1783704537048 0.2504560351371765 8979
1783704537158 0.16357018053531647 8980
1783704537347 0.2813932001590729 8981
1783704537456 0.09442273527383804 8982
1783704537549 0.2951391041278839 8983
1783704537632 0.6548879742622375 8984
1783704537734 0.23140773177146912 8985
1783704537853 0.2902897000312805 8986
1783704537963 0.4670071005821228 8987
1783704538110 0.18407490849494934 8988
1783704538240 0.25915631651878357 8989
1783704538362 0.6925610899925232 8990
1783704538495 0.5743049383163452 8991
1783704538600 0.1083982065320015 8992
1783704538744 0.3923761546611786 8993
1783704538874 0.16362962126731873 8994
1783704539037 0.17235584557056427 8995
1783704539189 0.24896802008152008 8996
1783704539286 0.14689508080482483 8997
1783704539391 0.10112302005290985 8998
1783704539523 0.24228449165821075 8999
1783704539648 0.15176419913768768 9000
1783704539804 0.2483002245426178 9001
1783704539928 0.4638480246067047 9002
1783704540104 0.15722255408763885 9003
1783704540229 0.8922570943832397 9004
1783704540386 0.2492595762014389 9005
1783704540527 0.5442160367965698 9006
1783704540629 0.39506301283836365 9007
1783704540709 0.12800286710262299 9008
1783704540847 0.12693847715854645 9009
1783704540939 0.21140336990356445 9010
1783704541055 0.33796775341033936 9011
1783704541161 0.39912915229797363 9012
1783704541330 0.2382480353116989 9013
1783704541428 0.3785907030105591 9014
1783704541593 0.24535608291625977 9015
1783704541714 0.2770095467567444 9016
1783704541810 0.7910431623458862 9017
1783704541939 0.36567896604537964 9018
1783704542069 0.4888053238391876 9019
1783704542237 0.27401694655418396 9020
1783704542489 0.1821477711200714 9021
1783704542614 0.9886993169784546 9022
1783704542750 0.5485090017318726 9023
1783704542879 0.4477452337741852 9024
1783704543019 0.14229051768779755 9025
1783704543157 0.2224261462688446 9026
1783704543310 0.13808540999889374 9027
1783704543460 0.3897682726383209 9028
1783704543609 0.20773914456367493 9029
1783704543806 0.22741004824638367 9030
1783704543946 0.34856337308883667 9031
1783704544072 0.06069255620241165 9032
1783704544191 0.30266785621643066 9033
1783704544344 0.4227256774902344 9034
1783704544441 0.18385745584964752 9035
1783704544565 0.4095444083213806 9036
1783704544700 0.40350663661956787 9037
1783704544830 0.2444586157798767 9038
1783704544983 0.44774287939071655 9039
1783704545098 0.30285122990608215 9040
1783704545200 0.1329716444015503 9041
1783704545311 0.34649285674095154 9042
1783704545428 0.23820722103118896 9043
1783704545591 0.37399205565452576 9044
1783704545723 0.2854592800140381 9045
1783704545904 0.11333421617746353 9046
1783704546044 0.11076712608337402 9047
1783704546215 0.24891901016235352 9048
1783704546344 0.16067367792129517 9049
1783704546442 0.3384586274623871 9050
1783704546535 0.046429503709077835 9051
1783704546630 0.4867214560508728 9052
1783704546753 0.48137015104293823 9053
1783704546910 0.2592456042766571 9054
1783704547047 0.0938974916934967 9055
1783704547211 0.35758304595947266 9056
1783704547373 0.27557191252708435 9057
1783704547502 0.9046095013618469 9058
1783704547649 0.5643399953842163 9059
1783704547789 0.5116928815841675 9060
1783704547922 0.2543851435184479 9061
1783704548090 0.5246454477310181 9062
1783704548226 0.27527475357055664 9063
1783704548366 0.25565147399902344 9064
1783704548508 0.18339572846889496 9065
1783704548655 0.5536364912986755 9066
1783704548804 0.12198517471551895 9067
1783704548941 0.0873025432229042 9068
1783704549026 0.22801871597766876 9069
1783704549168 0.430118590593338 9070
1783704549274 0.3216860592365265 9071
1783704549425 0.32712796330451965 9072
1783704549561 0.1453755497932434 9073
1783704549720 0.20368506014347076 9074
1783704549862 0.31243395805358887 9075
1783704550071 0.039406776428222656 9076
1783704550254 0.11260396987199783 9077
1783704550366 0.10312343388795853 9078
1783704550534 0.11011628061532974 9079
1783704550675 0.19415941834449768 9080
1783704550821 0.32342469692230225 9081
1783704550947 0.11316055059432983 9082
1783704551093 0.15236498415470123 9083
1783704551231 0.22609083354473114 9084
1783704551390 0.3265329599380493 9085
1783704551528 0.15881599485874176 9086
1783704551679 0.21633438766002655 9087
1783704551814 0.12495534121990204 9088
1783704551987 0.3720816671848297 9089
1783704552148 0.2521026134490967 9090
1783704552266 0.2484082728624344 9091
1783704552418 0.13109470903873444 9092
1783704552654 0.2176399677991867 9093
1783704552803 0.14022162556648254 9094
1783704552900 0.3405453860759735 9095
1783704553067 0.4311622679233551 9096
1783704553190 0.11014734208583832 9097
1783704553312 0.27347463369369507 9098
1783704553428 0.19635450839996338 9099
1783704553590 0.18457917869091034 9100
1783704553692 0.14261050522327423 9101
1783704553825 0.32074254751205444 9102
1783704554049 0.5492039322853088 9103
1783704554210 0.06005629524588585 9104
1783704554333 0.2678127586841583 9105
1783704554478 0.24121186137199402 9106
1783704554650 0.088505320250988 9107
1783704554773 0.4008667469024658 9108
1783704554874 0.1251816302537918 9109
1783704555012 0.4495292603969574 9110
1783704555176 0.545544445514679 9111
1783704555309 0.2822715938091278 9112
1783704555438 0.12433983385562897 9113
1783704555590 0.28723597526550293 9114
1783704555723 0.42768245935440063 9115
1783704555866 0.057322755455970764 9116
1783704555967 0.1515054553747177 9117
1783704556098 0.2162134051322937 9118
1783704556247 0.33753520250320435 9119
1783704556352 0.09032821655273438 9120
1783704556480 0.447740763425827 9121
1783704556574 0.12110932171344757 9122
1783704556675 0.17786403000354767 9123
1783704556822 0.0370945930480957 9124
1783704556961 0.6789536476135254 9125
1783704557067 0.16230158507823944 9126
1783704557238 0.30261027812957764 9127
1783704557350 0.28959956765174866 9128
1783704557512 0.47393500804901123 9129
1783704557923 0.22389662265777588 9130
1783704558047 0.31204673647880554 9131
1783704558123 0.1748429834842682 9132
1783704558265 0.1799611747264862 9133
1783704558410 0.24609802663326263 9134
1783704558542 0.3014927804470062 9135
1783704558666 0.25085198879241943 9136
1783704558799 0.09064223617315292 9137
1783704558936 0.220305398106575 9138
1783704559039 0.6805981397628784 9139
1783704559135 0.46894383430480957 9140
1783704559223 0.13889829814434052 9141
1783704559358 0.2328251600265503 9142
1783704559496 0.5900503396987915 9143
1783704559636 0.14691998064517975 9144
1783704559780 0.12653179466724396 9145
1783704559922 0.23743756115436554 9146
1783704560058 0.4753056466579437 9147
1783704560206 0.3994182348251343 9148
1783704560346 0.23410697281360626 9149
1783704560508 0.34841883182525635 9150
1783704560669 0.47101616859436035 9151
1783704560803 0.2632220685482025 9152
1783704560953 0.4752891957759857 9153
1783704561049 0.056822072714567184 9154
1783704561177 0.2304934412240982 9155
1783704561284 0.3332132399082184 9156
1783704561400 0.482665479183197 9157
1783704561577 0.4440518021583557 9158
1783704561732 0.14454275369644165 9159
1783704561829 0.14059129357337952 9160
1783704561984 0.1808340847492218 9161
1783704562083 0.39566710591316223 9162
1783704562227 0.22590023279190063 9163
1783704562367 0.3078266680240631 9164
1783704562467 0.33530086278915405 9165
1783704562601 0.3793586790561676 9166
1783704562908 0.2790541350841522 9167
1783704563044 0.28860005736351013 9168
1783704563180 0.24280327558517456 9169
1783704563319 0.18980459868907928 9170
1783704563441 0.19346529245376587 9171
1783704563552 0.2339124232530594 9172
1783704563671 0.5243908762931824 9173
1783704563809 0.40325599908828735 9174
1783704563954 0.5256868004798889 9175
1783704564108 0.5951108336448669 9176
1783704564318 0.30345767736434937 9177
1783704564455 0.6558058261871338 9178
1783704564545 0.5734269618988037 9179
1783704564647 0.062049224972724915 9180
1783704564772 0.16561923921108246 9181
1783704564912 0.6124385595321655 9182
1783704565027 0.4291073977947235 9183
1783704565168 0.3227457106113434 9184
1783704565557 0.2983073592185974 9185
1783704565671 0.26969701051712036 9186
1783704565825 0.6606363654136658 9187
1783704565960 0.04225738346576691 9188
1783704566100 0.16831420361995697 9189
1783704566222 0.35387328267097473 9190
1783704566357 0.8321926593780518 9191
1783704566446 0.8571162819862366 9192
1783704566535 0.04821687564253807 9193
1783704566659 0.7742641568183899 9194
1783704566835 0.06727767735719681 9195
1783704566994 0.2015782594680786 9196
1783704567140 0.35710862278938293 9197
1783704567247 0.21900752186775208 9198
1783704567383 0.1700705587863922 9199
1783704567505 0.40839582681655884 9200
1783704567661 0.22469289600849152 9201
1783704567796 0.13721519708633423 9202
1783704567913 0.4522365629673004 9203
1783704568048 0.410076767206192 9204
1783704568231 0.8480625748634338 9205
1783704568365 0.23786252737045288 9206
1783704568496 0.3671484887599945 9207
1783704568608 0.27522996068000793 9208
1783704568790 0.24949032068252563 9209
1783704568895 0.2300291657447815 9210
1783704569037 0.10078582167625427 9211
1783704569176 0.5241788029670715 9212
1783704569354 0.13791215419769287 9213
1783704569505 0.38227221369743347 9214
1783704569664 0.22754718363285065 9215
1783704569820 0.28819113969802856 9216
1783704569936 0.18100376427173615 9217
1783704570085 0.5389443635940552 9218
1783704570223 0.367827832698822 9219
1783704570365 0.32517966628074646 9220
1783704570533 0.35726287961006165 9221
1783704570779 0.10156337171792984 9222
1783704570894 0.3735262453556061 9223
1783704571007 0.5212720632553101 9224
1783704571131 0.2130012959241867 9225
1783704571249 0.48302382230758667 9226
1783704571375 0.1521746665239334 9227
1783704571516 0.2913942039012909 9228
1783704571666 0.06819769740104675 9229
1783704571866 0.2071932852268219 9230
1783704571996 0.14018304646015167 9231
1783704572107 0.27539780735969543 9232
1783704572230 0.25754493474960327 9233
1783704572390 0.17042353749275208 9234
1783704572522 0.4329542815685272 9235
1783704572658 0.15430261194705963 9236
1783704572815 0.4189690351486206 9237
1783704572964 0.23885688185691833 9238
1783704573067 0.5986806750297546 9239
1783704573171 0.20951654016971588 9240
1783704573265 0.2282980978488922 9241
1783704573362 0.5214191675186157 9242
1783704573450 0.33838364481925964 9243
1783704573577 0.35139450430870056 9244
1783704573690 0.25488534569740295 9245
1783704573818 0.11276455968618393 9246
1783704573931 0.21867018938064575 9247
1783704574051 0.15350434184074402 9248
1783704574158 0.07355280965566635 9249
1783704574255 0.31067290902137756 9250
1783704574352 0.1872572898864746 9251
1783704574438 1.0090659856796265 9252
1783704574522 0.7954301834106445 9253
1783704574646 0.07275979220867157 9254
1783704574765 0.2209184765815735 9255
1783704574862 0.1312590092420578 9256
1783704574931 0.271430641412735 9257
1783704575007 0.16953258216381073 9258
1783704575100 0.31953462958335876 9259
1783704575206 0.17771238088607788 9260
1783704575303 0.41653013229370117 9261
1783704575381 0.6561731100082397 9262
1783704575465 0.26519644260406494 9263
1783704575574 0.3372918665409088 9264
1783704575720 0.5021901726722717 9265
1783704575794 0.23425735533237457 9266
1783704575871 0.3548765182495117 9267
1783704575932 0.46418434381484985 9268
1783704576004 0.36512547731399536 9269
1783704576068 0.42712581157684326 9270
1783704576155 0.48076677322387695 9271
1783704576273 0.3021259605884552 9272
1783704576362 0.7937136292457581 9273
1783704576443 0.13567732274532318 9274
1783704576522 0.25442758202552795 9275
1783704576590 0.7809096574783325 9276
1783704576648 0.48241814970970154 9277
1783704576715 0.2171703428030014 9278
1783704576785 0.26218631863594055 9279
1783704576848 0.608467161655426 9280
1783704576942 0.186288982629776 9281
1783704577014 0.30128803849220276 9282
1783704577084 0.7010760307312012 9283
1783704577171 0.3473329544067383 9284
1783704577275 0.15211644768714905 9285
1783704577372 0.09362320601940155 9286
1783704577456 0.02714027836918831 9287
1783704577528 0.30137062072753906 9288
1783704577600 0.7932437658309937 9289
1783704577675 0.1777973473072052 9290
1783704577745 0.10260941088199615 9291
1783704577822 0.2616056203842163 9292
1783704577888 0.5871094465255737 9293
1783704577953 0.16545912623405457 9294
1783704578016 0.14423181116580963 9295
1783704578092 0.26608023047447205 9296
1783704578160 0.21896947920322418 9297
1783704578223 0.19273188710212708 9298
1783704578306 0.3626903295516968 9299
1783704578379 0.4001455307006836 9300
1783704578479 0.31357935070991516 9301
1783704578562 0.2275802046060562 9302
1783704578629 0.09222733974456787 9303
1783704578716 0.2691105902194977 9304
1783704578824 0.07481794059276581 9305
1783704578932 0.40315526723861694 9306
1783704579021 0.14248907566070557 9307
1783704579107 0.31161558628082275 9308
1783704579190 0.180537149310112 9309
1783704579256 0.4833275079727173 9310
1783704579329 0.2443544864654541 9311
1783704579415 0.16653089225292206 9312
1783704579483 0.20254948735237122 9313
1783704579552 0.31206923723220825 9314
1783704579622 0.2132250815629959 9315
1783704579689 0.24304890632629395 9316
1783704579779 0.22058546543121338 9317
1783704579871 0.28951430320739746 9318
1783704579983 0.14719651639461517 9319
1783704580055 0.38604792952537537 9320
1783704580140 0.3679869472980499 9321
1783704580227 0.32722795009613037 9322
1783704580310 0.2854057848453522 9323
1783704580381 0.37084582448005676 9324
1783704580459 0.09650558233261108 9325
1783704580524 0.4760630130767822 9326
1783704580598 0.8909690380096436 9327
1783704580671 0.3041444420814514 9328
1783704580738 0.10437371581792831 9329
1783704580797 0.267422616481781 9330
1783704580893 0.33245155215263367 9331
1783704580957 0.5700312256813049 9332
1783704581024 0.38102224469184875 9333
1783704581097 0.20520544052124023 9334
1783704581182 0.25063908100128174 9335
1783704581275 0.1383288949728012 9336
1783704581407 0.36113184690475464 9337
1783704581527 0.3912281095981598 9338
1783704581618 0.7260594367980957 9339
1783704581740 0.2310878485441208 9340
1783704581846 0.3882736265659332 9341
1783704581916 0.33355703949928284 9342
1783704581990 0.33316802978515625 9343
1783704582070 0.22919203341007233 9344
1783704582130 0.18628458678722382 9345
1783704582192 0.507157564163208 9346
1783704582250 0.3174486756324768 9347
1783704582311 0.1413860023021698 9348
1783704582373 0.16508027911186218 9349
1783704582471 0.46299803256988525 9350
1783704582560 0.30377525091171265 9351
1783704582661 0.5913317799568176 9352
1783704582730 0.4006047546863556 9353
1783704582799 0.3525196313858032 9354
1783704582874 0.37093600630760193 9355
1783704582939 0.5083152055740356 9356
1783704583006 0.440031498670578 9357
1783704583091 0.10034949332475662 9358
1783704583162 0.18676482141017914 9359
1783704583239 0.17949365079402924 9360
1783704583317 0.19927652180194855 9361
1783704583376 0.2518910765647888 9362
1783704583466 0.26949501037597656 9363
1783704583563 0.45501625537872314 9364
1783704583650 0.16143304109573364 9365
1783704583747 0.2598925828933716 9366
1783704583853 0.22246108949184418 9367
1783704583918 0.3478492498397827 9368
1783704583984 0.19330093264579773 9369
1783704584046 0.4142080843448639 9370
1783704584110 0.5355079770088196 9371
1783704584171 0.05587080121040344 9372
1783704584240 0.2047739177942276 9373
1783704584355 0.36388397216796875 9374
