1783612414141 15.519804000854492 0
1783612414285 6.929799556732178 1
1783612414403 0.9451138973236084 2
1783612414540 1.0406113862991333 3
1783612414699 1.1092299222946167 4
1783612414938 1.1556925773620605 5
1783612415103 1.1957271099090576 6
1783612415229 1.227017879486084 7
1783612415330 1.2654694318771362 8
1783612415472 1.2304221391677856 9
1783612415646 1.2238187789916992 10
1783612415788 1.2251886129379272 11
1783612415954 1.140046238899231 12
1783612416141 1.091268539428711 13
1783612416274 1.1067490577697754 14
1783612416439 1.1005644798278809 15
1783612416615 1.0353392362594604 16
1783612416772 0.9729176759719849 17
1783612416940 0.9408137798309326 18
1783612417102 0.9189286231994629 19
1783612417284 0.9348933696746826 20
1783612417424 0.8898864388465881 21
1783612417583 0.8443010449409485 22
1783612417749 0.7942875623703003 23
1783612417928 0.7492737770080566 24
1783612418097 0.7674278616905212 25
1783612418253 0.6740107536315918 26
1783612418438 0.6702255010604858 27
1783612418714 0.6511896848678589 28
1783612418873 0.6014316082000732 29
1783612419042 0.562221348285675 30
1783612419233 0.501853346824646 31
1783612419375 0.5210298299789429 32
1783612419541 0.5068201422691345 33
1783612419714 0.4293564260005951 34
1783612420005 0.48602500557899475 35
1783612420220 0.386957049369812 36
1783612420401 0.40191012620925903 37
1783612420560 0.3448044955730438 38
1783612420733 0.4245849847793579 39
1783612420893 0.34524255990982056 40
1783612421061 0.4299710988998413 41
1783612421385 0.40181732177734375 42
1783612421537 0.3526391386985779 43
1783612421697 0.39307060837745667 44
1783612421819 0.346265584230423 45
1783612421959 0.41652336716651917 46
1783612422116 0.3871823847293854 47
1783612422253 0.34750133752822876 48
1783612422378 0.37836432456970215 49
1783612422584 0.3293878138065338 50
1783612422732 0.3617950677871704 51
1783612422898 0.3508361577987671 52
1783612423052 0.3218519389629364 53
1783612423232 0.3572433292865753 54
1783612423407 0.3293795585632324 55
1783612423593 0.34434372186660767 56
1783612423760 0.32316941022872925 57
1783612423919 0.3400166630744934 58
1783612424109 0.3241773247718811 59
1783612424289 0.3285243511199951 60
1783612424487 0.3371751606464386 61
1783612424667 0.2973589599132538 62
1783612424813 0.28749197721481323 63
1783612424954 0.31600669026374817 64
1783612425101 0.2974887490272522 65
1783612425387 0.31516939401626587 66
1783612425529 0.29558753967285156 67
1783612425703 0.3026696741580963 68
1783612425855 0.2966582179069519 69
1783612426015 0.2929651439189911 70
1783612426163 0.31335514783859253 71
1783612426357 0.28676557540893555 72
1783612426554 0.27826038002967834 73
1783612426748 0.2714120149612427 74
1783612426903 0.2761630117893219 75
1783612427052 0.2961747944355011 76
1783612427209 0.30886346101760864 77
1783612427372 0.280065655708313 78
1783612427537 0.2712593376636505 79
1783612427710 0.28630518913269043 80
1783612427991 0.28807178139686584 81
1783612428157 0.28368908166885376 82
1783612428320 0.283462792634964 83
1783612428502 0.2923370599746704 84
1783612428663 0.31182390451431274 85
1783612428830 0.28668999671936035 86
1783612428996 0.2724548578262329 87
1783612429246 0.27776971459388733 88
1783612429370 0.31291964650154114 89
1783612429537 0.2876777648925781 90
1783612429682 0.29426050186157227 91
1783612429833 0.28062644600868225 92
1783612429984 0.2765161097049713 93
1783612430146 0.3068998157978058 94
1783612430301 0.27200815081596375 95
1783612430497 0.2575589418411255 96
1783612430659 0.30398350954055786 97
1783612430829 0.2647371292114258 98
1783612430999 0.32973214983940125 99
1783612431166 0.29369866847991943 100
1783612431314 0.3480294942855835 101
1783612431461 0.37493810057640076 102
1783612431614 0.2836691439151764 103
1783612431814 0.38840049505233765 104
1783612431915 0.41617444157600403 105
1783612432075 0.30380991101264954 106
1783612432245 0.37264469265937805 107
1783612432404 0.4404909610748291 108
1783612432569 0.40909460186958313 109
1783612432748 0.28951239585876465 110
1783612432942 0.41067934036254883 111
1783612433148 0.45695021748542786 112
1783612433318 0.4005396068096161 113
1783612433486 0.2812511920928955 114
1783612433657 0.39203861355781555 115
1783612433822 0.4728226065635681 116
1783612434021 0.44218429923057556 117
1783612434188 0.3717672526836395 118
1783612434422 0.28272300958633423 119
1783612434575 0.3494568169116974 120
1783612434697 0.38072702288627625 121
1783612434835 0.31140679121017456 122
1783612434999 0.31071409583091736 123
1783612435177 0.34469208121299744 124
1783612435338 0.33388084173202515 125
1783612435513 0.2841653525829315 126
1783612435803 0.3214733600616455 127
1783612435963 0.3182062804698944 128
1783612436134 0.2713029384613037 129
1783612436320 0.30577942728996277 130
1783612436486 0.3046170771121979 131
1783612436643 0.28537434339523315 132
1783612436801 0.28533366322517395 133
1783612437039 0.2572513818740845 134
1783612437180 0.30931323766708374 135
1783612437352 0.2972133457660675 136
1783612437508 0.25137847661972046 137
1783612437684 0.2969569265842438 138
1783612437846 0.2673321068286896 139
1783612437986 0.2920144498348236 140
1783612438148 0.25287312269210815 141
1783612438472 0.2845871150493622 142
1783612438648 0.28746435046195984 143
1783612438807 0.29236334562301636 144
1783612438963 0.2965701222419739 145
1783612439116 0.2631237208843231 146
1783612439284 0.2962774932384491 147
1783612439429 0.2684634327888489 148
1783612439620 0.2958259582519531 149
1783612439802 0.28154441714286804 150
1783612439972 0.2558855414390564 151
1783612440116 0.2795615494251251 152
1783612440249 0.261710524559021 153
1783612440420 0.28935161232948303 154
1783612440587 0.2811608910560608 155
1783612440754 0.24592331051826477 156
1783612441132 0.2939815819263458 157
1783612441281 0.27474433183670044 158
1783612441447 0.290603905916214 159
1783612441617 0.29589176177978516 160
1783612441798 0.27857956290245056 161
1783612441894 0.31174415349960327 162
1783612442013 0.3102402687072754 163
1783612442187 0.2620289623737335 164
1783612442355 0.3235500752925873 165
1783612442512 0.3347048759460449 166
1783612442683 0.315748929977417 167
1783612442844 0.262462854385376 168
1783612443004 0.30679070949554443 169
1783612443187 0.3205457031726837 170
1783612443337 0.28354379534721375 171
1783612443484 0.3106517791748047 172
1783612443718 0.32562723755836487 173
1783612443871 0.3130587637424469 174
1783612444055 0.2628931999206543 175
1783612444217 0.2912711799144745 176
1783612444372 0.27460774779319763 177
1783612444518 0.27322155237197876 178
1783612444684 0.28508618474006653 179
1783612444905 0.26401540637016296 180
1783612445062 0.2755926847457886 181
1783612445250 0.26936158537864685 182
1783612445428 0.2805865406990051 183
1783612445582 0.2584410607814789 184
1783612445734 0.28597769141197205 185
1783612445916 0.2518194615840912 186
1783612446206 0.2907108664512634 187
1783612446360 0.2883487343788147 188
1783612446522 0.2648839056491852 189
1783612446667 0.2693346440792084 190
1783612446856 0.2679083049297333 191
1783612447043 0.23890818655490875 192
1783612447232 0.24893762171268463 193
1783612447582 0.2773829698562622 194
1783612447775 0.27756810188293457 195
1783612447934 0.2564309537410736 196
1783612448097 0.250894159078598 197
1783612448268 0.2580030560493469 198
1783612448418 0.26729369163513184 199
1783612448615 0.2563941180706024 200
1783612448923 0.2474750280380249 201
1783612449088 0.2503843903541565 202
1783612449268 0.2574251890182495 203
1783612449447 0.2435934841632843 204
1783612449604 0.2881092131137848 205
1783612449780 0.2436462640762329 206
1783612449919 0.25697100162506104 207
1783612450233 0.25707048177719116 208
1783612450405 0.2601301372051239 209
1783612450569 0.24485206604003906 210
1783612450876 0.24927470088005066 211
1783612451067 0.25659459829330444 212
1783612451258 0.27364400029182434 213
1783612451461 0.25100672245025635 214
1783612451597 0.24953389167785645 215
1783612451790 0.27273499965667725 216
1783612451904 0.2544494867324829 217
1783612452037 0.2790326178073883 218
1783612452209 0.2616250514984131 219
1783612452366 0.2518647313117981 220
1783612452535 0.25735318660736084 221
1783612452878 0.27348414063453674 222
1783612453021 0.2643894851207733 223
1783612453165 0.266887366771698 224
1783612453319 0.2602468729019165 225
1783612453507 0.2687838077545166 226
1783612453669 0.2769134044647217 227
1783612453822 0.27263307571411133 228
1783612454018 0.2645992636680603 229
1783612454136 0.27507537603378296 230
1783612454281 0.27425771951675415 231
1783612454472 0.2510649561882019 232
1783612454634 0.2638884484767914 233
1783612454803 0.278423547744751 234
1783612454965 0.28162235021591187 235
1783612455140 0.25393146276474 236
1783612455390 0.23750324547290802 237
1783612455587 0.276877760887146 238
1783612455758 0.25399690866470337 239
1783612455897 0.24899354577064514 240
1783612456062 0.2590238153934479 241
1783612456235 0.2613246738910675 242
1783612456378 0.2595044672489166 243
1783612456583 0.25196436047554016 244
1783612456798 0.2560846507549286 245
1783612456951 0.24030745029449463 246
1783612457111 0.28463423252105713 247
1783612457265 0.26171618700027466 248
1783612457431 0.24812252819538116 249
1783612457634 0.2617875337600708 250
1783612457913 0.25258398056030273 251
1783612458078 0.2843007445335388 252
1783612458238 0.2551569938659668 253
1783612458423 0.25137314200401306 254
1783612458623 0.2663584351539612 255
1783612458804 0.25393447279930115 256
1783612458976 0.26314935088157654 257
1783612459405 0.2514720559120178 258
1783612459548 0.2470228224992752 259
1783612459719 0.26027244329452515 260
1783612459885 0.26541128754615784 261
1783612460049 0.2559727430343628 262
1783612460223 0.2777165472507477 263
1783612460402 0.25835251808166504 264
1783612460720 0.2508908212184906 265
1783612460885 0.2794659733772278 266
1783612461106 0.2631939947605133 267
1783612461282 0.29105570912361145 268
1783612461454 0.2832121253013611 269
1783612461618 0.2738490402698517 270
1783612461836 0.30422860383987427 271
1783612461938 0.246848002076149 272
1783612462067 0.3142102360725403 273
1783612462304 0.3236929476261139 274
1783612462444 0.28546103835105896 275
1783612462617 0.31449487805366516 276
1783612462777 0.3365517556667328 277
1783612462936 0.3359171152114868 278
1783612463204 0.24650537967681885 279
1783612463357 0.3045688271522522 280
1783612463551 0.33832433819770813 281
1783612463719 0.2986924648284912 282
1783612463857 0.2649773061275482 283
1783612463982 0.30880481004714966 284
1783612464163 0.31536245346069336 285
1783612464373 0.2686659097671509 286
1783612464519 0.2873542904853821 287
1783612464673 0.3163376748561859 288
1783612464852 0.3030250668525696 289
1783612464999 0.2673516869544983 290
1783612465149 0.29182329773902893 291
1783612465299 0.29402464628219604 292
1783612465471 0.2715156078338623 293
1783612465648 0.2835559546947479 294
1783612465843 0.288455992937088 295
1783612465983 0.26194316148757935 296
1783612466132 0.2792194187641144 297
1783612466303 0.2584773004055023 298
1783612466483 0.2801665961742401 299
1783612466653 0.2696009576320648 300
1783612466833 0.2730252146720886 301
1783612467088 0.27238503098487854 302
1783612467251 0.26092931628227234 303
1783612467433 0.25968268513679504 304
1783612467601 0.25479352474212646 305
1783612467779 0.25216805934906006 306
1783612467979 0.25986045598983765 307
1783612468131 0.27034083008766174 308
1783612468370 0.2791731357574463 309
1783612468515 0.2892735004425049 310
1783612468715 0.26381322741508484 311
1783612468883 0.27734944224357605 312
1783612469035 0.26982581615448 313
1783612469195 0.26794275641441345 314
1783612469350 0.25097137689590454 315
1783612469668 0.2665785551071167 316
1783612469835 0.24294571578502655 317
1783612470028 0.26217788457870483 318
1783612470167 0.26836907863616943 319
1783612470333 0.2717701196670532 320
1783612470469 0.2560282349586487 321
1783612470655 0.2721605598926544 322
1783612471014 0.27004945278167725 323
1783612471145 0.2592768669128418 324
1783612471267 0.25128453969955444 325
1783612471416 0.2751602232456207 326
1783612471552 0.25684913992881775 327
1783612471720 0.24294769763946533 328
1783612471863 0.275542289018631 329
1783612471975 0.2674671411514282 330
1783612472162 0.2559964060783386 331
1783612472316 0.23288731276988983 332
1783612472433 0.27086707949638367 333
1783612472602 0.26333239674568176 334
1783612472766 0.2606235146522522 335
1783612472948 0.25379934906959534 336
1783612473150 0.25465548038482666 337
1783612473315 0.2486899495124817 338
1783612473664 0.25821179151535034 339
1783612473818 0.2504841983318329 340
1783612473999 0.27540478110313416 341
1783612474160 0.26862451434135437 342
1783612474272 0.2540760338306427 343
1783612474448 0.26731035113334656 344
1783612474605 0.2625791132450104 345
1783612474902 0.2658475339412689 346
1783612475053 0.2545553147792816 347
1783612475249 0.24725085496902466 348
1783612475414 0.2586517632007599 349
1783612475566 0.24921900033950806 350
1783612475713 0.24189172685146332 351
1783612475874 0.2995905876159668 352
1783612476188 0.27853575348854065 353
1783612476344 0.2757011353969574 354
1783612476507 0.29925256967544556 355
1783612476670 0.26863598823547363 356
1783612476826 0.3031344413757324 357
1783612476979 0.2924671173095703 358
1783612477165 0.27249768376350403 359
1783612477361 0.2928636074066162 360
1783612477581 0.3256552517414093 361
1783612477688 0.3044928312301636 362
1783612477849 0.2548145353794098 363
1783612478017 0.28743693232536316 364
1783612478191 0.28837850689888 365
1783612478362 0.27871739864349365 366
1783612478535 0.2902076542377472 367
1783612478823 0.2864561676979065 368
1783612478982 0.29386067390441895 369
1783612479119 0.2938932776451111 370
1783612479305 0.2561214566230774 371
1783612479462 0.3032444417476654 372
1783612479607 0.28171321749687195 373
1783612479753 0.26585960388183594 374
1783612480009 0.28858044743537903 375
1783612480209 0.2612977623939514 376
1783612480354 0.25881028175354004 377
1783612480514 0.254946768283844 378
1783612480674 0.265616774559021 379
1783612480830 0.2714173197746277 380
1783612481007 0.27310246229171753 381
1783612481168 0.242227703332901 382
1783612481359 0.2732226252555847 383
1783612481538 0.24334467947483063 384
1783612481698 0.2634960412979126 385
1783612481857 0.2554149329662323 386
1783612481971 0.26044848561286926 387
1783612482166 0.2487916350364685 388
1783612482336 0.26426199078559875 389
1783612482495 0.26312902569770813 390
1783612482831 0.2501038908958435 391
1783612483012 0.25081557035446167 392
1783612483155 0.2603693902492523 393
1783612483298 0.2453794628381729 394
1783612483455 0.25720617175102234 395
1783612483628 0.28446224331855774 396
1783612483779 0.252697229385376 397
1783612483947 0.27876412868499756 398
1783612484088 0.2818317413330078 399
1783612484289 0.2629643380641937 400
1783612484475 0.2667127251625061 401
1783612484650 0.28285884857177734 402
1783612484801 0.27716827392578125 403
1783612484950 0.27224886417388916 404
1783612485251 0.2558738887310028 405
1783612485422 0.2871602773666382 406
1783612485583 0.2712506949901581 407
1783612485761 0.2632923424243927 408
1783612485910 0.2697862386703491 409
1783612486084 0.2755306661128998 410
1783612486239 0.2591986358165741 411
1783612486559 0.2834257483482361 412
1783612486715 0.269786536693573 413
1783612486867 0.25697940587997437 414
1783612487023 0.2807459533214569 415
1783612487189 0.26735055446624756 416
1783612487345 0.26572516560554504 417
1783612487530 0.2591620981693268 418
1783612487694 0.2588304877281189 419
1783612487860 0.2581251859664917 420
1783612488007 0.25604718923568726 421
1783612488195 0.2497434765100479 422
1783612488354 0.26699793338775635 423
1783612488513 0.25700634717941284 424
1783612488665 0.2731427252292633 425
1783612488831 0.24239392578601837 426
1783612489118 0.2668876647949219 427
1783612489270 0.2689661681652069 428
1783612489436 0.275113970041275 429
1783612489598 0.2701447904109955 430
1783612489799 0.2509658634662628 431
1783612489931 0.2899928689002991 432
1783612490102 0.2763119637966156 433
1783612490380 0.27305835485458374 434
1783612490531 0.25134292244911194 435
1783612490699 0.26984331011772156 436
1783612490864 0.2737846076488495 437
1783612491023 0.2670997679233551 438
1783612491196 0.25264686346054077 439
1783612491366 0.2701697051525116 440
1783612491593 0.27613717317581177 441
1783612491784 0.2566245198249817 442
1783612491907 0.2739264667034149 443
1783612492023 0.2773716151714325 444
1783612492197 0.26561054587364197 445
1783612492377 0.2672681212425232 446
1783612492540 0.25867223739624023 447
1783612492702 0.2524050772190094 448
1783612492914 0.286258339881897 449
1783612493087 0.26532042026519775 450
1783612493251 0.26638638973236084 451
1783612493421 0.27212658524513245 452
1783612493595 0.25832897424697876 453
1783612493731 0.26671597361564636 454
1783612493921 0.27162477374076843 455
1783612494100 0.2856379747390747 456
1783612494268 0.28711143136024475 457
1783612494461 0.2511366307735443 458
1783612494650 0.29038625955581665 459
1783612494828 0.2878887951374054 460
1783612494992 0.25977009534835815 461
1783612495166 0.30550312995910645 462
1783612495327 0.315538614988327 463
1783612495551 0.29580792784690857 464
1783612495728 0.25976723432540894 465
1783612495915 0.2863635718822479 466
1783612496100 0.28153201937675476 467
1783612496291 0.2858319580554962 468
1783612496462 0.28510451316833496 469
1783612496615 0.26837867498397827 470
1783612496913 0.2997749447822571 471
1783612497061 0.3237449824810028 472
1783612497228 0.28374871611595154 473
1783612497411 0.27681443095207214 474
1783612497578 0.2976270020008087 475
1783612497747 0.2731836140155792 476
1783612497945 0.26458171010017395 477
1783612498299 0.29144975543022156 478
1783612498463 0.2833858132362366 479
1783612498615 0.255227655172348 480
1783612498765 0.2639208137989044 481
1783612498945 0.2570880949497223 482
1783612499129 0.2736247777938843 483
1783612499289 0.26868996024131775 484
1783612499528 0.27687159180641174 485
1783612499666 0.26359421014785767 486
1783612499850 0.27021679282188416 487
1783612500042 0.27213647961616516 488
1783612500197 0.26823103427886963 489
1783612500365 0.260661780834198 490
1783612500544 0.2598246932029724 491
1783612500797 0.26221317052841187 492
1783612500956 0.2576252222061157 493
1783612501121 0.25185447931289673 494
1783612501262 0.27358365058898926 495
1783612501412 0.2589080333709717 496
1783612501561 0.2643178105354309 497
1783612501693 0.25848257541656494 498
1783612501851 0.2783462703227997 499
1783612501964 0.25072038173675537 500
1783612502101 0.2500738799571991 501
1783612502213 0.23615354299545288 502
1783612502368 0.26436471939086914 503
1783612502511 0.26072707772254944 504
1783612502681 0.24489153921604156 505
1783612502824 0.2632751166820526 506
1783612502997 0.25690922141075134 507
1783612503376 0.26360058784484863 508
1783612503572 0.2526272237300873 509
1783612503758 0.24104410409927368 510
1783612503931 0.2653713524341583 511
1783612504071 0.2561529874801636 512
1783612504250 0.2710399627685547 513
1783612504437 0.273816853761673 514
1783612504594 0.2712283730506897 515
1783612504759 0.2497144490480423 516
1783612504917 0.2863733470439911 517
1783612505082 0.2855401337146759 518
1783612505247 0.24852296710014343 519
1783612505398 0.2651694416999817 520
1783612505580 0.2711862623691559 521
1783612505755 0.26480919122695923 522
1783612506044 0.26595279574394226 523
1783612506200 0.2607116997241974 524
1783612506366 0.27506348490715027 525
1783612506520 0.28005900979042053 526
1783612506679 0.25310036540031433 527
1783612506835 0.2616676390171051 528
1783612506979 0.2681649625301361 529
1783612507271 0.2551705539226532 530
1783612507467 0.2738438546657562 531
1783612507628 0.2487107813358307 532
1783612507781 0.28932613134384155 533
1783612507942 0.2726752758026123 534
1783612508096 0.27024340629577637 535
1783612508241 0.25892406702041626 536
1783612508360 0.2731100022792816 537
1783612508495 0.2793141305446625 538
1783612508629 0.25254833698272705 539
1783612508732 0.29787564277648926 540
1783612508885 0.3000423014163971 541
1783612509045 0.2799765169620514 542
1783612509199 0.2892536520957947 543
1783612509373 0.33117762207984924 544
1783612509528 0.3195314109325409 545
1783612509870 0.27933311462402344 546
1783612510031 0.3186299502849579 547
1783612510215 0.3117201328277588 548
1783612510361 0.3065929114818573 549
1783612510503 0.269026517868042 550
1783612510665 0.2908346354961395 551
1783612510850 0.3120144307613373 552
1783612511062 0.2763056457042694 553
1783612511255 0.2800234854221344 554
1783612511415 0.3038514256477356 555
1783612511587 0.3039416968822479 556
1783612511749 0.25649493932724 557
1783612511889 0.2707827091217041 558
1783612512016 0.27507346868515015 559
1783612512205 0.2847648859024048 560
1783612512395 0.2885902523994446 561
1783612512522 0.26503419876098633 562
1783612512670 0.2760346233844757 563
1783612512833 0.2918384075164795 564
1783612513012 0.2660519480705261 565
1783612513151 0.2788914740085602 566
1783612513314 0.2645534873008728 567
1783612513498 0.2788836359977722 568
1783612513698 0.2751488983631134 569
1783612513897 0.26996752619743347 570
1783612514069 0.2771160900592804 571
1783612514229 0.29182660579681396 572
1783612514405 0.2840779423713684 573
1783612514577 0.291547030210495 574
1783612514718 0.29419243335723877 575
1783612515018 0.28757718205451965 576
1783612515164 0.2564711570739746 577
1783612515333 0.28497377038002014 578
1783612515519 0.2617127299308777 579
1783612515670 0.275972455739975 580
1783612515820 0.29475072026252747 581
1783612515977 0.24883878231048584 582
1783612516134 0.27720531821250916 583
1783612516393 0.28657668828964233 584
1783612516541 0.26712605357170105 585
1783612516703 0.27842316031455994 586
1783612516857 0.266679972410202 587
1783612517016 0.25994575023651123 588
1783612517166 0.25184279680252075 589
1783612517317 0.29941537976264954 590
1783612517620 0.28619271516799927 591
1783612517798 0.25766894221305847 592
1783612517947 0.2676616609096527 593
1783612518111 0.26027917861938477 594
1783612518283 0.2722395360469818 595
1783612518445 0.2616155445575714 596
1783612518592 0.25656771659851074 597
1783612518757 0.2800314128398895 598
1783612518952 0.2729300558567047 599
1783612519101 0.25580430030822754 600
1783612519227 0.26413437724113464 601
1783612519383 0.2662002444267273 602
1783612519543 0.2577393054962158 603
1783612519698 0.2730419635772705 604
1783612519877 0.2531367242336273 605
1783612520031 0.26134800910949707 606
1783612520233 0.24909447133541107 607
1783612520442 0.25725057721138 608
1783612520612 0.2551293671131134 609
1783612520802 0.25558194518089294 610
1783612520960 0.25415369868278503 611
1783612521105 0.2528301179409027 612
1783612521247 0.26368412375450134 613
1783612521420 0.26279714703559875 614
1783612521631 0.2703584134578705 615
1783612521848 0.2607451379299164 616
1783612521950 0.24947240948677063 617
1783612522086 0.2552029490470886 618
1783612522234 0.2459949553012848 619
1783612522377 0.2673509418964386 620
1783612522513 0.25456634163856506 621
1783612522692 0.25103604793548584 622
1783612522946 0.26603007316589355 623
1783612523111 0.26785483956336975 624
1783612523297 0.25163042545318604 625
1783612523453 0.2613547146320343 626
1783612523630 0.29099756479263306 627
1783612523795 0.27061644196510315 628
1783612523994 0.27195772528648376 629
1783612524160 0.2582683265209198 630
1783612524304 0.2552378177642822 631
1783612524469 0.2603013813495636 632
1783612524616 0.27364400029182434 633
1783612524785 0.2697969675064087 634
1783612524938 0.26709094643592834 635
1783612525128 0.2698274254798889 636
1783612525287 0.27052998542785645 637
1783612525450 0.23591329157352448 638
1783612525651 0.278778076171875 639
1783612525858 0.268402636051178 640
1783612525999 0.2700720727443695 641
1783612526195 0.2924725115299225 642
1783612526348 0.25009801983833313 643
1783612526522 0.2891645133495331 644
1783612526739 0.2600361108779907 645
1783612526891 0.2839643657207489 646
1783612527063 0.289529949426651 647
1783612527219 0.2703340947628021 648
1783612527363 0.2811491787433624 649
1783612527520 0.3116272985935211 650
1783612527665 0.26328301429748535 651
1783612527827 0.29460135102272034 652
1783612528125 0.30292636156082153 653
1783612528283 0.27288398146629333 654
1783612528483 0.2674233913421631 655
1783612528645 0.29239633679389954 656
1783612528820 0.2677548825740814 657
1783612529012 0.2643700838088989 658
1783612529382 0.30688151717185974 659
1783612529531 0.2764410972595215 660
1783612529698 0.2831990718841553 661
1783612529863 0.28799211978912354 662
1783612530077 0.2717488706111908 663
1783612530265 0.27848443388938904 664
1783612530453 0.2932529151439667 665
1783612530767 0.2845194637775421 666
1783612530901 0.2662026286125183 667
1783612531098 0.2899071276187897 668
1783612531263 0.26278144121170044 669
1783612531445 0.2769852578639984 670
1783612531600 0.28081589937210083 671
1783612531831 0.2790137827396393 672
1783612531949 0.2741716802120209 673
1783612532084 0.28798654675483704 674
1783612532264 0.262416809797287 675
1783612532400 0.2974986732006073 676
1783612532566 0.2962888777256012 677
1783612532747 0.27500855922698975 678
1783612532902 0.29664260149002075 679
1783612533072 0.2764757573604584 680
1783612533335 0.2652304172515869 681
1783612533490 0.27134495973587036 682
1783612533664 0.31040269136428833 683
1783612533849 0.2600965201854706 684
1783612534038 0.28424274921417236 685
1783612534200 0.29302868247032166 686
1783612534378 0.261243999004364 687
1783612534611 0.2865467369556427 688
1783612534752 0.29651886224746704 689
1783612534927 0.2774522602558136 690
1783612535096 0.26681870222091675 691
1783612535269 0.2802157402038574 692
1783612535447 0.2758309245109558 693
1783612535611 0.2900761663913727 694
1783612535850 0.28839921951293945 695
1783612535986 0.2873288094997406 696
1783612536151 0.28557705879211426 697
1783612536310 0.2861604392528534 698
1783612536481 0.27204591035842896 699
1783612536636 0.29277968406677246 700
1783612536813 0.28997257351875305 701
1783612536997 0.2826077342033386 702
1783612537180 0.2895463705062866 703
1783612537329 0.26768356561660767 704
1783612537482 0.25923338532447815 705
1783612537662 0.28367018699645996 706
1783612537835 0.29481807351112366 707
1783612537996 0.2888299226760864 708
1783612538156 0.28768390417099 709
1783612538335 0.30086928606033325 710
1783612538483 0.25868210196495056 711
1783612538658 0.2880990505218506 712
1783612538862 0.2925772964954376 713
1783612539032 0.2922908365726471 714
1783612539190 0.2434748262166977 715
1783612539365 0.28296077251434326 716
1783612539530 0.25417661666870117 717
1783612539752 0.26757505536079407 718
1783612539887 0.2719568610191345 719
1783612540079 0.26957154273986816 720
1783612540264 0.26740849018096924 721
1783612540426 0.26607662439346313 722
1783612540578 0.2617405951023102 723
1783612540730 0.2780444622039795 724
1783612540913 0.2535514533519745 725
1783612541078 0.2701873481273651 726
1783612541249 0.2865869104862213 727
1783612541436 0.260746031999588 728
1783612541596 0.3059656620025635 729
1783612541748 0.2865552604198456 730
1783612541897 0.26252514123916626 731
1783612542008 0.3001497685909271 732
1783612542144 0.27416685223579407 733
1783612542348 0.25991398096084595 734
1783612542458 0.28910112380981445 735
1783612542631 0.30026137828826904 736
1783612542763 0.28946229815483093 737
1783612542941 0.2778126001358032 738
1783612543107 0.27455541491508484 739
1783612543274 0.2719670832157135 740
1783612543497 0.28232765197753906 741
1783612543711 0.274991899728775 742
1783612543844 0.2662324011325836 743
1783612543987 0.2679034173488617 744
1783612544149 0.28022900223731995 745
1783612544316 0.2615215480327606 746
1783612544502 0.26558148860931396 747
1783612544685 0.26229992508888245 748
1783612544853 0.2684653401374817 749
1783612544999 0.26206523180007935 750
1783612545175 0.2551647424697876 751
1783612545334 0.24924717843532562 752
1783612545550 0.28265634179115295 753
1783612545744 0.2586544454097748 754
1783612545894 0.26023727655410767 755
1783612546053 0.26761701703071594 756
1783612546312 0.27447712421417236 757
1783612546481 0.2511887550354004 758
1783612546645 0.2547363042831421 759
1783612546827 0.24496720731258392 760
1783612546997 0.2826821208000183 761
1783612547144 0.2573052942752838 762
1783612547519 0.27318626642227173 763
1783612547683 0.26643508672714233 764
1783612547843 0.25327229499816895 765
1783612548015 0.27516037225723267 766
1783612548181 0.2672615051269531 767
1783612548362 0.2940603196620941 768
1783612548537 0.2544608414173126 769
1783612548826 0.2608182430267334 770
1783612548975 0.26809775829315186 771
1783612549140 0.2629748582839966 772
1783612549291 0.25826749205589294 773
1783612549463 0.2609708309173584 774
1783612549637 0.23881301283836365 775
1783612549810 0.2618776857852936 776
1783612549994 0.2616867125034332 777
1783612550213 0.26534605026245117 778
1783612550351 0.26784053444862366 779
1783612550518 0.2633531093597412 780
1783612550683 0.26475614309310913 781
1783612550836 0.27453842759132385 782
1783612550996 0.264464795589447 783
1783612551198 0.26052090525627136 784
1783612551364 0.260637491941452 785
1783612551500 0.26321327686309814 786
1783612551713 0.28085121512413025 787
1783612551887 0.2751635015010834 788
1783612551993 0.2737298607826233 789
1783612552144 0.2580130696296692 790
1783612552344 0.26733604073524475 791
1783612552448 0.26128247380256653 792
1783612552634 0.26017072796821594 793
1783612552796 0.2586434483528137 794
1783612552947 0.26523610949516296 795
1783612553114 0.29418492317199707 796
1783612553307 0.2612485885620117 797
1783612553498 0.2622981071472168 798
1783612553649 0.2735820412635803 799
1783612553897 0.2666235566139221 800
1783612554049 0.27387768030166626 801
1783612554181 0.2615843415260315 802
1783612554395 0.24877703189849854 803
1783612554549 0.24518609046936035 804
1783612554702 0.26460638642311096 805
1783612554867 0.2577080726623535 806
1783612555035 0.2678854465484619 807
1783612555369 0.270967960357666 808
1783612555524 0.2749103307723999 809
1783612555706 0.27506622672080994 810
1783612555851 0.28371185064315796 811
1783612556049 0.27036914229393005 812
1783612556201 0.2601788640022278 813
1783612556362 0.2647436857223511 814
1783612556600 0.2537786662578583 815
1783612556768 0.25651636719703674 816
1783612556914 0.2602553367614746 817
1783612557081 0.26279377937316895 818
1783612557252 0.25188562273979187 819
1783612557434 0.25203806161880493 820
1783612557626 0.26978760957717896 821
1783612557844 0.26306378841400146 822
1783612558007 0.26660215854644775 823
1783612558178 0.2836463451385498 824
1783612558331 0.2518673241138458 825
1783612558490 0.26290228962898254 826
1783612558677 0.2585906684398651 827
1783612558857 0.262912392616272 828
1783612559013 0.2695349454879761 829
1783612559243 0.2561200261116028 830
1783612559399 0.25867000222206116 831
1783612559568 0.2569478154182434 832
1783612559731 0.2841973900794983 833
1783612559883 0.2584339380264282 834
1783612560073 0.2915838956832886 835
1783612560204 0.29295721650123596 836
1783612560416 0.2615421414375305 837
1783612560594 0.27975112199783325 838
1783612560753 0.28598806262016296 839
1783612560925 0.2647557556629181 840
1783612561092 0.27474191784858704 841
1783612561239 0.3185141086578369 842
1783612561413 0.27173277735710144 843
1783612561828 0.2488499879837036 844
1783612561946 0.2761053442955017 845
1783612562056 0.2632831633090973 846
1783612562199 0.26375749707221985 847
1783612562344 0.27437373995780945 848
1783612562457 0.25088340044021606 849
1783612562624 0.28315165638923645 850
1783612562778 0.2626364827156067 851
1783612563129 0.2823958992958069 852
1783612563265 0.2765096426010132 853
1783612563382 0.2378264218568802 854
1783612563543 0.26870259642601013 855
1783612563708 0.28078579902648926 856
1783612563875 0.2602028250694275 857
1783612564063 0.2638646364212036 858
1783612564200 0.290986567735672 859
1783612564328 0.25649353861808777 860
1783612564466 0.2811199426651001 861
1783612564635 0.28135451674461365 862
1783612564809 0.26011577248573303 863
1783612564967 0.2979629635810852 864
1783612565122 0.3105335533618927 865
1783612565313 0.27649182081222534 866
1783612565460 0.27224981784820557 867
1783612565734 0.2803806662559509 868
1783612565884 0.2641405463218689 869
1783612566058 0.2800978720188141 870
1783612566229 0.26853081583976746 871
1783612566381 0.26195651292800903 872
1783612566531 0.2633974254131317 873
1783612566679 0.2648998498916626 874
1783612566998 0.26554033160209656 875
1783612567150 0.2695907950401306 876
1783612567350 0.27111998200416565 877
1783612567502 0.26470938324928284 878
1783612567648 0.2776589095592499 879
1783612567831 0.2689420282840729 880
1783612567993 0.27169084548950195 881
1783612568310 0.2584296762943268 882
1783612568463 0.26746174693107605 883
1783612568634 0.2845958471298218 884
1783612568786 0.2495158314704895 885
1783612568984 0.25592610239982605 886
1783612569153 0.2704932689666748 887
1783612569328 0.2819133400917053 888
1783612569583 0.26661503314971924 889
1783612569722 0.2569133937358856 890
1783612569873 0.2749921977519989 891
1783612570047 0.2602238357067108 892
1783612570209 0.25372305512428284 893
1783612570399 0.2635872960090637 894
1783612570566 0.260833203792572 895
1783612570816 0.2675355076789856 896
1783612570961 0.25764885544776917 897
1783612571136 0.26100945472717285 898
1783612571315 0.2537083029747009 899
1783612571481 0.269380658864975 900
1783612571651 0.28329285979270935 901
1783612571852 0.27805668115615845 902
1783612571986 0.2763327360153198 903
1783612572125 0.2642512023448944 904
1783612572266 0.25559261441230774 905
1783612572421 0.25827595591545105 906
1783612572559 0.2572168707847595 907
1783612572731 0.25072813034057617 908
1783612572896 0.25476405024528503 909
1783612573037 0.2626933753490448 910
1783612573381 0.24533279240131378 911
1783612573548 0.25547319650650024 912
1783612573717 0.28130897879600525 913
1783612573899 0.2648308277130127 914
1783612574075 0.25619399547576904 915
1783612574251 0.26827675104141235 916
1783612574434 0.24123743176460266 917
1783612574627 0.24890129268169403 918
1783612574816 0.2451649308204651 919
1783612574979 0.2652163505554199 920
1783612575128 0.26798900961875916 921
1783612575288 0.2665019929409027 922
1783612575467 0.2560599744319916 923
1783612575648 0.2679643929004669 924
1783612575958 0.27033841609954834 925
1783612576142 0.27889037132263184 926
1783612576272 0.25149014592170715 927
1783612576458 0.2636740207672119 928
1783612576609 0.28391391038894653 929
1783612576777 0.2573983669281006 930
1783612576921 0.26599234342575073 931
1783612577078 0.270922988653183 932
1783612577224 0.27255818247795105 933
1783612577358 0.26199910044670105 934
1783612577527 0.2651565372943878 935
1783612577680 0.2787330448627472 936
1783612578514 0.24801254272460938 937
1783612578662 0.25529447197914124 938
1783612578846 0.2565242052078247 939
1783612578997 0.26366931200027466 940
1783612579159 0.2732977271080017 941
1783612579333 0.2659861445426941 942
1783612579464 0.26239749789237976 943
1783612579727 0.26669031381607056 944
1783612579883 0.26951754093170166 945
1783612579991 0.2558816373348236 946
1783612580119 0.24910055100917816 947
1783612580245 0.2573533058166504 948
1783612580401 0.25049474835395813 949
1783612580546 0.245080828666687 950
1783612580668 0.26981428265571594 951
1783612580848 0.26907795667648315 952
1783612581211 0.26749908924102783 953
1783612581365 0.260041207075119 954
1783612581511 0.26381954550743103 955
1783612581654 0.25788167119026184 956
1783612581806 0.27582091093063354 957
1783612581918 0.2609676420688629 958
1783612582016 0.24677328765392303 959
1783612582179 0.25443708896636963 960
1783612582376 0.26980170607566833 961
1783612582483 0.26342299580574036 962
1783612582631 0.2598946690559387 963
1783612582785 0.26481157541275024 964
1783612582956 0.24764321744441986 965
1783612583108 0.2719636559486389 966
1783612583260 0.28081491589546204 967
1783612583426 0.25602617859840393 968
1783612583627 0.2627485692501068 969
1783612583767 0.2608712315559387 970
1783612583915 0.2749440670013428 971
1783612584079 0.2638326585292816 972
1783612584249 0.2540290653705597 973
1783612584449 0.2829258143901825 974
1783612584605 0.26001399755477905 975
1783612584760 0.26655226945877075 976
1783612584879 0.27280810475349426 977
1783612585003 0.2621079683303833 978
1783612585136 0.2730698585510254 979
1783612585294 0.2438383251428604 980
1783612585485 0.2785837650299072 981
1783612585648 0.24342042207717896 982
1783612585821 0.24941202998161316 983
1783612585952 0.2674376964569092 984
1783612586207 0.2720574736595154 985
1783612586348 0.2541445195674896 986
1783612586531 0.25389012694358826 987
1783612586691 0.2558332681655884 988
1783612586820 0.25720104575157166 989
1783612586967 0.247808575630188 990
1783612587083 0.2703475058078766 991
1783612587248 0.2599031925201416 992
1783612587465 0.2608640193939209 993
1783612587660 0.2661885619163513 994
1783612587826 0.25693216919898987 995
1783612587983 0.27451980113983154 996
1783612588126 0.2618425190448761 997
1783612588259 0.24115414917469025 998
1783612588407 0.2724647521972656 999
1783612588578 0.26709210872650146 1000
1783612588813 0.26946115493774414 1001
1783612588948 0.2563677430152893 1002
1783612589110 0.26907870173454285 1003
1783612589240 0.2539764642715454 1004
1783612589398 0.2626931965351105 1005
1783612589558 0.2559182345867157 1006
1783612589714 0.2728755474090576 1007
1783612589881 0.2697976231575012 1008
1783612590101 0.2735283672809601 1009
1783612590249 0.24913986027240753 1010
1783612590421 0.2626841366291046 1011
1783612590576 0.24327635765075684 1012
1783612590727 0.26381391286849976 1013
1783612590901 0.26006191968917847 1014
1783612591049 0.2685869038105011 1015
1783612591221 0.2522915303707123 1016
1783612591362 0.26178085803985596 1017
1783612591495 0.26223525404930115 1018
1783612591646 0.28264835476875305 1019
1783612591819 0.2795720398426056 1020
1783612591955 0.257066935300827 1021
1783612592065 0.29311883449554443 1022
1783612592230 0.2831259071826935 1023
1783612592392 0.25354239344596863 1024
1783612592497 0.29346606135368347 1025
1783612592702 0.29939383268356323 1026
1783612592825 0.2825610935688019 1027
1783612593001 0.25429418683052063 1028
1783612593158 0.2742985188961029 1029
1783612593306 0.25895383954048157 1030
1783612593463 0.28080612421035767 1031
1783612593614 0.26941296458244324 1032
1783612593842 0.2703549265861511 1033
1783612594009 0.27981433272361755 1034
1783612594169 0.2873813509941101 1035
1783612594350 0.2565730810165405 1036
1783612594531 0.2875422239303589 1037
1783612594694 0.2929189205169678 1038
1783612594864 0.28557291626930237 1039
1783612595064 0.25341036915779114 1040
1783612595234 0.2771751880645752 1041
1783612595384 0.2554973065853119 1042
1783612595544 0.25225165486335754 1043
1783612595692 0.27441543340682983 1044
1783612595818 0.28040173649787903 1045
1783612595976 0.2642709016799927 1046
1783612596133 0.24895933270454407 1047
1783612596269 0.26643064618110657 1048
1783612596474 0.27594536542892456 1049
1783612596591 0.2565155327320099 1050
1783612596756 0.2647537291049957 1051
1783612596910 0.2511535882949829 1052
1783612597068 0.25586843490600586 1053
1783612597225 0.2570997476577759 1054
1783612597380 0.24072322249412537 1055
1783612597551 0.2579605281352997 1056
1783612597754 0.260944128036499 1057
1783612597902 0.2678985297679901 1058
1783612598064 0.2863180339336395 1059
1783612598209 0.2639901041984558 1060
1783612598366 0.27117598056793213 1061
1783612598520 0.24892732501029968 1062
1783612598676 0.2561260759830475 1063
1783612598842 0.2640974223613739 1064
1783612599008 0.24353553354740143 1065
1783612599160 0.2735406458377838 1066
1783612599316 0.2620866894721985 1067
1783612599484 0.2637225091457367 1068
1783612599640 0.2692236602306366 1069
1783612599796 0.25132641196250916 1070
1783612599946 0.2645990550518036 1071
1783612600076 0.27918463945388794 1072
1783612600338 0.2415037751197815 1073
1783612600478 0.27237027883529663 1074
1783612600629 0.2716253399848938 1075
1783612600785 0.2927285134792328 1076
1783612600935 0.24938011169433594 1077
1783612601104 0.2405007779598236 1078
1783612601244 0.2525579035282135 1079
1783612601401 0.2717306315898895 1080
1783612601610 0.2702787220478058 1081
1783612601748 0.2684306502342224 1082
1783612601927 0.275957316160202 1083
1783612602021 0.2402503788471222 1084
1783612602154 0.2566450536251068 1085
1783612602296 0.2417052984237671 1086
1783612602448 0.24818523228168488 1087
1783612602597 0.25551652908325195 1088
1783612602852 0.2546366751194 1089
1783612603008 0.23781371116638184 1090
1783612603144 0.2525775134563446 1091
1783612603273 0.23883356153964996 1092
1783612603446 0.2704627513885498 1093
1783612603601 0.2544282376766205 1094
1783612603770 0.25129586458206177 1095
1783612604035 0.2502259314060211 1096
1783612604205 0.25505298376083374 1097
1783612604342 0.25561070442199707 1098
1783612604469 0.2632417380809784 1099
1783612604651 0.24575400352478027 1100
1783612604793 0.26254361867904663 1101
1783612604964 0.2703372538089752 1102
1783612605139 0.2522237002849579 1103
1783612605355 0.27284958958625793 1104
1783612605495 0.2498633712530136 1105
1783612605673 0.2654941976070404 1106
1783612605840 0.26834097504615784 1107
1783612605993 0.2641536295413971 1108
1783612606150 0.2596779763698578 1109
1783612606311 0.2725287973880768 1110
1783612606548 0.25825318694114685 1111
1783612606724 0.2688145041465759 1112
1783612606880 0.2569999098777771 1113
1783612607027 0.243477925658226 1114
1783612607207 0.25351497530937195 1115
1783612607373 0.2623523771762848 1116
1783612607538 0.2334151715040207 1117
1783612607681 0.27002233266830444 1118
1783612607919 0.26620110869407654 1119
1783612608079 0.2519874572753906 1120
1783612608260 0.26336413621902466 1121
1783612608408 0.27538976073265076 1122
1783612608573 0.26839253306388855 1123
1783612608746 0.26200348138809204 1124
1783612608909 0.26124951243400574 1125
1783612609082 0.25551924109458923 1126
1783612609308 0.2586735188961029 1127
1783612609450 0.2580762207508087 1128
1783612609614 0.2761722803115845 1129
1783612609744 0.254530131816864 1130
1783612609910 0.2744698226451874 1131
1783612610098 0.29233476519584656 1132
1783612610398 0.25967690348625183 1133
1783612610628 0.27159738540649414 1134
1783612610775 0.2556998133659363 1135
1783612610935 0.25198251008987427 1136
1783612611093 0.26472020149230957 1137
1783612611231 0.2594555616378784 1138
1783612611391 0.25362324714660645 1139
1783612611514 0.2632305324077606 1140
1783612611775 0.2606952488422394 1141
1783612611915 0.2616685628890991 1142
1783612612017 0.2649366855621338 1143
1783612612176 0.2678194046020508 1144
1783612612344 0.2582281529903412 1145
1783612612475 0.265299528837204 1146
1783612612639 0.27490517497062683 1147
1783612612825 0.2657589316368103 1148
1783612612976 0.25495845079421997 1149
1783612613205 0.24290715157985687 1150
1783612613353 0.2606215178966522 1151
1783612613506 0.261331170797348 1152
1783612613655 0.2689957916736603 1153
1783612613811 0.2662268579006195 1154
1783612613964 0.27607908844947815 1155
1783612614116 0.26716348528862 1156
1783612614306 0.26203495264053345 1157
1783612614466 0.26186150312423706 1158
1783612614630 0.262571781873703 1159
1783612614807 0.26907414197921753 1160
1783612614975 0.27190613746643066 1161
1783612615133 0.25491493940353394 1162
1783612615260 0.24664324522018433 1163
1783612615396 0.2622637152671814 1164
1783612615559 0.25569307804107666 1165
1783612615718 0.2579011023044586 1166
1783612615872 0.2558425962924957 1167
1783612616027 0.2547740638256073 1168
1783612616183 0.2675197124481201 1169
1783612616314 0.26032277941703796 1170
1783612616477 0.25066882371902466 1171
1783612616646 0.2717360556125641 1172
1783612616837 0.2668211758136749 1173
1783612616989 0.25551921129226685 1174
1783612617149 0.25179389119148254 1175
1783612617287 0.2526761293411255 1176
1783612617462 0.26398766040802 1177
1783612617635 0.2585514187812805 1178
1783612617799 0.27308040857315063 1179
1783612618109 0.2609621584415436 1180
1783612618260 0.2585983872413635 1181
1783612618419 0.27131906151771545 1182
1783612618593 0.2645416557788849 1183
1783612618759 0.2596619725227356 1184
1783612618931 0.2597513794898987 1185
1783612619077 0.2539535462856293 1186
1783612619244 0.26501932740211487 1187
1783612619414 0.27286896109580994 1188
1783612619568 0.2573056221008301 1189
1783612619717 0.25838905572891235 1190
1783612619842 0.24777935445308685 1191
1783612620012 0.2568743824958801 1192
1783612620177 0.2504171133041382 1193
1783612620326 0.2509663999080658 1194
1783612620497 0.26850685477256775 1195
1783612620682 0.254354864358902 1196
1783612620848 0.24908731877803802 1197
1783612620995 0.2482161968946457 1198
1783612621146 0.25619104504585266 1199
1783612621318 0.2611500024795532 1200
1783612621476 0.2453233301639557 1201
1783612621623 0.2642894685268402 1202
1783612621764 0.23023827373981476 1203
1783612621920 0.25570157170295715 1204
1783612622015 0.24775660037994385 1205
1783612622145 0.2615526020526886 1206
1783612622311 0.24784529209136963 1207
1783612622433 0.24755637347698212 1208
1783612622585 0.25619515776634216 1209
1783612622714 0.23904305696487427 1210
1783612622871 0.2606744170188904 1211
1783612623028 0.2539146840572357 1212
1783612623198 0.27357542514801025 1213
1783612623362 0.24017709493637085 1214
1783612623523 0.271084189414978 1215
1783612623675 0.25695547461509705 1216
1783612623798 0.2598056197166443 1217
1783612623965 0.2599884271621704 1218
1783612624083 0.24818171560764313 1219
1783612624265 0.2513881325721741 1220
1783612624482 0.2575424909591675 1221
1783612624639 0.2626601755619049 1222
1783612624811 0.2612464427947998 1223
1783612624964 0.24928107857704163 1224
1783612625125 0.2669629752635956 1225
1783612625298 0.24979688227176666 1226
1783612625491 0.24907034635543823 1227
1783612625774 0.24148252606391907 1228
1783612625900 0.249116450548172 1229
1783612626047 0.2542973458766937 1230
1783612626208 0.2699471712112427 1231
1783612626355 0.26315221190452576 1232
1783612626497 0.26583775877952576 1233
1783612626655 0.2520647346973419 1234
1783612626798 0.2681460976600647 1235
1783612626975 0.26440316438674927 1236
1783612627097 0.24394090473651886 1237
1783612627249 0.26630091667175293 1238
1783612627427 0.27032923698425293 1239
1783612627579 0.255960077047348 1240
1783612627733 0.25091445446014404 1241
1783612627875 0.24952106177806854 1242
1783612628025 0.2599062919616699 1243
1783612628187 0.25391167402267456 1244
1783612628342 0.26632922887802124 1245
1783612628476 0.25585415959358215 1246
1783612628629 0.23720917105674744 1247
1783612628789 0.2579308748245239 1248
1783612628957 0.26118403673171997 1249
1783612629110 0.24795080721378326 1250
1783612629262 0.26559433341026306 1251
1783612629430 0.28856638073921204 1252
1783612629694 0.26153042912483215 1253
1783612629818 0.26084256172180176 1254
1783612629978 0.24965927004814148 1255
1783612630139 0.2812463343143463 1256
1783612630268 0.25709354877471924 1257
1783612630420 0.2706153690814972 1258
1783612630556 0.29684457182884216 1259
1783612630716 0.2565622627735138 1260
1783612630993 0.27137741446495056 1261
1783612631137 0.26247888803482056 1262
1783612631289 0.2701304256916046 1263
1783612631446 0.2627509832382202 1264
1783612631563 0.2566268742084503 1265
1783612631727 0.28072041273117065 1266
1783612631922 0.24899373948574066 1267
1783612632010 0.26066961884498596 1268
1783612632149 0.27809664607048035 1269
1783612632351 0.2643187344074249 1270
1783612632470 0.2830447554588318 1271
1783612632600 0.2775591313838959 1272
1783612632759 0.26308000087738037 1273
1783612632916 0.2819158434867859 1274
1783612633073 0.2716832756996155 1275
1783612633225 0.26682353019714355 1276
1783612633515 0.26126936078071594 1277
1783612633667 0.25676628947257996 1278
1783612633840 0.2629324197769165 1279
1783612634023 0.26590317487716675 1280
1783612634158 0.2612697184085846 1281
1783612634305 0.2513760030269623 1282
1783612634480 0.2496626079082489 1283
1783612634619 0.25944578647613525 1284
1783612634783 0.24597518146038055 1285
1783612634955 0.270989328622818 1286
1783612635092 0.2533327639102936 1287
1783612635248 0.2588070333003998 1288
1783612635412 0.262692391872406 1289
1783612635571 0.2453606277704239 1290
1783612635706 0.25465211272239685 1291
1783612635844 0.27023300528526306 1292
1783612636067 0.2657328248023987 1293
1783612636205 0.2411809265613556 1294
1783612636359 0.25320935249328613 1295
1783612636509 0.26228877902030945 1296
1783612636655 0.23365312814712524 1297
1783612636786 0.26769909262657166 1298
1783612636924 0.25833970308303833 1299
1783612637067 0.24575921893119812 1300
1783612637260 0.25420719385147095 1301
1783612637422 0.2680061459541321 1302
1783612637551 0.2529941499233246 1303
1783612637705 0.26803427934646606 1304
1783612637847 0.25124308466911316 1305
1783612637983 0.261542409658432 1306
1783612638130 0.26838818192481995 1307
1783612638284 0.2787865102291107 1308
1783612638432 0.258493572473526 1309
1783612638735 0.2774641513824463 1310
1783612638878 0.2610621750354767 1311
1783612639043 0.25420713424682617 1312
1783612639206 0.26294949650764465 1313
1783612639362 0.2878708243370056 1314
1783612639519 0.274670273065567 1315
1783612639674 0.251891553401947 1316
1783612639987 0.2676766812801361 1317
1783612640111 0.2689764201641083 1318
1783612640262 0.25382062792778015 1319
1783612640411 0.25663983821868896 1320
1783612640595 0.2696886360645294 1321
1783612640745 0.26554709672927856 1322
1783612640908 0.2727281153202057 1323
1783612641089 0.2647578716278076 1324
1783612641236 0.27401530742645264 1325
1783612641373 0.24860288202762604 1326
1783612641558 0.2803863286972046 1327
1783612641727 0.2664330005645752 1328
1783612641894 0.24335472285747528 1329
1783612642001 0.27695196866989136 1330
1783612642127 0.24983814358711243 1331
1783612642275 0.27895209193229675 1332
1783612642466 0.28020578622817993 1333
1783612642604 0.2626866400241852 1334
1783612642733 0.28884953260421753 1335
1783612642906 0.2871284782886505 1336
1783612643062 0.2597050666809082 1337
1783612643224 0.2915445864200592 1338
1783612643360 0.2947748601436615 1339
1783612643551 0.2872697412967682 1340
1783612643755 0.2532155513763428 1341
1783612643917 0.291806161403656 1342
1783612644089 0.2641112208366394 1343
1783612644267 0.26007571816444397 1344
1783612644415 0.26523593068122864 1345
1783612644579 0.2685048580169678 1346
1783612644735 0.27351972460746765 1347
1783612644878 0.27688029408454895 1348
1783612645085 0.2738107442855835 1349
1783612645222 0.28267747163772583 1350
1783612645380 0.296164333820343 1351
1783612645508 0.2894435226917267 1352
1783612645678 0.26233187317848206 1353
1783612645847 0.26112526655197144 1354
1783612646010 0.26210683584213257 1355
1783612646346 0.28627875447273254 1356
1783612646498 0.2689719498157501 1357
1783612646653 0.26205745339393616 1358
1783612646821 0.26642078161239624 1359
1783612646996 0.25533604621887207 1360
1783612647175 0.28956955671310425 1361
1783612647312 0.25874996185302734 1362
1783612647654 0.2677898705005646 1363
1783612647799 0.2501194477081299 1364
1783612647962 0.252773255109787 1365
1783612648115 0.2643945515155792 1366
1783612648273 0.2514249384403229 1367
1783612648428 0.25376078486442566 1368
1783612648575 0.25247976183891296 1369
1783612648724 0.25867989659309387 1370
1783612648886 0.2513619661331177 1371
1783612649027 0.26653584837913513 1372
1783612649179 0.25834736227989197 1373
1783612649311 0.27016156911849976 1374
1783612649486 0.2708517014980316 1375
1783612649628 0.26433345675468445 1376
1783612649771 0.2602327764034271 1377
1783612649908 0.25060102343559265 1378
1783612650273 0.2755073308944702 1379
1783612650439 0.25006023049354553 1380
1783612650591 0.2631099224090576 1381
1783612650744 0.28168702125549316 1382
1783612650865 0.2528177797794342 1383
1783612651042 0.2657279670238495 1384
1783612651192 0.2508608102798462 1385
1783612651443 0.2584078013896942 1386
1783612651580 0.25288447737693787 1387
1783612651740 0.2801949381828308 1388
1783612651898 0.24085186421871185 1389
1783612651998 0.25821202993392944 1390
1783612652124 0.26131317019462585 1391
1783612652272 0.2653644382953644 1392
1783612652437 0.25869905948638916 1393
1783612652541 0.2747894525527954 1394
1783612652719 0.2879165709018707 1395
1783612652860 0.274443119764328 1396
1783612652995 0.27866625785827637 1397
1783612653142 0.283658504486084 1398
1783612653322 0.280046671628952 1399
1783612653488 0.25597596168518066 1400
1783612653645 0.2731911242008209 1401
1783612653807 0.2606867253780365 1402
1783612654023 0.2637684941291809 1403
1783612654141 0.27274543046951294 1404
1783612654322 0.2655099630355835 1405
1783612654475 0.25969910621643066 1406
1783612654629 0.26072174310684204 1407
1783612654777 0.2613638937473297 1408
1783612654924 0.25841009616851807 1409
1783612655084 0.2614816427230835 1410
1783612655231 0.2712264358997345 1411
1783612655402 0.2520464062690735 1412
1783612655542 0.26015177369117737 1413
1783612655719 0.26107314229011536 1414
1783612655859 0.26814013719558716 1415
1783612656025 0.23673546314239502 1416
1783612656163 0.25178244709968567 1417
1783612656330 0.24996937811374664 1418
1783612656551 0.2615804970264435 1419
1783612656723 0.2526935935020447 1420
1783612656888 0.2363564372062683 1421
1783612657053 0.2508135735988617 1422
1783612657198 0.24915584921836853 1423
1783612657345 0.2404009997844696 1424
1783612657455 0.2597823739051819 1425
1783612657562 0.2567790746688843 1426
1783612657664 0.24511824548244476 1427
1783612657794 0.2606736719608307 1428
1783612657895 0.2535725235939026 1429
1783612658015 0.26432573795318604 1430
1783612658174 0.2615007162094116 1431
1783612658322 0.26326122879981995 1432
1783612658471 0.26603296399116516 1433
1783612658611 0.26081156730651855 1434
1783612658747 0.2580331563949585 1435
1783612658873 0.2595759332180023 1436
1783612658971 0.2500320076942444 1437
1783612659087 0.2525520622730255 1438
1783612659188 0.26691076159477234 1439
1783612659315 0.26196596026420593 1440
1783612659443 0.26733866333961487 1441
1783612659568 0.25165799260139465 1442
1783612659749 0.26824432611465454 1443
1783612659907 0.2536790370941162 1444
1783612660094 0.2563037574291229 1445
1783612660246 0.24981670081615448 1446
1783612660429 0.25100380182266235 1447
1783612660553 0.26629501581192017 1448
1783612660680 0.25903385877609253 1449
1783612660847 0.2663772404193878 1450
1783612661012 0.25253307819366455 1451
1783612661173 0.2619759440422058 1452
1783612661338 0.2684309482574463 1453
1783612661497 0.2690156102180481 1454
1783612661716 0.2573939263820648 1455
1783612661867 0.26390206813812256 1456
1783612661987 0.2820766568183899 1457
1783612662091 0.26208195090293884 1458
1783612662255 0.2754422724246979 1459
1783612662460 0.28795087337493896 1460
1783612662581 0.27597808837890625 1461
1783612662721 0.24485887587070465 1462
1783612662978 0.2757161855697632 1463
1783612663140 0.259237140417099 1464
1783612663311 0.25725820660591125 1465
1783612663477 0.27593567967414856 1466
1783612663634 0.24626202881336212 1467
1783612663781 0.2785228490829468 1468
1783612663936 0.2857639193534851 1469
1783612664085 0.25617456436157227 1470
1783612664253 0.251494824886322 1471
1783612664393 0.24142807722091675 1472
1783612664515 0.2610749304294586 1473
1783612664682 0.2579159736633301 1474
1783612664824 0.27849942445755005 1475
1783612664952 0.2885725498199463 1476
1783612665126 0.27886924147605896 1477
1783612665286 0.2687608301639557 1478
1783612665443 0.2658996284008026 1479
1783612665707 0.2669870853424072 1480
1783612665860 0.26954036951065063 1481
1783612666006 0.2651921212673187 1482
1783612666174 0.27217021584510803 1483
1783612666325 0.256618469953537 1484
1783612666474 0.25668618083000183 1485
1783612666642 0.26991117000579834 1486
1783612666806 0.2657226026058197 1487
1783612666945 0.27517005801200867 1488
1783612667052 0.27403801679611206 1489
1783612667157 0.24632059037685394 1490
1783612667324 0.2560073435306549 1491
1783612667472 0.2688254117965698 1492
1783612667644 0.26068559288978577 1493
1783612667802 0.2628535330295563 1494
1783612667970 0.25917431712150574 1495
1783612668239 0.2845437824726105 1496
1783612668413 0.26119083166122437 1497
1783612668585 0.2562827467918396 1498
1783612668762 0.26497557759284973 1499
1783612668927 0.2545302212238312 1500
1783612669086 0.2589817941188812 1501
1783612669251 0.2826042175292969 1502
1783612669578 0.26456111669540405 1503
1783612669751 0.2600104808807373 1504
1783612669901 0.2471647411584854 1505
1783612670061 0.2535382807254791 1506
1783612670221 0.2563403248786926 1507
1783612670375 0.27874425053596497 1508
1783612670528 0.26603055000305176 1509
1783612670701 0.251714289188385 1510
1783612670923 0.2767699360847473 1511
1783612671065 0.2723750174045563 1512
1783612671222 0.24185004830360413 1513
1783612671355 0.2736532688140869 1514
1783612671506 0.25092288851737976 1515
1783612671688 0.27161383628845215 1516
1783612671855 0.25604939460754395 1517
1783612671997 0.2541366517543793 1518
1783612672102 0.24975737929344177 1519
1783612672231 0.25721561908721924 1520
1783612672411 0.26565173268318176 1521
1783612672513 0.2497415393590927 1522
1783612672650 0.26944494247436523 1523
1783612672827 0.22862455248832703 1524
1783612673005 0.25525960326194763 1525
1783612673160 0.26289066672325134 1526
1783612673470 0.2668595314025879 1527
1783612673608 0.27403947710990906 1528
1783612673801 0.2619699239730835 1529
1783612673959 0.2709844410419464 1530
1783612674137 0.24705994129180908 1531
1783612674324 0.27347564697265625 1532
1783612674498 0.2865346074104309 1533
1783612674666 0.2542933225631714 1534
1783612674862 0.26744094491004944 1535
1783612675019 0.2729574739933014 1536
1783612675163 0.27273988723754883 1537
1783612675330 0.283504843711853 1538
1783612675505 0.2735663950443268 1539
1783612675662 0.2714039981365204 1540
1783612675823 0.27523449063301086 1541
1783612676006 0.2529337406158447 1542
1783612676213 0.2571561336517334 1543
1783612676378 0.27465975284576416 1544
1783612676522 0.25952470302581787 1545
1783612676674 0.2791147828102112 1546
1783612676826 0.2785434126853943 1547
1783612676976 0.2480536699295044 1548
1783612677364 0.2526381015777588 1549
1783612677520 0.26042264699935913 1550
1783612677681 0.2740560472011566 1551
1783612677821 0.2636110484600067 1552
1783612677958 0.27577245235443115 1553
1783612678084 0.2507990896701813 1554
1783612678259 0.26971712708473206 1555
1783612678419 0.2650972902774811 1556
1783612678610 0.27534496784210205 1557
1783612678756 0.26697051525115967 1558
1783612678928 0.2638508677482605 1559
1783612679072 0.24704687297344208 1560
1783612679227 0.273556649684906 1561
1783612679389 0.26497119665145874 1562
1783612679542 0.25567829608917236 1563
1783612679711 0.27878299355506897 1564
1783612679951 0.2613164484500885 1565
1783612680089 0.27585726976394653 1566
1783612680257 0.2576313316822052 1567
1783612680419 0.25868454575538635 1568
1783612680573 0.2773614525794983 1569
1783612680742 0.2492707371711731 1570
1783612680919 0.2552739083766937 1571
1783612681092 0.25859305262565613 1572
1783612681239 0.2568897604942322 1573
1783612681396 0.26110437512397766 1574
1783612681562 0.25339293479919434 1575
1783612681729 0.27554017305374146 1576
1783612681909 0.2501835823059082 1577
1783612682042 0.2763707935810089 1578
1783612682170 0.26654052734375 1579
1783612682320 0.2582334280014038 1580
1783612682488 0.2730371654033661 1581
1783612682640 0.27809223532676697 1582
1783612682793 0.24393562972545624 1583
1783612682963 0.2626114785671234 1584
1783612683145 0.24677668511867523 1585
1783612683287 0.26932376623153687 1586
1783612683420 0.27704259753227234 1587
1783612683620 0.2665286064147949 1588
1783612683877 0.27124038338661194 1589
1783612684024 0.28045594692230225 1590
1783612684193 0.24443599581718445 1591
1783612684365 0.2792045474052429 1592
1783612684492 0.2771863639354706 1593
1783612684676 0.25366517901420593 1594
1783612684961 0.2683839201927185 1595
1783612685092 0.2833448648452759 1596
1783612685194 0.24014835059642792 1597
1783612685325 0.2749139964580536 1598
1783612685460 0.25345513224601746 1599
1783612685579 0.2727729380130768 1600
1783612685740 0.26951226592063904 1601
1783612685922 0.2659604847431183 1602
1783612686086 0.269009530544281 1603
1783612686461 0.25595834851264954 1604
1783612686594 0.2579726576805115 1605
1783612686742 0.25320953130722046 1606
1783612686904 0.2761980891227722 1607
1783612687080 0.2645426094532013 1608
1783612687241 0.2629115879535675 1609
1783612687394 0.26044097542762756 1610
1783612687661 0.25344178080558777 1611
1783612687811 0.27112913131713867 1612
1783612687979 0.28256723284721375 1613
1783612688130 0.2581374943256378 1614
1783612688308 0.282831072807312 1615
1783612688466 0.28474733233451843 1616
1783612688625 0.25997933745384216 1617
1783612688770 0.289022833108902 1618
1783612689025 0.2853540778160095 1619
1783612689192 0.24806194007396698 1620
1783612689355 0.26501649618148804 1621
1783612689494 0.2628728747367859 1622
1783612689690 0.26789039373397827 1623
1783612689805 0.267072468996048 1624
1783612689964 0.24733752012252808 1625
1783612690136 0.27903616428375244 1626
1783612690356 0.2554696202278137 1627
1783612690511 0.2727634012699127 1628
1783612690671 0.2586630582809448 1629
1783612690815 0.26994791626930237 1630
1783612690940 0.26338475942611694 1631
1783612691112 0.24574816226959229 1632
1783612691276 0.26771628856658936 1633
1783612691522 0.24898552894592285 1634
1783612691688 0.27042096853256226 1635
1783612691834 0.2725449502468109 1636
1783612691964 0.2560793161392212 1637
1783612692063 0.26498275995254517 1638
1783612692231 0.26333650946617126 1639
1783612692378 0.24904005229473114 1640
1783612692499 0.27468883991241455 1641
1783612692640 0.2530635595321655 1642
1783612692940 0.272488534450531 1643
1783612693094 0.2893643379211426 1644
1783612693241 0.25178441405296326 1645
1783612693397 0.28600791096687317 1646
1783612693543 0.2993937134742737 1647
1783612693711 0.2535862624645233 1648
1783612693887 0.29222699999809265 1649
1783612694068 0.2748420834541321 1650
1783612694202 0.2702387273311615 1651
1783612694340 0.27231088280677795 1652
1783612694513 0.2794654667377472 1653
1783612694694 0.24556757509708405 1654
1783612694869 0.28600531816482544 1655
1783612695011 0.26680317521095276 1656
1783612695155 0.2732410132884979 1657
1783612695352 0.2861766517162323 1658
1783612695517 0.2851414978504181 1659
1783612695649 0.2583453059196472 1660
1783612695839 0.27382364869117737 1661
1783612695979 0.28391507267951965 1662
1783612696120 0.2751067578792572 1663
1783612696253 0.264804869890213 1664
1783612696387 0.2611042261123657 1665
1783612696570 0.26672062277793884 1666
1783612696773 0.2772272229194641 1667
1783612696919 0.28633031249046326 1668
1783612697089 0.2411894053220749 1669
1783612697234 0.2855038344860077 1670
1783612697369 0.27731654047966003 1671
1783612697529 0.26251325011253357 1672
1783612697675 0.2771138548851013 1673
1783612697855 0.2744218409061432 1674
1783612698066 0.2605920135974884 1675
1783612698246 0.2770973742008209 1676
1783612698393 0.26118046045303345 1677
1783612698522 0.2632124125957489 1678
1783612698659 0.2754356563091278 1679
1783612698807 0.2610141336917877 1680
1783612698981 0.28132733702659607 1681
1783612699146 0.27382299304008484 1682
1783612699478 0.2661559581756592 1683
1783612699623 0.2808035910129547 1684
1783612699759 0.27080804109573364 1685
1783612699912 0.24115407466888428 1686
1783612700071 0.267259806394577 1687
1783612700245 0.24031783640384674 1688
1783612700405 0.26076212525367737 1689
1783612700651 0.27660104632377625 1690
1783612700827 0.26370733976364136 1691
1783612700990 0.27061113715171814 1692
1783612701160 0.27962058782577515 1693
1783612701388 0.2565167248249054 1694
1783612701551 0.2698121666908264 1695
1783612701705 0.26006200909614563 1696
1783612701924 0.2622426748275757 1697
1783612702027 0.26725122332572937 1698
1783612702158 0.2651505470275879 1699
1783612702337 0.2579292356967926 1700
1783612702485 0.2507472634315491 1701
1783612702611 0.26179569959640503 1702
1783612702752 0.26157325506210327 1703
1783612702907 0.26583829522132874 1704
1783612703108 0.2687917947769165 1705
1783612703280 0.2487035095691681 1706
1783612703435 0.2484428584575653 1707
1783612703593 0.2609107792377472 1708
1783612703750 0.2753255069255829 1709
1783612703899 0.25542813539505005 1710
1783612704062 0.2718391418457031 1711
1783612704209 0.26899242401123047 1712
1783612704381 0.26889893412590027 1713
1783612704598 0.2493761032819748 1714
1783612704743 0.2616565227508545 1715
1783612704884 0.23893629014492035 1716
1783612705046 0.2590360641479492 1717
1783612705211 0.25532934069633484 1718
1783612705368 0.2425442934036255 1719
1783612705533 0.24723555147647858 1720
1783612705698 0.2529168128967285 1721
1783612705841 0.25933563709259033 1722
1783612706004 0.25596708059310913 1723
1783612706163 0.26153093576431274 1724
1783612706321 0.2577098309993744 1725
1783612706474 0.24761328101158142 1726
1783612706643 0.2657220661640167 1727
1783612706825 0.25993257761001587 1728
1783612707003 0.2633635401725769 1729
1783612707118 0.25880104303359985 1730
1783612707283 0.25735294818878174 1731
1783612707438 0.2697583734989166 1732
1783612707587 0.2659216821193695 1733
1783612707720 0.2691953182220459 1734
1783612707870 0.25511014461517334 1735
1783612708027 0.2623920738697052 1736
1783612708171 0.2522646188735962 1737
1783612708385 0.28565123677253723 1738
1783612708548 0.2721920907497406 1739
1783612708713 0.25178366899490356 1740
1783612708873 0.2591523230075836 1741
1783612709054 0.2624743580818176 1742
1783612709205 0.24862748384475708 1743
1783612709373 0.26904794573783875 1744
1783612709716 0.2612729072570801 1745
1783612709869 0.2589322030544281 1746
1783612710054 0.2870846688747406 1747
1783612710210 0.25927671790122986 1748
1783612710324 0.25305819511413574 1749
1783612710459 0.2592751681804657 1750
1783612710642 0.25883206725120544 1751
1783612710806 0.24008873105049133 1752
1783612711035 0.24875448644161224 1753
1783612711188 0.2586826682090759 1754
1783612711346 0.2751837372779846 1755
1783612711471 0.25250986218452454 1756
1783612711552 0.2561037838459015 1757
1783612711651 0.2609848976135254 1758
1783612711754 0.26605522632598877 1759
1783612711839 0.25914695858955383 1760
1783612711928 0.23761282861232758 1761
1783612712015 0.26152580976486206 1762
1783612712101 0.26318588852882385 1763
1783612712199 0.25133925676345825 1764
1783612712308 0.2681766748428345 1765
1783612712394 0.2478194683790207 1766
1783612712499 0.2679958641529083 1767
1783612712592 0.2603403627872467 1768
1783612712685 0.24548327922821045 1769
1783612712786 0.2670867443084717 1770
1783612712901 0.2614970803260803 1771
1783612712998 0.24162089824676514 1772
1783612713089 0.2557695806026459 1773
1783612713190 0.2457045316696167 1774
1783612713291 0.2650447487831116 1775
1783612713392 0.27039894461631775 1776
1783612713493 0.24891561269760132 1777
1783612713597 0.2693153917789459 1778
1783612713691 0.2648277282714844 1779
1783612713788 0.2847382724285126 1780
1783612713877 0.27126792073249817 1781
1783612713969 0.26720181107521057 1782
1783612714075 0.27638566493988037 1783
1783612714169 0.25796523690223694 1784
1783612714264 0.2587517499923706 1785
1783612714346 0.25332045555114746 1786
1783612714458 0.2540193200111389 1787
1783612714558 0.2751117944717407 1788
1783612714660 0.2583563029766083 1789
1783612714758 0.2516961395740509 1790
1783612714844 0.2677840292453766 1791
1783612714929 0.2602715492248535 1792
1783612715043 0.25703367590904236 1793
1783612715152 0.2787569463253021 1794
1783612715248 0.26018026471138 1795
1783612715351 0.2679125666618347 1796
1783612715448 0.25163283944129944 1797
1783612715546 0.24988245964050293 1798
1783612715641 0.26142382621765137 1799
1783612715748 0.2653750479221344 1800
1783612715850 0.2666293978691101 1801
1783612715955 0.27223724126815796 1802
1783612716054 0.270656555891037 1803
1783612716159 0.24593302607536316 1804
1783612716263 0.25686216354370117 1805
1783612716370 0.26046478748321533 1806
1783612716475 0.25642746686935425 1807
1783612716571 0.2547764480113983 1808
1783612716663 0.24878540635108948 1809
1783612716772 0.27110737562179565 1810
1783612716893 0.27586299180984497 1811
1783612717056 0.25714221596717834 1812
1783612717233 0.2688252031803131 1813
1783612717356 0.264980286359787 1814
1783612717475 0.27134791016578674 1815
1783612717600 0.2630069851875305 1816
1783612717755 0.2707279622554779 1817
1783612717888 0.2822803258895874 1818
1783612718008 0.26493412256240845 1819
1783612718139 0.29244089126586914 1820
1783612718253 0.26114898920059204 1821
1783612718352 0.24715556204319 1822
1783612718452 0.2647925317287445 1823
1783612718571 0.26160556077957153 1824
1783612718659 0.25610944628715515 1825
1783612718761 0.26021286845207214 1826
1783612718911 0.268625408411026 1827
1783612719065 0.2655499577522278 1828
1783612719224 0.23823711276054382 1829
1783612719381 0.2711849510669708 1830
1783612719551 0.2532747983932495 1831
1783612719670 0.2736545205116272 1832
1783612719775 0.26936107873916626 1833
1783612719889 0.26701900362968445 1834
1783612720017 0.26071733236312866 1835
1783612720131 0.2642858922481537 1836
1783612720260 0.252510666847229 1837
1783612720390 0.27513158321380615 1838
1783612720525 0.2814852297306061 1839
1783612720645 0.27750468254089355 1840
1783612720767 0.26617586612701416 1841
1783612720967 0.25466886162757874 1842
1783612721112 0.2711490988731384 1843
1783612721199 0.26823797821998596 1844
1783612721307 0.27936965227127075 1845
1783612721461 0.25034934282302856 1846
1783612721614 0.2519950568675995 1847
1783612721775 0.27022066712379456 1848
1783612721922 0.2522231638431549 1849
1783612722065 0.2671205699443817 1850
1783612722238 0.25996801257133484 1851
1783612722368 0.26125311851501465 1852
1783612722464 0.2710903584957123 1853
1783612722553 0.25629544258117676 1854
1783612722727 0.2596544027328491 1855
1783612722892 0.2568863332271576 1856
1783612723048 0.28403306007385254 1857
1783612723222 0.28430673480033875 1858
1783612723373 0.25022459030151367 1859
1783612723643 0.28765490651130676 1860
1783612723796 0.2763528525829315 1861
1783612723955 0.25368577241897583 1862
1783612724101 0.26640695333480835 1863
1783612724229 0.2784824073314667 1864
1783612724450 0.26919862627983093 1865
1783612724587 0.27086663246154785 1866
1783612724731 0.27118900418281555 1867
1783612724903 0.2580960988998413 1868
1783612725124 0.28331735730171204 1869
1783612725279 0.2713507413864136 1870
1783612725440 0.26006388664245605 1871
1783612725607 0.2561597526073456 1872
1783612725755 0.2642704248428345 1873
1783612726537 0.25216925144195557 1874
1783612726643 0.26288744807243347 1875
1783612726793 0.26365023851394653 1876
1783612726948 0.2797999382019043 1877
1783612727091 0.254960298538208 1878
1783612727263 0.27108678221702576 1879
1783612727428 0.2666813135147095 1880
1783612727515 0.27926549315452576 1881
1783612727566 0.2641439139842987 1882
1783612727611 0.2630445957183838 1883
1783612727667 0.24872498214244843 1884
1783612727712 0.26232925057411194 1885
1783612727757 0.2516941428184509 1886
1783612727830 0.25470197200775146 1887
1783612727922 0.2618193030357361 1888
1783612727987 0.23822897672653198 1889
1783612728048 0.26303020119667053 1890
1783612728119 0.2687723934650421 1891
1783612728185 0.2757164239883423 1892
1783612728242 0.24486666917800903 1893
1783612728299 0.2678866684436798 1894
1783612728351 0.2513270974159241 1895
1783612728403 0.26320815086364746 1896
1783612728457 0.276862233877182 1897
1783612728516 0.2457076907157898 1898
1783612728577 0.2656879127025604 1899
1783612728637 0.257587194442749 1900
1783612728700 0.2716226279735565 1901
1783612728753 0.2510842978954315 1902
1783612728815 0.25528040528297424 1903
1783612728865 0.2431432157754898 1904
1783612728924 0.2740767300128937 1905
1783612728977 0.25263434648513794 1906
1783612729033 0.2572605013847351 1907
1783612729083 0.2600593566894531 1908
1783612729132 0.26662129163742065 1909
1783612729181 0.26876428723335266 1910
1783612729236 0.254643976688385 1911
1783612729286 0.27384454011917114 1912
1783612729335 0.28181472420692444 1913
1783612729384 0.2714008390903473 1914
1783612729435 0.2623290717601776 1915
1783612729489 0.27314621210098267 1916
1783612729537 0.24691656231880188 1917
1783612729585 0.24009935557842255 1918
1783612729633 0.25725823640823364 1919
1783612729682 0.27362900972366333 1920
1783612729738 0.26566988229751587 1921
1783612729797 0.2630050480365753 1922
1783612729856 0.26235347986221313 1923
1783612729906 0.24800695478916168 1924
1783612729954 0.2720232903957367 1925
1783612730002 0.2799230217933655 1926
1783612730053 0.2698034644126892 1927
1783612730101 0.2757393717765808 1928
1783612730150 0.25389763712882996 1929
1783612730203 0.24634957313537598 1930
1783612730258 0.2674935758113861 1931
1783612730319 0.24517974257469177 1932
1783612730372 0.2701352834701538 1933
1783612730424 0.2550695836544037 1934
1783612730472 0.24805067479610443 1935
1783612730524 0.2669525444507599 1936
1783612730575 0.2611651122570038 1937
1783612730623 0.2824437916278839 1938
1783612730699 0.26562029123306274 1939
1783612730756 0.2561323344707489 1940
1783612730806 0.2389390915632248 1941
1783612730863 0.26907145977020264 1942
1783612730929 0.2565730810165405 1943
1783612730997 0.27660608291625977 1944
1783612731063 0.2643677890300751 1945
1783612731115 0.26575446128845215 1946
1783612731164 0.25649330019950867 1947
1783612731215 0.24962137639522552 1948
1783612731262 0.277901291847229 1949
1783612731315 0.2669677436351776 1950
1783612731362 0.2697734534740448 1951
1783612731414 0.2820928990840912 1952
1783612731469 0.27207034826278687 1953
1783612731526 0.25626957416534424 1954
1783612731574 0.26754894852638245 1955
1783612731619 0.2532643973827362 1956
1783612731670 0.26052141189575195 1957
1783612731718 0.24504216015338898 1958
1783612731767 0.2648192346096039 1959
1783612731815 0.24475327134132385 1960
1783612731867 0.2673133611679077 1961
1783612731920 0.2641811668872833 1962
1783612731968 0.27680468559265137 1963
1783612732028 0.2667878568172455 1964
1783612732089 0.26624923944473267 1965
1783612732155 0.25460880994796753 1966
1783612732206 0.28518736362457275 1967
1783612732266 0.2705061137676239 1968
1783612732348 0.26239803433418274 1969
1783612732402 0.2544906437397003 1970
1783612732457 0.26552000641822815 1971
1783612732563 0.2446533888578415 1972
1783612732737 0.2488631010055542 1973
1783612732910 0.2544548511505127 1974
1783612733071 0.254232794046402 1975
1783612733228 0.25980305671691895 1976
1783612733432 0.25770485401153564 1977
1783612733591 0.2701311707496643 1978
1783612733753 0.2576659023761749 1979
1783612733888 0.23933745920658112 1980
1783612734044 0.2742665708065033 1981
1783612734181 0.268921822309494 1982
1783612734306 0.24720503389835358 1983
1783612734457 0.25260186195373535 1984
1783612734617 0.2748165428638458 1985
1783612734729 0.26387935876846313 1986
1783612734839 0.27580690383911133 1987
1783612734955 0.2762131690979004 1988
1783612735079 0.25776490569114685 1989
1783612735186 0.2650046944618225 1990
1783612735263 0.2515885829925537 1991
1783612735374 0.24405378103256226 1992
1783612735495 0.2562987208366394 1993
1783612735605 0.26902279257774353 1994
1783612735713 0.2913060784339905 1995
1783612735834 0.2682296335697174 1996
1783612735979 0.2594141960144043 1997
1783612736094 0.25836846232414246 1998
1783612736223 0.27046263217926025 1999
1783612736338 0.26510801911354065 2000
1783612736442 0.2649269998073578 2001
1783612736556 0.2568499445915222 2002
1783612736664 0.25131240487098694 2003
1783612736786 0.2571547329425812 2004
1783612736895 0.2722102105617523 2005
1783612737003 0.2530781030654907 2006
1783612737126 0.2758559584617615 2007
1783612737258 0.27268853783607483 2008
1783612737373 0.28151649236679077 2009
1783612737502 0.2733418643474579 2010
1783612737632 0.25535306334495544 2011
1783612737755 0.2656770944595337 2012
1783612737902 0.27177438139915466 2013
1783612738012 0.2539478540420532 2014
1783612738120 0.2590021789073944 2015
1783612738239 0.24556942284107208 2016
1783612738362 0.26619410514831543 2017
1783612738475 0.2682543694972992 2018
1783612738588 0.27792811393737793 2019
1783612738683 0.24915874004364014 2020
1783612738782 0.24560363590717316 2021
1783612738914 0.2537374794483185 2022
1783612739040 0.26316794753074646 2023
1783612739157 0.269252747297287 2024
1783612739281 0.25423240661621094 2025
1783612739390 0.2701259255409241 2026
1783612739525 0.25254881381988525 2027
1783612739642 0.24787642061710358 2028
1783612739758 0.24370142817497253 2029
1783612739875 0.25427544116973877 2030
1783612740005 0.2592655420303345 2031
1783612740124 0.2528679370880127 2032
1783612740238 0.26063597202301025 2033
1783612740353 0.2575657069683075 2034
1783612740473 0.2743951082229614 2035
1783612740590 0.27633315324783325 2036
1783612740735 0.2469784915447235 2037
1783612740841 0.2673169672489166 2038
1783612740956 0.2563043534755707 2039
1783612741081 0.24341171979904175 2040
1783612741197 0.26329508423805237 2041
1783612741316 0.2630579471588135 2042
1783612741422 0.273080438375473 2043
1783612741515 0.2611006498336792 2044
1783612741633 0.26894548535346985 2045
1783612741752 0.24902182817459106 2046
1783612741871 0.2719295918941498 2047
1783612741965 0.2542637586593628 2048
1783612742074 0.28060382604599 2049
1783612742174 0.2767477333545685 2050
1783612742306 0.25424525141716003 2051
1783612742402 0.25189128518104553 2052
1783612742512 0.26189205050468445 2053
1783612742619 0.2673282027244568 2054
1783612742730 0.2676820158958435 2055
1783612742834 0.26883965730667114 2056
1783612742951 0.2654978632926941 2057
1783612743077 0.25032946467399597 2058
1783612743183 0.2581402659416199 2059
1783612743303 0.2760748267173767 2060
1783612743424 0.2471688687801361 2061
1783612743554 0.25948816537857056 2062
1783612743699 0.26345425844192505 2063
1783612743807 0.28359493613243103 2064
1783612743909 0.2637883126735687 2065
1783612744032 0.25766846537590027 2066
1783612744145 0.2550143897533417 2067
1783612744267 0.25053727626800537 2068
1783612744384 0.26015710830688477 2069
1783612744498 0.2693193852901459 2070
1783612744618 0.24813975393772125 2071
1783612744737 0.2501486837863922 2072
1783612744855 0.2698642313480377 2073
1783612744966 0.268879771232605 2074
1783612745072 0.2555793523788452 2075
1783612745192 0.2602630853652954 2076
1783612745309 0.27674955129623413 2077
1783612745430 0.2568494975566864 2078
1783612745554 0.26652783155441284 2079
1783612745663 0.26087239384651184 2080
1783612745776 0.27590686082839966 2081
1783612745891 0.24143894016742706 2082
1783612746031 0.26947373151779175 2083
1783612746151 0.27000692486763 2084
1783612746256 0.26428526639938354 2085
1783612746368 0.2704786956310272 2086
1783612746488 0.26230013370513916 2087
1783612746599 0.26386868953704834 2088
1783612746703 0.2708975672721863 2089
1783612746814 0.24498207867145538 2090
1783612746923 0.24284611642360687 2091
1783612747052 0.26477861404418945 2092
1783612747173 0.25457701086997986 2093
1783612747284 0.269870400428772 2094
1783612747419 0.24975955486297607 2095
1783612747568 0.24390558898448944 2096
1783612747685 0.25999945402145386 2097
1783612747815 0.2515474855899811 2098
1783612747930 0.2452324777841568 2099
1783612748047 0.25049424171447754 2100
1783612748165 0.2592141926288605 2101
1783612748284 0.25464004278182983 2102
1783612748410 0.26494887471199036 2103
1783612748528 0.2615840435028076 2104
1783612748645 0.25182440876960754 2105
1783612748759 0.2658959925174713 2106
1783612748876 0.25172948837280273 2107
1783612748991 0.2660222053527832 2108
1783612749083 0.25772175192832947 2109
1783612749200 0.24797149002552032 2110
1783612749320 0.25648075342178345 2111
1783612749447 0.27893489599227905 2112
1783612749569 0.2548457682132721 2113
1783612749683 0.2533738911151886 2114
1783612749828 0.25861188769340515 2115
1783612749968 0.2621285915374756 2116
1783612750090 0.25854387879371643 2117
1783612750191 0.26695966720581055 2118
1783612750291 0.24930362403392792 2119
1783612750413 0.24052727222442627 2120
1783612750534 0.2827295660972595 2121
1783612750642 0.24351462721824646 2122
1783612750749 0.26587051153182983 2123
1783612750850 0.24810658395290375 2124
1783612750953 0.24816644191741943 2125
1783612751063 0.25409483909606934 2126
1783612751196 0.24821332097053528 2127
1783612751316 0.2736967206001282 2128
1783612751407 0.26764053106307983 2129
1783612751516 0.25134989619255066 2130
1783612751625 0.25224605202674866 2131
1783612751724 0.24967655539512634 2132
1783612751816 0.24433863162994385 2133
1783612751934 0.25841179490089417 2134
1783612752048 0.2480478435754776 2135
1783612752177 0.2394915670156479 2136
1783612752319 0.25552797317504883 2137
1783612752421 0.25604012608528137 2138
1783612752522 0.2579385042190552 2139
1783612752635 0.2652115225791931 2140
1783612752748 0.2600975036621094 2141
1783612752866 0.2538059651851654 2142
1783612752992 0.25068560242652893 2143
1783612753113 0.23829974234104156 2144
1783612753231 0.24557647109031677 2145
1783612753348 0.2557564079761505 2146
1783612753453 0.26412543654441833 2147
1783612753559 0.2615339756011963 2148
1783612753684 0.27419546246528625 2149
1783612753808 0.26972874999046326 2150
1783612753921 0.24718406796455383 2151
1783612754045 0.26944658160209656 2152
1783612754163 0.26095908880233765 2153
1783612754281 0.26495271921157837 2154
1783612754396 0.24836042523384094 2155
1783612754487 0.26477736234664917 2156
1783612754604 0.25971370935440063 2157
1783612754733 0.2526489496231079 2158
1783612754857 0.24252396821975708 2159
1783612754974 0.25410395860671997 2160
1783612755100 0.263519287109375 2161
1783612755239 0.25617560744285583 2162
1783612755363 0.26433736085891724 2163
1783612755492 0.2606606185436249 2164
1783612755624 0.278438538312912 2165
1783612755748 0.265738844871521 2166
1783612755865 0.2644609808921814 2167
1783612755982 0.2576940357685089 2168
1783612756284 0.25768181681632996 2169
1783612756400 0.2528051733970642 2170
1783612756513 0.26998770236968994 2171
1783612756647 0.26751255989074707 2172
1783612756760 0.2555452585220337 2173
1783612756878 0.24952489137649536 2174
1783612757011 0.2757362127304077 2175
1783612757121 0.2721758484840393 2176
1783612757250 0.27041101455688477 2177
1783612757358 0.2609700858592987 2178
1783612757509 0.25831371545791626 2179
1783612757641 0.2669667899608612 2180
1783612757752 0.26016587018966675 2181
1783612757870 0.25172117352485657 2182
1783612757977 0.2692444324493408 2183
1783612758081 0.26637303829193115 2184
1783612758197 0.2529667913913727 2185
1783612758333 0.2613513171672821 2186
1783612758444 0.2757101356983185 2187
1783612758555 0.25141641497612 2188
1783612758667 0.26720425486564636 2189
1783612758786 0.25021180510520935 2190
1783612758900 0.25286492705345154 2191
1783612759019 0.2697313129901886 2192
1783612759144 0.2652665674686432 2193
1783612759250 0.2432815432548523 2194
1783612759366 0.26225271821022034 2195
1783612759479 0.26505935192108154 2196
1783612759614 0.28671902418136597 2197
1783612759738 0.24481111764907837 2198
1783612759851 0.2604333460330963 2199
1783612759965 0.267558217048645 2200
1783612760172 0.2716354429721832 2201
1783612760314 0.2764192223548889 2202
1783612760465 0.2718822956085205 2203
1783612760597 0.2601056694984436 2204
1783612760769 0.2608895003795624 2205
1783612760924 0.2600647211074829 2206
1783612761107 0.26108041405677795 2207
1783612761348 0.24484659731388092 2208
1783612761529 0.2880832254886627 2209
1783612761670 0.25657472014427185 2210
1783612761844 0.2496437132358551 2211
1783612762001 0.2505316138267517 2212
1783612762166 0.27683669328689575 2213
1783612762329 0.2698206901550293 2214
1783612762417 0.2575061321258545 2215
1783612762549 0.26469939947128296 2216
1783612762680 0.25985923409461975 2217
1783612762891 0.26908597350120544 2218
1783612763001 0.24576976895332336 2219
1783612763185 0.24586527049541473 2220
1783612763366 0.25544530153274536 2221
1783612763529 0.26455771923065186 2222
1783612763680 0.25367963314056396 2223
1783612763792 0.26277825236320496 2224
1783612764064 0.2552861273288727 2225
1783612764267 0.2542976140975952 2226
1783612764450 0.2571905553340912 2227
1783612764603 0.2505541741847992 2228
1783612764746 0.2500998079776764 2229
1783612764901 0.25769904255867004 2230
1783612765037 0.24249112606048584 2231
1783612765285 0.25521162152290344 2232
1783612765453 0.25925561785697937 2233
1783612765622 0.2502296268939972 2234
1783612765788 0.2564622163772583 2235
1783612765925 0.2756516635417938 2236
1783612766103 0.24905243515968323 2237
1783612766265 0.2567141652107239 2238
1783612766417 0.2545797526836395 2239
1783612766708 0.2627594470977783 2240
1783612766853 0.25072023272514343 2241
1783612766998 0.2600831091403961 2242
1783612767183 0.25171613693237305 2243
1783612767458 0.24490998685359955 2244
1783612767621 0.2462327927350998 2245
1783612767757 0.25729891657829285 2246
1783612767879 0.26967301964759827 2247
1783612767992 0.2385239452123642 2248
1783612768117 0.25364619493484497 2249
1783612768231 0.2543666958808899 2250
1783612768351 0.26028990745544434 2251
1783612768465 0.26161617040634155 2252
1783612768579 0.2750420868396759 2253
1783612768718 0.26743218302726746 2254
1783612768834 0.2410014420747757 2255
1783612768949 0.2542821168899536 2256
1783612769063 0.26485681533813477 2257
1783612769198 0.24735082685947418 2258
1783612769308 0.25143957138061523 2259
1783612769413 0.25587016344070435 2260
1783612769523 0.27334174513816833 2261
1783612769635 0.2650606036186218 2262
1783612769751 0.2530665397644043 2263
1783612769848 0.25778016448020935 2264
1783612769965 0.2514614462852478 2265
1783612770082 0.26337748765945435 2266
1783612770198 0.2528010308742523 2267
1783612770311 0.24198003113269806 2268
1783612770448 0.2464371919631958 2269
1783612770582 0.2555883228778839 2270
1783612770704 0.2526859641075134 2271
1783612770829 0.26336073875427246 2272
1783612770949 0.2648579478263855 2273
1783612771079 0.2592739164829254 2274
1783612771194 0.27622655034065247 2275
1783612771311 0.26075512170791626 2276
1783612771426 0.28352269530296326 2277
1783612771547 0.2621901333332062 2278
1783612771654 0.26021143794059753 2279
1783612771774 0.2606070041656494 2280
1783612771886 0.26124176383018494 2281
1783612772001 0.24971416592597961 2282
1783612772114 0.2692319452762604 2283
1783612772229 0.2657792270183563 2284
1783612772349 0.26265791058540344 2285
1783612772441 0.2774200141429901 2286
1783612772551 0.27579113841056824 2287
1783612772647 0.26540619134902954 2288
1783612772760 0.2639874517917633 2289
1783612772869 0.2626168727874756 2290
1783612773007 0.26434653997421265 2291
1783612773133 0.2611488103866577 2292
1783612773248 0.26618140935897827 2293
1783612773355 0.2638256549835205 2294
1783612773469 0.26071932911872864 2295
1783612773573 0.27631428837776184 2296
1783612773684 0.251236230134964 2297
1783612773813 0.269476979970932 2298
1783612773935 0.25189557671546936 2299
1783612774055 0.2575085163116455 2300
1783612774166 0.25848665833473206 2301
1783612774301 0.25472497940063477 2302
1783612774447 0.27789193391799927 2303
1783612774543 0.27711257338523865 2304
1783612774652 0.2671218514442444 2305
1783612774756 0.2647363245487213 2306
1783612774849 0.25865447521209717 2307
1783612774978 0.27637550234794617 2308
1783612775085 0.26249608397483826 2309
1783612775198 0.2660084068775177 2310
1783612775306 0.2558653950691223 2311
1783612775444 0.2621414363384247 2312
1783612775587 0.25616058707237244 2313
1783612775700 0.2587462067604065 2314
1783612775812 0.25150901079177856 2315
1783612775925 0.25322163105010986 2316
1783612776083 0.26462098956108093 2317
1783612776212 0.24659498035907745 2318
1783612776384 0.24511030316352844 2319
1783612776569 0.2469099760055542 2320
1783612776714 0.24555326998233795 2321
1783612777088 0.2662634253501892 2322
1783612777200 0.24574802815914154 2323
1783612777356 0.25067389011383057 2324
1783612777518 0.2570247948169708 2325
1783612777668 0.2612755298614502 2326
1783612777851 0.25591158866882324 2327
1783612778045 0.24731409549713135 2328
1783612778235 0.23751410841941833 2329
1783612778386 0.2631894648075104 2330
1783612778550 0.27629315853118896 2331
1783612778707 0.2573302388191223 2332
1783612778885 0.2482060194015503 2333
1783612779034 0.25746244192123413 2334
1783612779201 0.25510627031326294 2335
1783612779330 0.24338029325008392 2336
1783612779472 0.2681637108325958 2337
1783612779664 0.27946773171424866 2338
1783612779797 0.2579326331615448 2339
1783612779968 0.2686619758605957 2340
1783612780123 0.2576304078102112 2341
1783612780277 0.2603980600833893 2342
1783612780418 0.23972302675247192 2343
1783612780567 0.24849510192871094 2344
1783612780865 0.26114651560783386 2345
1783612780984 0.2634815573692322 2346
1783612781103 0.26857709884643555 2347
1783612781240 0.25460687279701233 2348
1783612781366 0.27678269147872925 2349
1783612781500 0.2581963837146759 2350
1783612781615 0.26724934577941895 2351
1783612781727 0.2738605737686157 2352
1783612781838 0.2754274606704712 2353
1783612781933 0.26871412992477417 2354
1783612782068 0.251982718706131 2355
1783612782193 0.25226813554763794 2356
1783612782329 0.25861528515815735 2357
1783612782431 0.25434985756874084 2358
1783612782538 0.28294017910957336 2359
1783612782637 0.2573706805706024 2360
1783612782758 0.24931581318378448 2361
1783612782872 0.2661857306957245 2362
1783612782984 0.2510477900505066 2363
1783612783114 0.25269198417663574 2364
1783612783257 0.24990946054458618 2365
1783612783368 0.26342251896858215 2366
1783612783505 0.26303669810295105 2367
1783612783630 0.26492840051651 2368
1783612783738 0.26473143696784973 2369
1783612783846 0.2466454654932022 2370
1783612783944 0.27087315917015076 2371
1783612784069 0.24603146314620972 2372
1783612784189 0.262877494096756 2373
1783612784297 0.2672191858291626 2374
1783612784433 0.2794610857963562 2375
1783612784549 0.27608931064605713 2376
1783612784675 0.254753977060318 2377
1783612784792 0.27282893657684326 2378
1783612784885 0.26104098558425903 2379
1783612784980 0.25915175676345825 2380
1783612785091 0.26152148842811584 2381
1783612785213 0.2917454242706299 2382
1783612785331 0.24980860948562622 2383
1783612785440 0.2607777714729309 2384
1783612785546 0.249805748462677 2385
1783612785649 0.27049267292022705 2386
1783612785729 0.2667219936847687 2387
1783612785845 0.25309473276138306 2388
1783612785956 0.25988927483558655 2389
1783612786063 0.25612708926200867 2390
1783612786165 0.2630040645599365 2391
1783612786279 0.2581298351287842 2392
1783612786394 0.2624385952949524 2393
1783612786534 0.2583584785461426 2394
1783612786645 0.26175782084465027 2395
1783612786750 0.26281294226646423 2396
1783612786857 0.2722083032131195 2397
1783612786967 0.24409101903438568 2398
1783612787067 0.24580328166484833 2399
1783612787180 0.2688045799732208 2400
1783612787284 0.26060038805007935 2401
1783612787391 0.27180716395378113 2402
1783612787513 0.2566634714603424 2403
1783612787627 0.25209641456604004 2404
1783612787741 0.246633380651474 2405
1783612787853 0.27436575293540955 2406
1783612787957 0.2648382782936096 2407
1783612788141 0.268158495426178 2408
1783612788321 0.2566678524017334 2409
1783612788550 0.26233771443367004 2410
1783612788700 0.265508234500885 2411
1783612788882 0.28033876419067383 2412
1783612789024 0.26711365580558777 2413
1783612789185 0.26804471015930176 2414
1783612789331 0.2668127119541168 2415
1783612789478 0.2578423023223877 2416
1783612789602 0.23294411599636078 2417
1783612789878 0.2808695137500763 2418
1783612790104 0.2510874271392822 2419
1783612790271 0.2606782019138336 2420
1783612790435 0.26494473218917847 2421
1783612790556 0.26170969009399414 2422
1783612790733 0.26319360733032227 2423
1783612790881 0.25524985790252686 2424
1783612790997 0.26702916622161865 2425
1783612791123 0.2738523781299591 2426
1783612791238 0.26422318816185 2427
1783612791338 0.25646913051605225 2428
1783612791441 0.26639285683631897 2429
1783612791564 0.2584795355796814 2430
1783612791695 0.28107473254203796 2431
1783612791804 0.2464222013950348 2432
1783612791933 0.25740817189216614 2433
1783612792071 0.26412665843963623 2434
1783612792197 0.27893945574760437 2435
1783612792307 0.2534707486629486 2436
1783612792423 0.2734734117984772 2437
1783612792530 0.26443520188331604 2438
1783612792625 0.26746034622192383 2439
1783612792729 0.24140878021717072 2440
1783612792838 0.26422157883644104 2441
1783612792942 0.27465295791625977 2442
1783612793066 0.26790851354599 2443
1783612793181 0.25391149520874023 2444
1783612793299 0.25225895643234253 2445
1783612793421 0.25674912333488464 2446
1783612793556 0.26603251695632935 2447
1783612793667 0.2755003273487091 2448
1783612793781 0.25700756907463074 2449
1783612793887 0.259563684463501 2450
1783612793993 0.2623024880886078 2451
1783612794106 0.25931623578071594 2452
1783612794215 0.25426778197288513 2453
1783612794332 0.2709415555000305 2454
1783612794451 0.24957014620304108 2455
1783612794580 0.27176663279533386 2456
1783612794687 0.24530939757823944 2457
1783612794806 0.24705466628074646 2458
1783612794929 0.2507238984107971 2459
1783612795061 0.2606706917285919 2460
1783612795183 0.26160749793052673 2461
1783612795290 0.2572310268878937 2462
1783612795380 0.2385084331035614 2463
1783612795513 0.250609815120697 2464
1783612795620 0.268108993768692 2465
1783612795736 0.25000548362731934 2466
1783612795849 0.2708696126937866 2467
1783612795962 0.2618826925754547 2468
1783612796064 0.27851948142051697 2469
1783612796233 0.24297219514846802 2470
1783612796339 0.25899532437324524 2471
1783612796452 0.2731519639492035 2472
1783612796562 0.25514543056488037 2473
1783612796664 0.23988991975784302 2474
1783612796799 0.2618095576763153 2475
1783612796906 0.2410707324743271 2476
1783612797009 0.26934534311294556 2477
1783612797128 0.27254393696784973 2478
1783612797241 0.25537627935409546 2479
1783612797363 0.27287453413009644 2480
1783612797481 0.24371619522571564 2481
1783612797604 0.26710671186447144 2482
1783612797728 0.24551494419574738 2483
1783612797844 0.26083827018737793 2484
1783612797952 0.23306076228618622 2485
1783612798085 0.26110485196113586 2486
1783612798201 0.26672056317329407 2487
1783612798330 0.25692322850227356 2488
1783612798453 0.25176528096199036 2489
1783612798580 0.26923224329948425 2490
1783612798694 0.2774520814418793 2491
1783612798808 0.26637792587280273 2492
1783612798928 0.26001980900764465 2493
1783612799029 0.25935330986976624 2494
1783612799129 0.24131223559379578 2495
1783612799263 0.2700445353984833 2496
1783612799371 0.28627505898475647 2497
1783612799463 0.25973108410835266 2498
1783612799585 0.27556049823760986 2499
1783612799714 0.2650020718574524 2500
1783612799829 0.25000596046447754 2501
1783612799945 0.2634294331073761 2502
1783612800110 0.254666805267334 2503
1783612800272 0.24897773563861847 2504
1783612800455 0.26498353481292725 2505
1783612800635 0.24846825003623962 2506
1783612800806 0.2572113275527954 2507
1783612800962 0.2632620334625244 2508
1783612801102 0.26575663685798645 2509
1783612801270 0.25698938965797424 2510
1783612801493 0.24045859277248383 2511
1783612801650 0.2541787624359131 2512
1783612801800 0.2661883533000946 2513
1783612801969 0.23653924465179443 2514
1783612802111 0.25424501299858093 2515
1783612802287 0.26864105463027954 2516
1783612802419 0.2469063252210617 2517
1783612802534 0.26406416296958923 2518
1783612802737 0.25514572858810425 2519
1783612802903 0.2751117944717407 2520
1783612803022 0.26542767882347107 2521
1783612803164 0.2713686227798462 2522
1783612803352 0.2790655493736267 2523
1783612803522 0.2683872878551483 2524
1783612803704 0.25689196586608887 2525
1783612803844 0.27032315731048584 2526
1783612803998 0.24732881784439087 2527
1783612804114 0.27133917808532715 2528
1783612804230 0.27886834740638733 2529
1783612804356 0.2672511041164398 2530
1783612804470 0.25829440355300903 2531
1783612804564 0.27010035514831543 2532
1783612804670 0.2530071437358856 2533
1783612804787 0.27172887325286865 2534
1783612804905 0.25571122765541077 2535
1783612805019 0.2687476873397827 2536
1783612805146 0.26027098298072815 2537
1783612805246 0.25761550664901733 2538
1783612805361 0.2524765133857727 2539
1783612805487 0.25622668862342834 2540
1783612805577 0.26779305934906006 2541
1783612805691 0.25737953186035156 2542
1783612805805 0.2386854887008667 2543
1783612805927 0.2624731659889221 2544
1783612806036 0.24005858600139618 2545
1783612806140 0.2538664937019348 2546
1783612806264 0.25619328022003174 2547
1783612806401 0.25342294573783875 2548
1783612806533 0.268157035112381 2549
1783612806647 0.2566462457180023 2550
1783612806772 0.26422348618507385 2551
1783612806916 0.25308459997177124 2552
1783612807038 0.2682860195636749 2553
1783612807154 0.2517937123775482 2554
1783612807264 0.2678735554218292 2555
1783612807395 0.25767016410827637 2556
1783612807520 0.25403672456741333 2557
1783612807627 0.2452271580696106 2558
1783612807761 0.2537330985069275 2559
1783612807871 0.24106010794639587 2560
1783612807972 0.2535436451435089 2561
1783612808086 0.2498357743024826 2562
1783612808200 0.24605350196361542 2563
1783612808335 0.2610781490802765 2564
1783612808462 0.26055145263671875 2565
1783612808572 0.2431352585554123 2566
1783612808682 0.24616287648677826 2567
1783612808814 0.2538996934890747 2568
1783612808931 0.25818368792533875 2569
1783612809053 0.2582685649394989 2570
1783612809165 0.250127375125885 2571
1783612809284 0.25635695457458496 2572
1783612809394 0.25123220682144165 2573
1783612809497 0.27527713775634766 2574
1783612809614 0.23474031686782837 2575
1783612809732 0.2660042643547058 2576
1783612809840 0.24853791296482086 2577
1783612809939 0.26091983914375305 2578
1783612810066 0.2563930153846741 2579
1783612810219 0.26114004850387573 2580
1783612810399 0.27119719982147217 2581
1783612810556 0.2679763436317444 2582
1783612810757 0.26263096928596497 2583
1783612810901 0.25591152906417847 2584
1783612811073 0.2551875114440918 2585
1783612811247 0.2566228210926056 2586
1783612811405 0.2563411295413971 2587
1783612811801 0.2668742835521698 2588
1783612811929 0.25450265407562256 2589
1783612812096 0.25755995512008667 2590
1783612812263 0.25186094641685486 2591
1783612812395 0.26942092180252075 2592
1783612812499 0.26814115047454834 2593
1783612812618 0.2505279779434204 2594
1783612812780 0.2582971453666687 2595
1783612813132 0.2677329182624817 2596
1783612813286 0.2714376747608185 2597
1783612813449 0.2832120656967163 2598
1783612813619 0.27571767568588257 2599
1783612813785 0.2542359232902527 2600
1783612813957 0.26969432830810547 2601
1783612814116 0.2483108639717102 2602
1783612814240 0.26737335324287415 2603
1783612814372 0.2586989998817444 2604
1783612814572 0.2822401225566864 2605
1783612814722 0.2621096968650818 2606
1783612814924 0.2708342671394348 2607
1783612815086 0.25672176480293274 2608
1783612815191 0.2562151551246643 2609
1783612815299 0.2707214057445526 2610
1783612815409 0.2550744414329529 2611
1783612815531 0.257907509803772 2612
1783612815649 0.23798416554927826 2613
1783612815765 0.2456277757883072 2614
1783612815882 0.25375795364379883 2615
1783612815994 0.26832106709480286 2616
1783612816130 0.26860958337783813 2617
1783612816245 0.2513899803161621 2618
1783612816361 0.2531808018684387 2619
1783612816480 0.25958165526390076 2620
1783612816601 0.2688865661621094 2621
1783612816731 0.2588893473148346 2622
1783612816848 0.2624126076698303 2623
1783612816962 0.2735883891582489 2624
1783612817069 0.2550314962863922 2625
1783612817161 0.2568763792514801 2626
1783612817300 0.2700326442718506 2627
1783612817406 0.25688502192497253 2628
1783612817529 0.26578259468078613 2629
1783612817635 0.2609930634498596 2630
1783612817740 0.2685878574848175 2631
1783612817862 0.27336999773979187 2632
1783612817967 0.2480243444442749 2633
1783612818093 0.2544327676296234 2634
1783612818215 0.2719569802284241 2635
1783612818316 0.2682568430900574 2636
1783612818440 0.25555220246315 2637
1783612818559 0.24273978173732758 2638
1783612818693 0.25955697894096375 2639
1783612818827 0.2589893341064453 2640
1783612818952 0.2648020088672638 2641
1783612819071 0.25477907061576843 2642
1783612819185 0.2643531560897827 2643
1783612819305 0.27319467067718506 2644
1783612819418 0.2420603632926941 2645
1783612819523 0.2514588534832001 2646
1783612819626 0.27921321988105774 2647
1783612819732 0.24820701777935028 2648
1783612819834 0.24079899489879608 2649
1783612819960 0.2624853253364563 2650
1783612820073 0.27132999897003174 2651
1783612820176 0.24482758343219757 2652
1783612820285 0.24860291182994843 2653
1783612820411 0.26704102754592896 2654
1783612820546 0.25207746028900146 2655
1783612820662 0.24356169998645782 2656
1783612820764 0.24838893115520477 2657
1783612820871 0.2807309627532959 2658
1783612820994 0.25751280784606934 2659
1783612821101 0.2760060429573059 2660
1783612821215 0.2609889805316925 2661
1783612821314 0.2618822455406189 2662
1783612821421 0.2444104105234146 2663
1783612821536 0.2612527012825012 2664
1783612821651 0.26430919766426086 2665
1783612821838 0.2597551941871643 2666
1783612821950 0.26486024260520935 2667
1783612822066 0.2550585865974426 2668
1783612822188 0.28366976976394653 2669
1783612822289 0.26208531856536865 2670
1783612822425 0.2627696096897125 2671
1783612822517 0.2633068263530731 2672
1783612822621 0.27022746205329895 2673
1783612822751 0.26428282260894775 2674
1783612822861 0.2634423077106476 2675
1783612822966 0.26372823119163513 2676
1783612823078 0.2582266926765442 2677
1783612823191 0.26067784428596497 2678
1783612823303 0.26231634616851807 2679
1783612823411 0.2702908217906952 2680
1783612823514 0.264495849609375 2681
1783612823633 0.2754259407520294 2682
1783612823737 0.2775319516658783 2683
1783612823862 0.2699769139289856 2684
1783612823960 0.26129472255706787 2685
1783612824080 0.2511044442653656 2686
1783612824180 0.2684875726699829 2687
1783612824269 0.25389668345451355 2688
1783612824379 0.27469316124916077 2689
1783612824498 0.2655721604824066 2690
1783612824590 0.2556629478931427 2691
1783612824681 0.2558321952819824 2692
1783612824769 0.26895514130592346 2693
1783612824880 0.2776307463645935 2694
1783612824996 0.2382693737745285 2695
1783612825110 0.2575352191925049 2696
1783612825235 0.25411805510520935 2697
1783612825415 0.24032552540302277 2698
1783612825717 0.270632266998291 2699
1783612825897 0.25918278098106384 2700
1783612826032 0.2478671371936798 2701
1783612826185 0.2680108845233917 2702
1783612826297 0.2594177722930908 2703
1783612826450 0.23862013220787048 2704
1783612826617 0.26136431097984314 2705
1783612826764 0.26249298453330994 2706
1783612827145 0.27642786502838135 2707
1783612827266 0.27445700764656067 2708
1783612827419 0.2576565444469452 2709
1783612827559 0.27463847398757935 2710
1783612827697 0.25303104519844055 2711
1783612827842 0.28271734714508057 2712
1783612827992 0.2520628571510315 2713
1783612828149 0.2621651589870453 2714
1783612828374 0.2515270709991455 2715
1783612828591 0.2475157380104065 2716
1783612828752 0.24574774503707886 2717
1783612828915 0.2531299889087677 2718
1783612829065 0.24719242751598358 2719
1783612829199 0.2684858739376068 2720
1783612829311 0.2539701759815216 2721
1783612829443 0.24802811443805695 2722
1783612829573 0.2702125310897827 2723
1783612829690 0.26096826791763306 2724
1783612829805 0.259662926197052 2725
1783612829923 0.25035762786865234 2726
1783612830023 0.25656241178512573 2727
1783612830117 0.25638818740844727 2728
1783612830226 0.2461399883031845 2729
1783612830333 0.26467055082321167 2730
1783612830460 0.2497885525226593 2731
1783612830579 0.24477869272232056 2732
1783612830700 0.25644126534461975 2733
1783612830823 0.2572851777076721 2734
1783612830937 0.24152489006519318 2735
1783612831055 0.26941370964050293 2736
1783612831179 0.25310003757476807 2737
1783612831304 0.26563122868537903 2738
1783612831422 0.26283934712409973 2739
1783612831548 0.24722535908222198 2740
1783612831653 0.24463286995887756 2741
1783612831759 0.25706174969673157 2742
1783612831874 0.2534426152706146 2743
1783612831985 0.2623246908187866 2744
1783612832130 0.25711697340011597 2745
1783612832247 0.2664263844490051 2746
1783612832376 0.2508919835090637 2747
1783612832465 0.26180994510650635 2748
1783612832568 0.26010191440582275 2749
1783612832682 0.2620670795440674 2750
1783612832801 0.26132503151893616 2751
1783612832926 0.24800057709217072 2752
1783612833044 0.24695460498332977 2753
1783612833148 0.2600024938583374 2754
1783612833260 0.25926244258880615 2755
1783612833371 0.25953221321105957 2756
1783612833485 0.24666570127010345 2757
1783612833581 0.2482561320066452 2758
1783612833699 0.2500307261943817 2759
1783612833823 0.2509887218475342 2760
1783612833948 0.25527724623680115 2761
1783612834054 0.2628154754638672 2762
1783612834146 0.2504417300224304 2763
1783612834278 0.24672551453113556 2764
1783612834393 0.2578163146972656 2765
1783612834518 0.2541627883911133 2766
1783612834642 0.2650592625141144 2767
1783612834764 0.237853541970253 2768
1783612834878 0.24886511266231537 2769
1783612834997 0.27090632915496826 2770
1783612835106 0.27451038360595703 2771
1783612835211 0.2678501009941101 2772
1783612835316 0.27415385842323303 2773
1783612835469 0.24638491868972778 2774
1783612835628 0.2551702857017517 2775
1783612835812 0.2687757909297943 2776
1783612836025 0.2684481739997864 2777
1783612836173 0.25923699140548706 2778
1783612836350 0.2637515068054199 2779
1783612836477 0.25908470153808594 2780
1783612836632 0.2531158924102783 2781
1783612836781 0.26673465967178345 2782
1783612836922 0.2657189667224884 2783
1783612837066 0.25394105911254883 2784
1783612837332 0.2660940885543823 2785
1783612837493 0.26456448435783386 2786
1783612837629 0.26761648058891296 2787
1783612837812 0.2603968679904938 2788
1783612837965 0.2582387924194336 2789
1783612838120 0.2754576504230499 2790
1783612838279 0.2519679069519043 2791
1783612838706 0.25042328238487244 2792
1783612838871 0.26951271295547485 2793
1783612839032 0.24485498666763306 2794
1783612839177 0.2595709264278412 2795
1783612839335 0.25784018635749817 2796
1783612839496 0.2631479501724243 2797
1783612839650 0.2600194215774536 2798
1783612839941 0.25577571988105774 2799
1783612840147 0.27297571301460266 2800
1783612840266 0.25394415855407715 2801
1783612840367 0.2717002034187317 2802
1783612840477 0.25845658779144287 2803
1783612840569 0.2559346556663513 2804
1783612840681 0.25337621569633484 2805
1783612840785 0.2606021761894226 2806
1783612840894 0.2590501308441162 2807
1783612841026 0.26891347765922546 2808
1783612841162 0.26894819736480713 2809
1783612841293 0.2722056210041046 2810
