1783600820496 14.64081859588623 0
1783600820623 18.592594146728516 1
1783600820728 19.246143341064453 2
1783600820857 18.602758407592773 3
1783600821020 13.2652587890625 4
1783600821183 15.431974411010742 5
1783600821301 10.282301902770996 6
1783600821424 12.114850997924805 7
1783600821588 9.303703308105469 8
1783600821732 13.453514099121094 9
1783600821906 12.310551643371582 10
1783600822064 9.578378677368164 11
1783600822235 10.727070808410645 12
1783600822374 9.411252975463867 13
1783600822493 7.8463311195373535 14
1783600822632 8.069587707519531 15
1783600822798 7.829216957092285 16
1783600822965 8.048727035522461 17
1783600823123 7.604420185089111 18
1783600823297 7.80156946182251 19
1783600823478 8.031982421875 20
1783600823584 6.59079122543335 21
1783600823777 4.991408824920654 22
1783600823967 4.334090232849121 23
1783600824145 4.78585147857666 24
1783600824294 3.146212577819824 25
1783600824457 5.877435207366943 26
1783600824610 2.951390027999878 27
1783600824762 4.621687889099121 28
1783600824915 3.3923909664154053 29
1783600825130 3.630596160888672 30
1783600825271 2.380005121231079 31
1783600825425 2.363621473312378 32
1783600825604 3.5962395668029785 33
1783600825724 2.924616813659668 34
1783600825916 3.023468494415283 35
1783600826061 2.3931198120117188 36
1783600826371 2.7750627994537354 37
1783600826523 2.621286392211914 38
1783600826706 1.8817332983016968 39
1783600826860 2.0883641242980957 40
1783600827065 2.2195327281951904 41
1783600827221 1.9659829139709473 42
1783600827367 2.15350604057312 43
1783600827636 1.816635012626648 44
1783600827743 1.151626467704773 45
1783600827901 1.141648769378662 46
1783600828076 1.2709624767303467 47
1783600828250 1.185982346534729 48
1783600828417 1.1398762464523315 49
1783600828586 1.194176197052002 50
1783600828769 1.1106234788894653 51
1783600828964 1.409641981124878 52
1783600829102 0.9642287492752075 53
1783600829311 1.0937535762786865 54
1783600829439 0.8491454720497131 55
1783600829562 1.1197749376296997 56
1783600829691 1.152080774307251 57
1783600829820 1.5106301307678223 58
1783600829923 1.2837989330291748 59
1783600830034 1.2407121658325195 60
1783600830244 1.2164125442504883 61
1783600830400 1.1814574003219604 62
1783600830577 1.1936053037643433 63
1783600830742 1.1069905757904053 64
1783600830932 0.9965229034423828 65
1783600831073 1.1318682432174683 66
1783600831223 0.9012147188186646 67
1783600831496 0.752402126789093 68
1783600831649 0.8131219744682312 69
1783600831795 0.9425026178359985 70
1783600831932 0.7959138751029968 71
1783600832078 1.1125900745391846 72
1783600832232 0.7357622981071472 73
1783600832413 0.9530303478240967 74
1783600832623 1.047705888748169 75
1783600832755 0.6287177801132202 76
1783600832895 0.6933214068412781 77
1783600833046 0.784450352191925 78
1783600833227 0.8122341632843018 79
1783600833379 0.7335779666900635 80
1783600833516 1.0623184442520142 81
1783600833619 0.5977813601493835 82
1783600833857 0.8795698285102844 83
1783600834004 1.0244040489196777 84
1783600834117 0.7306756973266602 85
1783600834214 0.5492176413536072 86
1783600834323 0.8355706930160522 87
1783600834441 0.8239237070083618 88
1783600834545 1.0454211235046387 89
1783600834647 0.5450965762138367 90
1783600834754 0.7252371311187744 91
1783600834882 0.9716450572013855 92
1783600835044 0.7655091881752014 93
1783600835256 0.9094316363334656 94
1783600835404 0.8784747123718262 95
1783600835519 0.6939377784729004 96
1783600835631 0.8202333450317383 97
1783600835755 0.634361207485199 98
1783600835901 0.5082553029060364 99
1783600836023 0.7630908489227295 100
1783600836168 0.740956723690033 101
1783600836313 0.8365347385406494 102
1783600836438 0.7370968461036682 103
1783600836628 0.62425696849823 104
1783600836766 0.849308967590332 105
1783600836912 0.7353584170341492 106
1783600837101 0.71855229139328 107
1783600837242 0.901150107383728 108
1783600837401 0.8825622200965881 109
1783600837541 0.6331942677497864 110
1783600837666 0.7417306900024414 111
1783600837778 0.8793882727622986 112
1783600837902 0.6072590351104736 113
1783600838016 0.8713951706886292 114
1783600838162 0.9411982297897339 115
1783600838281 0.6244055032730103 116
1783600838421 0.5560116767883301 117
1783600838583 0.45149025321006775 118
1783600838708 0.6113535165786743 119
1783600838822 0.5456535816192627 120
1783600838927 0.6546587347984314 121
1783600839044 0.8048194050788879 122
1783600839186 0.7714121341705322 123
1783600839315 0.5886527299880981 124
1783600839452 0.7134263515472412 125
1783600839605 0.7360519170761108 126
1783600839719 0.6570540070533752 127
1783600839844 0.7395394444465637 128
1783600839971 0.7920206785202026 129
1783600840100 0.5632069706916809 130
1783600840262 0.8207595944404602 131
1783600840397 0.6960195302963257 132
1783600840545 0.6770254373550415 133
1783600840696 0.465328574180603 134
1783600840852 0.6363015174865723 135
1783600840988 0.5775018334388733 136
1783600841161 0.8165911436080933 137
1783600841292 0.6155017614364624 138
1783600841412 0.5295635461807251 139
1783600841553 0.6762080788612366 140
1783600841746 0.3817688822746277 141
1783600841873 0.7554826140403748 142
1783600842049 0.7174244523048401 143
1783600842184 0.6107804775238037 144
1783600842396 0.695692241191864 145
1783600842569 0.6143307685852051 146
1783600842782 0.6660915017127991 147
1783600842977 0.5521451234817505 148
1783600843127 0.6738165616989136 149
1783600843262 0.6614605188369751 150
1783600843405 0.5767658352851868 151
1783600843533 0.6430690288543701 152
1783600843699 0.600141704082489 153
1783600843921 0.46187594532966614 154
1783600844047 0.6182781457901001 155
1783600844201 0.5605440735816956 156
1783600844323 0.47254282236099243 157
1783600844447 0.7227754592895508 158
1783600844578 0.6293269991874695 159
1783600844715 0.7145644426345825 160
1783600844850 0.5996305346488953 161
1783600845005 0.5509961843490601 162
1783600845158 0.7412962913513184 163
1783600845279 0.5844713449478149 164
1783600845479 0.5924649238586426 165
1783600845645 1.0789225101470947 166
1783600845771 0.5922326445579529 167
1783600845877 0.46825110912323 168
1783600846009 0.5737625956535339 169
1783600846154 0.7748764753341675 170
1783600846290 0.9040632843971252 171
1783600846446 0.5437660217285156 172
1783600846641 0.6774173974990845 173
1783600846780 0.8465059995651245 174
1783600846933 0.8062092661857605 175
1783600847110 0.42946988344192505 176
1783600847253 0.581788957118988 177
1783600847377 0.6348994374275208 178
1783600847528 0.5990572571754456 179
1783600847698 0.4639616310596466 180
1783600847814 0.6668761968612671 181
1783600848025 0.7897049188613892 182
1783600848188 0.6643338799476624 183
1783600848307 0.6616191864013672 184
1783600848530 0.7366855144500732 185
1783600848668 0.39339783787727356 186
1783600848786 0.4443058371543884 187
1783600848935 0.42870384454727173 188
1783600849061 0.7162426114082336 189
1783600849204 0.6427549719810486 190
1783600849370 0.66999751329422 191
1783600849515 0.5416921377182007 192
1783600849644 0.6929726600646973 193
1783600849811 0.4355175793170929 194
1783600849974 0.5601574182510376 195
1783600850125 0.3379836678504944 196
1783600850249 0.5796676874160767 197
1783600850395 0.48758062720298767 198
1783600850515 0.40992188453674316 199
1783600850637 0.49393802881240845 200
1783600850759 0.6772377490997314 201
1783600850881 0.6381641030311584 202
1783600850992 0.4920690059661865 203
1783600851109 0.39340975880622864 204
1783600851253 0.47521311044692993 205
1783600851469 0.5808930397033691 206
1783600851600 0.383410781621933 207
1783600851716 0.3583027720451355 208
1783600851908 0.43898656964302063 209
1783600852046 0.6084262132644653 210
1783600852190 0.4329906105995178 211
1783600852301 0.6336802244186401 212
1783600852427 0.5113571286201477 213
1783600852568 0.5585281252861023 214
1783600852678 0.4333036243915558 215
1783600852784 0.26711204648017883 216
1783600852899 0.5935777425765991 217
1783600853013 0.730541467666626 218
1783600853167 0.34605592489242554 219
1783600853328 0.5099615454673767 220
1783600853447 0.7557202577590942 221
1783600853554 0.48483529686927795 222
1783600853654 0.6325267553329468 223
1783600853779 0.5763846635818481 224
1783600853916 0.4008457660675049 225
1783600854091 0.5177136659622192 226
1783600854293 0.5201546549797058 227
1783600854409 0.4594128131866455 228
1783600854541 0.5005959272384644 229
1783600854706 0.2678237855434418 230
1783600854823 0.6316545605659485 231
1783600854928 0.561794638633728 232
1783600855080 0.47789013385772705 233
1783600855273 0.48195382952690125 234
1783600855434 0.6568594574928284 235
1783600855573 0.2583267092704773 236
1783600855706 0.42580875754356384 237
1783600855835 0.5262231826782227 238
1783600855962 0.42811915278434753 239
1783600856115 0.4902416169643402 240
1783600856276 0.46623694896698 241
1783600856425 0.5406733751296997 242
1783600856552 0.3819902241230011 243
1783600856680 0.6526657938957214 244
1783600856831 0.3930331766605377 245
1783600856996 0.4983634650707245 246
1783600857115 0.6922487020492554 247
1783600857233 0.36666548252105713 248
1783600857367 0.7369748950004578 249
1783600857507 0.3498042821884155 250
1783600857657 0.5655989050865173 251
1783600857795 0.4493458569049835 252
1783600857960 0.3637004792690277 253
1783600858098 0.43380284309387207 254
1783600858241 0.5463240146636963 255
1783600858399 0.4126141369342804 256
1783600858547 0.3650931417942047 257
1783600858720 0.4282890260219574 258
1783600858873 0.6621426939964294 259
1783600859039 0.3435594439506531 260
1783600859184 0.5039852857589722 261
1783600859327 0.42699822783470154 262
1783600859528 0.6831398010253906 263
1783600859687 0.31209009885787964 264
1783600859812 0.3665509819984436 265
1783600859976 0.415580689907074 266
1783600860165 0.37807324528694153 267
1783600860293 0.3709953725337982 268
1783600860441 0.32662203907966614 269
1783600860593 0.3740388751029968 270
1783600860762 0.4788593351840973 271
1783600860929 0.5797494053840637 272
1783600861074 0.30392563343048096 273
1783600861229 0.3787307143211365 274
1783600861356 0.4562317132949829 275
1783600861481 0.3941613435745239 276
1783600861629 0.5836445093154907 277
1783600861785 0.3674605190753937 278
1783600861953 0.4702673554420471 279
1783600862152 0.5126368999481201 280
1783600862306 0.4752013683319092 281
1783600862452 0.5115329027175903 282
1783600862573 0.40358075499534607 283
1783600862686 0.672357976436615 284
1783600862862 0.8082747459411621 285
1783600863061 0.47566497325897217 286
1783600863179 0.5828641653060913 287
1783600863416 0.6010329127311707 288
1783600863536 0.21249179542064667 289
1783600863637 0.6102031469345093 290
1783600863792 0.5227183699607849 291
1783600863917 0.32870423793792725 292
1783600864077 0.38877540826797485 293
1783600864246 0.4699276387691498 294
1783600864401 0.5920508503913879 295
1783600864558 0.30648744106292725 296
1783600864691 0.5252182483673096 297
1783600864825 0.391063392162323 298
1783600864984 0.7675074338912964 299
1783600865126 0.4683430790901184 300
1783600865312 0.4104103147983551 301
1783600865459 0.3988991677761078 302
1783600865617 0.4656789302825928 303
1783600865745 0.5459510684013367 304
1783600865878 0.4847615957260132 305
1783600866025 0.4610487222671509 306
1783600866176 0.5634514689445496 307
1783600866334 0.43881744146347046 308
1783600866501 0.24438335001468658 309
1783600866631 0.47523340582847595 310
1783600866779 0.4198112487792969 311
1783600866895 0.6217026114463806 312
1783600867097 0.3623583912849426 313
1783600867271 0.4752311706542969 314
1783600867412 0.3657747805118561 315
1783600867576 0.49947577714920044 316
1783600867705 0.45961323380470276 317
1783600867855 0.38860437273979187 318
1783600868023 0.3290967643260956 319
1783600868181 0.503744900226593 320
1783600868339 0.29539117217063904 321
1783600868564 0.2777292728424072 322
1783600868693 0.31118568778038025 323
1783600868825 0.30824610590934753 324
1783600868919 0.6039199233055115 325
1783600869000 0.47878798842430115 326
1783600869188 0.42042434215545654 327
1783600869277 0.29259762167930603 328
1783600869393 0.4505588710308075 329
1783600869509 0.8917101621627808 330
1783600869625 0.5633561015129089 331
1783600869735 0.2816084921360016 332
1783600869858 0.4878920018672943 333
1783600869980 0.424899697303772 334
1783600870115 0.4311208128929138 335
1783600870252 0.46844491362571716 336
1783600870442 0.5326975584030151 337
1783600870628 0.4029289782047272 338
1783600870765 0.340721070766449 339
1783600870932 0.27218520641326904 340
1783600871130 0.7041611075401306 341
1783600871241 0.43476977944374084 342
1783600871344 0.28308919072151184 343
1783600871454 0.38755738735198975 344
1783600871584 0.3529733419418335 345
1783600871725 0.6106780171394348 346
1783600871874 0.48287779092788696 347
1783600872056 0.6462064981460571 348
1783600872207 0.5611360669136047 349
1783600872341 0.46452948451042175 350
1783600872484 0.46919485926628113 351
1783600872615 0.6202342510223389 352
1783600872737 0.37931162118911743 353
1783600872892 0.5045119524002075 354
1783600873082 0.7753325700759888 355
1783600873235 0.33789125084877014 356
1783600873371 0.2001456618309021 357
1783600873532 0.303596168756485 358
1783600873631 0.17783379554748535 359
1783600873730 0.38814717531204224 360
1783600873884 0.50071781873703 361
1783600874045 0.567781388759613 362
1783600874211 0.5877139568328857 363
1783600874360 0.380160391330719 364
1783600874488 0.5279814004898071 365
1783600874652 0.465932697057724 366
1783600874801 0.4515569806098938 367
1783600874945 0.39114347100257874 368
1783600875109 0.35389944911003113 369
1783600875262 0.3524966537952423 370
1783600875464 0.36042091250419617 371
1783600875651 0.32686227560043335 372
1783600875788 0.5491648316383362 373
1783600876125 0.22956527769565582 374
1783600876258 0.6308818459510803 375
1783600876377 0.45082521438598633 376
1783600876493 0.389340341091156 377
1783600876595 0.3840788006782532 378
1783600876820 0.24156494438648224 379
1783600876949 0.4729367792606354 380
1783600877165 0.48639369010925293 381
1783600877477 0.6293307542800903 382
1783600877594 0.3689025342464447 383
1783600877696 0.2836013734340668 384
1783600877792 0.5617194771766663 385
1783600877922 0.4525930881500244 386
1783600878072 0.7510855197906494 387
1783600878209 0.6154832243919373 388
1783600878457 0.3668760359287262 389
1783600878583 0.8318537473678589 390
1783600878745 0.478597491979599 391
1783600878844 0.3849979639053345 392
1783600878967 0.4162883162498474 393
1783600879136 0.37344521284103394 394
1783600879256 0.523107647895813 395
1783600879428 0.32739561796188354 396
1783600879547 0.4336865246295929 397
1783600879702 0.45256733894348145 398
1783600879835 0.585883378982544 399
1783600879993 0.25145095586776733 400
1783600880111 0.4513975977897644 401
1783600880206 0.3770373463630676 402
1783600880318 0.8038516044616699 403
1783600880460 0.5022878646850586 404
1783600880691 0.37472841143608093 405
1783600880839 0.23963740468025208 406
1783600880964 0.3215476870536804 407
1783600881294 0.35587313771247864 408
1783600881436 0.44089579582214355 409
1783600881605 0.43770313262939453 410
1783600881753 0.3702086806297302 411
1783600881894 0.5095334053039551 412
1783600881994 0.32512685656547546 413
1783600882144 0.6111688613891602 414
1783600882304 0.47948962450027466 415
1783600882468 0.3061121702194214 416
1783600882634 0.4204900860786438 417
1783600882773 0.34125247597694397 418
1783600882923 0.4767000675201416 419
1783600883035 0.5707379579544067 420
1783600883149 0.2467130869626999 421
1783600883323 0.381862998008728 422
1783600883473 0.4837936758995056 423
1783600883576 0.46260279417037964 424
1783600883663 0.3249054253101349 425
1783600883955 0.6315518021583557 426
1783600884124 0.2922443449497223 427
1783600884236 0.48481348156929016 428
1783600884406 0.5116782188415527 429
1783600884576 0.5473805069923401 430
1783600884817 0.61210697889328 431
1783600884961 0.5430389642715454 432
1783600885179 0.5738708972930908 433
1783600885360 0.4401825964450836 434
1783600885503 0.6373369693756104 435
1783600885683 0.7788097262382507 436
1783600885865 0.6448225975036621 437
1783600885996 0.36368250846862793 438
1783600886165 0.2466520369052887 439
1783600886283 0.3184010684490204 440
1783600886477 0.563437283039093 441
1783600886609 0.7434325218200684 442
1783600886761 0.4209381639957428 443
1783600886977 0.40982285141944885 444
1783600887134 0.3978008031845093 445
1783600887316 0.3537415862083435 446
1783600887419 0.4465870261192322 447
1783600887517 0.29640471935272217 448
1783600887644 0.26440781354904175 449
1783600887767 0.6102554202079773 450
1783600887868 0.2940796911716461 451
1783600887962 0.319602370262146 452
1783600888134 0.2540469467639923 453
1783600888277 0.34900903701782227 454
1783600888400 0.5786697268486023 455
1783600888500 0.5204103589057922 456
1783600888674 0.5043610334396362 457
1783600888812 0.31949582695961 458
1783600888999 0.43969210982322693 459
1783600889124 0.4188200831413269 460
1783600889244 0.44398200511932373 461
1783600889360 0.34644436836242676 462
1783600889491 0.5814680457115173 463
1783600889643 0.39491015672683716 464
1783600889823 0.3790660500526428 465
1783600889996 0.4856417179107666 466
1783600890121 0.30212080478668213 467
1783600890357 0.7069198489189148 468
1783600890505 0.37614715099334717 469
1783600890627 0.4145841598510742 470
1783600890738 0.33797016739845276 471
1783600890898 0.40284043550491333 472
1783600891063 0.6584077477455139 473
1783600891200 0.8278262615203857 474
1783600891363 0.3114686608314514 475
1783600891629 0.48166295886039734 476
1783600891846 0.4068002700805664 477
1783600892004 0.4277399778366089 478
1783600892143 0.382374107837677 479
1783600892299 0.3934991657733917 480
1783600892393 0.3429291248321533 481
1783600892563 0.5048083662986755 482
1783600892665 0.2659807801246643 483
1783600892768 0.4378771483898163 484
1783600892883 0.2796042859554291 485
1783600893036 0.5342843532562256 486
1783600893152 0.16779665648937225 487
1783600893275 0.43800196051597595 488
1783600893421 0.3332720100879669 489
1783600893564 0.4620879292488098 490
1783600893663 0.19914422929286957 491
1783600893797 0.3784007430076599 492
1783600893893 0.29819464683532715 493
1783600894084 0.34988537430763245 494
1783600894295 0.4489891529083252 495
1783600894420 0.6010469198226929 496
1783600894550 0.2892950475215912 497
1783600894718 0.45604202151298523 498
1783600894872 0.47628629207611084 499
1783600895115 0.5734735727310181 500
1783600895238 0.6617700457572937 501
1783600895427 0.56107497215271 502
1783600895575 0.5184438824653625 503
1783600895681 0.8864931464195251 504
1783600895804 0.4560873210430145 505
1783600895957 0.17344440519809723 506
1783600896110 0.33562415838241577 507
1783600896237 0.5518097877502441 508
1783600896378 0.4785391390323639 509
1783600896729 0.3910043239593506 510
1783600896860 0.2589159309864044 511
1783600897044 0.3138372004032135 512
1783600897125 0.45011642575263977 513
1783600897221 0.7633643746376038 514
1783600897353 0.29942235350608826 515
1783600897468 0.1930178701877594 516
1783600897553 0.5501141548156738 517
1783600897660 0.19851700961589813 518
1783600897767 0.3586929440498352 519
1783600897985 0.4846339225769043 520
1783600898109 0.43420296907424927 521
1783600898195 0.4215053617954254 522
1783600898267 0.3817300498485565 523
1783600898373 0.389758825302124 524
1783600898474 0.2714231014251709 525
1783600898568 0.437853068113327 526
1783600898674 0.6401217579841614 527
1783600898768 0.5225821137428284 528
1783600898856 0.26698118448257446 529
1783600898946 0.3233276307582855 530
1783600899025 0.5090662240982056 531
1783600899214 0.3448021113872528 532
1783600899322 0.25847965478897095 533
1783600899456 0.4325826168060303 534
1783600899580 0.21796442568302155 535
1783600899712 0.573544979095459 536
1783600899868 0.32595133781433105 537
1783600900012 0.6360563039779663 538
1783600900163 0.21941378712654114 539
1783600900310 0.3945113718509674 540
1783600900492 0.31343206763267517 541
1783600900599 0.5022336840629578 542
1783600900695 0.34080713987350464 543
1783600900785 0.3074319660663605 544
1783600900877 0.391730934381485 545
1783600900977 0.2345316857099533 546
1783600901069 0.6863878965377808 547
1783600901194 0.3360403776168823 548
1783600901288 0.4927753806114197 549
1783600901445 0.39128080010414124 550
1783600901568 0.23365463316440582 551
1783600901831 0.4391806721687317 552
1783600901967 0.5566871166229248 553
1783600902082 0.40632012486457825 554
1783600902187 0.25960874557495117 555
1783600902291 0.32254189252853394 556
1783600902378 0.36894503235816956 557
1783600902477 0.2712356150150299 558
1783600902583 0.5139038562774658 559
1783600902675 0.16538900136947632 560
1783600902755 0.4491066038608551 561
1783600902957 0.3501303195953369 562
1783600903107 0.22263459861278534 563
1783600903261 0.3688089847564697 564
1783600903369 0.5231489539146423 565
1783600903534 0.4285547435283661 566
1783600903644 0.3367886245250702 567
1783600903782 0.26777854561805725 568
1783600903976 0.5975215435028076 569
1783600904116 0.4379388689994812 570
1783600904290 0.5113950371742249 571
1783600904397 0.3091621696949005 572
1783600904490 0.44459792971611023 573
1783600904589 0.6854677200317383 574
1783600904664 0.707312285900116 575
1783600904799 0.2767154574394226 576
1783600904888 0.4035736918449402 577
1783600905012 0.3661409616470337 578
1783600905180 0.4313531816005707 579
1783600905317 0.3918977975845337 580
1783600905432 0.2575431764125824 581
1783600905592 0.46007809042930603 582
1783600905730 0.2911634147167206 583
1783600905872 0.19370137155056 584
1783600906028 0.43193769454956055 585
1783600906192 0.2538137435913086 586
1783600906348 0.5003398060798645 587
1783600906557 0.35653024911880493 588
1783600906726 0.2834049165248871 589
1783600906877 0.3980136811733246 590
1783600907005 0.27827054262161255 591
1783600907143 0.42853879928588867 592
1783600907299 0.3802460730075836 593
1783600907411 0.36360064148902893 594
1783600907501 0.3597761392593384 595
1783600907597 0.3323884606361389 596
1783600907739 0.262941837310791 597
1783600907838 0.2454201579093933 598
1783600907939 0.18297022581100464 599
1783600908078 0.5514400601387024 600
1783600908202 0.35236018896102905 601
1783600908296 0.4609192907810211 602
1783600908413 0.5713069438934326 603
1783600908546 0.30953359603881836 604
1783600908675 0.38725316524505615 605
1783600908788 0.49988463521003723 606
1783600908900 0.4985010623931885 607
1783600908999 0.2377507984638214 608
1783600909103 0.3325931429862976 609
1783600909251 0.6744045615196228 610
1783600909409 0.3247270882129669 611
1783600909514 0.6226942539215088 612
1783600909619 0.2469176948070526 613
1783600909772 0.3455342948436737 614
1783600909940 0.48789018392562866 615
1783600910109 0.3675397038459778 616
1783600910252 0.3504422605037689 617
1783600910421 0.238939568400383 618
1783600910623 0.25722306966781616 619
1783600910747 0.41730886697769165 620
1783600910855 0.4597938656806946 621
1783600910998 0.432570219039917 622
1783600911155 0.47551319003105164 623
1783600911377 0.188054621219635 624
1783600911525 0.3597942888736725 625
1783600911627 0.5281766653060913 626
1783600911720 0.5464900135993958 627
1783600911853 0.32486745715141296 628
1783600911978 0.48560798168182373 629
1783600912073 0.2929954528808594 630
1783600912172 0.23747742176055908 631
1783600912281 0.28874287009239197 632
1783600912404 0.3066713511943817 633
1783600912567 0.42327988147735596 634
1783600912699 0.21710023283958435 635
1783600912868 0.2785845994949341 636
1783600913061 0.6149268746376038 637
1783600913292 0.4723009169101715 638
1783600913392 0.3523321747779846 639
1783600913531 0.7462677359580994 640
1783600913633 0.33835116028785706 641
1783600913735 0.2626957893371582 642
1783600913919 0.3181692659854889 643
1783600914041 0.25587332248687744 644
1783600914186 0.37872326374053955 645
1783600914462 0.19218261539936066 646
1783600914594 0.24531319737434387 647
1783600914727 0.31839942932128906 648
1783600914844 0.37609124183654785 649
1783600914973 0.62923663854599 650
1783600915125 0.4975491762161255 651
1783600915254 0.46352145075798035 652
1783600915395 0.39451906085014343 653
1783600915517 0.18337735533714294 654
1783600915636 0.3591037094593048 655
1783600915769 0.3882664740085602 656
1783600915903 0.22406378388404846 657
1783600916086 0.2639634311199188 658
1783600916237 0.4745701849460602 659
1783600916336 0.49812883138656616 660
1783600916480 0.5967557430267334 661
1783600916626 0.4930194616317749 662
1783600916776 0.5129866600036621 663
1783600917029 0.3979695439338684 664
1783600917165 0.2743666172027588 665
1783600917306 0.48979252576828003 666
1783600917465 0.4586331248283386 667
1783600917608 0.5940983891487122 668
1783600917734 0.5030892491340637 669
1783600917852 0.3124668598175049 670
1783600918002 0.40147289633750916 671
1783600918208 0.48949214816093445 672
1783600918314 0.16420020163059235 673
1783600918403 0.3944726884365082 674
1783600918500 0.660827100276947 675
1783600918627 0.31398168206214905 676
1783600918715 0.5084426999092102 677
1783600918808 0.5182082653045654 678
1783600918958 0.5303723812103271 679
1783600919115 0.38782843947410583 680
1783600919212 0.5180224180221558 681
1783600919416 0.33818677067756653 682
1783600919534 0.6942843198776245 683
1783600919655 0.5641100406646729 684
1783600919743 0.458451509475708 685
1783600919838 0.6838109493255615 686
1783600919964 0.3582618832588196 687
1783600920101 0.2772914469242096 688
1783600920247 0.43393656611442566 689
1783600920378 0.4609795808792114 690
1783600920492 0.8166854381561279 691
1783600920637 0.36976122856140137 692
1783600920808 0.25081878900527954 693
1783600920903 0.31790435314178467 694
1783600920983 0.5909858345985413 695
1783600921060 0.4942947328090668 696
1783600921163 0.3443436920642853 697
1783600921284 0.4083176553249359 698
1783600921441 0.4690943658351898 699
1783600921674 0.5090904235839844 700
1783600921792 0.39295440912246704 701
1783600922070 0.2972365915775299 702
1783600922201 0.600884735584259 703
1783600922327 0.38820260763168335 704
1783600922472 0.2114984095096588 705
1783600922620 0.5639739632606506 706
1783600922782 0.4757407605648041 707
1783600922946 0.29266804456710815 708
1783600923059 0.3968729078769684 709
1783600923210 0.42664769291877747 710
1783600923358 0.319492906332016 711
1783600923504 0.2979884445667267 712
1783600923621 0.16798201203346252 713
1783600923721 0.30874183773994446 714
1783600923852 0.4782038629055023 715
1783600924007 0.5618153214454651 716
1783600924154 0.31408822536468506 717
1783600924308 0.38762837648391724 718
1783600924409 0.4300478398799896 719
1783600924574 0.2910975217819214 720
1783600924759 0.5129051804542542 721
1783600924931 0.21123941242694855 722
1783600925067 0.3751894533634186 723
1783600925235 0.310004860162735 724
1783600925372 0.510332465171814 725
1783600925505 0.38348379731178284 726
1783600925654 0.2566779553890228 727
1783600925871 0.6014696359634399 728
1783600926047 0.1939491480588913 729
1783600926193 0.505257248878479 730
1783600926325 0.36440831422805786 731
1783600926461 0.20509663224220276 732
1783600926625 0.447868674993515 733
1783600926771 0.16814061999320984 734
1783600926927 0.4472257196903229 735
1783600927076 0.5468935370445251 736
1783600927276 0.3079005777835846 737
1783600927389 0.7898391485214233 738
1783600927483 0.38167428970336914 739
1783600927634 0.6427761316299438 740
1783600927742 0.29068148136138916 741
1783600927878 0.3252066373825073 742
1783600928026 0.3915480077266693 743
1783600928210 0.42034363746643066 744
1783600928359 0.242330402135849 745
1783600928520 0.15144477784633636 746
1783600928675 0.35450446605682373 747
1783600928834 0.5314888954162598 748
1783600928968 0.32573577761650085 749
1783600929123 0.28482338786125183 750
1783600929291 0.15945862233638763 751
1783600929458 0.6606634259223938 752
1783600929580 0.22385847568511963 753
1783600929801 0.4506993889808655 754
1783600929944 0.3259313404560089 755
1783600930092 0.3780474364757538 756
1783600930240 0.2962230443954468 757
1783600930385 0.40897563099861145 758
1783600930542 0.4132115840911865 759
1783600930671 0.3169357180595398 760
1783600930784 0.2562412917613983 761
1783600931027 0.3770512342453003 762
1783600931179 0.49573642015457153 763
1783600931312 0.6929418444633484 764
1783600931460 0.1808665692806244 765
1783600931626 0.4502675533294678 766
1783600931770 0.31662440299987793 767
1783600931889 0.46036699414253235 768
1783600932013 0.27080237865448 769
1783600932143 0.18908247351646423 770
1783600932427 0.20601025223731995 771
1783600932580 0.3598054349422455 772
1783600932747 0.630742073059082 773
1783600932879 0.3987507224082947 774
1783600932982 0.2765641212463379 775
1783600933125 0.32366886734962463 776
1783600933274 0.171011283993721 777
1783600933432 0.4096023440361023 778
1783600933599 0.3463893234729767 779
1783600933704 0.2942146956920624 780
1783600933859 0.4399223327636719 781
1783600933993 0.6867398619651794 782
1783600934156 0.281586617231369 783
1783600934306 0.26517075300216675 784
1783600934467 0.568207859992981 785
1783600934637 0.340434193611145 786
1783600934809 0.23262104392051697 787
1783600934937 0.36615923047065735 788
1783600935045 0.5658445954322815 789
1783600935159 0.4082986116409302 790
1783600935311 0.5254812836647034 791
1783600935462 0.27599453926086426 792
1783600935626 0.12348546087741852 793
1783600935782 0.4240191876888275 794
1783600935944 0.3076971471309662 795
1783600936142 0.5530179142951965 796
1783600936259 0.33720457553863525 797
1783600936408 0.3513798713684082 798
1783600936583 0.6773160099983215 799
1783600936724 0.3104860782623291 800
1783600936864 0.44246697425842285 801
1783600937020 0.3100169003009796 802
1783600937164 0.3606579303741455 803
1783600937491 0.3383072316646576 804
1783600937626 0.37421369552612305 805
1783600937754 0.1780453473329544 806
1783600937892 0.21025967597961426 807
1783600938061 0.6360155940055847 808
1783600938200 0.2575032711029053 809
1783600938352 0.5195331573486328 810
1783600938508 0.32920145988464355 811
1783600938735 0.30132898688316345 812
1783600938896 0.4184880554676056 813
1783600939067 0.23976971209049225 814
1783600939215 0.3115678131580353 815
1783600939347 0.36235731840133667 816
1783600939478 0.2557027339935303 817
1783600939647 0.3386150896549225 818
1783600939782 0.3927530348300934 819
1783600939983 0.610785186290741 820
1783600940133 0.5572874546051025 821
1783600940255 0.613918662071228 822
1783600940381 0.4554382860660553 823
1783600940529 0.2764568030834198 824
1783600940688 0.3502163290977478 825
1783600940834 0.13214991986751556 826
1783600940976 0.3583812415599823 827
1783600941127 0.39812472462654114 828
1783600941354 0.5881841778755188 829
1783600941496 0.45759111642837524 830
1783600941649 0.35099518299102783 831
1783600941812 0.24454230070114136 832
1783600941962 0.15274330973625183 833
1783600942118 0.2509933114051819 834
1783600942273 0.1896885335445404 835
1783600942433 0.46943724155426025 836
1783600942582 0.3650030493736267 837
1783600942739 0.3493170738220215 838
1783600942902 0.4352036118507385 839
1783600943052 0.44577929377555847 840
1783600943158 0.7129799723625183 841
1783600943264 0.8061891794204712 842
1783600943383 0.2359727919101715 843
1783600943560 0.1361476480960846 844
1783600943652 0.6148852109909058 845
1783600943760 0.31386956572532654 846
1783600943895 0.25852638483047485 847
1783600944038 0.38951683044433594 848
1783600944197 0.7010485529899597 849
1783600944343 0.6373918652534485 850
1783600944516 0.3371478319168091 851
1783600944693 0.4886525273323059 852
1783600944842 0.11832784116268158 853
1783600945006 0.5730504989624023 854
1783600945292 0.4169800579547882 855
1783600945398 0.43723610043525696 856
1783600945543 0.38513877987861633 857
1783600945682 0.41937780380249023 858
1783600945826 0.26226720213890076 859
1783600945965 0.312414288520813 860
1783600946121 0.15239517390727997 861
1783600946340 0.25192791223526 862
1783600946450 0.39104709029197693 863
1783600946592 0.5155569314956665 864
1783600946746 0.534904420375824 865
1783600946900 0.2558170557022095 866
1783600947067 0.3418237864971161 867
1783600947229 0.20480436086654663 868
1783600947380 0.6860290765762329 869
1783600947521 0.24064131081104279 870
1783600947646 0.4666591286659241 871
1783600947748 0.47631120681762695 872
1783600947853 0.4191311299800873 873
1783600948006 0.6356503963470459 874
1783600948141 0.3651732802391052 875
1783600948308 0.2070508450269699 876
1783600948458 0.6112130284309387 877
1783600948629 0.41122886538505554 878
1783600948782 0.7022730708122253 879
1783600949005 0.4538290202617645 880
1783600949126 0.30248725414276123 881
1783600949273 0.2462610900402069 882
1783600949432 0.35217300057411194 883
1783600949597 0.5956726670265198 884
1783600949765 0.31653642654418945 885
1783600949936 0.1717398315668106 886
1783600950095 0.1638914942741394 887
1783600950234 0.5731506943702698 888
1783600950409 0.5442934036254883 889
1783600950561 0.40068191289901733 890
1783600950702 0.2504696547985077 891
1783600950858 0.2740420401096344 892
1783600951013 0.19919037818908691 893
1783600951166 0.22595222294330597 894
1783600951297 0.695993185043335 895
1783600951477 0.7225667834281921 896
1783600951639 0.2478882074356079 897
1783600951769 0.3310838043689728 898
1783600951948 0.35095980763435364 899
1783600952127 0.39076802134513855 900
1783600952272 0.44698017835617065 901
1783600952423 0.5606068968772888 902
1783600952569 0.3475791811943054 903
1783600952846 0.22375670075416565 904
1783600953008 0.2203236222267151 905
1783600953180 0.47231754660606384 906
1783600953318 0.32853513956069946 907
1783600953459 0.5235179662704468 908
1783600953597 0.193658247590065 909
1783600953702 0.40494194626808167 910
1783600953861 0.5693410038948059 911
1783600954046 0.20571577548980713 912
1783600954226 0.4164665639400482 913
1783600954362 0.475494384765625 914
1783600954508 0.3152611255645752 915
1783600954643 0.4256550967693329 916
1783600954816 0.27812933921813965 917
1783600954957 0.38031408190727234 918
1783600955104 0.6712139844894409 919
1783600955266 0.3005739152431488 920
1783600955488 0.3579183518886566 921
1783600955619 0.5830589532852173 922
1783600955770 0.24092762172222137 923
1783600955901 0.35414597392082214 924
1783600956055 0.48407700657844543 925
1783600956222 0.19867101311683655 926
1783600956375 0.31372517347335815 927
1783600956520 0.15786398947238922 928
1783600956645 0.1070510670542717 929
1783600956776 0.17727456986904144 930
1783600956944 0.2598702609539032 931
1783600957098 0.34942924976348877 932
1783600957253 0.43095606565475464 933
1783600957394 0.5939810872077942 934
1783600957574 0.29243651032447815 935
1783600957836 0.24647638201713562 936
1783600957964 0.6889637112617493 937
1783600958145 0.34553414583206177 938
1783600958307 0.382924348115921 939
1783600958449 0.1690617799758911 940
1783600958617 0.6047541499137878 941
1783600958745 0.6047255992889404 942
1783600958896 0.5389648079872131 943
1783600959045 0.5527685880661011 944
1783600959183 0.5994312763214111 945
1783600959432 0.1461314857006073 946
1783600959586 0.2726263999938965 947
1783600959736 0.30830448865890503 948
1783600959893 0.25380170345306396 949
1783600960028 0.33166345953941345 950
1783600960194 0.46464043855667114 951
1783600960366 0.16459016501903534 952
1783600960518 0.3548387587070465 953
1783600960870 0.32225775718688965 954
1783600961009 0.6973749399185181 955
1783600961160 0.6075933575630188 956
1783600961311 0.5657294392585754 957
1783600961474 0.3135170638561249 958
1783600961611 0.7136330008506775 959
1783600961762 0.2771477699279785 960
1783600961930 0.2455916553735733 961
1783600962077 0.21586507558822632 962
1783600962217 0.33954060077667236 963
1783600962423 0.30675044655799866 964
1783600962572 0.3785475790500641 965
1783600962773 0.5910632610321045 966
1783600962908 0.312635600566864 967
1783600963069 0.4410262703895569 968
1783600963337 0.7271658182144165 969
1783600963499 0.44280558824539185 970
1783600963630 0.30100128054618835 971
1783600963733 0.27690058946609497 972
1783600963907 0.4028383195400238 973
1783600964058 0.3387718200683594 974
1783600964204 0.5622113347053528 975
1783600964326 0.28264379501342773 976
1783600964501 0.453742653131485 977
1783600964656 0.20690535008907318 978
1783600964770 0.32979056239128113 979
1783600964894 0.4277775287628174 980
1783600965049 0.4341077208518982 981
1783600965194 0.4479055404663086 982
1783600965337 0.6691736578941345 983
1783600965495 0.37067458033561707 984
1783600965641 0.4842635691165924 985
1783600965808 0.4042218029499054 986
1783600965970 0.7955408692359924 987
1783600966129 0.2780013084411621 988
1783600966278 0.1959017664194107 989
1783600966428 0.480147123336792 990
1783600966567 0.2678927779197693 991
1783600966712 0.17865075170993805 992
1783600966846 0.5897678732872009 993
1783600966981 0.7714312076568604 994
1783600967170 0.3287292420864105 995
1783600967347 0.5598303079605103 996
1783600967470 0.31429576873779297 997
1783600967631 0.33362871408462524 998
1783600967788 0.5328681468963623 999
1783600967893 0.49327394366264343 1000
1783600968037 0.5330766439437866 1001
1783600968185 0.43426379561424255 1002
1783600968330 0.26605403423309326 1003
1783600968484 0.18205410242080688 1004
1783600968681 0.43870246410369873 1005
1783600968831 0.7292967438697815 1006
1783600968966 0.5787456631660461 1007
1783600969120 0.474732905626297 1008
1783600969268 0.3973085880279541 1009
1783600969416 0.5112079977989197 1010
1783600969602 0.5982765555381775 1011
1783600969742 0.3905269503593445 1012
1783600969913 0.6741838455200195 1013
1783600970055 0.8512162566184998 1014
1783600970235 0.3384547829627991 1015
1783600970390 0.4587668180465698 1016
1783600970537 0.1921006441116333 1017
1783600970691 0.2923765778541565 1018
1783600970835 0.7335004806518555 1019
1783600970955 0.25549155473709106 1020
1783600971193 0.16244833171367645 1021
1783600971370 0.15657992660999298 1022
1783600971518 0.21651482582092285 1023
1783600971678 0.4268132150173187 1024
1783600971782 0.4587952792644501 1025
1783600971898 0.2984204590320587 1026
1783600972050 0.24032501876354218 1027
1783600972197 0.4257163405418396 1028
1783600972350 0.16794130206108093 1029
1783600972563 0.652119517326355 1030
1783600972720 0.24306806921958923 1031
1783600972866 0.3618176579475403 1032
1783600972968 0.3075472116470337 1033
1783600973057 0.34699028730392456 1034
1783600973205 0.7144829034805298 1035
1783600973341 0.34194615483283997 1036
1783600973479 0.5134807825088501 1037
1783600973618 0.8231242299079895 1038
1783600973727 0.6257550120353699 1039
1783600973880 0.3305252492427826 1040
1783600974029 0.3822901248931885 1041
1783600974187 0.3305455148220062 1042
1783600974339 0.43156400322914124 1043
1783600974490 0.2389303594827652 1044
1783600974648 0.39284083247184753 1045
1783600974786 0.3974802792072296 1046
1783600974941 0.1774778664112091 1047
1783600975091 0.19888390600681305 1048
1783600975242 0.3809642195701599 1049
1783600975382 0.4730678200721741 1050
1783600975503 0.7840924859046936 1051
1783600975661 0.24649596214294434 1052
1783600975814 0.3705042600631714 1053
1783600975965 0.3237941265106201 1054
1783600976104 0.38928383588790894 1055
1783600976253 0.3424908518791199 1056
1783600976454 0.36247238516807556 1057
1783600976583 0.2803194224834442 1058
1783600976740 0.34738221764564514 1059
1783600976892 0.2792157232761383 1060
1783600977046 0.2502279281616211 1061
1783600977170 0.6234049797058105 1062
1783600977319 0.5069352388381958 1063
1783600977465 0.4090920686721802 1064
1783600977643 0.3802815079689026 1065
1783600977760 0.685155987739563 1066
1783600977871 0.369792640209198 1067
1783600978020 0.22955916821956635 1068
1783600978187 0.6584133505821228 1069
1783600978322 0.5085107088088989 1070
1783600978452 0.5833313465118408 1071
1783600978597 0.22189071774482727 1072
1783600978821 0.4816540777683258 1073
1783600979010 0.35999414324760437 1074
1783600979163 0.5313708782196045 1075
1783600979308 0.47721293568611145 1076
1783600979428 0.32842835783958435 1077
1783600979588 0.10042963176965714 1078
1783600979744 0.4903084933757782 1079
1783600979902 0.478225976228714 1080
1783600980070 0.1595495194196701 1081
1783600980225 0.31745555996894836 1082
1783600980330 0.20629507303237915 1083
1783600980462 0.7526386380195618 1084
1783600980580 0.25133776664733887 1085
1783600980696 0.3384723663330078 1086
1783600980844 0.2537993788719177 1087
1783600980998 0.46125537157058716 1088
1783600981141 0.3157040476799011 1089
1783600981312 0.1923540234565735 1090
1783600981561 0.10499325394630432 1091
1783600981689 0.39280396699905396 1092
1783600981842 0.32803088426589966 1093
1783600981993 0.23709984123706818 1094
1783600982156 0.6209172010421753 1095
1783600982321 0.1857995092868805 1096
1783600982468 0.23688410222530365 1097
1783600982669 0.44908764958381653 1098
1783600982809 0.22679005563259125 1099
1783600982970 0.8059859275817871 1100
1783600983107 0.6687248349189758 1101
1783600983257 0.837039589881897 1102
1783600983405 0.3794114887714386 1103
1783600983554 0.4695766866207123 1104
1783600983662 0.2993457615375519 1105
1783600983757 0.2149365097284317 1106
1783600984054 0.2273327261209488 1107
1783600984189 0.3128596246242523 1108
1783600984336 0.35006949305534363 1109
1783600984471 0.641037106513977 1110
1783600984628 0.43248701095581055 1111
1783600984774 0.40888163447380066 1112
1783600984904 0.3936944901943207 1113
1783600985064 0.4371586740016937 1114
1783600985205 0.2599409222602844 1115
1783600985318 0.4158586263656616 1116
1783600985457 0.2990437150001526 1117
1783600985614 0.2555903196334839 1118
1783600985773 0.33178409934043884 1119
1783600985915 0.2528572380542755 1120
1783600986042 0.558361828327179 1121
1783600986191 0.5678093433380127 1122
1783600986342 0.20575855672359467 1123
1783600986524 0.2288970947265625 1124
1783600986650 0.36675509810447693 1125
1783600986793 0.2571396231651306 1126
1783600986940 0.20353065431118011 1127
1783600987073 0.2539606988430023 1128
1783600987212 0.2003418207168579 1129
1783600987364 0.2748335897922516 1130
1783600987514 0.22600293159484863 1131
1783600987678 0.22253939509391785 1132
1783600987805 0.27766552567481995 1133
1783600987920 0.5709012150764465 1134
1783600988051 0.27153465151786804 1135
1783600988170 0.5310295224189758 1136
1783600988339 0.24201636016368866 1137
1783600988481 0.6229591369628906 1138
1783600988641 0.4302770495414734 1139
1783600988768 0.7448994517326355 1140
1783600988942 0.07723338156938553 1141
1783600989125 0.6489328145980835 1142
1783600989266 0.1301610916852951 1143
1783600989433 0.846678614616394 1144
1783600989596 0.39070361852645874 1145
1783600989726 0.36932533979415894 1146
1783600989835 0.2895522713661194 1147
1783600989961 0.6513556838035583 1148
1783600990065 0.3025258779525757 1149
1783600990173 0.4044593870639801 1150
1783600990393 0.24061569571495056 1151
1783600990526 0.3549719452857971 1152
1783600990676 0.11436011642217636 1153
1783600990845 0.39660197496414185 1154
1783600991005 0.4372623562812805 1155
1783600991142 0.47374117374420166 1156
1783600991286 0.11425134539604187 1157
1783600991395 0.4972667098045349 1158
1783600991643 0.12055409699678421 1159
1783600991798 0.33825230598449707 1160
1783600991937 0.22763106226921082 1161
1783600992082 0.2560674250125885 1162
1783600992234 0.6058862805366516 1163
1783600992361 0.24506816267967224 1164
1783600992488 0.22971361875534058 1165
1783600992612 0.2352200746536255 1166
1783600992776 0.22906148433685303 1167
1783600992977 0.2572435736656189 1168
1783600993123 0.3489980399608612 1169
1783600993273 0.21782104671001434 1170
1783600993388 0.5619031190872192 1171
1783600993504 0.5516292452812195 1172
1783600993639 0.24951475858688354 1173
1783600993776 0.32497140765190125 1174
1783600993944 0.6476092338562012 1175
1783600994095 0.558817446231842 1176
1783600994262 0.27350401878356934 1177
1783600994407 0.30871856212615967 1178
1783600994536 0.35393956303596497 1179
1783600994686 0.38189926743507385 1180
1783600994840 0.3304774761199951 1181
1783600995010 0.3361867666244507 1182
1783600995163 0.09897495806217194 1183
1783600995367 0.16140280663967133 1184
1783600995541 0.3326430022716522 1185
1783600995658 0.23563902080059052 1186
1783600995794 0.35890746116638184 1187
1783600995933 0.2909771502017975 1188
1783600996115 0.17789210379123688 1189
1783600996242 0.1655544936656952 1190
1783600996393 0.11481614410877228 1191
1783600996539 0.4518449902534485 1192
1783600996761 0.3588750660419464 1193
1783600996875 0.18722747266292572 1194
1783600997033 0.3528471887111664 1195
1783600997187 0.4701293110847473 1196
1783600997351 0.38020768761634827 1197
1783600997493 0.3038017451763153 1198
1783600997638 0.342190146446228 1199
1783600997776 0.22730395197868347 1200
1783600997909 0.38314735889434814 1201
1783600998002 0.22243167459964752 1202
1783600998100 0.5576289892196655 1203
1783600998212 0.5551941394805908 1204
1783600998332 0.2434493601322174 1205
1783600998514 0.15590007603168488 1206
1783600998670 0.17358459532260895 1207
1783600998792 0.19493922591209412 1208
1783600998942 0.44247183203697205 1209
1783600999098 0.28486570715904236 1210
1783600999356 0.5108058452606201 1211
1783600999495 0.667488694190979 1212
1783600999662 0.32742831110954285 1213
1783600999816 0.30200907588005066 1214
1783600999959 0.4899846613407135 1215
1783601000114 0.24229378998279572 1216
1783601000281 0.12333723157644272 1217
1783601000468 0.40912795066833496 1218
1783601000600 0.41497892141342163 1219
1783601000771 0.2796652913093567 1220
1783601000924 0.17416417598724365 1221
1783601001060 0.12479333579540253 1222
1783601001184 0.2008792608976364 1223
1783601001348 0.41887739300727844 1224
1783601001506 0.21386615931987762 1225
1783601001651 0.3029729723930359 1226
1783601001820 0.25537335872650146 1227
1783601002019 0.19729572534561157 1228
1783601002139 0.18420206010341644 1229
1783601002268 0.18291866779327393 1230
1783601002409 0.40401768684387207 1231
1783601002573 0.3755231499671936 1232
1783601002717 0.3417806029319763 1233
1783601002859 0.22075171768665314 1234
1783601003006 0.5111175775527954 1235
1783601003147 0.326127290725708 1236
1783601003266 0.9166420102119446 1237
1783601003406 0.34587332606315613 1238
1783601003543 0.44088420271873474 1239
1783601003650 0.3283400535583496 1240
1783601003739 0.2040221244096756 1241
1783601003904 0.4297119677066803 1242
1783601004056 0.6778266429901123 1243
1783601004193 0.21903753280639648 1244
1783601004308 0.32947680354118347 1245
1783601004431 0.4402497708797455 1246
1783601004585 0.7755616903305054 1247
1783601004742 0.678527295589447 1248
1783601004903 0.3763963580131531 1249
1783601005060 0.4393947720527649 1250
1783601005198 0.37420716881752014 1251
1783601005314 0.20566323399543762 1252
1783601005478 0.26602238416671753 1253
1783601005688 0.637692391872406 1254
1783601005790 0.19215546548366547 1255
1783601005923 0.814911425113678 1256
1783601006085 0.17211057245731354 1257
1783601006238 0.23115350306034088 1258
1783601006403 0.261047899723053 1259
1783601006569 0.43173134326934814 1260
1783601006731 0.24935396015644073 1261
1783601007028 0.19732114672660828 1262
1783601007145 0.38025742769241333 1263
1783601007286 0.40451258420944214 1264
1783601007437 0.5042756795883179 1265
1783601007591 0.3907681405544281 1266
1783601007711 0.42991766333580017 1267
1783601007809 0.4019504189491272 1268
1783601007902 0.3778204023838043 1269
1783601008068 0.46493279933929443 1270
1783601008282 0.513907253742218 1271
1783601008439 0.8907184600830078 1272
1783601008594 0.49530887603759766 1273
1783601008711 0.24734149873256683 1274
1783601008863 0.16351072490215302 1275
1783601009010 0.36400866508483887 1276
1783601009174 0.180087149143219 1277
1783601009384 0.1598348319530487 1278
1783601009539 0.37714245915412903 1279
1783601009688 0.2609405815601349 1280
1783601009806 0.31159043312072754 1281
1783601009957 0.5489617586135864 1282
1783601010057 0.28954994678497314 1283
1783601010175 0.34568262100219727 1284
1783601010343 0.19964849948883057 1285
1783601010484 0.3053513765335083 1286
1783601010641 0.16118209064006805 1287
1783601010804 0.2991003096103668 1288
1783601010934 0.24973070621490479 1289
1783601011081 0.36142873764038086 1290
1783601011246 0.36707475781440735 1291
1783601011386 0.32951465249061584 1292
1783601011537 0.3755451440811157 1293
1783601011685 0.3181700110435486 1294
1783601011825 0.34084829688072205 1295
1783601011937 0.27878114581108093 1296
1783601012146 0.3862546682357788 1297
1783601012275 0.2634717524051666 1298
1783601012432 0.3062534034252167 1299
1783601012581 0.31752169132232666 1300
1783601012732 0.18399456143379211 1301
1783601012897 0.32982584834098816 1302
1783601013023 0.3789897561073303 1303
1783601013201 0.7788388729095459 1304
1783601013342 0.2744883596897125 1305
1783601013518 0.23575124144554138 1306
1783601013640 0.4625333547592163 1307
1783601013764 0.12311804294586182 1308
1783601013903 0.2411629855632782 1309
1783601014028 0.42411166429519653 1310
1783601014153 0.7727185487747192 1311
1783601014296 0.27185213565826416 1312
1783601014470 0.3433806598186493 1313
1783601014639 0.5196771025657654 1314
1783601014795 0.24839279055595398 1315
1783601014908 0.6181889176368713 1316
1783601015052 0.5276352167129517 1317
1783601015198 0.1692565530538559 1318
1783601015367 0.24561470746994019 1319
1783601015526 0.23074916005134583 1320
1783601015721 0.34257984161376953 1321
1783601015999 0.19932812452316284 1322
1783601016129 0.39700785279273987 1323
1783601016268 0.40045952796936035 1324
1783601016432 0.13090826570987701 1325
1783601016608 0.31786513328552246 1326
1783601016787 0.2940180003643036 1327
1783601016947 0.23463381826877594 1328
1783601017072 0.14865219593048096 1329
1783601017204 0.35740622878074646 1330
1783601017316 0.38355907797813416 1331
1783601017404 0.2676689624786377 1332
1783601017505 0.3879406750202179 1333
1783601017641 0.23528052866458893 1334
1783601017777 0.3044927418231964 1335
1783601017909 0.14514942467212677 1336
1783601018080 0.392290860414505 1337
1783601018237 0.3926873207092285 1338
1783601018364 0.292842298746109 1339
1783601018504 0.10682511329650879 1340
1783601018636 0.3612516522407532 1341
1783601018779 0.29786771535873413 1342
1783601018943 0.5985802412033081 1343
1783601019134 0.3828109800815582 1344
1783601019289 0.21913102269172668 1345
1783601019421 0.25053948163986206 1346
1783601019534 0.2827000021934509 1347
1783601019714 0.22481977939605713 1348
1783601019883 0.27785617113113403 1349
1783601020053 0.38436359167099 1350
1783601020215 0.40268266201019287 1351
1783601020364 0.32110413908958435 1352
1783601020519 0.5841180086135864 1353
1783601020628 0.7241388559341431 1354
1783601020778 0.3410188555717468 1355
1783601020948 0.46823421120643616 1356
1783601021223 0.34986093640327454 1357
1783601021355 0.9165549874305725 1358
1783601021534 0.1436622589826584 1359
1783601021642 0.7220490574836731 1360
1783601021804 0.2694284915924072 1361
1783601021965 0.2534290850162506 1362
1783601022122 0.4371074140071869 1363
1783601022301 0.3659362494945526 1364
1783601022490 0.3216669261455536 1365
1783601022673 0.39264482259750366 1366
1783601022802 0.2354556918144226 1367
1783601022954 0.16871187090873718 1368
1783601023104 0.2947351336479187 1369
1783601023284 0.261089563369751 1370
1783601023414 0.087075375020504 1371
1783601023600 0.46866387128829956 1372
1783601023702 0.29069119691848755 1373
1783601023800 0.5338335633277893 1374
1783601023921 0.5201884508132935 1375
1783601024080 0.30476757884025574 1376
1783601024236 0.559819221496582 1377
1783601024407 0.4957219064235687 1378
1783601024588 0.37692132592201233 1379
1783601024786 0.4220319092273712 1380
1783601024968 0.235272616147995 1381
1783601025132 0.8529092669487 1382
1783601025285 0.30225515365600586 1383
1783601025411 0.5896221995353699 1384
1783601025589 0.3276114761829376 1385
1783601025735 0.32640305161476135 1386
1783601025899 0.34726256132125854 1387
1783601026056 0.33116862177848816 1388
1783601026281 0.3804006576538086 1389
1783601026392 0.37096989154815674 1390
1783601026540 0.3446577489376068 1391
1783601026704 0.5428789258003235 1392
1783601026844 0.32382872700691223 1393
1783601026990 0.281305730342865 1394
1783601027129 0.3575337529182434 1395
1783601027307 0.40033724904060364 1396
1783601027503 0.309701532125473 1397
1783601027662 0.17256614565849304 1398
1783601027809 0.3817329704761505 1399
1783601027944 0.33062300086021423 1400
1783601028076 0.14404451847076416 1401
1783601028189 0.2648468315601349 1402
1783601028344 0.13929666578769684 1403
1783601028510 0.3365021049976349 1404
1783601028688 0.3165018856525421 1405
1783601028881 0.36077645421028137 1406
1783601029034 0.5446240305900574 1407
1783601029159 0.408032089471817 1408
1783601029346 0.2712162137031555 1409
1783601029487 0.6388561725616455 1410
1783601029653 0.36269477009773254 1411
1783601029801 0.3747129440307617 1412
1783601030181 0.35542964935302734 1413
1783601030282 0.300800085067749 1414
1783601030441 0.2576049268245697 1415
1783601030613 0.32577091455459595 1416
1783601030734 0.34873875975608826 1417
1783601030911 0.22837626934051514 1418
1783601031022 0.4514201283454895 1419
1783601031170 0.44888728857040405 1420
1783601031405 0.26690927147865295 1421
1783601031556 0.4963890314102173 1422
1783601031733 0.10633553564548492 1423
1783601031899 0.2461259514093399 1424
1783601032063 0.2428436577320099 1425
1783601032216 0.5520334839820862 1426
1783601032351 0.2506130039691925 1427
1783601032478 0.18654927611351013 1428
1783601032750 0.17686086893081665 1429
1783601032897 0.29403090476989746 1430
1783601033064 0.6175243854522705 1431
1783601033214 0.15591856837272644 1432
1783601033382 0.5259904861450195 1433
1783601033507 0.31291061639785767 1434
1783601033640 0.14668186008930206 1435
1783601033761 0.1557401418685913 1436
1783601033930 0.21511632204055786 1437
1783601034103 0.11553804576396942 1438
1783601034257 0.31799256801605225 1439
1783601034405 0.12096545100212097 1440
1783601034553 0.3229011297225952 1441
1783601034700 0.27510806918144226 1442
1783601034864 0.23665185272693634 1443
1783601035024 0.31214573979377747 1444
1783601035250 0.22761307656764984 1445
1783601035397 0.2707732915878296 1446
1783601035548 0.2334887534379959 1447
1783601035696 0.5993424654006958 1448
1783601035852 0.1700773388147354 1449
1783601035997 0.33466827869415283 1450
1783601036148 0.6180627942085266 1451
1783601036284 0.1743924468755722 1452
1783601036413 0.6922619938850403 1453
1783601036600 0.5255582928657532 1454
1783601036739 0.3997197151184082 1455
1783601036850 0.3612672686576843 1456
1783601036999 0.5219048261642456 1457
1783601037184 0.2681787610054016 1458
1783601037312 0.3418422341346741 1459
1783601037481 0.36951592564582825 1460
1783601037737 0.40473654866218567 1461
1783601037842 0.25182652473449707 1462
1783601037961 0.7961087822914124 1463
1783601038113 0.40865352749824524 1464
1783601038275 0.09867241233587265 1465
1783601038419 0.43563762307167053 1466
1783601038548 0.27069106698036194 1467
1783601038722 0.3422282338142395 1468
1783601038882 0.7440118789672852 1469
1783601039183 0.4464620053768158 1470
1783601039370 0.22748053073883057 1471
1783601039555 0.45869964361190796 1472
1783601039701 0.46499329805374146 1473
1783601039881 0.5925208926200867 1474
1783601040008 0.8161060810089111 1475
1783601040136 0.5267851948738098 1476
1783601040347 0.44141677021980286 1477
1783601040482 0.2248363494873047 1478
1783601040653 0.5355843901634216 1479
1783601040791 0.2525627613067627 1480
1783601040952 0.31170737743377686 1481
1783601041076 0.5139601230621338 1482
1783601041214 0.16917620599269867 1483
1783601041342 0.27530375123023987 1484
1783601041544 0.25528696179389954 1485
1783601041718 0.2716902792453766 1486
1783601041874 0.14857149124145508 1487
1783601042024 0.35646501183509827 1488
1783601042173 0.23870396614074707 1489
1783601042302 0.12425938993692398 1490
1783601042449 0.2879759967327118 1491
1783601042565 0.249349907040596 1492
1783601042717 0.22419503331184387 1493
1783601042884 0.185519278049469 1494
1783601042998 0.37253904342651367 1495
1783601043148 0.5031031370162964 1496
1783601043293 0.16729103028774261 1497
1783601043461 0.13754159212112427 1498
1783601043634 0.5033649802207947 1499
1783601043717 0.49792566895484924 1500
1783601043852 0.31225088238716125 1501
1783601044087 0.7072060108184814 1502
1783601044197 0.6407029032707214 1503
1783601044305 0.28904399275779724 1504
1783601044450 0.3329578936100006 1505
1783601044573 0.1605069488286972 1506
1783601044680 0.2851996123790741 1507
1783601044830 0.42542874813079834 1508
1783601044991 0.28323546051979065 1509
1783601045147 0.3861437737941742 1510
1783601045302 0.11824238300323486 1511
1783601045448 0.21672703325748444 1512
1783601045589 0.13014180958271027 1513
1783601045754 0.22684535384178162 1514
1783601045943 0.24240891635417938 1515
1783601046100 0.4075007438659668 1516
1783601046242 0.42815667390823364 1517
1783601046371 0.8969947099685669 1518
1783601046483 0.5812406539916992 1519
1783601046749 0.39653241634368896 1520
1783601046874 0.5140109658241272 1521
1783601047015 0.24161215126514435 1522
1783601047219 0.33276310563087463 1523
1783601047380 0.132023423910141 1524
1783601047514 0.18752941489219666 1525
1783601047659 0.1978529393672943 1526
1783601047935 0.7320637702941895 1527
1783601048076 0.21403217315673828 1528
1783601048228 0.4875265061855316 1529
1783601048395 0.43396106362342834 1530
1783601048548 0.418137788772583 1531
1783601048664 0.25955912470817566 1532
1783601048754 0.3025374114513397 1533
1783601048914 0.41332557797431946 1534
1783601049074 0.39475083351135254 1535
1783601049187 0.3790983259677887 1536
1783601049336 0.4789063632488251 1537
1783601049493 0.17153793573379517 1538
1783601049646 0.3082497715950012 1539
1783601049790 0.20172499120235443 1540
1783601049931 0.24870015680789948 1541
1783601050099 0.3258223533630371 1542
1783601050282 0.2075170874595642 1543
1783601050518 0.364255428314209 1544
1783601050661 0.22788211703300476 1545
1783601050813 0.2845114469528198 1546
1783601050915 0.6590969562530518 1547
1783601051105 0.19512400031089783 1548
1783601051241 0.35327082872390747 1549
1783601051407 0.33437979221343994 1550
1783601051548 0.5048729777336121 1551
1783601051722 0.24764128029346466 1552
1783601051847 0.4912274479866028 1553
1783601051996 0.25847336649894714 1554
1783601052191 0.4139848053455353 1555
1783601052316 0.19509878754615784 1556
1783601052509 0.24579846858978271 1557
1783601052639 0.9889055490493774 1558
1783601052786 0.09690318256616592 1559
1783601052959 0.28505754470825195 1560
1783601053107 0.22265537083148956 1561
1783601053271 0.3966411054134369 1562
1783601053427 0.32272791862487793 1563
1783601053651 0.29179319739341736 1564
1783601053750 0.3882100284099579 1565
1783601053905 0.3196984827518463 1566
1783601054056 0.17474471032619476 1567
1783601054299 0.17541101574897766 1568
1783601054467 0.1601739227771759 1569
1783601054658 0.42193707823753357 1570
1783601054836 0.5166745185852051 1571
1783601054980 0.18910036981105804 1572
1783601055131 0.24836939573287964 1573
1783601055255 0.12999990582466125 1574
1783601055460 0.45943957567214966 1575
1783601055656 0.4555523693561554 1576
1783601055798 0.3978419303894043 1577
1783601055915 0.46572354435920715 1578
1783601056082 0.2372824102640152 1579
1783601056222 0.45691758394241333 1580
1783601056363 0.18877418339252472 1581
1783601056514 0.11858684569597244 1582
1783601056669 0.3578183650970459 1583
1783601056845 0.5345780253410339 1584
1783601057023 0.45740023255348206 1585
1783601057189 0.17957575619220734 1586
1783601057309 0.4477449953556061 1587
1783601057426 0.4937242865562439 1588
1783601057587 0.40830373764038086 1589
1783601057745 0.5725504159927368 1590
1783601057871 0.8621475100517273 1591
1783601057988 0.5376163721084595 1592
1783601058235 0.2644279897212982 1593
1783601058362 0.24592122435569763 1594
1783601058492 0.14656269550323486 1595
1783601058646 0.7405120730400085 1596
1783601058796 0.37422117590904236 1597
1783601058934 0.2634468078613281 1598
1783601059090 0.3573768436908722 1599
1783601059258 0.4145803153514862 1600
1783601059412 0.7593143582344055 1601
1783601059566 0.07576411217451096 1602
1783601059713 0.23678851127624512 1603
1783601059868 0.4769076704978943 1604
1783601060026 0.20331110060214996 1605
1783601060176 0.20183150470256805 1606
1783601060347 0.327860027551651 1607
1783601060498 0.4159020781517029 1608
1783601060647 0.33514833450317383 1609
1783601060815 0.24600285291671753 1610
1783601060961 0.26544734835624695 1611
1783601061137 0.315091073513031 1612
1783601061293 0.2936963140964508 1613
1783601061460 0.37275663018226624 1614
1783601061611 0.3422173261642456 1615
1783601061754 0.6572463512420654 1616
1783601062010 0.23486366868019104 1617
1783601062193 0.18181417882442474 1618
1783601062490 0.15173690021038055 1619
1783601062629 0.665037214756012 1620
1783601062784 0.40351012349128723 1621
1783601062895 0.6149415373802185 1622
1783601063047 0.2056850641965866 1623
1783601063217 0.14311039447784424 1624
1783601063379 0.6144564747810364 1625
1783601063532 0.4488440155982971 1626
1783601063647 0.3005436360836029 1627
1783601063748 0.423123300075531 1628
1783601063856 0.6859951019287109 1629
1783601064001 0.2827024459838867 1630
1783601064162 0.32606175541877747 1631
1783601064329 0.6916508078575134 1632
1783601064504 0.24315989017486572 1633
1783601064689 0.32394838333129883 1634
1783601064826 0.2315463423728943 1635
1783601064962 0.7292023301124573 1636
1783601065111 0.8645699620246887 1637
1783601065234 0.08564306050539017 1638
1783601065380 0.2657274603843689 1639
1783601065557 0.4610176980495453 1640
1783601065710 0.4883331060409546 1641
1783601065961 0.4737929105758667 1642
1783601066101 0.31318068504333496 1643
1783601066266 0.24953746795654297 1644
1783601066405 0.33515501022338867 1645
1783601066541 0.3693486452102661 1646
1783601066717 0.16387340426445007 1647
1783601066870 0.3364133834838867 1648
1783601067001 0.2552006244659424 1649
1783601067135 0.3332218825817108 1650
1783601067306 0.3265517055988312 1651
1783601067468 0.3090224862098694 1652
1783601067611 0.17973817884922028 1653
1783601067777 0.156159907579422 1654
1783601067901 0.2909705340862274 1655
1783601068063 0.591123640537262 1656
1783601068192 0.4331759214401245 1657
1783601068368 0.2456292361021042 1658
1783601068548 0.2253718078136444 1659
1783601068725 0.37592464685440063 1660
1783601068861 0.7054582834243774 1661
1783601069012 0.20534980297088623 1662
1783601069139 0.43786126375198364 1663
1783601069278 0.21724705398082733 1664
1783601069432 0.850954532623291 1665
1783601069600 0.3058897852897644 1666
1783601069861 0.38802170753479004 1667
1783601070031 0.2817400097846985 1668
1783601070195 0.7698512077331543 1669
1783601070363 0.31012091040611267 1670
1783601070535 0.4197582006454468 1671
1783601070711 0.2685140073299408 1672
1783601070896 0.45004385709762573 1673
1783601071089 0.3439670503139496 1674
1783601071235 0.4095320999622345 1675
1783601071383 0.4272611439228058 1676
1783601071506 0.2583225965499878 1677
1783601071625 0.5687347650527954 1678
1783601071762 0.40931472182273865 1679
1783601071904 0.6274669766426086 1680
1783601072089 0.23062525689601898 1681
1783601072263 0.1418219357728958 1682
1783601072416 0.25631090998649597 1683
1783601072541 0.48802220821380615 1684
1783601072711 0.2313603162765503 1685
1783601072870 0.21844890713691711 1686
1783601073011 0.2222362756729126 1687
1783601073162 0.1814066767692566 1688
1783601073300 0.5735242366790771 1689
1783601073482 0.4930848181247711 1690
1783601073636 0.610193133354187 1691
1783601073740 0.25520777702331543 1692
1783601073851 0.1867164671421051 1693
1783601074010 0.09489146620035172 1694
1783601074143 0.28150323033332825 1695
1783601074299 0.17802485823631287 1696
1783601074456 0.16590800881385803 1697
1783601074593 0.35454148054122925 1698
1783601074707 0.19966918230056763 1699
1783601075005 0.33140644431114197 1700
1783601075145 0.4141208529472351 1701
1783601075253 0.38301151990890503 1702
1783601075414 0.15342830121517181 1703
1783601075583 0.1708594709634781 1704
1783601075721 0.1722934991121292 1705
1783601075878 0.3327668011188507 1706
1783601076030 0.2744688093662262 1707
1783601076331 0.37545615434646606 1708
1783601076485 0.520971953868866 1709
1783601076628 0.9540515542030334 1710
1783601076753 0.4682120680809021 1711
1783601076855 0.1698979288339615 1712
1783601077009 0.17058080434799194 1713
1783601077197 0.2170625776052475 1714
1783601077337 0.4488815665245056 1715
1783601077544 0.28691908717155457 1716
1783601077704 0.37067878246307373 1717
1783601077846 0.37889364361763 1718
1783601077989 0.2439027726650238 1719
1783601078129 0.4448692202568054 1720
1783601078331 0.5186043381690979 1721
1783601078517 0.27604007720947266 1722
1783601078840 0.23881977796554565 1723
1783601078956 0.46321550011634827 1724
1783601079095 0.4242629110813141 1725
1783601079248 0.16239525377750397 1726
1783601079365 0.36739903688430786 1727
1783601079516 0.7806623578071594 1728
1783601079661 0.46784350275993347 1729
1783601079818 0.5105109810829163 1730
1783601080009 0.40542206168174744 1731
1783601080190 0.28518134355545044 1732
1783601080332 0.07222801446914673 1733
1783601080499 0.2540794312953949 1734
1783601080678 0.563383162021637 1735
1783601080830 0.14346502721309662 1736
1783601080982 0.2742602527141571 1737
1783601081128 0.1993822604417801 1738
1783601081400 0.5216476321220398 1739
1783601081548 0.28756141662597656 1740
1783601081730 0.3196808397769928 1741
1783601081897 0.2916880249977112 1742
1783601082044 0.26423904299736023 1743
1783601082194 0.21643181145191193 1744
1783601082330 0.40035638213157654 1745
1783601082503 0.20662781596183777 1746
1783601082711 0.3138127624988556 1747
1783601082857 0.35851117968559265 1748
1783601083011 0.3111910820007324 1749
1783601083154 0.3244253098964691 1750
1783601083296 0.5177482962608337 1751
1783601083409 0.3746008276939392 1752
1783601083565 0.6033424139022827 1753
1783601083677 0.3596750795841217 1754
1783601083763 0.6484004259109497 1755
1783601083947 0.3023761510848999 1756
1783601084098 0.779719889163971 1757
1783601084262 0.3093237280845642 1758
1783601084376 0.24526764452457428 1759
1783601084505 0.34569084644317627 1760
1783601084662 0.22468478977680206 1761
1783601084805 0.5486845970153809 1762
1783601084953 0.30615684390068054 1763
1783601085121 0.3083239793777466 1764
1783601085307 0.3291921615600586 1765
1783601085422 0.5144625902175903 1766
1783601085518 0.18685457110404968 1767
1783601085665 0.5257118940353394 1768
1783601085810 0.34319695830345154 1769
1783601085966 0.09505695104598999 1770
1783601086127 0.41647374629974365 1771
1783601086279 0.4308875501155853 1772
1783601086468 0.1763647496700287 1773
1783601086647 0.2824214994907379 1774
1783601086836 0.11955288797616959 1775
1783601087000 0.14459985494613647 1776
1783601087162 0.153097003698349 1777
1783601087322 0.2229214757680893 1778
1783601087466 0.6189066767692566 1779
1783601087578 0.10558271408081055 1780
1783601087722 0.5773691534996033 1781
1783601087889 0.4398249387741089 1782
1783601088019 0.4179833233356476 1783
1783601088173 0.8658217191696167 1784
1783601088299 0.18594129383563995 1785
1783601088432 0.3208307921886444 1786
1783601088580 0.4993217885494232 1787
1783601088722 0.7034305930137634 1788
1783601088873 0.3536943197250366 1789
1783601089060 0.44333788752555847 1790
1783601089212 0.2878190577030182 1791
1783601089390 0.38492900133132935 1792
1783601089535 0.35467690229415894 1793
1783601089684 0.2740819752216339 1794
1783601089826 0.29894134402275085 1795
1783601089995 0.43659353256225586 1796
1783601090158 0.10138377547264099 1797
1783601090346 0.354927659034729 1798
1783601090465 0.4449178874492645 1799
1783601090608 0.3063625395298004 1800
1783601090764 0.34774723649024963 1801
1783601090879 0.22362396121025085 1802
1783601091030 0.4854467809200287 1803
1783601091191 0.5286546349525452 1804
1783601091307 0.26463043689727783 1805
1783601091457 0.5215457081794739 1806
1783601091572 0.6316463947296143 1807
1783601091875 0.37814947962760925 1808
1783601092007 0.2225845903158188 1809
1783601092172 0.7948471307754517 1810
1783601092296 0.377366840839386 1811
1783601092458 0.44393983483314514 1812
1783601092597 0.44723454117774963 1813
1783601092743 0.5118805170059204 1814
1783601092925 0.5496972799301147 1815
1783601093088 0.4635004699230194 1816
1783601093224 0.16122759878635406 1817
1783601093381 0.25678950548171997 1818
1783601093544 0.26160043478012085 1819
1783601093668 0.22335036098957062 1820
1783601093770 0.23158355057239532 1821
1783601093927 0.33255189657211304 1822
1783601094063 0.15579107403755188 1823
1783601094216 0.26567739248275757 1824
1783601094496 0.1374465823173523 1825
1783601094653 0.22014644742012024 1826
1783601094807 0.3369258940219879 1827
1783601094972 0.29872071743011475 1828
1783601095131 0.4918818473815918 1829
1783601095251 0.2959675192832947 1830
1783601095382 0.3489649295806885 1831
1783601095639 0.5993295311927795 1832
1783601095798 0.4604693353176117 1833
1783601095958 0.21287021040916443 1834
1783601096121 0.47203922271728516 1835
1783601096241 0.4762727916240692 1836
1783601096371 0.5302441120147705 1837
1783601096531 0.3456358015537262 1838
1783601096702 0.5385494828224182 1839
1783601096881 0.13417041301727295 1840
1783601097044 0.33180341124534607 1841
1783601097191 0.3249969184398651 1842
1783601097339 0.25226807594299316 1843
1783601097437 0.25675368309020996 1844
1783601097597 0.21070164442062378 1845
1783601097738 0.30508139729499817 1846
1783601097880 0.25331538915634155 1847
1783601097987 0.43346092104911804 1848
1783601098139 0.2911376357078552 1849
1783601098389 0.12642337381839752 1850
1783601098499 0.5635477900505066 1851
1783601098663 0.4620445668697357 1852
1783601098826 0.25077390670776367 1853
1783601098976 0.5584102272987366 1854
1783601099124 0.5478596091270447 1855
1783601099267 0.36749035120010376 1856
1783601099459 0.362787127494812 1857
1783601099574 0.142629936337471 1858
1783601099682 0.7232740521430969 1859
1783601099841 0.43521320819854736 1860
1783601100014 0.6779798269271851 1861
1783601100199 0.61593097448349 1862
1783601100374 0.3130078613758087 1863
1783601100518 0.3905801773071289 1864
1783601100759 0.4834994673728943 1865
1783601100900 0.5097916722297668 1866
1783601101067 0.5197489857673645 1867
1783601101224 0.3210085332393646 1868
1783601101379 0.33941465616226196 1869
1783601101536 0.39225736260414124 1870
1783601101676 0.2070426195859909 1871
1783601101827 0.28780728578567505 1872
1783601102001 0.2470005601644516 1873
1783601102221 0.5311790704727173 1874
1783601102859 0.4174863398075104 1875
1783601102974 0.8352130651473999 1876
1783601103129 0.6506979465484619 1877
1783601103289 0.1139751449227333 1878
1783601103454 0.39289894700050354 1879
1783601103641 0.6118388772010803 1880
1783601103758 0.20706823468208313 1881
1783601103891 0.24456946551799774 1882
1783601104057 0.35498520731925964 1883
1783601104210 0.32264646887779236 1884
1783601104376 0.5485568046569824 1885
1783601104612 0.45219114422798157 1886
1783601104780 0.3210955560207367 1887
1783601104924 0.43195146322250366 1888
1783601105085 0.22193823754787445 1889
1783601105239 0.7053574919700623 1890
1783601105367 0.4705083668231964 1891
1783601105504 0.5412287712097168 1892
1783601105657 0.6530352234840393 1893
1783601105821 0.5836738348007202 1894
1783601105955 0.23014938831329346 1895
1783601106091 0.37833309173583984 1896
1783601106255 0.10060028731822968 1897
1783601106392 0.17849653959274292 1898
1783601106558 0.3489176630973816 1899
1783601106726 0.09673429280519485 1900
1783601106881 0.2217661291360855 1901
1783601107039 0.11587532609701157 1902
1783601107307 0.2913529872894287 1903
1783601107457 0.20333325862884521 1904
1783601107622 0.2784392535686493 1905
1783601107802 0.09948256611824036 1906
1783601107914 0.29529842734336853 1907
1783601108055 0.3720601201057434 1908
1783601108193 0.3830133080482483 1909
1783601108605 0.23100614547729492 1910
1783601108742 0.7889404892921448 1911
1783601108882 0.2360345721244812 1912
1783601109035 0.5163542628288269 1913
1783601109191 0.3836580812931061 1914
1783601109308 0.4848514199256897 1915
1783601109473 0.37276798486709595 1916
1783601109605 0.29049399495124817 1917
1783601109792 0.33085256814956665 1918
1783601109938 0.11478081345558167 1919
1783601110087 0.21238961815834045 1920
1783601110257 0.3192187249660492 1921
1783601110358 0.2246687412261963 1922
1783601110516 0.14255434274673462 1923
1783601110660 0.25301268696784973 1924
1783601110803 0.3032257556915283 1925
1783601110959 0.13230673968791962 1926
1783601111231 0.1026206687092781 1927
1783601111337 0.18573027849197388 1928
1783601111459 0.20057368278503418 1929
1783601111607 0.4644332528114319 1930
1783601111768 0.38150766491889954 1931
1783601111932 0.33081525564193726 1932
1783601112068 0.28256168961524963 1933
1783601112222 0.4571022093296051 1934
1783601112491 0.2327420860528946 1935
1783601112634 0.6238405108451843 1936
1783601112802 0.5394170880317688 1937
1783601112928 0.3485995829105377 1938
1783601113096 0.17592789232730865 1939
1783601113238 0.8254470825195312 1940
1783601113384 0.329125314950943 1941
1783601113521 0.1165333241224289 1942
1783601113695 0.2528975009918213 1943
1783601113803 0.4235731065273285 1944
1783601113926 0.19912055134773254 1945
1783601114075 0.24066033959388733 1946
1783601114258 0.15852804481983185 1947
1783601114415 0.16384248435497284 1948
1783601114582 0.40613555908203125 1949
1783601114693 0.28443169593811035 1950
1783601115064 0.32528364658355713 1951
1783601115224 0.5520126223564148 1952
1783601115364 0.46560803055763245 1953
1783601115526 0.32977238297462463 1954
1783601115662 0.2565169036388397 1955
1783601115804 0.29522308707237244 1956
1783601115967 0.2268887758255005 1957
1783601116132 0.18572857975959778 1958
1783601116334 0.23719516396522522 1959
1783601116490 0.28159379959106445 1960
1783601116659 0.36448967456817627 1961
1783601116775 0.21690674126148224 1962
1783601116892 0.5927942395210266 1963
1783601117039 0.2817973494529724 1964
1783601117213 0.5277105569839478 1965
1783601117371 0.31970828771591187 1966
1783601117554 0.32897457480430603 1967
1783601117705 0.07715456187725067 1968
1783601117863 0.5044295787811279 1969
1783601117968 0.5374388098716736 1970
1783601118122 0.28556400537490845 1971
1783601118278 0.25918838381767273 1972
1783601118452 0.1571524292230606 1973
1783601118609 0.2180735021829605 1974
1783601118795 0.27465665340423584 1975
1783601118932 0.514756441116333 1976
1783601119051 0.3376886546611786 1977
1783601119207 0.26615890860557556 1978
1783601119374 0.3546814024448395 1979
1783601119534 0.4804690182209015 1980
1783601119671 0.6733492612838745 1981
1783601119838 0.31330975890159607 1982
1783601120005 0.2765434682369232 1983
1783601120151 0.22360557317733765 1984
1783601120286 0.2809634804725647 1985
1783601120448 0.40938064455986023 1986
1783601120603 0.49694061279296875 1987
1783601120758 0.2258112132549286 1988
1783601120921 0.09336884319782257 1989
1783601121055 0.26293280720710754 1990
1783601121186 0.2895372211933136 1991
1783601121435 0.21705599129199982 1992
1783601121569 0.21138647198677063 1993
1783601121742 0.6492452025413513 1994
1783601121908 0.18421411514282227 1995
1783601122042 0.32114407420158386 1996
1783601122173 0.5102935433387756 1997
1783601122304 0.358150452375412 1998
1783601122466 0.08011819422245026 1999
1783601122625 0.863609254360199 2000
1783601122791 0.36013540625572205 2001
1783601122944 0.6019611358642578 2002
1783601123091 0.36045917868614197 2003
1783601123236 0.14211279153823853 2004
1783601123374 0.25328725576400757 2005
1783601123522 0.2110161930322647 2006
1783601123693 0.49266692996025085 2007
1783601123797 0.1615496277809143 2008
1783601124030 0.3707207441329956 2009
1783601124177 0.7713158130645752 2010
1783601124323 0.5029448866844177 2011
1783601124444 0.6160396933555603 2012
1783601124601 0.5263940691947937 2013
1783601124750 0.20070497691631317 2014
1783601124903 0.5114347338676453 2015
1783601125053 0.47534075379371643 2016
1783601125222 0.27486422657966614 2017
1783601125413 0.20104403793811798 2018
1783601125543 0.2894558906555176 2019
1783601125694 0.366042822599411 2020
1783601125850 0.3705735206604004 2021
1783601126007 0.27136069536209106 2022
1783601126153 0.2461068481206894 2023
1783601126264 0.2518307864665985 2024
1783601126422 0.2559899687767029 2025
1783601126576 0.31990519165992737 2026
1783601126723 0.11366897076368332 2027
1783601126873 0.9334145188331604 2028
1783601126996 0.3552781641483307 2029
1783601127170 0.338093638420105 2030
1783601127287 0.326775461435318 2031
1783601127457 0.24323119223117828 2032
1783601127599 0.35161545872688293 2033
1783601127741 0.48038578033447266 2034
1783601127927 0.42671531438827515 2035
1783601128032 0.11870553344488144 2036
1783601128137 0.2774849832057953 2037
1783601128247 0.5970073938369751 2038
1783601128338 0.19014130532741547 2039
1783601128474 0.3500184714794159 2040
1783601128643 0.47009947896003723 2041
1783601128821 0.46756798028945923 2042
1783601129177 0.46947869658470154 2043
1783601129321 0.36266472935676575 2044
1783601129487 0.29641032218933105 2045
1783601129646 0.3959293067455292 2046
1783601129771 0.401368111371994 2047
1783601129886 0.20308387279510498 2048
1783601130053 0.2114788144826889 2049
1783601130219 0.257811039686203 2050
1783601130373 0.14228025078773499 2051
1783601130561 0.3811824917793274 2052
1783601130730 0.3150593042373657 2053
1783601130849 0.2993927597999573 2054
1783601130965 0.17407865822315216 2055
1783601131103 0.4450336992740631 2056
1783601131252 0.29227131605148315 2057
1783601131406 0.6310054063796997 2058
1783601131582 0.34760868549346924 2059
1783601131744 0.3119255006313324 2060
1783601131872 0.5687720775604248 2061
1783601132035 0.11146064847707748 2062
1783601132184 0.7235977649688721 2063
1783601132331 0.2763534486293793 2064
1783601132480 0.3936595916748047 2065
1783601132636 0.14676542580127716 2066
1783601132820 0.3873612880706787 2067
1783601132924 0.20370173454284668 2068
1783601133034 0.12496351450681686 2069
1783601133148 0.08685288578271866 2070
1783601133299 0.3122304677963257 2071
1783601133445 0.2323065847158432 2072
1783601133628 0.06696352362632751 2073
1783601133763 0.24300312995910645 2074
1783601133873 0.46484512090682983 2075
1783601134029 0.4174759089946747 2076
1783601134162 0.28626564145088196 2077
1783601134372 0.34120842814445496 2078
1783601134482 0.34658876061439514 2079
1783601134628 0.2599966526031494 2080
1783601134792 0.21432329714298248 2081
1783601134949 0.14361508190631866 2082
1783601135126 0.21039395034313202 2083
1783601135249 0.2907516658306122 2084
1783601135525 0.13266518712043762 2085
1783601135676 0.43153125047683716 2086
1783601135842 0.47409966588020325 2087
1783601136008 0.25797489285469055 2088
1783601136161 0.2416035532951355 2089
1783601136274 0.38569900393486023 2090
1783601136392 0.3532688319683075 2091
1783601136545 0.4188443720340729 2092
1783601136710 0.4699370265007019 2093
1783601136918 0.26369085907936096 2094
1783601137057 0.18243414163589478 2095
1783601137240 0.2514340579509735 2096
1783601137389 0.42308682203292847 2097
1783601137542 0.22371520102024078 2098
1783601137692 0.5945180058479309 2099
1783601137840 0.16561748087406158 2100
1783601137981 0.546271800994873 2101
1783601138201 0.23025187849998474 2102
1783601138349 0.2401011735200882 2103
1783601138486 0.14811857044696808 2104
1783601138669 0.2522667944431305 2105
1783601138801 0.24566814303398132 2106
1783601138947 0.16804443299770355 2107
1783601139141 0.34622323513031006 2108
1783601139277 0.4293704628944397 2109
1783601139501 0.40329310297966003 2110
1783601139641 0.4971727132797241 2111
1783601139787 0.17516443133354187 2112
1783601139943 0.2980467677116394 2113
1783601140090 0.3003302216529846 2114
1783601140242 0.4986647367477417 2115
1783601140390 0.23166845738887787 2116
1783601140555 0.1933477520942688 2117
1783601140689 0.3672536015510559 2118
1783601140857 0.28913503885269165 2119
1783601140982 0.3168678283691406 2120
1783601141137 0.19060561060905457 2121
1783601141274 0.36575525999069214 2122
1783601141431 0.25746530294418335 2123
1783601141588 0.6500041484832764 2124
1783601141707 0.32244446873664856 2125
1783601141872 1.0882996320724487 2126
1783601142060 0.2506757080554962 2127
1783601142213 0.20562297105789185 2128
1783601142333 0.3203248083591461 2129
1783601142504 0.5258686542510986 2130
1783601142637 0.19518105685710907 2131
1783601142752 0.34434154629707336 2132
1783601142865 0.5079603791236877 2133
1783601142985 0.2760668396949768 2134
1783601143165 0.2415381222963333 2135
1783601143298 0.31313905119895935 2136
1783601143433 0.48636677861213684 2137
1783601143610 0.2588607668876648 2138
1783601143734 0.2746146321296692 2139
1783601143832 0.2721543312072754 2140
1783601143989 0.5053079128265381 2141
1783601144150 0.13196523487567902 2142
1783601144291 0.3585425317287445 2143
1783601144554 0.35960468649864197 2144
1783601144676 0.5678479075431824 2145
1783601144802 0.5535250902175903 2146
1783601144937 0.3543466031551361 2147
1783601145047 0.18269860744476318 2148
1783601145192 0.42158243060112 2149
1783601145327 0.15880821645259857 2150
1783601145538 0.3866747319698334 2151
1783601145686 0.17666172981262207 2152
1783601145836 0.31261447072029114 2153
1783601145955 0.5599271059036255 2154
1783601146071 0.2733893096446991 2155
1783601146207 0.3851146101951599 2156
1783601146360 0.4244319498538971 2157
1783601146517 0.5826468467712402 2158
1783601146672 0.33318936824798584 2159
1783601146816 0.4015924334526062 2160
1783601147006 0.3399655818939209 2161
1783601147132 0.8634165525436401 2162
1783601147264 0.29682841897010803 2163
1783601147396 0.5684437155723572 2164
1783601147561 0.7938678860664368 2165
1783601147720 0.29693368077278137 2166
1783601147888 0.22687608003616333 2167
1783601148000 0.08363884687423706 2168
1783601148152 0.39098894596099854 2169
1783601148273 0.3102225661277771 2170
1783601148419 0.2224738895893097 2171
1783601148576 0.3430229425430298 2172
1783601148734 0.28812673687934875 2173
1783601148841 0.2676990032196045 2174
1783601148952 0.3290553390979767 2175
1783601149053 0.2149324119091034 2176
1783601149164 0.35157662630081177 2177
1783601149279 0.11318228393793106 2178
1783601149428 0.7783372402191162 2179
1783601149635 0.621514081954956 2180
1783601149808 0.30869555473327637 2181
1783601149960 0.48843711614608765 2182
1783601150167 0.39571815729141235 2183
1783601150305 0.45822349190711975 2184
1783601150450 0.12372986227273941 2185
1783601150653 0.27974653244018555 2186
1783601150859 0.21261568367481232 2187
1783601151048 0.2911248803138733 2188
1783601151167 0.28047454357147217 2189
1783601151299 0.2944788932800293 2190
1783601151449 0.5847488641738892 2191
1783601151603 0.42840680480003357 2192
1783601151771 0.25089073181152344 2193
1783601151905 0.20255830883979797 2194
1783601152067 0.29399389028549194 2195
1783601152215 0.4614447057247162 2196
1783601152400 0.2566912770271301 2197
1783601152551 0.6355213522911072 2198
1783601152710 0.5093213319778442 2199
1783601152870 0.16217301785945892 2200
1783601153015 0.49118372797966003 2201
1783601153156 0.18439514935016632 2202
1783601153320 0.18497300148010254 2203
1783601153540 0.21017710864543915 2204
1783601153674 0.31043410301208496 2205
1783601153781 0.28036263585090637 2206
1783601153905 0.3689117133617401 2207
1783601154079 0.26642531156539917 2208
1783601154232 0.15182623267173767 2209
1783601154362 0.27576425671577454 2210
1783601154537 0.15504616498947144 2211
1783601154660 0.3543029725551605 2212
1783601154820 0.6816605925559998 2213
1783601154959 0.293819397687912 2214
1783601155089 0.29231637716293335 2215
1783601155249 0.2546852231025696 2216
1783601155402 0.4450978636741638 2217
1783601155580 0.1599303036928177 2218
1783601155729 0.21877765655517578 2219
1783601155871 0.5740728974342346 2220
1783601156068 0.5923953652381897 2221
1783601156213 0.24394628405570984 2222
1783601156385 0.45990997552871704 2223
1783601156563 0.2546450197696686 2224
1783601156735 0.677280843257904 2225
1783601156898 0.5276628136634827 2226
1783601157046 0.16197504103183746 2227
1783601157241 0.6345231533050537 2228
1783601157398 0.6367776989936829 2229
1783601157572 0.35036495327949524 2230
1783601157722 0.06798315793275833 2231
1783601157868 0.13340593874454498 2232
1783601157976 0.33297714591026306 2233
1783601158134 0.17087893187999725 2234
1783601158320 0.7095386981964111 2235
1783601158589 0.6697865128517151 2236
1783601158744 0.25993722677230835 2237
1783601158920 0.2780763506889343 2238
1783601159073 0.45509690046310425 2239
1783601159224 0.16627416014671326 2240
1783601159390 0.15703925490379333 2241
1783601159551 0.43362870812416077 2242
1783601159916 0.37527453899383545 2243
1783601160058 0.1333848536014557 2244
1783601160165 0.18880270421504974 2245
1783601160331 0.4906579554080963 2246
1783601160505 0.2755644619464874 2247
1783601160658 0.5236267447471619 2248
1783601160819 0.4944506585597992 2249
1783601161199 0.3852364122867584 2250
1783601161340 0.43407300114631653 2251
1783601161500 0.49527087807655334 2252
1783601161614 0.2703598141670227 2253
1783601161760 0.49226436018943787 2254
1783601161939 0.7041051983833313 2255
1783601162101 0.429715633392334 2256
1783601162229 0.25149038434028625 2257
1783601162446 0.5961471199989319 2258
1783601162607 0.6510868668556213 2259
1783601162777 0.1300390362739563 2260
1783601162936 0.18546688556671143 2261
1783601163086 0.15011942386627197 2262
1783601163249 0.24732623994350433 2263
1783601163403 0.6626355051994324 2264
1783601163700 0.2828384339809418 2265
1783601163802 0.14509879052639008 2266
1783601163937 0.15656299889087677 2267
1783601164092 0.5097423791885376 2268
1783601164255 0.3915044665336609 2269
1783601164415 0.1855798065662384 2270
1783601164554 0.15012311935424805 2271
1783601164725 0.26239460706710815 2272
1783601164937 0.43850865960121155 2273
1783601165121 0.509079098701477 2274
1783601165285 0.19929130375385284 2275
1783601165459 0.21219584345817566 2276
1783601165615 0.3488561511039734 2277
1783601165753 0.35017672181129456 2278
1783601165909 0.344188928604126 2279
1783601166073 0.18480035662651062 2280
1783601166314 0.2839474081993103 2281
1783601166454 0.13088591396808624 2282
1783601166595 0.3714801073074341 2283
1783601166756 0.30433449149131775 2284
1783601166900 0.4996073246002197 2285
1783601167053 0.3860575258731842 2286
1783601167215 0.4788331389427185 2287
1783601167359 0.5938997864723206 2288
1783601167579 0.10898073017597198 2289
1783601167730 0.16270512342453003 2290
1783601167888 0.10715878009796143 2291
1783601168006 0.16049179434776306 2292
1783601168168 0.12018278986215591 2293
1783601168319 0.281442791223526 2294
1783601168466 0.1459028571844101 2295
1783601168621 0.5226000547409058 2296
1783601168742 0.38853612542152405 2297
1783601168869 0.35777905583381653 2298
1783601169024 0.24702215194702148 2299
1783601169184 0.4151251018047333 2300
1783601169331 0.39469337463378906 2301
1783601169483 0.43617430329322815 2302
1783601169659 0.4746282398700714 2303
1783601169816 0.3348942697048187 2304
1783601169974 0.14519445598125458 2305
1783601170167 0.26076722145080566 2306
1783601170291 0.4166690707206726 2307
1783601170439 0.6689053773880005 2308
1783601170611 0.25922176241874695 2309
1783601170769 0.536264181137085 2310
1783601170894 0.32555702328681946 2311
1783601171003 0.6006150841712952 2312
1783601171143 0.2720816731452942 2313
1783601171450 0.18602216243743896 2314
1783601171590 0.25852105021476746 2315
1783601171791 0.4583333432674408 2316
1783601171941 0.12207077443599701 2317
1783601172096 0.27465149760246277 2318
1783601172249 0.30270639061927795 2319
1783601172388 0.2856307923793793 2320
1783601172553 0.31340327858924866 2321
1783601172720 0.3430631458759308 2322
1783601172883 0.4176780581474304 2323
1783601173036 0.5253101587295532 2324
1783601173171 0.18466712534427643 2325
1783601173328 0.37772607803344727 2326
1783601173461 0.7610597014427185 2327
1783601173643 0.2577977180480957 2328
1783601173773 0.2628525197505951 2329
1783601173891 0.17953252792358398 2330
1783601174047 0.23326808214187622 2331
1783601174188 0.3175126016139984 2332
1783601174342 0.4124525487422943 2333
1783601174498 0.41780325770378113 2334
1783601174661 0.2905418872833252 2335
1783601174803 0.22339817881584167 2336
1783601174978 0.2125818282365799 2337
1783601175214 0.2942703068256378 2338
1783601175343 0.1728319674730301 2339
1783601175500 0.3971276581287384 2340
1783601175676 0.2157803475856781 2341
1783601175851 0.6756113767623901 2342
1783601176020 0.23007692396640778 2343
1783601176177 0.16787146031856537 2344
1783601176467 0.24606017768383026 2345
1783601176658 0.5756096839904785 2346
1783601176808 0.13198859989643097 2347
1783601176966 0.47752583026885986 2348
1783601177101 0.1622411161661148 2349
1783601177259 0.3129114806652069 2350
1783601177435 0.4635447859764099 2351
1783601177539 0.17802470922470093 2352
1783601177652 0.49751925468444824 2353
1783601177757 0.572179913520813 2354
1783601177861 0.5150763392448425 2355
1783601177969 0.37592217326164246 2356
1783601178066 0.42884162068367004 2357
1783601178228 0.40366843342781067 2358
1783601178447 0.3783693313598633 2359
1783601178641 0.20898544788360596 2360
1783601178794 0.2654997706413269 2361
1783601178968 0.4247207045555115 2362
1783601179095 0.41679084300994873 2363
1783601179217 0.24514275789260864 2364
1783601179353 0.15706360340118408 2365
1783601179465 0.16662871837615967 2366
1783601179581 0.48520469665527344 2367
1783601179696 0.24708238244056702 2368
1783601179844 0.4555381238460541 2369
1783601180015 0.8956204652786255 2370
1783601180184 0.46029412746429443 2371
1783601180330 0.2800443172454834 2372
1783601180463 0.19102413952350616 2373
1783601180611 0.3831043541431427 2374
1783601180743 0.277362197637558 2375
1783601180900 0.4027440845966339 2376
1783601181072 0.3934010863304138 2377
1783601181208 0.16089440882205963 2378
1783601181454 0.4687943160533905 2379
1783601181605 0.10007094591856003 2380
1783601181760 0.17703130841255188 2381
1783601181899 0.4431084990501404 2382
1783601182072 0.6394344568252563 2383
1783601182246 0.28897327184677124 2384
1783601182414 0.24604488909244537 2385
1783601182646 0.31893298029899597 2386
1783601182821 0.4014972746372223 2387
1783601182997 0.2039913684129715 2388
1783601183157 0.43965527415275574 2389
1783601183312 0.21288271248340607 2390
1783601183474 0.16810649633407593 2391
1783601183621 0.5062556266784668 2392
1783601183776 0.20591604709625244 2393
1783601183897 0.07590697705745697 2394
1783601184131 0.12822987139225006 2395
1783601184278 0.4827476739883423 2396
1783601184448 0.4053771495819092 2397
1783601184604 0.48118072748184204 2398
1783601184763 0.19973045587539673 2399
1783601184933 0.6333789229393005 2400
1783601185293 0.26768985390663147 2401
1783601185444 0.2609923481941223 2402
1783601185588 0.13834401965141296 2403
1783601185734 0.5302419066429138 2404
1783601185908 0.6038830876350403 2405
1783601186078 0.38692399859428406 2406
1783601186229 0.2628215551376343 2407
1783601186396 0.4054458737373352 2408
1783601186554 0.23523667454719543 2409
1783601186731 0.22160261869430542 2410
1783601186878 0.6456731557846069 2411
1783601187038 0.5975358486175537 2412
1783601187177 0.16572082042694092 2413
1783601187301 0.5547357797622681 2414
1783601187457 0.6006255745887756 2415
1783601187659 0.6769300103187561 2416
1783601187856 0.39191851019859314 2417
1783601187968 0.5429696440696716 2418
1783601188130 0.13526050746440887 2419
1783601188258 0.46486008167266846 2420
1783601188380 0.5786666870117188 2421
1783601188533 0.38062384724617004 2422
1783601188713 0.4360634684562683 2423
1783601188856 0.23366932570934296 2424
1783601189028 0.5401881337165833 2425
1783601189195 0.5881173014640808 2426
1783601189325 0.6874617338180542 2427
1783601189472 0.7223876118659973 2428
1783601189610 0.2936388850212097 2429
1783601189763 0.29899725317955017 2430
1783601189901 0.4910130202770233 2431
1783601190083 0.3041694462299347 2432
1783601190316 0.3589179813861847 2433
1783601190442 0.14346212148666382 2434
1783601190600 0.1545189917087555 2435
1783601190785 0.43478450179100037 2436
1783601190908 0.3172307312488556 2437
1783601191069 0.38013917207717896 2438
1783601191289 0.14464038610458374 2439
1783601191535 0.42467254400253296 2440
1783601191729 0.13001759350299835 2441
1783601191901 0.4618900716304779 2442
1783601192084 0.34934258460998535 2443
1783601192249 0.7507367730140686 2444
1783601192406 0.5542663931846619 2445
1783601192554 0.3822760581970215 2446
1783601192705 0.38969656825065613 2447
1783601192930 0.43802767992019653 2448
1783601193115 0.2815297544002533 2449
1783601193272 0.17643803358078003 2450
1783601193413 0.10028936713933945 2451
1783601193575 0.43693438172340393 2452
1783601193725 0.17715682089328766 2453
1783601193826 0.3033965826034546 2454
1783601193933 0.4701445996761322 2455
1783601194315 0.19764502346515656 2456
1783601194470 0.49200278520584106 2457
1783601194626 0.16337592899799347 2458
1783601194775 0.20686237514019012 2459
1783601194915 0.12003440409898758 2460
1783601195034 0.2853747010231018 2461
1783601195187 0.2844599485397339 2462
1783601195364 0.18151350319385529 2463
1783601195541 0.3208840489387512 2464
1783601195708 0.27492454648017883 2465
1783601195880 0.34195399284362793 2466
1783601196035 0.3015861213207245 2467
1783601196204 0.19640102982521057 2468
1783601196378 0.18466532230377197 2469
1783601196534 0.11359293013811111 2470
1783601196844 0.5242916941642761 2471
1783601196971 0.15624530613422394 2472
1783601197123 0.1277785301208496 2473
1783601197280 0.27456948161125183 2474
1783601197425 0.4247163236141205 2475
1783601197594 0.4030190110206604 2476
1783601197726 0.39130935072898865 2477
1783601197882 0.3642939329147339 2478
1783601198009 0.30430468916893005 2479
1783601198174 0.357597291469574 2480
1783601198333 0.3821319341659546 2481
1783601198477 0.4082123935222626 2482
1783601198638 0.8280310034751892 2483
1783601198775 0.18841423094272614 2484
1783601198965 0.34634140133857727 2485
1783601199116 0.49901893734931946 2486
1783601199295 0.1679173856973648 2487
1783601199495 0.24872884154319763 2488
1783601199655 0.4052770137786865 2489
1783601199822 0.44648656249046326 2490
1783601199983 0.36494606733322144 2491
1783601200139 0.7421128749847412 2492
1783601200277 0.5335925817489624 2493
1783601200427 0.6658380031585693 2494
1783601200595 0.2649869918823242 2495
1783601200749 0.16743268072605133 2496
1783601200933 0.45942962169647217 2497
1783601201115 0.2698190212249756 2498
1783601201253 0.8802212476730347 2499
1783601201396 0.27363675832748413 2500
1783601201549 0.2651897966861725 2501
1783601201702 0.2661120593547821 2502
1783601201999 0.09516222029924393 2503
1783601202152 0.470750629901886 2504
1783601202305 0.5200519561767578 2505
1783601202430 0.35124003887176514 2506
1783601202591 0.4684540629386902 2507
1783601202757 0.33550208806991577 2508
1783601202915 0.3014659583568573 2509
1783601203132 0.36880815029144287 2510
1783601203296 0.7034000754356384 2511
1783601203407 0.1245587170124054 2512
1783601203536 0.2552855610847473 2513
1783601203657 0.3179622292518616 2514
1783601203816 0.3056285083293915 2515
1783601203960 0.164057195186615 2516
1783601204114 0.2614646255970001 2517
1783601204266 0.18731406331062317 2518
1783601204542 0.21523652970790863 2519
1783601204680 0.15616555511951447 2520
1783601204836 0.1482199728488922 2521
1783601204980 0.5573073625564575 2522
1783601205137 0.6117464303970337 2523
1783601205314 0.29762890934944153 2524
1783601205462 0.37460967898368835 2525
1783601205745 0.7138909697532654 2526
1783601205894 0.3234025835990906 2527
1783601206045 0.18959511816501617 2528
1783601206210 0.38322529196739197 2529
1783601206386 0.17198415100574493 2530
1783601206566 0.4585653245449066 2531
1783601206712 0.4417376220226288 2532
1783601207052 0.11487556993961334 2533
1783601207214 0.3115736246109009 2534
1783601207339 0.24960225820541382 2535
1783601207513 0.2143513709306717 2536
1783601207662 0.3197817802429199 2537
1783601207835 0.1958707571029663 2538
1783601207948 0.1734837293624878 2539
1783601208055 0.48987245559692383 2540
1783601208192 0.4983184337615967 2541
1783601208325 0.3186843693256378 2542
1783601208478 0.4830333888530731 2543
1783601208651 0.22917772829532623 2544
1783601208812 0.3295704424381256 2545
1783601208973 0.33573880791664124 2546
1783601209134 0.270671546459198 2547
1783601209310 0.3781253397464752 2548
1783601209517 0.13975489139556885 2549
1783601209670 0.2782936096191406 2550
1783601209827 0.23022475838661194 2551
1783601209993 0.30071303248405457 2552
1783601210107 0.3777361512184143 2553
1783601210220 0.4963814318180084 2554
1783601210330 0.4396965801715851 2555
1783601210456 0.28000393509864807 2556
1783601210587 0.31009170413017273 2557
1783601210750 0.1624491661787033 2558
1783601210878 0.1768520474433899 2559
1783601210988 0.29157671332359314 2560
1783601211096 0.07215619087219238 2561
1783601211228 0.27630433440208435 2562
1783601211355 0.33767008781433105 2563
1783601211515 0.3244023323059082 2564
1783601211658 0.5267780423164368 2565
1783601211806 0.8402684926986694 2566
1783601212166 0.49901315569877625 2567
1783601212284 0.29477888345718384 2568
1783601212452 0.14225232601165771 2569
1783601212613 0.35874462127685547 2570
1783601212767 0.4435602128505707 2571
1783601212914 0.45426008105278015 2572
1783601213079 0.300946444272995 2573
1783601213227 0.326647013425827 2574
1783601213356 0.4323814809322357 2575
1783601213523 0.3703688681125641 2576
1783601213668 0.24561814963817596 2577
1783601213827 0.2424650341272354 2578
1783601213960 0.4595842957496643 2579
1783601214085 0.1160840317606926 2580
1783601214230 0.2438974380493164 2581
1783601214350 0.21792611479759216 2582
1783601214456 0.16819258034229279 2583
1783601214575 0.0870797410607338 2584
1783601214715 0.34020739793777466 2585
1783601214861 0.22360435128211975 2586
1783601214990 0.22314481437206268 2587
1783601215125 0.3252696096897125 2588
1783601215229 0.23384340107440948 2589
1783601215315 0.2081248164176941 2590
1783601215435 1.0576504468917847 2591
1783601215603 0.1777426153421402 2592
1783601215769 0.4582325518131256 2593
1783601216020 0.5005548000335693 2594
1783601216140 0.41286927461624146 2595
1783601216295 0.37366387248039246 2596
1783601216454 0.5106962323188782 2597
1783601216604 0.16321422159671783 2598
1783601216753 0.44806626439094543 2599
1783601216915 0.09975527971982956 2600
1783601217200 0.48163190484046936 2601
1783601217344 0.3098844289779663 2602
1783601217504 0.207929328083992 2603
1783601217645 0.3525210916996002 2604
1783601217795 0.2436574548482895 2605
1783601217951 0.32744431495666504 2606
1783601218114 0.3302164375782013 2607
1783601218252 0.241548553109169 2608
1783601218536 0.24526989459991455 2609
1783601218669 0.299858421087265 2610
1783601218811 0.3818622827529907 2611
1783601218973 0.3322080075740814 2612
1783601219129 0.4104138910770416 2613
1783601219279 0.17677359282970428 2614
1783601219435 0.36411982774734497 2615
1783601219613 0.2358885407447815 2616
1783601219779 0.40856295824050903 2617
1783601219927 0.24432425200939178 2618
1783601220093 0.19718533754348755 2619
1783601220277 0.2918810248374939 2620
1783601220447 0.13782024383544922 2621
1783601220611 0.15495023131370544 2622
1783601220793 0.26515570282936096 2623
1783601221044 0.5203983187675476 2624
1783601221197 0.13702864944934845 2625
1783601221347 0.3092893660068512 2626
1783601221498 0.30844035744667053 2627
1783601221658 0.45784080028533936 2628
1783601221830 0.2334224432706833 2629
1783601221979 0.293558806180954 2630
1783601222148 0.14411066472530365 2631
1783601222342 0.15245652198791504 2632
1783601222526 0.4568098485469818 2633
1783601222668 0.3619493544101715 2634
1783601222840 0.4149460792541504 2635
1783601222994 0.3640299141407013 2636
1783601223124 0.447222501039505 2637
1783601223272 0.11430460214614868 2638
1783601223428 0.426205039024353 2639
1783601223661 0.6029642820358276 2640
1783601223816 0.566746711730957 2641
1783601223939 0.2396126538515091 2642
1783601224075 0.23676693439483643 2643
1783601224217 0.2481728047132492 2644
1783601224380 0.20493724942207336 2645
1783601224530 0.45265358686447144 2646
1783601224680 0.2664807140827179 2647
1783601224844 0.3601699769496918 2648
1783601225003 0.44051846861839294 2649
1783601225163 0.31546661257743835 2650
1783601225280 0.29903754591941833 2651
1783601225427 0.13216790556907654 2652
1783601225600 0.15498553216457367 2653
1783601225745 0.30446764826774597 2654
1783601225903 0.4026066064834595 2655
1783601226091 0.27457284927368164 2656
1783601226239 0.29314520955085754 2657
1783601226359 0.20899897813796997 2658
1783601226515 0.21075260639190674 2659
1783601226664 0.3260849416255951 2660
1783601226811 0.36482465267181396 2661
1783601226975 0.24507944285869598 2662
1783601227128 0.21436657011508942 2663
1783601227384 0.1709054708480835 2664
1783601227559 0.42295926809310913 2665
1783601227729 0.1368793249130249 2666
1783601227892 0.15175524353981018 2667
1783601228046 0.28667983412742615 2668
1783601228209 0.27895984053611755 2669
1783601228349 0.7348539233207703 2670
1783601228487 0.7057946920394897 2671
1783601228676 0.12856809794902802 2672
1783601228849 0.336905300617218 2673
1783601229032 0.4561317265033722 2674
1783601229193 0.34985148906707764 2675
1783601229331 0.26133012771606445 2676
1783601229483 0.14676834642887115 2677
1783601229626 0.2159624993801117 2678
1783601229790 0.4939529597759247 2679
1783601229985 0.16702935099601746 2680
1783601230141 0.12641729414463043 2681
1783601230311 0.2394321709871292 2682
1783601230464 0.3856496512889862 2683
1783601230586 0.2596469819545746 2684
1783601230695 0.24464185535907745 2685
1783601230863 0.19324015080928802 2686
1783601231020 0.3878362476825714 2687
1783601231308 0.27850890159606934 2688
1783601231463 0.5099254846572876 2689
1783601231593 0.10262951254844666 2690
1783601231744 0.4259635806083679 2691
1783601231891 0.12340880930423737 2692
1783601232051 0.2892625033855438 2693
1783601232224 0.12772297859191895 2694
1783601232396 0.5944608449935913 2695
1783601232581 0.20100782811641693 2696
1783601232739 0.2640085816383362 2697
1783601232871 0.345276802778244 2698
1783601233033 0.21404705941677094 2699
1783601233188 0.17574553191661835 2700
1783601233360 0.3479437232017517 2701
1783601233510 0.6168861389160156 2702
1783601233653 0.47050032019615173 2703
1783601233816 0.6139277219772339 2704
1783601233931 0.31190982460975647 2705
1783601234085 0.6172419190406799 2706
1783601234243 0.20959950983524323 2707
1783601234379 0.46205049753189087 2708
1783601234532 0.37100347876548767 2709
1783601234690 0.20365603268146515 2710
1783601234824 0.2935935854911804 2711
1783601234928 0.24269427359104156 2712
1783601235082 0.35162609815597534 2713
1783601235268 0.5141192674636841 2714
1783601235459 0.30006903409957886 2715
1783601235618 0.41254210472106934 2716
1783601235750 0.2789623737335205 2717
1783601235924 0.40761223435401917 2718
1783601236051 0.1779363602399826 2719
1783601236206 0.3507223129272461 2720
1783601236385 0.11903317272663116 2721
1783601236562 0.4240926206111908 2722
1783601236718 0.46621108055114746 2723
1783601236858 0.2637867033481598 2724
1783601236992 0.3379337787628174 2725
1783601237127 0.5176625847816467 2726
1783601237288 0.23666244745254517 2727
1783601237444 0.45042967796325684 2728
1783601237643 0.2325269728899002 2729
1783601237848 0.45534592866897583 2730
1783601237960 0.3710229992866516 2731
1783601238078 0.2675398588180542 2732
1783601238217 0.24182339012622833 2733
1783601238397 0.5293728709220886 2734
1783601238553 0.15999101102352142 2735
1783601238692 0.22710633277893066 2736
1783601238859 0.3790243864059448 2737
1783601239007 0.4577453136444092 2738
1783601239156 0.26090705394744873 2739
1783601239328 0.09374337643384933 2740
1783601239508 0.262626975774765 2741
1783601239652 1.0709470510482788 2742
1783601239823 0.4361889064311981 2743
1783601239979 0.4135618209838867 2744
1783601240117 0.3005903959274292 2745
1783601240299 0.4476452171802521 2746
1783601240441 0.22017736732959747 2747
1783601240611 0.3245919346809387 2748
1783601240760 0.48639804124832153 2749
1783601240940 0.23256726562976837 2750
1783601241089 0.42049089074134827 2751
1783601241246 0.5527104139328003 2752
1783601241493 0.28974631428718567 2753
1783601241683 0.15031258761882782 2754
1783601241845 0.4341262876987457 2755
1783601241993 0.08023051917552948 2756
1783601242142 0.7516211271286011 2757
1783601242306 0.3193897306919098 2758
1783601242438 0.1085767149925232 2759
1783601242569 0.6827216744422913 2760
1783601242743 0.3721642792224884 2761
1783601242928 0.38185450434684753 2762
1783601243090 0.2009311467409134 2763
1783601243266 0.12570033967494965 2764
1783601243440 0.31450793147087097 2765
1783601243574 0.10945724695920944 2766
1783601243689 0.30205705761909485 2767
1783601243835 0.14203500747680664 2768
1783601243970 0.18498840928077698 2769
1783601244208 0.33328038454055786 2770
1783601244384 0.13405756652355194 2771
1783601244548 0.45828408002853394 2772
1783601244693 0.23046337068080902 2773
1783601244877 0.4973612427711487 2774
1783601245025 0.13687311112880707 2775
1783601245187 0.19433079659938812 2776
1783601245518 0.38387611508369446 2777
1783601245659 0.5370417833328247 2778
1783601245822 0.27574509382247925 2779
1783601245983 0.16118930280208588 2780
1783601246137 0.26853710412979126 2781
1783601246297 0.570841372013092 2782
1783601246454 0.7042059302330017 2783
1783601246762 0.3161592483520508 2784
1783601246909 0.17017364501953125 2785
1783601247081 0.22353225946426392 2786
1783601247238 0.3197000324726105 2787
1783601247398 0.35223886370658875 2788
1783601247574 0.4254353940486908 2789
1783601247727 0.2826637625694275 2790
1783601247931 0.21140064299106598 2791
1783601248045 0.09761905670166016 2792
1783601248165 0.4496917426586151 2793
1783601248324 0.45256307721138 2794
1783601248485 0.1382303684949875 2795
1783601248640 0.12552060186862946 2796
1783601248796 0.1005701944231987 2797
1783601248944 0.166097491979599 2798
1783601249212 0.2593902051448822 2799
1783601249352 0.25181183218955994 2800
1783601249523 0.35113251209259033 2801
1783601249686 0.4049573242664337 2802
1783601249880 0.196066752076149 2803
1783601250008 0.4879786968231201 2804
1783601250160 0.2529108226299286 2805
1783601250344 0.257386714220047 2806
1783601250577 0.23182763159275055 2807
1783601250727 0.2908247113227844 2808
1783601250910 0.09628599137067795 2809
1783601251072 0.5456950664520264 2810
1783601251195 0.25200027227401733 2811
1783601251320 0.2963979244232178 2812
1783601251483 0.31387731432914734 2813
1783601251747 0.4077623188495636 2814
1783601251905 0.4429168403148651 2815
1783601252091 0.4801754653453827 2816
1783601252204 0.36529091000556946 2817
1783601252338 0.29997652769088745 2818
1783601252485 0.5445637106895447 2819
1783601252641 0.40088847279548645 2820
1783601252806 0.2089310884475708 2821
1783601252987 0.0724881961941719 2822
1783601253160 0.3686048090457916 2823
1783601253279 0.2588214874267578 2824
1783601253396 0.530096173286438 2825
1783601253563 0.3218318819999695 2826
1783601253733 0.15460732579231262 2827
1783601253853 0.6522892713546753 2828
1783601253988 0.26566535234451294 2829
1783601254152 0.26686668395996094 2830
1783601254380 0.09829269349575043 2831
1783601254525 0.6726944446563721 2832
1783601254688 0.19017057120800018 2833
1783601254831 0.19162602722644806 2834
1783601255006 0.35729503631591797 2835
1783601255161 0.2014770805835724 2836
1783601255344 0.44548696279525757 2837
1783601255500 0.3517172634601593 2838
1783601255655 0.3465949296951294 2839
1783601255810 0.33332446217536926 2840
1783601255958 1.187861680984497 2841
1783601256099 0.20518308877944946 2842
1783601256255 0.35256627202033997 2843
1783601256388 0.3024183511734009 2844
1783601256550 0.19674046337604523 2845
1783601256689 0.9786894917488098 2846
1783601256919 0.2730908989906311 2847
1783601257057 0.5826414823532104 2848
1783601257209 0.1885652244091034 2849
1783601257371 0.506868839263916 2850
1783601257521 0.3736687898635864 2851
1783601257655 0.1246662363409996 2852
1783601257794 0.4941219091415405 2853
1783601258035 0.3997151255607605 2854
1783601258179 0.4235454201698303 2855
1783601258354 0.09895218908786774 2856
1783601258531 0.4126192033290863 2857
1783601258690 0.19532157480716705 2858
1783601258831 0.33053821325302124 2859
1783601258992 0.2797173857688904 2860
1783601259125 0.3584650158882141 2861
1783601259469 0.24773110449314117 2862
1783601259605 0.096699059009552 2863
1783601259757 0.18365107476711273 2864
1783601259907 0.6137522459030151 2865
1783601260090 0.5534212589263916 2866
1783601260261 0.39806777238845825 2867
1783601260423 0.18787267804145813 2868
1783601260623 0.4326147139072418 2869
1783601260756 0.06240924075245857 2870
1783601260871 0.23559801280498505 2871
1783601261023 0.37218955159187317 2872
1783601261159 0.17026013135910034 2873
1783601261324 0.2880479395389557 2874
1783601261490 0.48451387882232666 2875
1783601261664 0.28931280970573425 2876
1783601261955 0.1999024748802185 2877
1783601262092 0.1145123764872551 2878
1783601262247 0.37738674879074097 2879
1783601262395 0.25365719199180603 2880
1783601262566 0.09506841003894806 2881
1783601262721 0.36319273710250854 2882
1783601262876 0.3802323639392853 2883
1783601263012 0.09613686800003052 2884
1783601263235 0.36961978673934937 2885
1783601263424 0.15215475857257843 2886
1783601263596 0.1378466933965683 2887
1783601263803 0.2848626375198364 2888
1783601263896 0.3979106545448303 2889
1783601264018 0.3655514121055603 2890
1783601264171 0.3719553053379059 2891
1783601264302 0.3071090579032898 2892
1783601264509 0.2783361077308655 2893
1783601264657 0.6274558901786804 2894
1783601264805 0.3218311667442322 2895
1783601264953 0.25799575448036194 2896
1783601265122 0.5881195664405823 2897
1783601265267 0.23796671628952026 2898
1783601265403 0.2826524078845978 2899
1783601265575 0.7031559348106384 2900
1783601265819 0.12109240144491196 2901
1783601266000 0.36044660210609436 2902
1783601266162 0.2298780232667923 2903
1783601266322 0.3040395975112915 2904
1783601266473 0.46147096157073975 2905
1783601266642 0.5682297348976135 2906
1783601266813 0.06097466126084328 2907
1783601267078 0.5174688696861267 2908
1783601267247 0.4473029375076294 2909
1783601267388 0.5556601881980896 2910
1783601267536 0.1987045407295227 2911
1783601267673 0.7353086471557617 2912
1783601267810 0.25629451870918274 2913
1783601267966 0.6044057607650757 2914
1783601268089 0.31641343235969543 2915
1783601268262 0.7615630626678467 2916
1783601268522 0.33882877230644226 2917
1783601268677 0.3090483248233795 2918
1783601268839 0.23063333332538605 2919
1783601268992 0.1533738225698471 2920
1783601269137 0.29457202553749084 2921
1783601269289 0.3128688633441925 2922
1783601269424 0.2824912965297699 2923
1783601269579 0.6278547644615173 2924
1783601269727 0.1315913200378418 2925
1783601269886 0.5820295214653015 2926
1783601270029 0.22198830544948578 2927
1783601270228 0.5258893966674805 2928
1783601270383 0.3304407298564911 2929
1783601270541 0.18790847063064575 2930
1783601270693 0.3021396994590759 2931
1783601270857 0.29850226640701294 2932
1783601270983 0.40540945529937744 2933
1783601271129 0.2117995321750641 2934
1783601271315 0.3303193747997284 2935
1783601271483 0.037047576159238815 2936
1783601271639 0.12373115122318268 2937
1783601271780 0.2803589105606079 2938
1783601271940 0.30931556224823 2939
1783601272139 0.2421368807554245 2940
1783601272338 0.7320219874382019 2941
1783601272481 0.4005647897720337 2942
1783601272658 0.14882589876651764 2943
1783601272762 0.3724261522293091 2944
1783601272883 0.19358743727207184 2945
1783601273044 0.1724691092967987 2946
1783601273198 0.24671800434589386 2947
1783601273395 0.15154050290584564 2948
1783601273605 0.3365570604801178 2949
1783601273750 0.2174292355775833 2950
1783601273852 0.1036204993724823 2951
1783601273938 0.5499264597892761 2952
1783601274084 0.3709719777107239 2953
1783601274260 0.36621996760368347 2954
1783601274436 0.17647401988506317 2955
1783601274827 0.09480460733175278 2956
1783601274938 0.3161596655845642 2957
1783601275081 0.23212657868862152 2958
1783601275220 0.08805909752845764 2959
1783601275384 0.5326223373413086 2960
1783601275552 0.10415086150169373 2961
1783601275717 0.11792898178100586 2962
1783601275861 0.4350019693374634 2963
1783601276192 0.11731802672147751 2964
1783601276340 0.16003601253032684 2965
1783601276501 0.09528082609176636 2966
1783601276673 0.9001599550247192 2967
1783601276867 0.34223219752311707 2968
1783601277030 0.14661858975887299 2969
1783601277185 0.2334289401769638 2970
1783601277446 0.3753756284713745 2971
1783601277610 0.12373751401901245 2972
1783601277747 0.3789614737033844 2973
1783601277901 0.39244258403778076 2974
1783601278012 0.27482518553733826 2975
1783601278165 0.49666595458984375 2976
1783601278296 0.46265536546707153 2977
1783601278503 0.6589095592498779 2978
1783601278696 0.10564081370830536 2979
1783601278804 0.21023286879062653 2980
1783601278971 0.29707545042037964 2981
1783601279134 0.5608146786689758 2982
1783601279259 0.21231311559677124 2983
1783601279395 0.19470885396003723 2984
1783601279569 0.2829380929470062 2985
1783601279721 0.2164168655872345 2986
1783601279909 0.40595415234565735 2987
1783601280041 0.20747250318527222 2988
1783601280174 0.10169927030801773 2989
1783601280310 0.09129605442285538 2990
1783601280451 0.048488810658454895 2991
1783601280629 0.44625088572502136 2992
1783601280790 0.12021815776824951 2993
1783601281180 0.41457560658454895 2994
1783601281371 0.7844043970108032 2995
1783601281534 0.22100266814231873 2996
1783601281710 0.6300259232521057 2997
1783601281864 0.3233260214328766 2998
1783601282022 0.15552955865859985 2999
1783601282192 0.5569205284118652 3000
1783601282531 0.2223500907421112 3001
1783601282680 0.2319229394197464 3002
1783601282867 0.36670055985450745 3003
1783601283035 0.31297898292541504 3004
1783601283220 0.4910444915294647 3005
1783601283419 0.36316704750061035 3006
1783601283842 0.19393286108970642 3007
1783601283938 0.17172172665596008 3008
1783601284079 0.26431480050086975 3009
1783601284245 0.17873615026474 3010
1783601284411 0.15082058310508728 3011
1783601284565 0.4898633360862732 3012
1783601284697 0.24831224977970123 3013
1783601284853 0.3571206033229828 3014
1783601285045 0.10326449573040009 3015
1783601285266 0.31978389620780945 3016
1783601285431 0.5011427998542786 3017
1783601285604 0.4065760374069214 3018
1783601285759 0.10162054747343063 3019
1783601285909 0.10325310379266739 3020
1783601286082 0.7929612398147583 3021
1783601286282 0.15113955736160278 3022
1783601286448 0.41519883275032043 3023
1783601286577 0.2140815407037735 3024
1783601286719 0.19390366971492767 3025
1783601286897 0.7295774221420288 3026
1783601287048 0.36048972606658936 3027
1783601287230 0.3056347966194153 3028
1783601287596 0.3151633143424988 3029
1783601287771 0.3418317437171936 3030
1783601287946 0.33583834767341614 3031
1783601288039 0.185639426112175 3032
1783601288230 0.19985049962997437 3033
1783601288389 0.13965213298797607 3034
1783601288550 0.4421156346797943 3035
1783601288715 0.7202624082565308 3036
1783601288943 0.1474190652370453 3037
1783601289080 0.16561537981033325 3038
1783601289239 0.6148645281791687 3039
1783601289400 0.14067989587783813 3040
1783601289574 0.13969826698303223 3041
1783601289735 0.22575370967388153 3042
1783601289883 0.2842099368572235 3043
1783601290039 0.12782609462738037 3044
1783601290211 0.3564217686653137 3045
1783601290365 0.05520706996321678 3046
1783601290534 0.2542422413825989 3047
1783601290695 0.18718507885932922 3048
1783601290847 0.7592965364456177 3049
1783601291016 0.3638896942138672 3050
1783601291164 0.09185482561588287 3051
1783601291316 0.26096397638320923 3052
1783601291525 0.5608364939689636 3053
1783601291695 0.6315338611602783 3054
1783601291852 0.32698196172714233 3055
1783601292006 0.40671759843826294 3056
1783601292157 0.4753950834274292 3057
1783601292280 0.12240596860647202 3058
1783601292425 0.3051239848136902 3059
1783601292599 0.47316280007362366 3060
1783601292839 0.43477094173431396 3061
1783601293023 0.1132279634475708 3062
1783601293195 0.2741640508174896 3063
1783601293338 0.2498570829629898 3064
1783601293475 0.2427673637866974 3065
1783601293630 0.255239337682724 3066
1783601293867 0.6892927885055542 3067
1783601293975 0.2698560953140259 3068
1783601294106 0.495052307844162 3069
1783601294268 0.35273677110671997 3070
1783601294442 0.3271239697933197 3071
1783601294589 0.35359156131744385 3072
1783601294762 0.2995752692222595 3073
1783601294938 0.24451446533203125 3074
1783601295194 0.14645422995090485 3075
1783601295388 0.31554168462753296 3076
1783601295507 0.59111487865448 3077
1783601295643 0.19411896169185638 3078
1783601295812 0.3136941194534302 3079
1783601295985 0.20707622170448303 3080
1783601296150 0.47239044308662415 3081
1783601296307 0.47662457823753357 3082
1783601296555 0.37593743205070496 3083
1783601296738 0.1339779794216156 3084
1783601296898 0.3078490197658539 3085
1783601297088 0.5761731863021851 3086
1783601297254 0.1593838334083557 3087
1783601297399 0.579118549823761 3088
1783601297567 0.3529973030090332 3089
1783601297692 0.18945951759815216 3090
1783601297872 0.3066106140613556 3091
1783601298017 0.1833934783935547 3092
1783601298188 0.27350467443466187 3093
1783601298309 0.22129562497138977 3094
1783601298467 0.13131552934646606 3095
1783601298608 0.47189605236053467 3096
1783601298752 0.23054522275924683 3097
1783601298909 0.26717764139175415 3098
1783601299083 0.313663125038147 3099
1783601299242 0.20393739640712738 3100
1783601299431 0.3612023890018463 3101
1783601299602 0.31634747982025146 3102
1783601299761 0.12397051602602005 3103
1783601299921 0.35387852787971497 3104
1783601300082 0.6566036343574524 3105
1783601300235 0.3399695158004761 3106
1783601300385 0.2869641184806824 3107
1783601300551 0.3498721122741699 3108
1783601300707 0.07193578034639359 3109
1783601300858 0.37538883090019226 3110
1783601301010 0.29301539063453674 3111
1783601301169 0.39743804931640625 3112
1783601301299 0.37847647070884705 3113
1783601301459 0.36406683921813965 3114
1783601301805 0.2638763189315796 3115
1783601301968 0.22451157867908478 3116
1783601302109 0.24930964410305023 3117
1783601302284 0.3824590742588043 3118
1783601302435 0.22118313610553741 3119
1783601302593 0.38940513134002686 3120
1783601302755 0.34724754095077515 3121
1783601303083 0.1543540060520172 3122
1783601303236 0.8678025007247925 3123
1783601303401 0.14984917640686035 3124
1783601303557 0.08001003414392471 3125
1783601303705 0.09243277460336685 3126
1783601303860 0.11067953705787659 3127
1783601303970 0.2282787263393402 3128
1783601304390 0.5759730935096741 3129
1783601304542 0.33224162459373474 3130
1783601304693 0.38219669461250305 3131
1783601304849 0.4331488311290741 3132
1783601305005 0.2535216808319092 3133
1783601305147 0.29745230078697205 3134
1783601305284 0.24146391451358795 3135
1783601305548 0.2364540994167328 3136
1783601305707 0.36520299315452576 3137
1783601305849 0.2651403546333313 3138
1783601306026 0.14654310047626495 3139
1783601306177 0.31770142912864685 3140
1783601306333 0.5548588633537292 3141
1783601306461 0.2952996790409088 3142
1783601306870 0.2886638343334198 3143
1783601307017 0.449983686208725 3144
1783601307184 0.3375401794910431 3145
1783601307352 0.4952543377876282 3146
1783601307501 0.4685131311416626 3147
1783601307663 0.13794660568237305 3148
1783601307830 0.14608412981033325 3149
1783601308017 0.6737145185470581 3150
1783601308139 0.15364907681941986 3151
1783601308270 0.2907094359397888 3152
1783601308455 0.3129352629184723 3153
1783601308579 0.3028333783149719 3154
1783601308739 0.29890966415405273 3155
1783601308911 0.22571176290512085 3156
1783601309078 0.47879713773727417 3157
1783601309245 0.4109460413455963 3158
1783601309424 0.15504930913448334 3159
1783601309543 0.5044467449188232 3160
1783601309702 0.5284112095832825 3161
1783601309845 0.15480557084083557 3162
1783601309977 0.1948714405298233 3163
1783601310153 0.3638351857662201 3164
1783601310309 0.2926158905029297 3165
1783601310510 0.31823498010635376 3166
1783601310650 0.25099968910217285 3167
1783601310816 0.19841617345809937 3168
1783601310989 0.94993656873703 3169
1783601311151 0.5422897338867188 3170
1783601311308 0.7062269449234009 3171
1783601311469 0.2634935677051544 3172
1783601311626 0.2691640853881836 3173
1783601311773 0.33371663093566895 3174
1783601311924 0.13779513537883759 3175
1783601312075 0.13559363782405853 3176
1783601312273 0.17692850530147552 3177
1783601312415 0.3318207859992981 3178
1783601312567 0.3521951138973236 3179
1783601312699 0.3063369393348694 3180
1783601312851 0.20053334534168243 3181
1783601312990 0.13397487998008728 3182
1783601313261 0.5628899335861206 3183
1783601313421 0.18682248890399933 3184
1783601313576 0.4334906339645386 3185
1783601313737 0.21080973744392395 3186
1783601313858 0.17575201392173767 3187
1783601313962 0.6001664400100708 3188
1783601314118 0.41894233226776123 3189
1783601314288 0.20162449777126312 3190
1783601314444 0.12532338500022888 3191
1783601314625 0.42884907126426697 3192
1783601314785 0.20134997367858887 3193
1783601314948 0.5105715394020081 3194
1783601315116 0.2449152022600174 3195
1783601315258 0.11023205518722534 3196
1783601315418 0.43896618485450745 3197
1783601315693 0.2671892046928406 3198
1783601315867 0.15885259211063385 3199
1783601315991 0.699299156665802 3200
1783601316111 0.26620039343833923 3201
1783601316243 0.41117972135543823 3202
1783601316414 0.3908579647541046 3203
1783601316575 0.25590741634368896 3204
1783601316722 0.22218096256256104 3205
1783601316910 0.23970943689346313 3206
1783601317104 0.795921802520752 3207
1783601317227 0.3253072500228882 3208
1783601317385 0.39862555265426636 3209
1783601317521 0.3940696716308594 3210
1783601317701 0.18063929677009583 3211
1783601317848 0.2820572257041931 3212
1783601318016 0.34810376167297363 3213
1783601318172 0.48220357298851013 3214
1783601318293 0.1808692067861557 3215
1783601318412 0.12133131176233292 3216
1783601318552 0.2153586894273758 3217
1783601318716 0.34080129861831665 3218
1783601318854 0.3561457097530365 3219
1783601319024 0.12394871562719345 3220
1783601319191 0.3884236216545105 3221
1783601319558 0.4567755162715912 3222
1783601319717 0.10320467501878738 3223
1783601319870 0.18527090549468994 3224
1783601320043 0.1725051999092102 3225
1783601320215 0.1746671348810196 3226
1783601320353 0.08593770116567612 3227
1783601320486 0.12997902929782867 3228
1783601320784 0.3441392183303833 3229
1783601320984 0.5044993162155151 3230
1783601321132 0.7012579441070557 3231
1783601321301 0.17352919280529022 3232
1783601321452 0.10331796109676361 3233
1783601321620 0.22645996510982513 3234
1783601321790 0.21099147200584412 3235
1783601322133 0.14038430154323578 3236
1783601322278 0.3270687460899353 3237
1783601322460 0.19302810728549957 3238
1783601322591 0.3154734969139099 3239
1783601322719 0.1398172676563263 3240
1783601322886 0.2098965048789978 3241
1783601323024 0.29451391100883484 3242
1783601323190 0.17546136677265167 3243
1783601323451 0.1473270058631897 3244
1783601323596 0.16995756328105927 3245
1783601323744 0.4577150046825409 3246
1783601323856 0.4835278391838074 3247
1783601323973 0.32264646887779236 3248
1783601324128 0.22305089235305786 3249
1783601324278 0.31540119647979736 3250
1783601324437 0.11366935819387436 3251
1783601324685 0.1551809161901474 3252
1783601324813 0.3962559401988983 3253
1783601324973 0.3210054934024811 3254
1783601325124 0.14118146896362305 3255
1783601325275 0.22744199633598328 3256
1783601325454 0.26595330238342285 3257
1783601325620 0.3182891011238098 3258
1783601325905 0.11723652482032776 3259
1783601326082 0.5174939036369324 3260
1783601326268 0.08626941591501236 3261
1783601326417 0.24385163187980652 3262
1783601326581 0.3298244774341583 3263
1783601326706 0.39339396357536316 3264
1783601326860 0.3230423629283905 3265
1783601327008 0.13809365034103394 3266
1783601327173 0.3469832241535187 3267
1783601327343 0.34287646412849426 3268
1783601327461 0.1375608593225479 3269
1783601327622 0.8448364734649658 3270
1783601327776 0.6284728646278381 3271
1783601327948 0.09473925828933716 3272
1783601328076 0.31389033794403076 3273
1783601328229 0.32279834151268005 3274
1783601328415 0.37462612986564636 3275
1783601328604 0.48227134346961975 3276
1783601328753 0.594452440738678 3277
1783601328935 0.24670478701591492 3278
1783601329065 0.3255356550216675 3279
1783601329228 0.168378546833992 3280
1783601329397 0.373361200094223 3281
1783601329567 0.298224538564682 3282
1783601329912 0.4052111506462097 3283
1783601330052 0.22434747219085693 3284
1783601330184 0.38855838775634766 3285
1783601330327 0.22852221131324768 3286
1783601330493 0.3369332551956177 3287
1783601330652 0.2838020324707031 3288
1783601330830 0.2574504017829895 3289
1783601330998 0.6133686304092407 3290
1783601331151 0.1984834372997284 3291
1783601331290 0.24456414580345154 3292
1783601331392 0.5026702284812927 3293
1783601331530 0.8365378379821777 3294
1783601331707 0.252671480178833 3295
1783601331881 0.39696529507637024 3296
1783601332034 0.23940569162368774 3297
1783601332175 0.2566295862197876 3298
1783601332314 0.44501346349716187 3299
1783601332472 0.1268262416124344 3300
1783601332624 0.5233575105667114 3301
1783601332784 0.5758026838302612 3302
1783601332927 0.32753875851631165 3303
1783601333076 0.06773973256349564 3304
1783601333223 0.3805614411830902 3305
1783601333381 0.16982674598693848 3306
1783601333540 0.2494884729385376 3307
1783601333719 0.604820191860199 3308
1783601333878 0.5053953528404236 3309
1783601333983 0.44520124793052673 3310
1783601334122 0.42650145292282104 3311
1783601334274 0.2077888548374176 3312
1783601334421 0.24068602919578552 3313
1783601334579 0.22971397638320923 3314
1783601334766 0.31593242287635803 3315
1783601334948 0.426603764295578 3316
1783601335115 0.07178927958011627 3317
1783601335261 0.08496963232755661 3318
1783601335423 0.1467224806547165 3319
1783601335564 0.3427315056324005 3320
1783601335691 0.09649840742349625 3321
1783601335857 0.46506956219673157 3322
1783601336005 0.3199533224105835 3323
1783601336186 0.31163233518600464 3324
1783601336434 0.3167479634284973 3325
1783601336578 0.19182787835597992 3326
1783601336723 0.37515732645988464 3327
1783601336877 0.14042264223098755 3328
1783601337043 0.4241177439689636 3329
1783601337196 0.49089208245277405 3330
1783601337335 0.7343515157699585 3331
1783601337532 0.3225274384021759 3332
1783601337709 0.35540953278541565 3333
1783601337854 0.22091108560562134 3334
1783601338029 0.2646124064922333 3335
1783601338176 0.2916211485862732 3336
1783601338348 0.2771701216697693 3337
1783601338513 0.31769394874572754 3338
1783601338828 0.1662054806947708 3339
1783601338981 0.11019031703472137 3340
1783601339158 0.3820444643497467 3341
1783601339297 0.1600116640329361 3342
1783601339447 0.2915489077568054 3343
1783601339603 0.2523714303970337 3344
1783601339772 0.16309067606925964 3345
1783601339928 0.31626325845718384 3346
1783601340144 0.2443515658378601 3347
1783601340291 0.43562015891075134 3348
1783601340444 0.4609881639480591 3349
1783601340597 0.35438910126686096 3350
1783601340750 0.42706865072250366 3351
1783601340935 0.5055484175682068 3352
1783601341039 0.19670124351978302 3353
1783601341198 0.3976810872554779 3354
1783601341497 0.2194599062204361 3355
1783601341667 0.1911262720823288 3356
1783601341832 0.2518288195133209 3357
1783601342113 0.43488314747810364 3358
1783601342249 0.3303672969341278 3359
1783601342422 0.2711477279663086 3360
1783601342649 0.44540801644325256 3361
1783601342814 0.24506743252277374 3362
1783601342943 0.1516134887933731 3363
1783601343148 0.3841073513031006 3364
1783601343303 0.21980337798595428 3365
1783601343451 0.10143166780471802 3366
1783601343600 0.2515999376773834 3367
1783601343766 0.41114136576652527 3368
1783601343920 0.2480297088623047 3369
1783601344050 0.689815104007721 3370
1783601344228 0.08152178674936295 3371
1783601344378 0.27340275049209595 3372
1783601344550 0.33390381932258606 3373
1783601344713 0.24816913902759552 3374
1783601344874 0.33889445662498474 3375
1783601345015 0.3025582432746887 3376
1783601345307 0.45778951048851013 3377
1783601345437 0.10168376564979553 3378
1783601345603 0.5713824033737183 3379
1783601345788 0.5626233220100403 3380
1783601345987 0.3663453757762909 3381
1783601346176 0.286375492811203 3382
1783601346531 0.2578471899032593 3383
1783601346655 0.17298561334609985 3384
1783601346817 0.28548091650009155 3385
1783601346987 0.14709147810935974 3386
1783601347129 0.4518163502216339 3387
1783601347266 0.21942345798015594 3388
1783601347416 0.32445138692855835 3389
1783601347542 0.5371769666671753 3390
1783601347806 0.42440178990364075 3391
1783601347967 0.23429138958454132 3392
1783601348096 0.28790438175201416 3393
1783601348252 0.39537501335144043 3394
1783601348396 0.15912792086601257 3395
1783601348581 0.6221426725387573 3396
1783601348734 0.17295943200588226 3397
1783601349108 0.15031716227531433 3398
1783601349240 0.2976831793785095 3399
1783601349375 0.387104332447052 3400
1783601349542 0.6015102863311768 3401
1783601349680 0.3446791470050812 3402
1783601349813 0.2625836730003357 3403
1783601349976 0.2514999806880951 3404
1783601350165 0.09435822069644928 3405
1783601350345 0.7455425262451172 3406
1783601350469 0.2823261022567749 3407
1783601350623 0.19858966767787933 3408
1783601350770 0.34214216470718384 3409
1783601350919 0.34697088599205017 3410
1783601351101 0.4725443720817566 3411
1783601351274 0.6295209527015686 3412
1783601351433 0.2760412096977234 3413
1783601351666 0.33102840185165405 3414
1783601351828 0.1648993343114853 3415
1783601351966 0.4878980219364166 3416
1783601352135 0.7057106494903564 3417
1783601352298 0.6980223059654236 3418
1783601352458 0.17818285524845123 3419
1783601352626 0.32194414734840393 3420
1783601352810 0.2582325339317322 3421
1783601352946 0.27332717180252075 3422
1783601353089 0.126369446516037 3423
1783601353236 0.3929263949394226 3424
1783601353429 0.08599497377872467 3425
1783601353541 0.12321913242340088 3426
1783601353704 0.14731884002685547 3427
1783601353885 0.403934121131897 3428
1783601353983 0.33219194412231445 3429
1783601354208 0.26447251439094543 3430
1783601354344 0.17883414030075073 3431
1783601354533 0.1520197093486786 3432
1783601354696 0.7600504159927368 3433
1783601354868 0.11826373636722565 3434
1783601355063 0.3680339753627777 3435
1783601355218 0.208289235830307 3436
1783601355390 0.4572717845439911 3437
1783601355521 0.29285794496536255 3438
1783601355697 0.21268270909786224 3439
1783601355848 0.1540098488330841 3440
1783601355997 0.44217395782470703 3441
1783601356146 0.11837399005889893 3442
1783601356299 0.3586735725402832 3443
1783601356611 0.13727863132953644 3444
1783601356749 0.4448651671409607 3445
1783601356915 0.2510186433792114 3446
1783601357059 0.11577615886926651 3447
1783601357225 0.3590036630630493 3448
1783601357375 0.40025433897972107 3449
1783601357531 0.2049320787191391 3450
1783601357666 0.2497858703136444 3451
1783601357811 0.2661106288433075 3452
1783601357981 0.15500089526176453 3453
1783601358122 0.6677464842796326 3454
1783601358275 0.2578880786895752 3455
1783601358407 0.40487781167030334 3456
1783601358580 0.23849910497665405 3457
1783601358716 0.22969231009483337 3458
1783601358887 0.15423940122127533 3459
1783601359148 0.24472083151340485 3460
1783601359294 0.3029453456401825 3461
1783601359461 0.07181958109140396 3462
1783601359625 0.20805160701274872 3463
1783601359781 0.08511734008789062 3464
1783601359930 0.23466359078884125 3465
1783601360097 0.6522542834281921 3466
1783601360276 0.5154770016670227 3467
1783601360427 0.42275044322013855 3468
1783601360560 0.14743059873580933 3469
1783601360692 0.46372273564338684 3470
1783601360842 0.24947889149188995 3471
1783601360996 0.1834450513124466 3472
1783601361141 0.09734411537647247 3473
1783601361312 0.3412536382675171 3474
1783601361476 0.5291752219200134 3475
1783601361634 0.4074620306491852 3476
1783601361805 0.24183699488639832 3477
1783601361961 0.13254529237747192 3478
1783601362136 0.2773474454879761 3479
1783601362254 0.2456352263689041 3480
1783601362414 0.3673499524593353 3481
1783601362691 1.0011316537857056 3482
1783601362921 0.1576855480670929 3483
1783601363066 0.3385436236858368 3484
1783601363221 0.11150085926055908 3485
1783601363374 0.30855393409729004 3486
1783601363551 0.33609241247177124 3487
1783601363698 0.3443047106266022 3488
1783601363829 0.45613428950309753 3489
1783601363933 0.3500708043575287 3490
1783601364082 0.4236864447593689 3491
1783601364354 0.34185582399368286 3492
1783601364513 0.09032545238733292 3493
1783601364660 0.7875425815582275 3494
1783601364811 0.16640658676624298 3495
1783601364954 0.40603524446487427 3496
1783601365125 0.13128399848937988 3497
1783601365257 0.5489403009414673 3498
1783601365508 0.20205576717853546 3499
1783601365653 0.36868515610694885 3500
1783601365813 0.23601551353931427 3501
1783601365960 0.20476765930652618 3502
1783601366129 0.260775089263916 3503
1783601366291 0.13105334341526031 3504
1783601366452 0.42367157340049744 3505
1783601366611 0.3568854331970215 3506
1783601366874 0.19987063109874725 3507
1783601366974 0.2303938865661621 3508
1783601367097 0.22294972836971283 3509
1783601367248 0.4051879644393921 3510
1783601367397 0.5222783088684082 3511
1783601367596 0.2950507700443268 3512
1783601367750 0.8800241351127625 3513
1783601367956 0.18785005807876587 3514
1783601368099 0.056487683206796646 3515
1783601368212 0.09416231513023376 3516
1783601368357 0.633678674697876 3517
1783601368499 0.15294741094112396 3518
1783601368646 0.31123530864715576 3519
1783601368811 0.2568201720714569 3520
1783601368985 0.6238871812820435 3521
1783601369125 0.17745617032051086 3522
1783601369281 0.14324042201042175 3523
1783601369499 0.2151796519756317 3524
1783601369643 0.615458607673645 3525
1783601369804 0.5088003277778625 3526
1783601369932 0.12555882334709167 3527
1783601370096 0.24905820190906525 3528
1783601370231 0.40966305136680603 3529
1783601370360 0.3055301606655121 3530
1783601370545 0.9037976264953613 3531
1783601370845 0.17339928448200226 3532
1783601370988 0.36523380875587463 3533
1783601371147 0.20501558482646942 3534
1783601371299 0.09192170202732086 3535
1783601371445 0.28700143098831177 3536
1783601371601 0.44927844405174255 3537
1783601371765 0.33228522539138794 3538
1783601371947 0.06590447574853897 3539
1783601372064 0.11986591666936874 3540
1783601372234 0.2827073931694031 3541
1783601372391 0.20677992701530457 3542
1783601372507 0.25883907079696655 3543
1783601372676 0.4865354895591736 3544
1783601372827 0.34976816177368164 3545
1783601372997 0.1782088726758957 3546
1783601373260 0.27785736322402954 3547
1783601373422 0.41721537709236145 3548
1783601373529 0.17156702280044556 3549
1783601373692 0.39239245653152466 3550
1783601373890 0.1947510689496994 3551
1783601373995 0.3782734274864197 3552
1783601374146 0.5695517063140869 3553
1783601374304 0.4062754213809967 3554
1783601374543 0.285321980714798 3555
1783601374682 0.4108443558216095 3556
1783601374841 0.2484101802110672 3557
1783601375026 0.505575954914093 3558
1783601375170 0.38692906498908997 3559
1783601375326 0.12351685017347336 3560
1783601375468 0.32639244198799133 3561
1783601375815 0.07908909022808075 3562
1783601375981 0.21914586424827576 3563
1783601376117 0.4116098880767822 3564
1783601376232 0.2284449189901352 3565
1783601376377 0.3471459746360779 3566
1783601376531 0.24120557308197021 3567
1783601376690 0.19029930233955383 3568
1783601376828 0.3363402485847473 3569
1783601377098 0.5480962991714478 3570
1783601377235 0.44339150190353394 3571
1783601377396 0.22495904564857483 3572
1783601377541 0.24408231675624847 3573
1783601377717 0.5069594383239746 3574
1783601377863 0.05583985149860382 3575
1783601378035 0.33389604091644287 3576
1783601378157 0.21930721402168274 3577
1783601378420 0.28493717312812805 3578
1783601378581 0.32528406381607056 3579
1783601378729 0.44344058632850647 3580
1783601378893 0.4668487012386322 3581
1783601379024 0.7374805212020874 3582
1783601379193 0.2352641075849533 3583
1783601379340 0.4596644937992096 3584
1783601379586 0.13639238476753235 3585
1783601379723 0.23334817588329315 3586
1783601379933 0.09667845815420151 3587
1783601380122 0.3624672293663025 3588
1783601380267 0.3101433217525482 3589
1783601380432 0.3535287380218506 3590
1783601380609 0.24135318398475647 3591
1783601380787 0.3419080376625061 3592
1783601380948 0.11184373497962952 3593
1783601381092 0.18503059446811676 3594
1783601381244 0.4203733801841736 3595
1783601381400 0.2712459862232208 3596
1783601381557 0.3570314943790436 3597
1783601381709 0.4028517007827759 3598
1783601381857 0.3188695013523102 3599
1783601382081 0.19703513383865356 3600
1783601382213 0.3269813656806946 3601
1783601382367 0.19300700724124908 3602
1783601382513 0.17627368867397308 3603
1783601382680 0.2610388994216919 3604
1783601382825 0.7111860513687134 3605
1783601382989 0.1148543655872345 3606
1783601383139 0.2567536532878876 3607
1783601383457 0.12303971499204636 3608
1783601383595 0.31675833463668823 3609
1783601383726 0.29494577646255493 3610
1783601383899 0.16578878462314606 3611
1783601384008 0.31669923663139343 3612
1783601384170 0.5202385783195496 3613
1783601384308 0.17183181643486023 3614
1783601384431 0.4021519422531128 3615
1783601384781 0.2774507999420166 3616
1783601384942 0.33226123452186584 3617
1783601385113 0.42575398087501526 3618
1783601385272 0.281879186630249 3619
1783601385387 0.19409173727035522 3620
1783601385535 0.3288958668708801 3621
1783601385689 0.2643057405948639 3622
1783601385868 0.2526467740535736 3623
1783601386035 0.3506169021129608 3624
1783601386175 0.2016136199235916 3625
1783601386322 0.19809824228286743 3626
1783601386441 0.40227559208869934 3627
1783601386580 0.3282510042190552 3628
1783601386747 0.3108122944831848 3629
1783601386893 0.5320724844932556 3630
1783601387109 0.3886255621910095 3631
1783601387298 0.17659269273281097 3632
1783601387492 0.2838156521320343 3633
1783601387638 0.32901531457901 3634
1783601387793 0.24600310623645782 3635
1783601387929 0.12915675342082977 3636
1783601388080 0.36498159170150757 3637
1783601388200 0.4311724603176117 3638
1783601388525 0.22123493254184723 3639
1783601388680 0.4865851104259491 3640
1783601388821 0.22384163737297058 3641
1783601388995 0.3339466452598572 3642
1783601389135 0.24147243797779083 3643
1783601389290 0.3294237554073334 3644
1783601389422 0.31529849767684937 3645
1783601389580 0.07896594703197479 3646
1783601389710 0.3747563064098358 3647
1783601389861 0.2942073941230774 3648
1783601390030 0.2735462188720703 3649
1783601390241 0.503006637096405 3650
1783601390395 0.22262845933437347 3651
1783601390556 0.2826415002346039 3652
1783601390705 0.28253063559532166 3653
1783601391025 0.3061790466308594 3654
1783601391172 0.273972749710083 3655
1783601391335 0.7421957850456238 3656
1783601391492 0.34722453355789185 3657
1783601391661 0.2049775868654251 3658
1783601391849 0.329083114862442 3659
1783601391986 0.079087994992733 3660
1783601392242 0.06641393899917603 3661
1783601392438 0.2356836199760437 3662
1783601392587 0.41945886611938477 3663
1783601392744 0.3084995746612549 3664
1783601392908 0.33844664692878723 3665
1783601393023 0.3236030638217926 3666
1783601393175 0.3524589538574219 3667
1783601393334 0.3246834874153137 3668
1783601393685 0.17497879266738892 3669
1783601393856 0.2680668532848358 3670
1783601393956 0.8821515440940857 3671
1783601394086 0.2584550976753235 3672
1783601394239 0.17861869931221008 3673
1783601394380 0.48327991366386414 3674
1783601394541 0.5298335552215576 3675
1783601394809 0.08308129012584686 3676
1783601394977 0.5685124397277832 3677
1783601395117 0.09330537915229797 3678
1783601395253 0.12731339037418365 3679
1783601395413 0.23214949667453766 3680
1783601395590 0.2713063061237335 3681
1783601395760 0.22988568246364594 3682
1783601395910 0.5687056183815002 3683
1783601396112 0.40941935777664185 3684
1783601396240 0.5387811660766602 3685
1783601396396 0.3464204668998718 3686
1783601396555 0.2345794439315796 3687
1783601396705 0.3909713327884674 3688
1783601396851 0.10038045048713684 3689
1783601397028 0.41496163606643677 3690
1783601397201 0.3414522707462311 3691
1783601397377 0.4006798565387726 3692
1783601397541 0.22935448586940765 3693
1783601397689 0.3513115644454956 3694
1783601397854 0.09096097946166992 3695
1783601398035 0.33151736855506897 3696
1783601398178 0.2763266861438751 3697
1783601398339 0.17837244272232056 3698
1783601398526 0.4553752839565277 3699
1783601398769 0.33833932876586914 3700
1783601398912 0.2798022925853729 3701
1783601399055 0.17451679706573486 3702
1783601399205 0.1890382468700409 3703
1783601399339 0.32212886214256287 3704
1783601399449 0.09150485694408417 3705
1783601399594 0.23084785044193268 3706
1783601399772 0.12150172144174576 3707
1783601399980 0.2712780237197876 3708
1783601400122 0.1759026199579239 3709
1783601400322 0.15608295798301697 3710
1783601400484 0.6252256631851196 3711
1783601400618 0.49163952469825745 3712
1783601400741 0.6228762865066528 3713
1783601400907 0.31768718361854553 3714
1783601401064 0.40840548276901245 3715
1783601401309 0.45513495802879333 3716
1783601401461 0.2927747070789337 3717
1783601401609 0.4741024374961853 3718
1783601401723 0.4601183235645294 3719
1783601401897 0.3917957842350006 3720
1783601402054 0.23292812705039978 3721
1783601402215 0.4566030204296112 3722
1783601402550 0.19864577054977417 3723
1783601402697 0.0658225417137146 3724
1783601402840 0.19756001234054565 3725
1783601402984 0.4134059250354767 3726
1783601403129 0.1440722942352295 3727
1783601403309 0.19623316824436188 3728
1783601403461 0.2553054690361023 3729
1783601403596 0.22717536985874176 3730
1783601403838 0.20221561193466187 3731
1783601403948 0.8321064114570618 3732
1783601404074 0.5121896266937256 3733
1783601404268 0.08489596098661423 3734
1783601404435 0.38967397809028625 3735
1783601404593 0.24461480975151062 3736
1783601404758 0.8009456992149353 3737
1783601404884 0.7609862089157104 3738
1783601405109 0.4873362183570862 3739
1783601405264 0.13158893585205078 3740
1783601405428 0.3450537323951721 3741
1783601405592 0.12976115942001343 3742
1783601405777 0.17033833265304565 3743
1783601405916 0.9034704566001892 3744
1783601406065 0.7489933371543884 3745
1783601406371 0.23500725626945496 3746
1783601406506 0.13138414919376373 3747
1783601406640 0.22463756799697876 3748
1783601406782 0.3110954165458679 3749
1783601407482 0.20522241294384003 3750
1783601407681 0.3355589807033539 3751
1783601407840 0.34410369396209717 3752
1783601407976 0.12611326575279236 3753
1783601408113 0.12584494054317474 3754
1783601408241 0.2216726839542389 3755
1783601408405 0.17279250919818878 3756
1783601408548 0.2766379714012146 3757
1783601408704 0.4609663486480713 3758
1783601408914 0.4357810616493225 3759
1783601409063 0.4748491942882538 3760
1783601409209 0.22326217591762543 3761
1783601409360 0.16231879591941833 3762
1783601409517 0.07407397031784058 3763
1783601409691 0.5040386319160461 3764
1783601409843 0.18437044322490692 3765
1783601410191 0.4517047107219696 3766
1783601410302 0.2862011790275574 3767
1783601410443 0.298816055059433 3768
1783601410595 0.1836681365966797 3769
1783601410742 0.24109695851802826 3770
1783601410902 0.31188634037971497 3771
1783601411076 0.5905441045761108 3772
1783601411227 0.13908331096172333 3773
1783601411404 0.4094548523426056 3774
1783601411556 0.560841977596283 3775
1783601411706 0.23193173110485077 3776
1783601411844 1.0098755359649658 3777
1783601412019 0.32594338059425354 3778
1783601412205 0.3453206717967987 3779
1783601412390 0.3244694471359253 3780
1783601412687 0.466043621301651 3781
1783601412833 0.2093670815229416 3782
1783601412999 0.43235576152801514 3783
1783601413137 0.24925868213176727 3784
1783601413304 0.2162933647632599 3785
1783601413464 0.1825585961341858 3786
1783601413623 0.1878604292869568 3787
1783601413793 0.2532465159893036 3788
1783601413959 0.40264976024627686 3789
1783601414083 0.28187811374664307 3790
1783601414241 0.2539297640323639 3791
1783601414392 0.21285466849803925 3792
1783601414549 0.1486748456954956 3793
1783601414689 0.4457370340824127 3794
1783601414845 0.20004142820835114 3795
1783601414995 0.15676890313625336 3796
1783601415201 0.17681176960468292 3797
1783601415344 0.34900689125061035 3798
1783601415503 0.49344679713249207 3799
1783601415664 0.4885009825229645 3800
1783601415789 0.38843798637390137 3801
1783601415956 0.13957682251930237 3802
1783601416111 0.21132348477840424 3803
1783601416278 0.13755379617214203 3804
1783601416510 0.24160267412662506 3805
1783601416660 0.07686783373355865 3806
1783601416812 0.08266722410917282 3807
1783601416957 0.18366388976573944 3808
1783601417110 0.6716976761817932 3809
1783601417268 0.14062140882015228 3810
1783601417414 0.4952775537967682 3811
1783601417569 0.15342779457569122 3812
1783601417772 0.3125430643558502 3813
1783601417913 0.24725820124149323 3814
1783601418112 0.4697916507720947 3815
1783601418232 0.2824520170688629 3816
1783601418386 0.4933328330516815 3817
1783601418553 0.19055713713169098 3818
1783601418721 0.13081924617290497 3819
1783601418869 0.3832489848136902 3820
1783601419140 0.25803887844085693 3821
1783601419291 0.11767365038394928 3822
1783601419471 0.2908972501754761 3823
1783601419638 0.7844063639640808 3824
1783601419788 0.5574257373809814 3825
1783601419937 0.35300934314727783 3826
1783601420078 0.3831397294998169 3827
1783601420432 0.2031165063381195 3828
1783601420598 0.21088705956935883 3829
1783601420716 0.2804567515850067 3830
1783601420863 0.3734847903251648 3831
1783601421013 0.34709814190864563 3832
1783601421147 0.6254686713218689 3833
1783601421302 0.09013140201568604 3834
1783601421464 0.45771604776382446 3835
1783601421730 0.19926787912845612 3836
1783601421863 0.124540776014328 3837
1783601422030 0.24197034537792206 3838
1783601422169 0.20555724203586578 3839
1783601422296 0.3768896460533142 3840
1783601422443 0.30400481820106506 3841
1783601422571 0.24345313012599945 3842
1783601422918 0.15332023799419403 3843
1783601423072 0.627104640007019 3844
1783601423214 0.22960132360458374 3845
1783601423368 0.21020811796188354 3846
1783601423512 0.29595696926116943 3847
1783601423669 0.34854045510292053 3848
1783601423848 0.37667885422706604 3849
1783601423946 0.8263495564460754 3850
1783601424059 0.38801807165145874 3851
1783601424337 0.4919343590736389 3852
1783601424476 0.2943679094314575 3853
1783601424649 0.12915150821208954 3854
1783601424803 0.28741297125816345 3855
1783601424972 0.3084145486354828 3856
1783601425115 0.5028494596481323 3857
1783601425256 0.10279474407434464 3858
1783601425467 0.2491443157196045 3859
1783601425619 0.28338032960891724 3860
1783601425769 0.31819024682044983 3861
1783601425918 0.23206573724746704 3862
1783601426077 0.4743673801422119 3863
1783601426230 0.5559208393096924 3864
1783601426386 0.4751095175743103 3865
1783601426536 0.14584308862686157 3866
1783601426680 0.7268155217170715 3867
1783601426880 0.4971933364868164 3868
1783601427029 0.24179890751838684 3869
1783601427190 0.36260321736335754 3870
1783601427339 0.38555699586868286 3871
1783601427506 0.21538394689559937 3872
1783601427658 0.523488461971283 3873
1783601427825 0.19619296491146088 3874
1783601428066 0.22541548311710358 3875
1783601428172 0.36691129207611084 3876
1783601428282 0.39589637517929077 3877
1783601428443 0.739135205745697 3878
1783601428566 0.5680017471313477 3879
1783601428705 0.34458255767822266 3880
1783601428844 0.18895162642002106 3881
1783601428992 0.3826290965080261 3882
1783601429155 0.3333837389945984 3883
1783601429305 0.13868285715579987 3884
1783601429497 0.2576718330383301 3885
1783601429671 0.24746617674827576 3886
1783601429807 0.19086132943630219 3887
1783601429976 0.44430458545684814 3888
1783601430130 0.36183851957321167 3889
1783601430288 0.30049291253089905 3890
1783601430443 0.18529540300369263 3891
1783601430632 0.19190983474254608 3892
1783601430765 0.27529841661453247 3893
1783601430938 0.692589521408081 3894
1783601431090 0.19241639971733093 3895
1783601431254 0.08437458425760269 3896
1783601431390 0.3472202718257904 3897
1783601431538 0.5087653994560242 3898
1783601431685 0.11699732393026352 3899
1783601431849 0.4532891511917114 3900
1783601431986 0.32255658507347107 3901
1783601432127 0.13899150490760803 3902
1783601432304 0.3672349154949188 3903
1783601432439 0.5357481241226196 3904
1783601432580 0.20266450941562653 3905
1783601432746 0.40839269757270813 3906
1783601432893 0.19109801948070526 3907
1783601432998 0.7262642979621887 3908
1783601433141 0.28218981623649597 3909
1783601433331 0.2113586664199829 3910
1783601433442 0.18258261680603027 3911
1783601433610 0.13971051573753357 3912
1783601433767 0.26313719153404236 3913
1783601433920 0.24267888069152832 3914
1783601434022 0.34906479716300964 3915
1783601434154 0.09544000029563904 3916
1783601434310 0.22868067026138306 3917
1783601434510 0.21615822613239288 3918
1783601434667 0.6054603457450867 3919
1783601434820 0.6244935989379883 3920
1783601434986 0.11524911224842072 3921
1783601435137 0.21552860736846924 3922
1783601435289 0.49424824118614197 3923
1783601435441 0.18202391266822815 3924
1783601435590 0.32950153946876526 3925
1783601435747 0.4371248185634613 3926
1783601435954 0.10538139194250107 3927
1783601436108 0.38428476452827454 3928
1783601436252 0.11707283556461334 3929
1783601436430 0.5503147840499878 3930
1783601436594 0.21484188735485077 3931
1783601436765 0.5459368824958801 3932
1783601436940 0.09246506541967392 3933
1783601437189 0.3399803340435028 3934
1783601437327 0.2179965376853943 3935
1783601437473 0.22872702777385712 3936
1783601437629 0.2688498795032501 3937
1783601437787 0.47575631737709045 3938
1783601437936 0.5774039030075073 3939
1783601438116 0.18324947357177734 3940
1783601438273 0.3014095723628998 3941
1783601438419 0.204441100358963 3942
1783601438556 0.3050819933414459 3943
1783601438733 0.2507633864879608 3944
1783601438884 0.4620208442211151 3945
1783601439038 0.3310960829257965 3946
1783601439195 0.21460576355457306 3947
1783601439340 0.2644127607345581 3948
1783601439481 0.5707494616508484 3949
1783601439698 0.23768191039562225 3950
1783601439829 0.12938304245471954 3951
1783601439978 0.5576581358909607 3952
1783601440133 0.12209917604923248 3953
1783601440324 0.2754826843738556 3954
1783601440469 0.26091468334198 3955
1783601440581 1.1123746633529663 3956
1783601440692 0.47670161724090576 3957
1783601440957 0.4356035888195038 3958
1783601441113 0.5596257448196411 3959
1783601441281 0.10870159417390823 3960
1783601441444 0.12112820148468018 3961
1783601441571 0.1591033935546875 3962
1783601441715 0.19889579713344574 3963
1783601441880 0.2585086524486542 3964
1783601442057 0.28773292899131775 3965
1783601442241 0.2028733342885971 3966
1783601442387 0.33575406670570374 3967
1783601442542 0.34671157598495483 3968
1783601442705 0.13502150774002075 3969
1783601442874 0.34882938861846924 3970
1783601443039 0.08981823921203613 3971
1783601443205 0.36516907811164856 3972
1783601443374 0.5094745755195618 3973
1783601443630 0.32374662160873413 3974
1783601443784 0.3097720146179199 3975
1783601443914 0.5432491898536682 3976
1783601444005 0.15947780013084412 3977
1783601444166 0.20681509375572205 3978
1783601444340 0.42361700534820557 3979
1783601444485 0.3354254364967346 3980
1783601444635 0.20305266976356506 3981
1783601444843 0.2634879946708679 3982
1783601445010 1.1350607872009277 3983
1783601445175 0.3361922800540924 3984
1783601445322 0.38688284158706665 3985
1783601445471 0.34215185046195984 3986
1783601445639 0.40547388792037964 3987
1783601445809 0.2541029155254364 3988
1783601446000 0.1853957623243332 3989
1783601446164 0.5232447981834412 3990
1783601446310 0.26442950963974 3991
1783601446434 0.12378302216529846 3992
1783601446587 0.10273328423500061 3993
1783601446750 0.5329077243804932 3994
1783601446944 0.2660343647003174 3995
1783601447059 0.3804854154586792 3996
1783601447164 0.27729836106300354 3997
1783601447326 0.4114147424697876 3998
1783601447452 0.3768983781337738 3999
1783601447614 0.27899113297462463 4000
1783601447757 0.10806290805339813 4001
1783601447915 0.13889729976654053 4002
1783601448057 0.35269400477409363 4003
1783601448193 0.5197778344154358 4004
1783601448312 0.2639773488044739 4005
1783601448671 0.21111075580120087 4006
1783601448793 0.22015590965747833 4007
1783601448952 0.4483429193496704 4008
1783601449088 0.16585862636566162 4009
1783601449222 0.1762320101261139 4010
1783601449359 0.4791768193244934 4011
1783601449519 0.5666449666023254 4012
1783601449690 0.32088911533355713 4013
1783601449954 0.22763147950172424 4014
1783601450103 0.33795469999313354 4015
1783601450276 0.6885363459587097 4016
1783601450404 0.24463307857513428 4017
1783601450547 0.06566166132688522 4018
1783601450692 0.3085368871688843 4019
1783601450860 0.3378431499004364 4020
1783601451014 0.4056621193885803 4021
1783601451270 0.32713329792022705 4022
1783601451427 0.162392258644104 4023
1783601451554 0.13324704766273499 4024
1783601451709 0.6365797519683838 4025
1783601451863 0.5729228854179382 4026
1783601452038 0.25184449553489685 4027
1783601452195 0.45435622334480286 4028
1783601452367 0.09525790810585022 4029
1783601452556 0.3789515495300293 4030
1783601452683 0.27215972542762756 4031
1783601452847 0.3541264832019806 4032
1783601453008 0.18925216794013977 4033
1783601453141 0.3718443512916565 4034
1783601453299 0.19063904881477356 4035
1783601453463 0.33884501457214355 4036
1783601453592 0.4233340322971344 4037
1783601453866 0.2954164147377014 4038
1783601453975 0.48086023330688477 4039
1783601454090 0.17807747423648834 4040
1783601454263 0.2216244637966156 4041
1783601454431 0.2707337439060211 4042
1783601454568 0.11363108456134796 4043
1783601454735 0.2268049120903015 4044
1783601455054 0.26319339871406555 4045
1783601455168 0.2773435115814209 4046
1783601455351 0.2800031304359436 4047
1783601455512 0.9550372362136841 4048
1783601455651 0.5648124814033508 4049
1783601455798 0.14893031120300293 4050
1783601455929 0.21629659831523895 4051
1783601456097 0.5123434662818909 4052
1783601456348 0.38145583868026733 4053
1783601456471 0.3174588680267334 4054
1783601456628 0.19623413681983948 4055
1783601456780 0.15959247946739197 4056
1783601456924 0.7694133520126343 4057
1783601457082 0.13087503612041473 4058
1783601457239 0.4478287994861603 4059
1783601457418 0.326068639755249 4060
1783601457700 0.34190887212753296 4061
1783601457832 0.42377886176109314 4062
1783601457986 0.25723254680633545 4063
1783601458147 0.17847982048988342 4064
1783601458269 0.22385483980178833 4065
1783601458433 0.1015913113951683 4066
1783601458575 0.3790358901023865 4067
1783601458721 0.6390289068222046 4068
1783601458981 0.1720578670501709 4069
1783601459111 0.39965179562568665 4070
1783601459274 0.40920644998550415 4071
1783601459447 0.3154788613319397 4072
1783601459583 0.32828742265701294 4073
1783601459715 0.27976465225219727 4074
1783601459865 0.5907904505729675 4075
1783601460013 0.4219144284725189 4076
1783601460236 0.12043231725692749 4077
1783601460365 0.394970178604126 4078
1783601460509 0.25760796666145325 4079
1783601460667 0.2824663519859314 4080
1783601460811 0.35264164209365845 4081
1783601460951 0.16454578936100006 4082
1783601461116 0.140837624669075 4083
1783601461255 0.5380763411521912 4084
1783601461570 0.13781853020191193 4085
1783601461710 0.2985283434391022 4086
1783601461868 0.24917718768119812 4087
1783601462025 0.47601670026779175 4088
1783601462166 0.13592849671840668 4089
1783601462314 0.5952844023704529 4090
1783601462477 0.4007367193698883 4091
1783601462630 0.5106961727142334 4092
1783601462865 0.35001733899116516 4093
1783601463010 0.31884172558784485 4094
1783601463155 0.40557458996772766 4095
1783601463285 0.1733979880809784 4096
1783601463424 0.1758134961128235 4097
1783601463572 0.4559342563152313 4098
1783601463732 0.28192397952079773 4099
1783601463938 0.624517023563385 4100
1783601464045 0.2523009479045868 4101
1783601464167 0.45032399892807007 4102
1783601464336 0.16200219094753265 4103
1783601464448 0.32265394926071167 4104
1783601464610 0.2690054476261139 4105
1783601464776 0.16997893154621124 4106
1783601464933 0.3357650637626648 4107
1783601465128 0.7249482274055481 4108
1783601465357 0.2138439267873764 4109
1783601465456 0.4806585907936096 4110
1783601465597 0.2506757974624634 4111
1783601465748 0.15537457168102264 4112
1783601465882 0.14669334888458252 4113
1783601466013 0.0409550815820694 4114
1783601466171 0.15688860416412354 4115
1783601466309 0.41632726788520813 4116
1783601466513 0.30814221501350403 4117
1783601466666 0.26230689883232117 4118
1783601466785 0.7774430513381958 4119
1783601466938 0.21250106394290924 4120
1783601467136 0.19071978330612183 4121
1783601467304 0.633178174495697 4122
1783601467463 0.24351398646831512 4123
1783601467619 0.1278621107339859 4124
1783601467815 0.20268425345420837 4125
1783601467962 0.3622167408466339 4126
1783601468145 0.1015806496143341 4127
1783601468282 0.06054111570119858 4128
1783601468447 0.09065379202365875 4129
1783601468633 0.2649136781692505 4130
1783601468773 0.1785534918308258 4131
1783601468997 0.46070364117622375 4132
1783601469139 0.3215523362159729 4133
1783601469297 0.13759955763816833 4134
1783601469423 0.37361806631088257 4135
1783601469577 0.668963611125946 4136
1783601469733 0.20258395373821259 4137
1783601469876 0.15020179748535156 4138
1783601470043 0.11285175383090973 4139
1783601470308 0.25193893909454346 4140
1783601470468 0.4142984449863434 4141
1783601470618 0.1429613083600998 4142
1783601470773 0.6864150762557983 4143
1783601470924 0.43051883578300476 4144
1783601471051 0.45097002387046814 4145
1783601471208 0.08737039566040039 4146
1783601471372 0.23912698030471802 4147
1783601471603 0.18591910600662231 4148
1783601471753 0.1350974440574646 4149
1783601471914 0.2106211632490158 4150
1783601472040 0.343008816242218 4151
1783601472190 0.21738764643669128 4152
1783601472313 0.35504448413848877 4153
1783601472464 0.46303170919418335 4154
1783601472620 0.11707940697669983 4155
1783601472917 0.12967516481876373 4156
1783601473049 0.37133774161338806 4157
1783601473208 0.20393018424510956 4158
1783601473371 0.28629350662231445 4159
1783601473517 0.19823770225048065 4160
1783601473667 0.8293364644050598 4161
1783601473830 0.17593415081501007 4162
1783601473966 0.5788286924362183 4163
1783601474067 0.37935876846313477 4164
1783601474186 0.20859430730342865 4165
1783601474363 0.18080461025238037 4166
1783601474514 0.09495163708925247 4167
1783601474677 0.14384225010871887 4168
1783601474844 0.1143546923995018 4169
1783601475002 0.19058221578598022 4170
1783601475148 0.07845325767993927 4171
1783601475276 0.4010808765888214 4172
1783601475520 0.24069540202617645 4173
1783601475678 0.4346074163913727 4174
1783601475845 0.4393284022808075 4175
1783601476025 0.3714227080345154 4176
1783601476152 0.4384395182132721 4177
1783601476297 0.5023894906044006 4178
1783601476452 0.38775506615638733 4179
1783601476808 0.2879624664783478 4180
1783601476956 0.2292429804801941 4181
1783601477121 0.2373308539390564 4182
1783601477253 0.2932484745979309 4183
1783601477398 0.24620583653450012 4184
1783601477549 0.28405821323394775 4185
1783601477697 0.34543928503990173 4186
1783601477862 0.15858139097690582 4187
1783601478069 0.3303302526473999 4188
1783601478175 0.388352632522583 4189
1783601478287 0.27212557196617126 4190
1783601478445 0.3469475209712982 4191
1783601478580 0.3086789846420288 4192
1783601478724 0.25465524196624756 4193
1783601478881 0.48717594146728516 4194
1783601479048 0.3324253261089325 4195
1783601479222 0.5789104104042053 4196
1783601479387 0.25572019815444946 4197
1783601479536 0.39227232336997986 4198
1783601479680 0.4831191599369049 4199
1783601479802 0.2664155066013336 4200
1783601479957 0.2862359583377838 4201
1783601480109 0.4651264548301697 4202
1783601480235 0.24970868229866028 4203
1783601480481 0.34691092371940613 4204
1783601480602 0.2340124398469925 4205
1783601480731 0.27221184968948364 4206
1783601480875 0.13732999563217163 4207
1783601481039 0.36628255248069763 4208
1783601481176 0.2281234711408615 4209
1783601481345 0.10065916180610657 4210
1783601481495 0.22319436073303223 4211
1783601481627 0.12205208092927933 4212
1783601481903 0.4165489077568054 4213
1783601482060 0.12277299165725708 4214
1783601482221 0.6404967904090881 4215
1783601482364 0.1791672706604004 4216
1783601482510 0.2192593216896057 4217
1783601482670 0.3906745910644531 4218
1783601482829 0.10485325008630753 4219
1783601482970 0.32500365376472473 4220
1783601483188 0.3824910819530487 4221
1783601483371 0.1794963777065277 4222
1783601483535 0.19881370663642883 4223
1783601483696 0.24063430726528168 4224
1783601483838 0.3548128008842468 4225
1783601483967 0.17652012407779694 4226
1783601484080 0.4185425043106079 4227
1783601484463 0.3636493980884552 4228
1783601484606 0.20378059148788452 4229
1783601484776 0.3549210727214813 4230
1783601484908 0.42976975440979004 4231
1783601485056 0.2598375082015991 4232
1783601485230 0.134696826338768 4233
1783601485356 0.4738520085811615 4234
1783601485564 0.15549859404563904 4235
1783601485794 0.4152235984802246 4236
1783601485941 0.16476339101791382 4237
1783601486097 0.24289631843566895 4238
1783601486250 0.2190954089164734 4239
1783601486403 0.0937625840306282 4240
1783601486552 0.1730978786945343 4241
1783601486696 0.19450660049915314 4242
1783601486880 0.39341670274734497 4243
1783601487045 0.17769816517829895 4244
1783601487187 0.3289770483970642 4245
1783601487307 0.29404217004776 4246
1783601487486 0.3065231442451477 4247
1783601487646 0.2208765745162964 4248
1783601487807 0.6005036234855652 4249
1783601487956 0.1831999570131302 4250
1783601488146 0.26211392879486084 4251
1783601488254 0.43776872754096985 4252
1783601488352 0.15041708946228027 4253
1783601488508 0.2568491995334625 4254
1783601488664 0.12599670886993408 4255
1783601488811 0.4716493487358093 4256
1783601488978 0.38105350732803345 4257
1783601489124 0.1944078654050827 4258
1783601489249 0.14650720357894897 4259
1783601489375 0.43167251348495483 4260
1783601489550 0.578404426574707 4261
1783601489712 0.456164687871933 4262
1783601489907 0.17793358862400055 4263
1783601490075 0.16619731485843658 4264
1783601490277 0.5218183398246765 4265
1783601490448 0.4595050811767578 4266
1783601490647 0.2020680457353592 4267
1783601490811 0.7960850596427917 4268
1783601490965 0.09543091058731079 4269
1783601491144 0.6527843475341797 4270
1783601491268 0.14662402868270874 4271
1783601491416 0.19200745224952698 4272
1783601491543 0.30209848284721375 4273
1783601491700 0.399888277053833 4274
1783601491974 0.11462683230638504 4275
1783601492123 0.08660130202770233 4276
1783601492291 0.17997002601623535 4277
1783601492447 0.24046491086483002 4278
1783601492598 0.207506000995636 4279
1783601492760 0.6277355551719666 4280
1783601492945 0.0758717879652977 4281
1783601493115 0.3930297791957855 4282
1783601493284 0.5831748843193054 4283
1783601493433 0.10858195275068283 4284
1783601493566 0.2397589385509491 4285
1783601493698 0.3212236762046814 4286
1783601493861 0.5149336457252502 4287
1783601494003 0.476691871881485 4288
1783601494118 0.09500521421432495 4289
1783601494282 0.18336908519268036 4290
1783601494445 0.3732491135597229 4291
1783601494641 0.49584153294563293 4292
1783601494773 0.2950792610645294 4293
1783601494952 0.161480113863945 4294
1783601495118 0.4989077150821686 4295
1783601495269 0.5418298244476318 4296
1783601495434 0.3982795476913452 4297
1783601495597 0.2904706597328186 4298
1783601495883 0.4923263192176819 4299
1783601496057 0.1440446823835373 4300
1783601496204 0.35144466161727905 4301
1783601496355 0.20353712141513824 4302
1783601496519 0.14958161115646362 4303
1783601496662 0.2079036980867386 4304
1783601496812 0.6369860172271729 4305
1783601497050 0.5413824319839478 4306
1783601497222 0.1971120983362198 4307
1783601497398 0.12273064255714417 4308
1783601497551 0.6685161590576172 4309
1783601497725 0.19777631759643555 4310
1783601497902 0.21396398544311523 4311
1783601498036 0.30891937017440796 4312
1783601498200 0.22080491483211517 4313
1783601498354 0.22903664410114288 4314
1783601498517 0.4308617115020752 4315
1783601498695 0.14670740067958832 4316
1783601498799 0.20991869270801544 4317
1783601498961 0.21492372453212738 4318
1783601499098 0.7773726582527161 4319
1783601499276 0.6463699340820312 4320
1783601499435 0.28636977076530457 4321
1783601499658 0.28995954990386963 4322
1783601499824 0.3975740075111389 4323
1783601499975 0.1367507129907608 4324
1783601500073 0.23166309297084808 4325
1783601500201 0.49357059597969055 4326
1783601500330 0.12428847700357437 4327
1783601500547 0.2934384346008301 4328
1783601500728 0.5278511643409729 4329
1783601500950 0.22002241015434265 4330
1783601501107 0.1871313452720642 4331
1783601501262 0.4008443355560303 4332
1783601501418 0.5166047811508179 4333
1783601501558 0.2697424292564392 4334
1783601501753 0.12380959093570709 4335
1783601501899 0.1651168018579483 4336
1783601502171 0.3249908983707428 4337
1783601502344 0.5022131204605103 4338
1783601502523 0.19071193039417267 4339
1783601502689 0.30014729499816895 4340
1783601502860 0.29153355956077576 4341
1783601503014 0.4456064701080322 4342
1783601503178 0.17278853058815002 4343
1783601503508 0.2524544298648834 4344
1783601503657 0.2620295584201813 4345
1783601503818 0.3574889004230499 4346
1783601503999 0.3550780117511749 4347
1783601504136 0.33328893780708313 4348
1783601504313 0.3129420280456543 4349
1783601504440 0.09201623499393463 4350
1783601504742 0.4095885455608368 4351
1783601504933 0.14237084984779358 4352
1783601505102 0.06204584985971451 4353
1783601505269 0.11264359205961227 4354
1783601505410 0.2916650176048279 4355
1783601505578 0.10657408833503723 4356
1783601505711 0.27335214614868164 4357
1783601505885 0.24299301207065582 4358
1783601506088 0.28730031847953796 4359
1783601506233 0.45481234788894653 4360
1783601506398 0.18622316420078278 4361
1783601506545 0.1620371788740158 4362
1783601506679 0.16663509607315063 4363
1783601506854 0.49700433015823364 4364
1783601507033 0.4061196744441986 4365
1783601507198 0.4307560324668884 4366
1783601507415 0.4660009741783142 4367
1783601507575 0.3947875201702118 4368
1783601507692 0.14573848247528076 4369
1783601507841 0.8880323767662048 4370
1783601507995 0.2798784077167511 4371
1783601508158 0.8176777362823486 4372
1783601508331 0.20701941847801208 4373
1783601508650 0.17923817038536072 4374
1783601508786 0.2738288640975952 4375
1783601508955 1.156577467918396 4376
1783601509087 0.5110421776771545 4377
1783601509292 0.2757851183414459 4378
1783601509460 0.29447153210639954 4379
1783601509654 0.8089012503623962 4380
1783601509833 0.6320866942405701 4381
1783601509993 0.28553104400634766 4382
1783601510148 0.3236861228942871 4383
1783601510293 0.28067445755004883 4384
1783601510439 0.37218213081359863 4385
1783601510573 0.13893914222717285 4386
1783601510695 0.2556332051753998 4387
1783601510851 0.18450626730918884 4388
1783601510991 0.22417297959327698 4389
1783601511145 0.3607499599456787 4390
1783601511282 0.3623942732810974 4391
1783601511456 0.34407004714012146 4392
1783601511613 0.5584158301353455 4393
1783601511779 0.32082128524780273 4394
1783601511924 0.15225601196289062 4395
1783601512090 0.29561296105384827 4396
1783601512243 0.4641663730144501 4397
1783601512511 0.2365124523639679 4398
1783601512663 0.2579857409000397 4399
1783601512851 0.2825717628002167 4400
1783601512996 0.3501892685890198 4401
1783601513162 0.30618295073509216 4402
1783601513347 0.3421521484851837 4403
1783601513521 1.2504456043243408 4404
1783601513704 0.598774254322052 4405
1783601513835 0.3942691683769226 4406
1783601513986 0.29851463437080383 4407
1783601514149 0.07124492526054382 4408
1783601514309 0.6368252635002136 4409
1783601514460 0.14080701768398285 4410
1783601514642 0.10845942050218582 4411
1783601514795 0.3075079023838043 4412
1783601514938 0.07709541916847229 4413
1783601515053 0.26344937086105347 4414
1783601515207 0.12028546631336212 4415
1783601515350 0.09604932367801666 4416
1783601515520 0.25823676586151123 4417
1783601515685 0.18354853987693787 4418
1783601515848 0.7149052619934082 4419
1783601516152 0.31742244958877563 4420
1783601516278 0.30275723338127136 4421
1783601516433 0.12408611923456192 4422
1783601516585 0.5878363251686096 4423
1783601516737 0.320409893989563 4424
1783601516873 0.2797194719314575 4425
1783601517036 0.22999875247478485 4426
1783601517192 0.15586256980895996 4427
1783601517400 0.5145063996315002 4428
1783601517519 0.36083272099494934 4429
1783601517671 0.4366905689239502 4430
1783601517824 0.2795967757701874 4431
1783601517959 0.2373640239238739 4432
1783601518112 0.35687774419784546 4433
1783601518266 0.15386568009853363 4434
1783601518423 0.1914324313402176 4435
1783601518612 0.2824268341064453 4436
1783601518744 0.22752967476844788 4437
1783601518904 0.5503775477409363 4438
1783601519068 0.06903323531150818 4439
1783601519217 0.28017669916152954 4440
1783601519378 0.4571588635444641 4441
1783601519504 0.2627955973148346 4442
1783601519645 0.3208927512168884 4443
1783601519978 0.3303113281726837 4444
1783601520128 0.3528056740760803 4445
1783601520306 0.5999134182929993 4446
1783601520475 0.08659295737743378 4447
1783601520626 0.3998206853866577 4448
1783601520760 0.1723380982875824 4449
1783601520916 0.18056485056877136 4450
1783601521080 0.5583290457725525 4451
1783601521328 0.19103311002254486 4452
1783601521476 0.26949357986450195 4453
1783601521630 0.24795444309711456 4454
1783601521767 0.38182151317596436 4455
1783601521897 0.2047063261270523 4456
1783601522059 0.12439288944005966 4457
1783601522210 0.26196154952049255 4458
1783601522502 0.10793889313936234 4459
1783601522622 0.26054975390434265 4460
1783601522791 0.17477640509605408 4461
1783601522904 0.05019963160157204 4462
1783601523065 0.12868764996528625 4463
1783601523227 0.32537680864334106 4464
1783601523397 0.24977178871631622 4465
1783601523775 0.1910286396741867 4466
1783601523904 0.20124274492263794 4467
1783601524014 0.5251278281211853 4468
1783601524119 0.08929163962602615 4469
1783601524280 0.629143476486206 4470
1783601524427 0.32705143094062805 4471
1783601524581 0.4347006678581238 4472
1783601524773 0.17974209785461426 4473
1783601524928 0.1674707680940628 4474
1783601525080 0.4823324382305145 4475
1783601525244 0.22074393928050995 4476
1783601525382 0.4946485757827759 4477
1783601525520 0.19330468773841858 4478
1783601525691 0.30236753821372986 4479
1783601525842 0.12371502816677094 4480
1783601525989 0.35202378034591675 4481
1783601526151 0.5204753875732422 4482
1783601526367 0.42735713720321655 4483
1783601526521 0.11243575066328049 4484
1783601526690 0.3668791353702545 4485
1783601526859 0.34178465604782104 4486
1783601527043 0.3845066726207733 4487
1783601527176 0.17358620464801788 4488
1783601527372 0.37933680415153503 4489
1783601527588 0.15294359624385834 4490
1783601527748 0.1742485761642456 4491
1783601527873 0.6207746863365173 4492
1783601528060 0.2495589405298233 4493
1783601528196 0.32767343521118164 4494
1783601528306 0.3172503411769867 4495
1783601528478 0.21306690573692322 4496
1783601528894 0.6929759383201599 4497
1783601529038 0.3905460834503174 4498
1783601529193 0.2403317540884018 4499
1783601529333 0.09651003032922745 4500
1783601529440 0.41688600182533264 4501
1783601529586 0.12263888120651245 4502
1783601529733 0.38702526688575745 4503
1783601529909 0.6059776544570923 4504
1783601530064 0.24601416289806366 4505
1783601530245 0.391021192073822 4506
1783601530388 0.17970144748687744 4507
1783601530529 0.6351208686828613 4508
1783601530697 0.15502235293388367 4509
1783601530875 0.3642379343509674 4510
1783601531027 0.21356074512004852 4511
1783601531202 0.3485832214355469 4512
1783601531361 0.2963525056838989 4513
1783601531490 0.4500686526298523 4514
1783601531651 0.21228408813476562 4515
1783601531835 0.38576677441596985 4516
1783601531991 0.12472115457057953 4517
1783601532137 0.35079053044319153 4518
1783601532288 0.38238632678985596 4519
1783601532448 0.10771657526493073 4520
1783601532556 0.20949694514274597 4521
1783601532693 0.09292319416999817 4522
1783601532845 0.24573788046836853 4523
1783601532998 0.3426104187965393 4524
1783601533155 0.5461994409561157 4525
1783601533313 0.519288182258606 4526
1783601533471 0.6257807016372681 4527
1783601533605 0.35029318928718567 4528
1783601533808 0.1635190099477768 4529
1783601533961 0.31738999485969543 4530
1783601534075 0.23020806908607483 4531
1783601534207 0.4135575592517853 4532
1783601534356 0.17406591773033142 4533
1783601534534 0.22451497614383698 4534
1783601534698 0.20149818062782288 4535
1783601534817 0.07861441373825073 4536
1783601535021 0.19642800092697144 4537
1783601535184 0.18338297307491302 4538
1783601535336 0.16216188669204712 4539
1783601535478 0.27807867527008057 4540
1783601535646 0.2842513918876648 4541
1783601535805 0.4133910834789276 4542
1783601535945 0.21302324533462524 4543
1783601536114 0.11040142923593521 4544
1783601536287 0.3183860778808594 4545
1783601536448 0.5512882471084595 4546
1783601536599 0.6708734035491943 4547
1783601536748 0.46369120478630066 4548
1783601536893 0.4448835253715515 4549
1783601537056 0.21109552681446075 4550
1783601537239 0.2093600332736969 4551
1783601537378 0.2779911160469055 4552
1783601537683 0.1390393078327179 4553
1783601537824 0.21029435098171234 4554
1783601537988 0.14140990376472473 4555
1783601538183 0.48405084013938904 4556
1783601538337 0.2694222033023834 4557
1783601538496 0.17009122669696808 4558
1783601538644 0.2630048394203186 4559
1783601538891 0.3600572347640991 4560
1783601539059 0.3580091893672943 4561
1783601539207 0.23711667954921722 4562
1783601539381 0.4412609040737152 4563
1783601539528 0.20791247487068176 4564
1783601539683 0.5881960988044739 4565
1783601539841 0.5508976578712463 4566
1783601540237 0.6350316405296326 4567
1783601540394 0.40760836005210876 4568
1783601540555 0.17481304705142975 4569
1783601540700 0.2910914421081543 4570
1783601540833 0.5774560570716858 4571
1783601541020 0.3542853593826294 4572
1783601541206 0.30305859446525574 4573
1783601541368 0.2613489627838135 4574
1783601541574 0.10637349635362625 4575
1783601541697 0.20947855710983276 4576
1783601541855 0.21389032900333405 4577
1783601541989 0.20537981390953064 4578
1783601542153 0.25694969296455383 4579
1783601542322 0.16615156829357147 4580
1783601542449 0.40225842595100403 4581
1783601542795 0.25150609016418457 4582
1783601542959 0.2087637037038803 4583
1783601543127 0.2033720314502716 4584
1783601543305 0.12403731048107147 4585
1783601543456 0.06643568724393845 4586
1783601543622 0.22103804349899292 4587
1783601543760 0.22483325004577637 4588
1783601543979 0.3105567395687103 4589
1783601544084 0.37803637981414795 4590
1783601544206 0.2703348994255066 4591
1783601544389 0.7169684767723083 4592
1783601544528 0.31580033898353577 4593
1783601544702 0.13107876479625702 4594
1783601544857 0.17959895730018616 4595
1783601545039 1.0343081951141357 4596
1783601545220 0.39849933981895447 4597
1783601545445 0.1779147833585739 4598
1783601545588 0.1578207015991211 4599
1783601545755 0.23711836338043213 4600
1783601545888 0.23591060936450958 4601
1783601546041 0.20407861471176147 4602
1783601546209 0.4894442856311798 4603
1783601546372 0.3345504403114319 4604
1783601546616 0.1768774390220642 4605
1783601546744 0.3193402588367462 4606
1783601546916 0.5441856980323792 4607
1783601547103 0.3220989406108856 4608
1783601547228 0.23650847375392914 4609
1783601547391 0.1362677812576294 4610
1783601547555 0.181185781955719 4611
1783601547754 0.25554755330085754 4612
1783601547882 0.37893006205558777 4613
1783601548024 0.3812865614891052 4614
1783601548205 0.2698056995868683 4615
1783601548342 0.18007780611515045 4616
1783601548514 0.7100954651832581 4617
1783601548662 0.3150750994682312 4618
1783601548820 0.29944556951522827 4619
1783601549106 0.7618487477302551 4620
1783601549248 0.4738270342350006 4621
1783601549416 0.26431864500045776 4622
1783601549576 0.20298340916633606 4623
1783601549742 0.3908166289329529 4624
1783601549885 0.26904186606407166 4625
1783601550029 0.3723421096801758 4626
1783601550183 0.3183775246143341 4627
1783601550359 0.31052568554878235 4628
1783601550526 0.174879252910614 4629
1783601550675 0.3690344989299774 4630
1783601550842 0.12863968312740326 4631
1783601550990 0.3710724115371704 4632
1783601551140 0.2944283187389374 4633
1783601551294 0.14322295784950256 4634
1783601551436 0.5247724056243896 4635
1783601551764 0.10453154891729355 4636
1783601551902 0.384558767080307 4637
1783601552035 0.38383471965789795 4638
1783601552176 0.18855608999729156 4639
1783601552330 0.22808921337127686 4640
1783601552495 0.17858171463012695 4641
1783601552630 0.195977583527565 4642
1783601552783 0.3458831012248993 4643
1783601553078 0.7546974420547485 4644
1783601553226 0.5780441761016846 4645
1783601553385 0.2716016471385956 4646
1783601553533 0.3550161123275757 4647
1783601553688 0.0908636525273323 4648
1783601553840 0.38431239128112793 4649
1783601553992 0.33024823665618896 4650
1783601554098 0.7053451538085938 4651
1783601554249 0.27702775597572327 4652
1783601554364 0.21932248771190643 4653
1783601554524 0.3454841673374176 4654
1783601554675 0.24241948127746582 4655
1783601554822 0.25669389963150024 4656
1783601554986 0.24043995141983032 4657
1783601555135 0.4799909293651581 4658
1783601555303 0.5802727937698364 4659
1783601555494 0.27629512548446655 4660
1783601555626 0.23529194295406342 4661
1783601555798 0.5153976678848267 4662
1783601555928 0.46936407685279846 4663
1783601556065 0.19444334506988525 4664
1783601556223 0.26033374667167664 4665
1783601556389 0.42004507780075073 4666
1783601556536 0.13922160863876343 4667
1783601556836 0.6997227072715759 4668
1783601556991 0.16828890144824982 4669
1783601557148 0.06800611317157745 4670
1783601557327 0.4636158347129822 4671
1783601557460 0.25341925024986267 4672
1783601557591 0.2427901029586792 4673
1783601557740 0.25962910056114197 4674
1783601557936 0.4244871735572815 4675
1783601558046 0.42040345072746277 4676
1783601558193 0.3843458890914917 4677
1783601558331 0.4018011689186096 4678
1783601558483 0.3894123435020447 4679
1783601558637 0.3117554485797882 4680
1783601558780 0.7322561740875244 4681
1783601558939 0.5761401653289795 4682
1783601559328 0.05780620872974396 4683
1783601559472 0.7531534433364868 4684
1783601559618 0.12118227034807205 4685
1783601559770 0.1666184365749359 4686
1783601559942 0.23694749176502228 4687
1783601560098 0.44236117601394653 4688
1783601560276 0.5429368019104004 4689
1783601560486 0.41405999660491943 4690
1783601560622 0.20841440558433533 4691
1783601560770 0.43789544701576233 4692
1783601560918 0.08827242255210876 4693
1783601561073 0.4418666958808899 4694
1783601561249 0.7702580094337463 4695
1783601561399 0.22020170092582703 4696
1783601561590 0.2537742853164673 4697
1783601561828 0.09626714140176773 4698
1783601561957 0.04672897979617119 4699
1783601562107 0.2662365436553955 4700
1783601562239 0.28005245327949524 4701
1783601562391 0.12669995427131653 4702
1783601562549 0.44449669122695923 4703
1783601562716 0.13998423516750336 4704
1783601562858 0.41300079226493835 4705
1783601563024 0.5746269822120667 4706
1783601563172 0.15181510150432587 4707
1783601563342 0.42869582772254944 4708
1783601563490 0.4300841689109802 4709
1783601563664 0.22626301646232605 4710
1783601563841 0.21946077048778534 4711
1783601564006 0.206061452627182 4712
1783601564108 0.1251334398984909 4713
1783601564273 0.5285035967826843 4714
1783601564402 0.31023961305618286 4715
1783601564564 0.11548184603452682 4716
1783601564742 0.28819483518600464 4717
1783601564893 0.42464113235473633 4718
1783601565044 0.10144587606191635 4719
1783601565175 0.15502525866031647 4720
1783601565323 0.27311888337135315 4721
1783601565495 0.3590433597564697 4722
1783601565659 0.11923597007989883 4723
1783601565837 0.06839094310998917 4724
1783601566020 0.2668479382991791 4725
1783601566166 0.24584779143333435 4726
1783601566308 0.20376764237880707 4727
1783601566480 0.5674585700035095 4728
1783601566656 0.41785168647766113 4729
1783601566915 0.10742174088954926 4730
1783601567038 0.18765206634998322 4731
1783601567198 0.34703871607780457 4732
1783601567363 0.4453374147415161 4733
1783601567529 0.47134795784950256 4734
1783601567672 0.09423843771219254 4735
1783601567812 0.6673672795295715 4736
1783601568081 0.14373371005058289 4737
1783601568219 0.13684992492198944 4738
1783601568327 0.36152708530426025 4739
1783601568464 0.45756861567497253 4740
1783601568624 0.7891446948051453 4741
1783601568784 0.09415457397699356 4742
1783601568936 0.4394727349281311 4743
1783601569102 0.4241059720516205 4744
1783601569321 0.4768446981906891 4745
1783601569447 0.3346141576766968 4746
1783601569597 0.5942530035972595 4747
1783601569754 0.4590977728366852 4748
1783601569937 0.28344154357910156 4749
1783601570087 0.29662519693374634 4750
1783601570239 0.2769392132759094 4751
1783601570362 0.4823444187641144 4752
1783601570568 0.33454614877700806 4753
1783601570704 0.23682694137096405 4754
1783601570869 0.1328331083059311 4755
1783601571037 0.2932702302932739 4756
1783601571218 0.275861918926239 4757
1783601571354 0.27298447489738464 4758
1783601571506 0.2872121036052704 4759
1783601571646 0.19763018190860748 4760
1783601571870 0.30331355333328247 4761
1783601572023 0.17282721400260925 4762
1783601572197 0.08744091540575027 4763
1783601572362 0.08488882333040237 4764
1783601572554 0.21757836639881134 4765
1783601572683 0.361197292804718 4766
1783601572855 0.2090703397989273 4767
1783601573270 0.30536943674087524 4768
1783601573430 0.1368333101272583 4769
1783601573602 0.12730100750923157 4770
1783601573731 0.304532915353775 4771
1783601573886 0.5012068152427673 4772
1783601574028 0.3929286003112793 4773
1783601574184 0.09568376839160919 4774
1783601574333 0.21425600349903107 4775
1783601574486 0.4937969744205475 4776
1783601574620 0.23755675554275513 4777
1783601574781 0.3811644911766052 4778
1783601574921 0.203714981675148 4779
1783601575086 0.08014804869890213 4780
1783601575237 0.7642552852630615 4781
1783601575409 0.2767125368118286 4782
1783601575810 0.27280542254447937 4783
1783601575955 0.3646629750728607 4784
1783601576112 0.4659786522388458 4785
1783601576284 0.31463003158569336 4786
1783601576438 0.2336776852607727 4787
1783601576646 0.4249364137649536 4788
1783601576797 0.2245469093322754 4789
1783601577052 0.22513243556022644 4790
1783601577205 0.17751164734363556 4791
1783601577371 0.3295701742172241 4792
1783601577518 0.12208770960569382 4793
1783601577688 0.1336059272289276 4794
1783601577859 0.6605868339538574 4795
1783601578009 0.12975247204303741 4796
1783601578138 0.3427061140537262 4797
1783601578293 0.1514810174703598 4798
1783601578398 0.5754128098487854 4799
1783601578554 0.2241581827402115 4800
1783601578722 0.467057466506958 4801
1783601578903 0.21169978380203247 4802
1783601579040 0.342521995306015 4803
1783601579193 0.1232546791434288 4804
1783601579493 0.3099640905857086 4805
1783601579642 0.37267470359802246 4806
1783601579801 0.12768879532814026 4807
1783601579951 0.17559278011322021 4808
1783601580113 0.19187568128108978 4809
1783601580260 0.7035458087921143 4810
1783601580423 0.4440777599811554 4811
1783601580574 0.3766576945781708 4812
1783601580755 0.5814106464385986 4813
1783601580953 0.16833770275115967 4814
1783601581129 0.3860645294189453 4815
1783601581296 0.41383546590805054 4816
1783601581438 0.436836302280426 4817
1783601581610 0.20627839863300323 4818
1783601581791 0.17832498252391815 4819
1783601581953 0.31042882800102234 4820
1783601582166 0.32425880432128906 4821
1783601582352 0.3782781660556793 4822
1783601582502 0.2405693531036377 4823
1783601582657 0.40745216608047485 4824
1783601582814 0.328337162733078 4825
1783601582963 0.4040547311306 4826
1783601583134 0.22539739310741425 4827
1783601583469 0.4619734585285187 4828
1783601583595 0.24379698932170868 4829
1783601583770 0.2818869352340698 4830
1783601583920 0.09108167886734009 4831
1783601584056 0.190171480178833 4832
1783601584193 0.387724906206131 4833
1783601584352 0.1742255687713623 4834
1783601584490 0.16965192556381226 4835
1783601584637 0.14079363644123077 4836
1783601584794 0.5941449403762817 4837
1783601584953 0.3083767890930176 4838
1783601585102 0.16159529983997345 4839
1783601585265 0.19968737661838531 4840
1783601585435 0.322687566280365 4841
1783601585582 1.1979587078094482 4842
1783601585724 0.26438412070274353 4843
1783601586029 0.12402917444705963 4844
1783601586175 0.20603859424591064 4845
1783601586341 0.5015391707420349 4846
1783601586508 0.14000116288661957 4847
1783601586669 0.38673460483551025 4848
1783601586820 0.6512598991394043 4849
1783601586988 0.2610318660736084 4850
1783601587255 0.2869774401187897 4851
1783601587397 0.19233396649360657 4852
1783601587546 0.19640186429023743 4853
1783601587673 0.18424735963344574 4854
1783601587827 0.4582764208316803 4855
1783601587975 0.5054110288619995 4856
1783601588153 0.1357296258211136 4857
1783601588323 0.28732776641845703 4858
1783601588538 0.3978493809700012 4859
1783601588662 0.2691015601158142 4860
1783601588832 0.4576483964920044 4861
1783601588992 0.144693523645401 4862
1783601589153 0.5806034207344055 4863
1783601589311 0.3391144275665283 4864
1783601589469 0.13404639065265656 4865
1783601589676 0.13625353574752808 4866
1783601589879 0.23124831914901733 4867
1783601590006 0.23535317182540894 4868
1783601590158 0.2622659206390381 4869
1783601590336 0.2673336863517761 4870
1783601590521 0.2082349956035614 4871
1783601590683 0.3086473345756531 4872
1783601590878 0.6110762357711792 4873
1783601591111 0.36017143726348877 4874
1783601591255 0.3444182872772217 4875
1783601591402 0.10231572389602661 4876
1783601591555 0.4024644196033478 4877
1783601591755 0.3056849539279938 4878
1783601591923 0.2302296757698059 4879
1783601592098 0.30956512689590454 4880
1783601592264 0.15423046052455902 4881
1783601592482 0.2860065698623657 4882
1783601592679 0.10097464919090271 4883
1783601592829 0.2148834466934204 4884
1783601593009 0.14899730682373047 4885
1783601593174 0.19716475903987885 4886
1783601593329 0.41098305583000183 4887
1783601593680 0.2111731916666031 4888
1783601593837 0.4413657784461975 4889
1783601594003 0.15006576478481293 4890
1783601594120 0.42591363191604614 4891
1783601594253 0.5791788101196289 4892
1783601594370 0.3176192045211792 4893
1783601594558 0.6120573282241821 4894
1783601594709 0.3087705373764038 4895
1783601594851 0.20633189380168915 4896
1783601595092 0.5364883542060852 4897
1783601595255 0.04163600504398346 4898
1783601595389 0.1290666162967682 4899
1783601595511 0.4200696349143982 4900
1783601595686 0.5424400568008423 4901
1783601595869 0.12154132127761841 4902
1783601596029 0.29734137654304504 4903
1783601596219 0.8363284468650818 4904
1783601596373 0.1979970932006836 4905
1783601596536 0.26033008098602295 4906
1783601596682 0.16162686049938202 4907
1783601596840 0.3520483374595642 4908
1783601596977 0.11245137453079224 4909
1783601597189 0.2763006091117859 4910
1783601597332 0.40401628613471985 4911
1783601597511 0.15066823363304138 4912
1783601597651 0.17010794579982758 4913
1783601597829 0.47916480898857117 4914
1783601597994 0.27065980434417725 4915
1783601598152 0.5398969054222107 4916
1783601598304 0.20388002693653107 4917
1783601598453 0.22618673741817474 4918
1783601598683 0.33713486790657043 4919
1783601598875 0.22725215554237366 4920
1783601599026 0.2684693932533264 4921
1783601599192 0.13415032625198364 4922
1783601599373 0.4349168837070465 4923
1783601599525 0.09699901938438416 4924
1783601599677 0.21226070821285248 4925
1783601599801 0.15670552849769592 4926
1783601599982 0.38903573155403137 4927
1783601600183 0.3687651455402374 4928
1783601600351 0.39814817905426025 4929
1783601600516 0.52398681640625 4930
1783601600678 0.413103848695755 4931
1783601600825 0.18299855291843414 4932
1783601600978 0.39316877722740173 4933
1783601601153 0.28441399335861206 4934
1783601601333 0.3780393600463867 4935
1783601601460 0.5770730972290039 4936
1783601601620 0.13430696725845337 4937
1783601601767 0.22568176686763763 4938
1783601601921 0.4255472719669342 4939
1783601602119 0.23512674868106842 4940
1783601602288 0.1350506991147995 4941
1783601602640 0.3786293864250183 4942
1783601602781 0.35699567198753357 4943
1783601602929 0.6746447086334229 4944
1783601603066 0.6196960806846619 4945
1783601603232 0.27999579906463623 4946
1783601603382 0.2823673188686371 4947
1783601603531 0.12222164124250412 4948
1783601603677 0.44630151987075806 4949
1783601603834 0.24185892939567566 4950
1783601604023 0.2682495415210724 4951
1783601604117 0.3720818758010864 4952
1783601604281 0.16448025405406952 4953
1783601604454 0.2614351809024811 4954
1783601604602 0.3499625325202942 4955
1783601604768 0.33722150325775146 4956
1783601604901 0.1749165952205658 4957
1783601605059 0.2244713306427002 4958
1783601605199 0.1889655888080597 4959
1783601605369 0.32052984833717346 4960
1783601605535 0.10634228587150574 4961
1783601605702 0.1156148836016655 4962
1783601605833 0.13009876012802124 4963
1783601605979 0.30684638023376465 4964
1783601606139 0.501354455947876 4965
1783601606434 0.21401073038578033 4966
1783601606564 0.06668110936880112 4967
1783601606735 0.32082679867744446 4968
1783601606901 0.2588316798210144 4969
1783601607028 0.21988070011138916 4970
1783601607184 0.3382887542247772 4971
1783601607351 0.1274910420179367 4972
1783601607773 0.29940247535705566 4973
1783601607926 0.05162380635738373 4974
1783601608100 0.31583335995674133 4975
1783601608250 0.4006728529930115 4976
1783601608372 0.2524355947971344 4977
1783601608511 0.07790428400039673 4978
1783601608693 0.22433820366859436 4979
1783601608895 0.6052335500717163 4980
1783601609084 0.36160364747047424 4981
1783601609232 0.3612368702888489 4982
1783601609407 0.5248247981071472 4983
1783601609554 0.2974362373352051 4984
1783601609704 0.2235669642686844 4985
1783601609881 0.12072446942329407 4986
1783601610039 0.5956882238388062 4987
1783601610255 0.2574746310710907 4988
1783601610446 0.259541392326355 4989
1783601610594 0.294354110956192 4990
1783601610760 0.16162751615047455 4991
1783601610922 0.4214402437210083 4992
1783601611092 0.4195826053619385 4993
1783601611233 0.17139729857444763 4994
1783601611428 0.537144124507904 4995
1783601611574 0.11351712048053741 4996
1783601611687 0.22175371646881104 4997
1783601611910 0.3135056793689728 4998
1783601612086 0.15089288353919983 4999
1783601612258 0.19488947093486786 5000
1783601612430 0.9170721173286438 5001
1783601612653 0.45223456621170044 5002
1783601612852 0.21392285823822021 5003
1783601613007 0.4946368336677551 5004
1783601613151 0.3280160129070282 5005
1783601613295 0.3733493685722351 5006
1783601613454 0.2850392758846283 5007
1783601613612 0.27021151781082153 5008
1783601613754 0.5637906789779663 5009
1783601613910 0.7851418852806091 5010
1783601614074 0.1724943071603775 5011
1783601614193 0.55717933177948 5012
1783601614357 0.10335925966501236 5013
1783601614519 0.5530174970626831 5014
1783601614661 0.8494836688041687 5015
1783601614818 0.3078758120536804 5016
1783601614960 0.21003547310829163 5017
1783601615140 0.44743943214416504 5018
1783601615291 0.08258964121341705 5019
1783601615446 0.1242334321141243 5020
1783601615622 0.16782599687576294 5021
1783601615752 0.12802550196647644 5022
1783601615915 0.6667251586914062 5023
1783601616052 0.5920488238334656 5024
1783601616191 0.24576041102409363 5025
1783601616332 0.5602961778640747 5026
1783601616501 0.28164994716644287 5027
1783601616682 0.09242627024650574 5028
1783601616842 0.2911062240600586 5029
1783601616985 0.409421443939209 5030
1783601617111 0.08460428565740585 5031
1783601617282 0.35864144563674927 5032
1783601617457 0.20503756403923035 5033
1783601617599 0.4549708962440491 5034
1783601617742 0.2785045802593231 5035
1783601618036 0.29543235898017883 5036
1783601618186 0.46152442693710327 5037
1783601618341 0.17372509837150574 5038
1783601618498 0.21160544455051422 5039
1783601618656 0.3981611430644989 5040
1783601618801 0.40880128741264343 5041
1783601618966 0.6373484134674072 5042
1783601619117 0.4028376638889313 5043
1783601619253 0.19908510148525238 5044
1783601619389 0.2602061331272125 5045
1783601619555 0.4455941319465637 5046
1783601619720 0.2614445984363556 5047
1783601619874 0.3146215081214905 5048
1783601620053 0.2013932317495346 5049
1783601620226 0.3634791970252991 5050
1783601620417 0.26734665036201477 5051
1783601620560 0.32394346594810486 5052
1783601620720 0.3561609387397766 5053
1783601620875 0.237755686044693 5054
1783601621018 0.1397807002067566 5055
1783601621194 0.16302379965782166 5056
1783601621356 0.5006957054138184 5057
1783601621468 0.09244785457849503 5058
1783601621642 0.2691046893596649 5059
1783601621852 0.38323214650154114 5060
1783601621981 0.4801291525363922 5061
1783601622149 0.3078053593635559 5062
1783601622320 0.07049974799156189 5063
1783601622452 0.3381730020046234 5064
1783601622580 0.5739598870277405 5065
1783601622735 0.19575625658035278 5066
1783601623132 0.4556449055671692 5067
1783601623284 0.22719597816467285 5068
1783601623436 0.31464797258377075 5069
1783601623583 0.1995508372783661 5070
1783601623749 0.4111872613430023 5071
1783601623902 0.6804889440536499 5072
1783601624055 0.5057073831558228 5073
1783601624223 0.5157939791679382 5074
1783601624439 0.5040304064750671 5075
1783601624600 0.13031180202960968 5076
1783601624735 0.9066839814186096 5077
1783601624855 0.8934264183044434 5078
1783601625025 0.3159228265285492 5079
1783601625185 0.25421786308288574 5080
1783601625362 0.2004949003458023 5081
1783601625546 1.133752465248108 5082
1783601625751 0.20270317792892456 5083
1783601625871 0.21178077161312103 5084
1783601626026 0.34214329719543457 5085
1783601626205 0.15107153356075287 5086
1783601626389 0.2557833194732666 5087
1783601626533 0.3380797207355499 5088
1783601626758 0.2497214376926422 5089
1783601626900 0.2963164746761322 5090
1783601627055 0.28901320695877075 5091
1783601627199 0.22057901322841644 5092
1783601627356 0.4470486640930176 5093
1783601627515 0.6098920702934265 5094
1783601627661 0.2851886749267578 5095
1783601627814 0.2457270324230194 5096
1783601627972 0.3750964105129242 5097
1783601628214 0.2854200303554535 5098
1783601628319 0.1489114612340927 5099
1783601628477 0.08396115899085999 5100
1783601628624 0.11726157367229462 5101
1783601628736 0.2175409495830536 5102
1783601628877 0.3057083487510681 5103
1783601629027 0.15235720574855804 5104
1783601629162 0.15358197689056396 5105
1783601629446 0.23582716286182404 5106
1783601629595 0.43429604172706604 5107
1783601629761 0.13836464285850525 5108
1783601629918 0.4273848533630371 5109
1783601630024 0.08838401734828949 5110
1783601630128 0.3334481120109558 5111
1783601630290 0.44246193766593933 5112
1783601630464 0.25729599595069885 5113
1783601630655 0.5077865123748779 5114
1783601630795 0.12735190987586975 5115
1783601630964 0.09932171553373337 5116
1783601631092 1.1853489875793457 5117
1783601631202 0.49630501866340637 5118
1783601631370 0.3717893660068512 5119
1783601631514 0.1231251135468483 5120
1783601631652 0.07581362873315811 5121
1783601631831 0.12778297066688538 5122
1783601632061 0.22193625569343567 5123
1783601632187 0.41800495982170105 5124
1783601632321 0.47622188925743103 5125
1783601632461 0.4351864755153656 5126
1783601632624 0.26581257581710815 5127
1783601632778 0.047660596668720245 5128
1783601632923 0.09691817313432693 5129
1783601633079 0.5931766629219055 5130
1783601633272 0.4157857894897461 5131
1783601633420 0.17664547264575958 5132
1783601633596 0.504131019115448 5133
1783601633730 0.33874839544296265 5134
1783601633890 0.39144474267959595 5135
1783601634054 0.3395179212093353 5136
1783601634166 0.12489478290081024 5137
1783601634329 0.5182002782821655 5138
1783601634446 0.33141523599624634 5139
1783601634562 0.5931608080863953 5140
1783601634717 0.37633973360061646 5141
1783601634865 0.5345112085342407 5142
1783601635031 0.36729592084884644 5143
1783601635190 0.3071635365486145 5144
1783601635329 0.0988788902759552 5145
1783601635471 0.3493579626083374 5146
1783601635828 0.40934374928474426 5147
1783601635984 0.14452393352985382 5148
1783601636155 0.3955813944339752 5149
1783601636323 0.41612446308135986 5150
1783601636460 0.3654075860977173 5151
1783601636591 0.2313545048236847 5152
1783601636754 0.1684645563364029 5153
1783601637048 0.20644986629486084 5154
1783601637180 0.6262559294700623 5155
1783601637326 0.39342671632766724 5156
1783601637494 0.22993814945220947 5157
1783601637636 0.6803082823753357 5158
1783601637786 0.2747299075126648 5159
1783601637933 0.19424466788768768 5160
1783601638223 0.3488415479660034 5161
1783601638335 0.3986346125602722 5162
1783601638496 0.3171956539154053 5163
1783601638655 0.26337751746177673 5164
1783601638804 0.06737209856510162 5165
1783601638958 0.4156308174133301 5166
1783601639116 0.22035455703735352 5167
1783601639279 0.11299167573451996 5168
1783601639444 0.5088504552841187 5169
1783601639645 0.764522910118103 5170
1783601639793 0.3503166437149048 5171
1783601639939 0.39378809928894043 5172
1783601640118 0.1755923330783844 5173
1783601640274 0.4117617905139923 5174
1783601640426 0.08194784820079803 5175
1783601640571 0.2572404444217682 5176
1783601640754 0.10865110903978348 5177
1783601640888 0.21760763227939606 5178
1783601641061 0.18225346505641937 5179
1783601641215 0.06831943243741989 5180
1783601641376 0.2697583734989166 5181
1783601641534 0.1747329980134964 5182
1783601641675 0.4774394929409027 5183
1783601641854 0.5476386547088623 5184
1783601642060 0.3185744881629944 5185
1783601642196 0.27904871106147766 5186
1783601642352 0.2293016016483307 5187
1783601642515 0.25950607657432556 5188
1783601642673 0.4319722652435303 5189
1783601642834 0.5731469392776489 5190
1783601642963 0.10974100232124329 5191
1783601643087 0.27922677993774414 5192
1783601643381 0.528649628162384 5193
1783601643538 0.13026423752307892 5194
1783601643711 0.22447006404399872 5195
1783601643873 0.18969710171222687 5196
1783601644052 0.35446181893348694 5197
1783601644171 0.4176003336906433 5198
1783601644340 0.14850933849811554 5199
1783601644631 0.4495289623737335 5200
1783601644784 0.26038461923599243 5201
1783601644963 0.38653233647346497 5202
1783601645098 0.31471776962280273 5203
1783601645222 0.6608616709709167 5204
1783601645396 0.14563648402690887 5205
1783601645523 0.17083868384361267 5206
1783601645682 0.2066025733947754 5207
1783601645949 0.31623712182044983 5208
1783601646096 0.40873441100120544 5209
1783601646246 0.1620638519525528 5210
1783601646386 0.28790563344955444 5211
1783601646536 0.45251262187957764 5212
1783601646698 0.26060032844543457 5213
1783601646851 0.7603508234024048 5214
1783601646992 0.3686520755290985 5215
1783601647268 0.2084701657295227 5216
1783601647421 0.1297897845506668 5217
1783601647584 0.47515442967414856 5218
1783601647734 0.321992963552475 5219
1783601647887 0.08582808077335358 5220
1783601648029 0.3301936089992523 5221
1783601648184 0.28479906916618347 5222
1783601648323 0.4091854691505432 5223
1783601648435 0.6351464986801147 5224
1783601648581 0.31531715393066406 5225
1783601648730 0.34690555930137634 5226
1783601648855 0.34188565611839294 5227
1783601649007 0.2638876736164093 5228
1783601649156 0.13452288508415222 5229
1783601649309 0.12085466086864471 5230
1783601649461 0.32292893528938293 5231
1783601649682 0.14046312868595123 5232
1783601649826 0.5705245733261108 5233
1783601649996 0.3585248589515686 5234
1783601650141 0.253659725189209 5235
1783601650306 0.26924824714660645 5236
1783601650463 0.0920630544424057 5237
1783601650615 0.5250005722045898 5238
1783601650813 0.6987952589988708 5239
1783601651019 0.4502810835838318 5240
1783601651165 0.1484888195991516 5241
1783601651334 0.26197969913482666 5242
1783601651490 0.20235863327980042 5243
1783601651627 0.40695562958717346 5244
1783601651790 0.34116673469543457 5245
1783601651951 0.5478585958480835 5246
1783601652115 0.08296580612659454 5247
1783601652278 0.307076632976532 5248
1783601652425 0.3550620675086975 5249
1783601652569 0.2776947617530823 5250
1783601652713 0.22988314926624298 5251
1783601652846 0.6407239437103271 5252
1783601653016 0.1192912682890892 5253
1783601653174 0.15620596706867218 5254
1783601653335 0.44188687205314636 5255
1783601653595 0.12715695798397064 5256
1783601653738 0.3441307246685028 5257
1783601653899 0.2494286745786667 5258
1783601654059 0.11635342985391617 5259
1783601654149 0.39795413613319397 5260
1783601654267 0.35460448265075684 5261
1783601654401 0.3448369801044464 5262
1783601654566 0.22565850615501404 5263
1783601654699 0.13153468072414398 5264
1783601654919 0.1850532442331314 5265
1783601655043 0.24659523367881775 5266
1783601655219 0.347312867641449 5267
1783601655375 0.24506105482578278 5268
1783601655555 0.39878731966018677 5269
1783601655698 1.1802327632904053 5270
1783601655844 0.2053951770067215 5271
1783601656057 0.48412057757377625 5272
1783601656198 0.34878599643707275 5273
1783601656369 0.04804598540067673 5274
1783601656536 0.12034831941127777 5275
1783601656711 0.145928293466568 5276
1783601656849 0.43915069103240967 5277
1783601657024 0.2694494128227234 5278
1783601657158 0.3321410119533539 5279
1783601657390 0.046267855912446976 5280
1783601657508 0.3175494968891144 5281
1783601657667 0.06229689344763756 5282
1783601657824 0.17543300986289978 5283
1783601657989 0.19941900670528412 5284
1783601658106 0.6936304569244385 5285
1783601658214 0.31544628739356995 5286
1783601658346 0.18060092628002167 5287
1783601658522 0.1441263109445572 5288
1783601658678 0.5562508702278137 5289
1783601658846 0.343528687953949 5290
1783601659016 0.21414467692375183 5291
1783601659174 0.3120097517967224 5292
1783601659307 0.15153063833713531 5293
1783601659475 0.31395870447158813 5294
1783601659625 0.648939311504364 5295
1783601659878 0.08936504274606705 5296
1783601660042 0.14633484184741974 5297
1783601660193 0.6670941114425659 5298
1783601660315 0.511307418346405 5299
1783601660449 0.247532919049263 5300
1783601660577 0.21747101843357086 5301
1783601660725 0.401043176651001 5302
1783601660879 0.33090436458587646 5303
1783601661150 0.3496076762676239 5304
1783601661306 0.41340214014053345 5305
1783601661452 0.37217289209365845 5306
1783601661615 0.17355653643608093 5307
1783601661788 0.08523336052894592 5308
1783601661922 0.11020288616418839 5309
1783601662053 0.29090797901153564 5310
1783601662196 0.3678542971611023 5311
1783601662341 0.23698920011520386 5312
1783601662469 0.6323103308677673 5313
1783601662625 0.2160000205039978 5314
1783601662771 1.339184045791626 5315
1783601662922 0.2874724864959717 5316
1783601663082 0.2780255377292633 5317
1783601663215 0.23741135001182556 5318
1783601663362 0.16127009689807892 5319
1783601663618 0.06700447201728821 5320
1783601663766 0.12942028045654297 5321
1783601663926 0.300233393907547 5322
1783601664073 0.32642555236816406 5323
1783601664185 0.32667386531829834 5324
1783601664337 0.1376921385526657 5325
1783601664497 0.11747825890779495 5326
1783601664621 0.6256031394004822 5327
1783601664784 0.09429676830768585 5328
1783601664938 0.8364788293838501 5329
1783601665096 0.3963928818702698 5330
1783601665241 0.7149763107299805 5331
1783601665383 0.10758862644433975 5332
1783601665552 0.47550320625305176 5333
1783601665690 0.7065824270248413 5334
1783601665830 0.21299776434898376 5335
1783601666094 0.1688009351491928 5336
1783601666245 0.1188109815120697 5337
1783601666404 0.2582167088985443 5338
1783601666522 0.6476609706878662 5339
1783601666674 0.35048505663871765 5340
1783601666807 0.41438135504722595 5341
1783601666942 0.38464459776878357 5342
1783601667109 0.3329390287399292 5343
1783601667281 0.3506392538547516 5344
1783601667447 0.6894899010658264 5345
1783601667606 0.12368988990783691 5346
1783601667767 0.4692811667919159 5347
1783601667919 0.2891007661819458 5348
1783601668055 0.43005144596099854 5349
1783601668211 0.1278006136417389 5350
1783601668350 0.36473771929740906 5351
1783601668474 0.49770602583885193 5352
1783601668640 0.7043718695640564 5353
1783601668800 0.5065915584564209 5354
1783601668949 0.18878473341464996 5355
1783601669088 0.29869186878204346 5356
1783601669243 0.32322004437446594 5357
1783601669415 0.08753857761621475 5358
1783601669579 0.2931378483772278 5359
1783601669736 0.4220215678215027 5360
1783601669979 0.13459083437919617 5361
1783601670119 0.6671963334083557 5362
1783601670272 0.41820386052131653 5363
1783601670421 0.12470252811908722 5364
1783601670577 0.43049389123916626 5365
1783601670726 0.37108147144317627 5366
1783601670884 0.377779096364975 5367
1783601671042 0.15869081020355225 5368
1783601671243 0.23072518408298492 5369
1783601671391 0.15368136763572693 5370
1783601671531 0.1180540919303894 5371
1783601671687 0.5524575710296631 5372
1783601671841 0.19327472150325775 5373
1783601671991 0.7220598459243774 5374
1783601672156 0.24683596193790436 5375
1783601672278 0.7932403087615967 5376
1783601672570 0.37246018648147583 5377
1783601672709 0.15981751680374146 5378
1783601672875 0.1034497618675232 5379
1783601673036 0.06513181328773499 5380
1783601673213 0.15817855298519135 5381
1783601673367 0.36814096570014954 5382
1783601673546 0.2706645429134369 5383
1783601673731 0.3810444176197052 5384
1783601673887 0.7177469730377197 5385
1783601674080 0.3850879669189453 5386
1783601674197 0.19151151180267334 5387
1783601674344 0.221112921833992 5388
1783601674479 0.21427085995674133 5389
1783601674629 0.32750052213668823 5390
1783601674776 0.24806919693946838 5391
1783601674931 0.6660082340240479 5392
1783601675122 0.223054900765419 5393
1783601675245 0.0891733318567276 5394
1783601675339 0.22352908551692963 5395
1783601675429 0.24390245974063873 5396
1783601675541 0.41961371898651123 5397
1783601675665 0.11479164659976959 5398
1783601675804 0.9926659464836121 5399
1783601675972 0.24579526484012604 5400
1783601676155 0.16810205578804016 5401
1783601676359 0.4605138301849365 5402
1783601676502 0.28957968950271606 5403
1783601676623 0.2798939049243927 5404
1783601676772 0.17645512521266937 5405
1783601677052 0.4178437292575836 5406
1783601677171 0.3438097834587097 5407
1783601677315 0.30395472049713135 5408
1783601677508 0.25684475898742676 5409
1783601677638 0.2456914782524109 5410
1783601677793 0.5100541710853577 5411
1783601677919 0.5260658860206604 5412
1783601678129 0.5961954593658447 5413
1783601678280 0.3380531072616577 5414
1783601678391 0.3766186833381653 5415
1783601678524 0.7907705307006836 5416
1783601678660 0.0869479849934578 5417
1783601678798 0.3897886276245117 5418
1783601678966 0.30990445613861084 5419
1783601679206 0.2144039273262024 5420
1783601679470 0.1152215301990509 5421
1783601679664 0.10732265561819077 5422
1783601679803 0.12235111743211746 5423
1783601679950 0.21095505356788635 5424
1783601680144 0.2384253740310669 5425
1783601680300 0.3583030700683594 5426
1783601680476 0.4691210985183716 5427
1783601680610 0.9011545181274414 5428
1783601680742 0.3389379680156708 5429
1783601680852 0.17282171547412872 5430
1783601680973 0.22297655045986176 5431
1783601681159 0.15823842585086823 5432
1783601681375 0.23159055411815643 5433
1783601681514 0.20531614124774933 5434
1783601681626 0.21228179335594177 5435
1783601681739 0.3268318772315979 5436
1783601681873 0.40908083319664 5437
1783601681998 0.2982325553894043 5438
1783601682195 0.15583691000938416 5439
1783601682445 0.5597314834594727 5440
1783601682602 0.17861218750476837 5441
1783601682756 0.09120040386915207 5442
1783601682974 0.2344856709241867 5443
1783601683146 0.11000192910432816 5444
1783601683300 0.23569722473621368 5445
1783601683475 0.4566313326358795 5446
1783601683641 0.19107230007648468 5447
1783601683799 0.10864458233118057 5448
1783601684006 0.09426599740982056 5449
1783601684122 0.2754962146282196 5450
1783601684328 0.2902252972126007 5451
1783601684528 0.3763083517551422 5452
1783601684687 0.47408488392829895 5453
1783601684885 0.3502643406391144 5454
1783601685093 0.13722452521324158 5455
1783601685223 0.22032535076141357 5456
1783601685371 0.1969628483057022 5457
1783601685493 0.23416493833065033 5458
1783601685636 0.24292771518230438 5459
1783601685795 0.25222617387771606 5460
1783601685956 0.18587666749954224 5461
1783601686164 0.3729013204574585 5462
1783601686319 0.137574702501297 5463
1783601686495 0.18476887047290802 5464
1783601686652 0.201329305768013 5465
1783601686809 0.46421802043914795 5466
1783601686945 0.35942205786705017 5467
1783601687096 0.29010453820228577 5468
1783601687245 0.25404486060142517 5469
1783601687348 0.24168193340301514 5470
1783601687503 0.6631544828414917 5471
1783601687732 0.2757652699947357 5472
1783601687882 0.17006932199001312 5473
1783601688059 0.060340844094753265 5474
1783601688208 0.4111533761024475 5475
1783601688332 0.18439561128616333 5476
1783601688472 0.06514482200145721 5477
1783601688593 0.20066997408866882 5478
1783601688770 0.035838108509778976 5479
1783601688990 0.3568726181983948 5480
1783601689194 0.4754929542541504 5481
1783601689321 0.09782402962446213 5482
1783601689452 0.1397579461336136 5483
1783601689622 0.27783286571502686 5484
1783601689782 0.27516114711761475 5485
1783601689926 0.20423325896263123 5486
1783601690087 0.2757442593574524 5487
1783601690275 0.423240602016449 5488
1783601690414 0.14580409228801727 5489
1783601690543 0.17532671988010406 5490
1783601690697 0.23256783187389374 5491
1783601690860 0.3453035354614258 5492
1783601691020 0.2450670748949051 5493
1783601691147 0.07882215827703476 5494
1783601691304 0.3207474946975708 5495
1783601691499 0.22735455632209778 5496
1783601691627 0.21473956108093262 5497
1783601691776 0.25844740867614746 5498
1783601692007 0.09307267516851425 5499
1783601692158 0.18056519329547882 5500
1783601692307 0.6689618825912476 5501
1783601692477 0.17436817288398743 5502
1783601692676 0.20427937805652618 5503
1783601692793 0.39727044105529785 5504
1783601692937 0.2517593204975128 5505
1783601693092 0.058847036212682724 5506
1783601693261 0.8129448294639587 5507
1783601693406 0.16761840879917145 5508
1783601693571 0.11908469349145889 5509
1783601693729 0.21211756765842438 5510
1783601693981 0.5823835134506226 5511
1783601694120 0.24545258283615112 5512
1783601694274 0.14768117666244507 5513
1783601694403 0.5855937004089355 5514
1783601694542 0.5066817998886108 5515
1783601694709 0.2827456295490265 5516
1783601694859 0.6879890561103821 5517
1783601695025 0.09922467172145844 5518
1783601695209 0.19190339744091034 5519
1783601695398 0.32861563563346863 5520
1783601695530 0.263764888048172 5521
1783601695674 0.6685537099838257 5522
1783601695830 0.1928698718547821 5523
1783601695971 0.25018614530563354 5524
1783601696128 0.38857007026672363 5525
1783601696288 0.2647547721862793 5526
1783601696497 0.17915524542331696 5527
1783601696636 0.10912643373012543 5528
1783601696800 0.2891373038291931 5529
1783601696973 0.2320379912853241 5530
1783601697116 0.23513057827949524 5531
1783601697253 0.45355433225631714 5532
1783601697422 0.5121358036994934 5533
1783601697576 0.20801971852779388 5534
1783601697782 0.5234706997871399 5535
1783601697941 0.4438786506652832 5536
1783601698105 0.19145485758781433 5537
1783601698259 0.1377771943807602 5538
1783601698395 0.48415637016296387 5539
1783601698541 0.06481822580099106 5540
1783601698690 0.1543688178062439 5541
1783601698828 0.12183225154876709 5542
1783601699018 0.37547844648361206 5543
1783601699150 0.4542787969112396 5544
1783601699268 0.35264280438423157 5545
1783601699433 0.4544888138771057 5546
1783601699589 0.24880702793598175 5547
1783601699808 0.7037802338600159 5548
1783601699955 0.5070574283599854 5549
1783601700105 0.4337243139743805 5550
1783601700276 0.3822627067565918 5551
1783601700406 0.6693066954612732 5552
1783601700538 0.34513309597969055 5553
1783601700690 0.4584633708000183 5554
1783601700841 0.22419023513793945 5555
1783601700995 0.2963063418865204 5556
1783601701152 0.22926004230976105 5557
1783601701337 0.08665287494659424 5558
1783601701481 0.08439818024635315 5559
1783601701641 0.23069189488887787 5560
1783601701739 0.24727898836135864 5561
1783601701922 0.20035284757614136 5562
1783601702054 0.14262065291404724 5563
1783601702204 0.3886530101299286 5564
1783601702347 0.1320037841796875 5565
1783601702468 0.35144948959350586 5566
1783601702638 0.14802731573581696 5567
1783601702868 0.31152859330177307 5568
1783601703032 0.3898989260196686 5569
1783601703221 0.5066093802452087 5570
1783601703374 0.46892672777175903 5571
1783601703540 0.45369482040405273 5572
1783601703692 0.20342187583446503 5573
1783601703869 0.29240673780441284 5574
1783601704111 0.3754241168498993 5575
1783601704211 0.22069723904132843 5576
1783601704337 0.39678865671157837 5577
1783601704518 0.37839365005493164 5578
1783601704684 0.45982542634010315 5579
1783601704943 0.11197210103273392 5580
1783601705154 0.4473682641983032 5581
1783601705321 0.3828487694263458 5582
1783601705512 0.35582903027534485 5583
1783601705665 0.16604891419410706 5584
1783601705819 0.13662706315517426 5585
1783601705973 0.14649605751037598 5586
1783601706129 0.19591161608695984 5587
1783601706284 0.22447654604911804 5588
1783601706445 0.1592334508895874 5589
1783601706689 0.09195039421319962 5590
1783601706788 0.1534833312034607 5591
1783601706900 0.19138503074645996 5592
1783601707042 0.12288764119148254 5593
1783601707201 0.4660519063472748 5594
1783601707373 0.43820300698280334 5595
1783601707540 0.7338424324989319 5596
1783601707772 0.1747087687253952 5597
1783601707888 0.18094812333583832 5598
1783601708049 0.11856426298618317 5599
1783601708217 0.4098398685455322 5600
1783601708331 0.28908011317253113 5601
1783601708465 0.5622490048408508 5602
1783601708617 0.31968024373054504 5603
1783601708793 0.4895942211151123 5604
1783601708941 0.2850242853164673 5605
1783601709206 0.4150666892528534 5606
1783601709355 0.11656003445386887 5607
1783601709562 0.31044381856918335 5608
1783601709746 0.1534789651632309 5609
1783601709910 0.08366710692644119 5610
1783601710041 0.19158054888248444 5611
1783601710184 0.08391141891479492 5612
1783601710416 0.5632668733596802 5613
1783601710598 0.22591623663902283 5614
1783601710757 0.0777134820818901 5615
1783601710923 0.630730390548706 5616
1783601711170 0.1335233896970749 5617
1783601711301 0.7852877974510193 5618
1783601711426 0.2084951549768448 5619
1783601711631 0.7070926427841187 5620
1783601711791 0.20168112218379974 5621
1783601711955 0.18311937153339386 5622
1783601712100 0.20133528113365173 5623
1783601712219 0.2962073087692261 5624
