1783601744885 19.392457962036133 0
1783601745075 16.756107330322266 1
1783601745462 17.132293701171875 2
1783601745622 17.432249069213867 3
1783601745756 18.327720642089844 4
1783601745902 12.229700088500977 5
1783601746044 12.851057052612305 6
1783601746228 11.84387493133545 7
1783601746394 12.218414306640625 8
1783601746566 13.953678131103516 9
1783601746789 9.063359260559082 10
1783601746919 9.76729965209961 11
1783601747061 10.361674308776855 12
1783601747231 9.598050117492676 13
1783601747397 10.098320007324219 14
1783601747542 9.003238677978516 15
1783601747703 7.429370403289795 16
1783601747973 8.669637680053711 17
1783601748118 7.32037878036499 18
1783601748272 5.819455146789551 19
1783601748393 7.854536533355713 20
1783601748547 6.290243148803711 21
1783601748684 5.906332969665527 22
1783601748834 7.220922946929932 23
1783601748971 6.665314197540283 24
1783601749260 4.485368728637695 25
1783601749421 4.097596645355225 26
1783601749562 4.914830684661865 27
1783601749749 3.758837938308716 28
1783601749869 3.749706745147705 29
1783601750073 5.017889499664307 30
1783601750215 3.1155624389648438 31
1783601750387 3.4306280612945557 32
1783601750579 2.900444984436035 33
1783601750711 2.4348678588867188 34
1783601750884 3.350213050842285 35
1783601751030 3.0303955078125 36
1783601751158 2.5343096256256104 37
1783601751303 2.0405662059783936 38
1783601751456 2.0830330848693848 39
1783601751851 1.3826583623886108 40
1783601752000 2.1664326190948486 41
1783601752151 2.017723798751831 42
1783601752276 1.9010717868804932 43
1783601752416 1.5083799362182617 44
1783601752577 1.2733850479125977 45
1783601752733 1.3876872062683105 46
1783601752890 1.1256425380706787 47
1783601753138 1.1510828733444214 48
1783601753292 1.2741286754608154 49
1783601753444 1.4283220767974854 50
1783601753617 1.1344406604766846 51
1783601753754 1.2486001253128052 52
1783601753913 0.942490816116333 53
1783601754079 1.0219295024871826 54
1783601754216 1.2265605926513672 55
1783601754338 1.0728428363800049 56
1783601754487 1.2199625968933105 57
1783601754631 1.109074354171753 58
1783601754766 1.285449504852295 59
1783601754955 1.0887166261672974 60
1783601755120 1.1510554552078247 61
1783601755283 0.9490995407104492 62
1783601755545 0.9261017441749573 63
1783601755692 0.8755488395690918 64
1783601755853 1.14046049118042 65
1783601756019 0.9385801553726196 66
1783601756191 1.0303559303283691 67
1783601756346 0.9638527631759644 68
1783601756540 1.2203357219696045 69
1783601756680 0.8167633414268494 70
1783601756814 0.6918776035308838 71
1783601756937 0.6614639759063721 72
1783601757071 1.306484341621399 73
1783601757244 0.6327254176139832 74
1783601757364 0.7456461787223816 75
1783601757601 0.918231189250946 76
1783601757722 0.9386935830116272 77
1783601757825 0.8476869463920593 78
1783601757986 0.9054012894630432 79
1783601758185 1.0611436367034912 80
1783601758285 0.8819472789764404 81
1783601758385 0.975433349609375 82
1783601758535 1.0081740617752075 83
1783601758680 0.9468927383422852 84
1783601758798 0.9283249378204346 85
1783601758957 0.9866184592247009 86
1783601759154 0.9087096452713013 87
1783601759465 0.8531731963157654 88
1783601759624 0.8200061321258545 89
1783601759785 0.9028609395027161 90
1783601759926 0.6237844228744507 91
1783601760133 1.1344923973083496 92
1783601760285 0.6846373081207275 93
1783601760475 0.9580391049385071 94
1783601760703 0.5460302233695984 95
1783601760838 0.8534666299819946 96
1783601760956 0.7561858296394348 97
1783601761114 0.8922529816627502 98
1783601761251 0.6943269968032837 99
1783601761406 0.5950759649276733 100
1783601761558 0.5101959705352783 101
1783601761720 0.68857741355896 102
1783601761947 0.8120360970497131 103
1783601762071 0.8387824296951294 104
1783601762240 0.7463348507881165 105
1783601762399 0.5287802219390869 106
1783601762553 0.661198616027832 107
1783601762704 0.7086679339408875 108
1783601762832 0.5916857123374939 109
1783601763007 0.6158745884895325 110
1783601763229 0.942770779132843 111
1783601763406 0.9753377437591553 112
1783601763566 0.6519388556480408 113
1783601763714 0.9115126132965088 114
1783601763850 0.6839630007743835 115
1783601764018 0.7608263492584229 116
1783601764149 0.5002628564834595 117
1783601764243 0.585197925567627 118
1783601764604 0.6458603143692017 119
1783601764742 0.7341812252998352 120
1783601764886 0.6926387548446655 121
1783601765032 0.7691600918769836 122
1783601765201 0.641826331615448 123
1783601765357 0.5445760488510132 124
1783601765532 0.5805125832557678 125
1783601765884 0.8495457172393799 126
1783601766015 0.682483971118927 127
1783601766216 0.6239615082740784 128
1783601766336 0.7187024354934692 129
1783601766488 0.5357593894004822 130
1783601766630 0.8220697045326233 131
1783601766782 0.8629878163337708 132
1783601766929 0.6567619442939758 133
1783601767157 0.7017541527748108 134
1783601767298 0.5045090317726135 135
1783601767424 0.9110103845596313 136
1783601767552 0.6672306060791016 137
1783601767684 0.9510096311569214 138
1783601767835 0.5176209211349487 139
1783601767965 0.5763844847679138 140
1783601768179 0.48647791147232056 141
1783601768378 0.6491709351539612 142
1783601768482 0.6798372268676758 143
1783601768630 0.760345995426178 144
1783601768801 0.42197659611701965 145
1783601768967 0.6702683568000793 146
1783601769150 0.6312215924263 147
1783601769314 0.888114333152771 148
1783601769504 0.45012232661247253 149
1783601769733 0.48675212264060974 150
1783601769890 0.9879534840583801 151
1783601770032 0.6383848786354065 152
1783601770186 0.5800776481628418 153
1783601770366 0.48833590745925903 154
1783601770516 0.8308083415031433 155
1783601770619 0.4765174388885498 156
1783601770732 0.568386435508728 157
1783601770953 0.5326576232910156 158
1783601771086 0.7410452365875244 159
1783601771278 0.5143144130706787 160
1783601771430 0.7666688561439514 161
1783601771569 0.4945303201675415 162
1783601771759 0.6626337766647339 163
1783601771925 0.6502619981765747 164
1783601772082 1.046517252922058 165
1783601772335 0.7063127756118774 166
1783601772500 0.4972706437110901 167
1783601772647 0.4051801562309265 168
1783601772788 0.44492724537849426 169
1783601772931 0.5156567692756653 170
1783601773072 0.763807475566864 171
1783601773231 0.8771487474441528 172
1783601773392 0.6588839888572693 173
1783601773626 0.4767281115055084 174
1783601773757 0.5338842868804932 175
1783601773900 0.47549960017204285 176
1783601774047 0.6713677644729614 177
1783601774175 0.6757745742797852 178
1783601774276 0.6302708983421326 179
1783601774451 0.7986326813697815 180
1783601774641 0.7199621796607971 181
1783601774802 0.472480446100235 182
1783601774963 0.37945467233657837 183
1783601775122 0.44485676288604736 184
1783601775266 0.5630850791931152 185
1783601775426 0.6069450974464417 186
1783601775595 0.5117451548576355 187
1783601775756 0.47606348991394043 188
1783601775919 0.7079620957374573 189
1783601776129 0.44328922033309937 190
1783601776300 0.8506589531898499 191
1783601776454 0.5257965922355652 192
1783601776632 0.7122316956520081 193
1783601776793 0.4503512978553772 194
1783601776970 0.7221002578735352 195
1783601777119 0.47463980317115784 196
1783601777270 0.43585172295570374 197
1783601777466 0.37310367822647095 198
1783601777626 0.5367867946624756 199
1783601777758 0.6986420750617981 200
1783601777922 0.6343650817871094 201
1783601778081 0.37602680921554565 202
1783601778211 0.7928330302238464 203
1783601778352 0.7074451446533203 204
1783601778500 0.6512289643287659 205
1783601778784 0.42634764313697815 206
1783601778928 0.44657033681869507 207
1783601779080 0.5331007838249207 208
1783601779242 0.4305630326271057 209
1783601779354 0.47978368401527405 210
1783601779513 0.5988550782203674 211
1783601779661 0.41563257575035095 212
1783601779804 0.4448438882827759 213
1783601779974 0.3585718274116516 214
1783601780113 0.5752821564674377 215
1783601780261 0.45395368337631226 216
1783601780393 0.47755807638168335 217
1783601780548 0.4488987922668457 218
1783601780708 0.58048415184021 219
1783601780863 0.49261707067489624 220
1783601781013 0.6111838817596436 221
1783601781251 0.5816671848297119 222
1783601781405 0.6136965751647949 223
1783601781544 0.5224500298500061 224
1783601781713 0.6901670694351196 225
1783601781876 0.4150630235671997 226
1783601782051 0.4663873016834259 227
1783601782205 0.5983179211616516 228
1783601782328 0.4908985197544098 229
1783601782606 0.5923001766204834 230
1783601782765 0.6898209452629089 231
1783601782904 0.5527106523513794 232
1783601783055 0.7487282752990723 233
1783601783230 0.6294931173324585 234
1783601783377 0.5589085221290588 235
1783601783545 0.5482133626937866 236
1783601783750 0.6469660997390747 237
1783601783891 0.34387946128845215 238
1783601784080 0.6475148797035217 239
1783601784195 0.45751792192459106 240
1783601784315 0.41553714871406555 241
1783601784468 0.400331050157547 242
1783601784615 0.44608864188194275 243
1783601784741 0.546708345413208 244
1783601784913 0.646726667881012 245
1783601785148 0.48273009061813354 246
1783601785318 0.5462381839752197 247
1783601785468 0.46651455760002136 248
1783601785645 0.4054403603076935 249
1783601785809 0.6355482339859009 250
1783601785950 0.5281868577003479 251
1783601786213 0.41407591104507446 252
1783601786471 0.5144914388656616 253
1783601786648 0.43777546286582947 254
1783601786829 0.5196626782417297 255
1783601787007 0.26023784279823303 256
1783601787173 0.5423261523246765 257
1783601787327 0.42082667350769043 258
1783601787537 0.47412729263305664 259
1783601787673 0.48413392901420593 260
1783601787828 0.6725196838378906 261
1783601787955 0.43010571599006653 262
1783601788096 0.4768480658531189 263
1783601788260 0.4546821117401123 264
1783601788376 0.26970189809799194 265
1783601788520 0.5352669358253479 266
1783601788652 0.4809877872467041 267
1783601788890 0.6771504282951355 268
1783601789010 0.9497246742248535 269
1783601789137 0.6432039141654968 270
1783601789321 0.6278198957443237 271
1783601789485 0.6685017347335815 272
1783601789629 0.4452936351299286 273
1783601789793 0.3746148347854614 274
1783601790088 0.44317933917045593 275
1783601790242 0.45868590474128723 276
1783601790398 0.4586665630340576 277
1783601790550 0.5221516489982605 278
1783601790709 0.5330914258956909 279
1783601790893 0.5483672022819519 280
1783601791058 0.7147197127342224 281
1783601791199 0.6132736802101135 282
1783601791506 0.5695217847824097 283
1783601791660 0.6671836972236633 284
1783601791817 0.6386966109275818 285
1783601791978 0.49951523542404175 286
1783601792156 0.4442092776298523 287
1783601792317 0.5041465163230896 288
1783601792494 0.7482604384422302 289
1783601792781 0.3769887685775757 290
1783601792954 0.3067965507507324 291
1783601793133 0.545081377029419 292
1783601793253 0.565618634223938 293
1783601793391 0.47591033577919006 294
1783601793548 0.4998165965080261 295
1783601793870 0.6217742562294006 296
1783601794049 0.3308270275592804 297
1783601794199 0.6394814848899841 298
1783601794305 0.38007670640945435 299
1783601794443 0.39366915822029114 300
1783601794570 0.5590338110923767 301
1783601794742 0.4135228991508484 302
1783601794883 0.4194045960903168 303
1783601795286 0.6731752753257751 304
1783601795426 0.5637549161911011 305
1783601795546 0.5447243452072144 306
1783601795679 0.4435294568538666 307
1783601795808 0.34846460819244385 308
1783601795978 0.30228668451309204 309
1783601796108 0.4219837784767151 310
1783601796271 0.4424561560153961 311
1783601796531 0.45199406147003174 312
1783601796669 0.46861305832862854 313
1783601796812 0.553710401058197 314
1783601796969 0.46268895268440247 315
1783601797110 0.32596448063850403 316
1783601797246 0.2120181918144226 317
1783601797391 0.7357851266860962 318
1783601797534 0.31473544239997864 319
1783601797802 0.16938957571983337 320
1783601797962 0.6900576949119568 321
1783601798074 0.5096997618675232 322
1783601798262 0.6107119917869568 323
1783601798390 0.44607311487197876 324
1783601798527 0.4433600902557373 325
1783601798704 0.4679948389530182 326
1783601798849 0.4249265193939209 327
1783601799105 0.48599499464035034 328
1783601799281 0.39854738116264343 329
1783601799451 0.7055242657661438 330
1783601799611 0.6072956323623657 331
1783601799784 0.16381730139255524 332
1783601799908 0.6073022484779358 333
1783601800050 0.2393965721130371 334
1783601800387 0.5691550374031067 335
1783601800553 0.6279650330543518 336
1783601800697 0.4477302134037018 337
1783601800873 0.4110122621059418 338
1783601801026 0.5628694891929626 339
1783601801177 0.31981638073921204 340
1783601801335 0.24354547262191772 341
1783601801653 0.3259661793708801 342
1783601801819 0.3966797888278961 343
1783601801988 0.5329630970954895 344
1783601802231 0.4822441637516022 345
1783601802391 0.3545635938644409 346
1783601802542 0.2977061867713928 347
1783601802704 0.3804820477962494 348
1783601802945 0.6971797347068787 349
1783601803097 0.7791105508804321 350
1783601803241 0.6324620246887207 351
1783601803399 0.8087567090988159 352
1783601803532 0.4637768566608429 353
1783601803679 0.43079662322998047 354
1783601803818 0.40972092747688293 355
1783601803984 0.5494595766067505 356
1783601804167 0.44054722785949707 357
1783601804259 0.5521450638771057 358
1783601804410 0.4925699532032013 359
1783601804578 0.4901580512523651 360
1783601804745 0.3180331289768219 361
1783601804894 0.38103538751602173 362
1783601805020 0.35184887051582336 363
1783601805177 0.6433252096176147 364
1783601805503 0.4826609492301941 365
1783601805627 0.4324653744697571 366
1783601805779 0.3615753948688507 367
1783601805932 0.7477810978889465 368
1783601806089 0.7648771405220032 369
1783601806267 0.6952779293060303 370
1783601806412 0.36930567026138306 371
1783601806790 0.4996699392795563 372
1783601806913 0.8186576962471008 373
1783601807029 0.3457154929637909 374
1783601807148 0.44456177949905396 375
1783601807281 0.7157978415489197 376
1783601807389 0.5572178959846497 377
1783601807513 0.5911765098571777 378
1783601807658 0.3774524927139282 379
1783601807789 0.6032497882843018 380
1783601807984 0.5818566083908081 381
1783601808128 0.49538785219192505 382
1783601808267 0.4162168800830841 383
1783601808402 0.3869156241416931 384
1783601808509 0.6075939536094666 385
1783601808644 0.7636019587516785 386
1783601808814 0.2934803366661072 387
1783601808960 0.5002697706222534 388
1783601809302 0.3667507767677307 389
1783601809463 0.5183078646659851 390
1783601809604 0.3799099922180176 391
1783601809748 0.5322725176811218 392
1783601809908 0.5808873176574707 393
1783601810059 0.3289989233016968 394
1783601810184 0.6261906623840332 395
1783601810345 0.45295584201812744 396
1783601810492 0.5235275030136108 397
1783601810623 0.31862688064575195 398
1783601810729 0.520860493183136 399
1783601810877 0.4660915732383728 400
1783601810988 0.34383878111839294 401
1783601811092 0.5685333013534546 402
1783601811176 0.43552881479263306 403
1783601811272 0.49318748712539673 404
1783601811404 0.4266459047794342 405
1783601811546 0.3921037018299103 406
1783601811797 0.5277992486953735 407
1783601811934 0.24577249586582184 408
1783601812090 0.6134626269340515 409
1783601812241 0.40427282452583313 410
1783601812380 0.3162098228931427 411
1783601812530 0.5497012734413147 412
1783601812711 0.4478000998497009 413
1783601812853 0.37047457695007324 414
1783601813014 0.33221739530563354 415
1783601813162 0.24231550097465515 416
1783601813288 0.4243950843811035 417
1783601813443 0.4387085437774658 418
1783601813571 0.25339803099632263 419
1783601813684 0.3128807544708252 420
1783601813813 0.39078032970428467 421
1783601813947 0.2501734793186188 422
1783601814063 0.29313600063323975 423
1783601814188 0.6892960667610168 424
1783601814306 0.511868417263031 425
1783601814436 0.6994020342826843 426
1783601814568 0.3882172405719757 427
1783601814710 0.5782924294471741 428
1783601814854 0.5460816621780396 429
1783601815041 0.2607424259185791 430
1783601815157 0.5723835825920105 431
1783601815284 0.29438337683677673 432
1783601815481 0.4993632733821869 433
1783601815653 0.3011837303638458 434
1783601815808 0.3393828570842743 435
1783601815955 0.4620581567287445 436
1783601816150 0.303367555141449 437
1783601816315 0.5443965196609497 438
1783601816524 0.4710768163204193 439
1783601817013 0.5117750763893127 440
1783601817161 0.39915576577186584 441
1783601817261 0.4841687083244324 442
1783601817408 0.2990317940711975 443
1783601817562 0.3308406472206116 444
1783601817725 0.2528771460056305 445
1783601817856 0.5522387027740479 446
1783601818158 0.4328290522098541 447
1783601818290 0.5592329502105713 448
1783601818406 0.2598353326320648 449
1783601818542 0.44665300846099854 450
1783601818692 0.35650885105133057 451
1783601818832 0.249959796667099 452
1783601818975 0.619049608707428 453
1783601819123 0.2551388144493103 454
1783601819277 0.3600867986679077 455
1783601819442 0.31793028116226196 456
1783601819594 0.6650224328041077 457
1783601819775 0.4455244541168213 458
1783601819926 0.6735079884529114 459
1783601820089 0.3349522352218628 460
1783601820269 0.6849743127822876 461
1783601820410 0.24657490849494934 462
1783601820557 0.46268314123153687 463
1783601820776 0.19390390813350677 464
1783601820938 0.7670058608055115 465
1783601821112 0.5295807719230652 466
1783601821259 0.42597755789756775 467
1783601821394 0.5957047343254089 468
1783601821529 0.7164575457572937 469
1783601821654 0.24655401706695557 470
1783601821812 0.3767997622489929 471
1783601822035 0.38323941826820374 472
1783601822179 0.37013545632362366 473
1783601822318 0.4466495215892792 474
1783601822477 0.5350446701049805 475
1783601822617 0.5961755514144897 476
1783601822738 0.4752853214740753 477
1783601822899 0.4175437092781067 478
1783601823045 0.415213406085968 479
1783601823293 0.383531779050827 480
1783601823451 0.6829091310501099 481
1783601823568 0.20117294788360596 482
1783601823705 0.7031621932983398 483
1783601823809 0.6919203400611877 484
1783601823930 0.2356415092945099 485
1783601824098 0.3554248511791229 486
1783601824203 0.5109835267066956 487
1783601824431 0.766042172908783 488
1783601824588 0.4667282998561859 489
1783601824731 0.4185786247253418 490
1783601824860 0.241038516163826 491
1783601824976 0.24648679792881012 492
1783601825126 0.40220779180526733 493
1783601825267 0.5193329453468323 494
1783601825428 0.530716598033905 495
1783601825584 0.4679029881954193 496
1783601825798 0.2689099609851837 497
1783601825936 0.21587248146533966 498
1783601826079 0.3276108503341675 499
1783601826229 0.24616935849189758 500
1783601826413 0.33489131927490234 501
1783601826575 0.3763056695461273 502
1783601826723 0.35230523347854614 503
1783601827082 0.26084521412849426 504
1783601827241 0.510533332824707 505
1783601827387 0.44557344913482666 506
1783601827544 0.28981733322143555 507
1783601827722 0.6260485053062439 508
1783601827862 0.4444519281387329 509
1783601827989 0.33687686920166016 510
1783601828229 0.37130436301231384 511
1783601828382 0.5356757044792175 512
1783601828522 0.3805680572986603 513
1783601828680 0.3514954745769501 514
1783601828839 0.3935644328594208 515
1783601828974 0.39108040928840637 516
1783601829096 0.2986433506011963 517
1783601829217 0.4499191343784332 518
1783601829389 0.4317094683647156 519
1783601829629 0.6273699402809143 520
1783601829745 0.3804754912853241 521
1783601829891 0.6376205682754517 522
1783601830029 0.4778195023536682 523
1783601830192 0.20777831971645355 524
1783601830364 0.3107137382030487 525
1783601830532 0.32514268159866333 526
1783601830754 0.45160460472106934 527
1783601830915 0.3739061951637268 528
1783601831076 0.43454039096832275 529
1783601831232 0.45070186257362366 530
1783601831391 0.43495985865592957 531
1783601831561 0.6023299098014832 532
1783601831697 0.5385236740112305 533
1783601831891 0.5267295241355896 534
1783601832056 0.2712966799736023 535
1783601832225 0.3279494047164917 536
1783601832322 0.47068512439727783 537
1783601832447 0.48887255787849426 538
1783601832565 0.5978634357452393 539
1783601832694 0.3640158176422119 540
1783601832838 0.3548273742198944 541
1783601832958 0.34670692682266235 542
1783601833102 0.5177868604660034 543
1783601833408 0.4631727337837219 544
1783601833576 0.24393346905708313 545
1783601833741 0.405974805355072 546
1783601833881 0.5197955965995789 547
1783601834026 0.2250426560640335 548
1783601834178 0.2825908660888672 549
1783601834274 0.4627454876899719 550
1783601834408 0.6621256470680237 551
1783601834540 0.505733847618103 552
1783601834706 0.26685622334480286 553
1783601834857 0.39002400636672974 554
1783601835012 0.21721555292606354 555
1783601835166 0.7724559903144836 556
1783601835323 0.5904174447059631 557
1783601835458 0.2819671034812927 558
1783601835628 0.7111504077911377 559
1783601835763 0.2753062844276428 560
1783601836077 0.16612908244132996 561
1783601836211 0.42702555656433105 562
1783601836376 0.47627952694892883 563
1783601836530 0.48082470893859863 564
1783601836690 0.4071899652481079 565
1783601836829 0.3109475076198578 566
1783601836988 0.2087351679801941 567
1783601837157 0.597182035446167 568
1783601837386 0.6143683195114136 569
1783601837535 0.6214534044265747 570
1783601837678 0.3514808416366577 571
1783601837813 0.35594120621681213 572
1783601837941 0.7167872190475464 573
1783601838088 0.5738713145256042 574
1783601838236 0.5388671159744263 575
1783601838389 0.43787503242492676 576
1783601838536 0.5133044123649597 577
1783601838688 0.3626440465450287 578
1783601838835 0.6904271245002747 579
1783601838946 0.8623448014259338 580
1783601839079 0.7860262989997864 581
1783601839236 0.2849760949611664 582
1783601839408 0.26858118176460266 583
1783601839588 0.6762192845344543 584
1783601839747 0.4023765027523041 585
1783601839941 0.3188236653804779 586
1783601840068 0.4882879853248596 587
1783601840201 0.6131221055984497 588
1783601840332 0.3067823648452759 589
1783601840473 0.43649858236312866 590
1783601840654 0.13081733882427216 591
1783601840804 0.26918530464172363 592
1783601840949 0.5696595311164856 593
1783601841184 0.5779963731765747 594
1783601841333 0.5456992983818054 595
1783601841485 0.3971051871776581 596
1783601841671 0.363337904214859 597
1783601841830 0.42293208837509155 598
1783601841992 0.19708766043186188 599
1783601842120 0.29296615719795227 600
1783601842412 0.6054022312164307 601
1783601842574 0.38650187849998474 602
1783601842732 0.4494389295578003 603
1783601842864 0.17350132763385773 604
1783601843048 0.39048704504966736 605
1783601843223 0.3783261179924011 606
1783601843342 0.2634475827217102 607
1783601843504 0.5239730477333069 608
1783601843789 0.2647760510444641 609
1783601843923 0.4145965278148651 610
1783601844072 0.40903836488723755 611
1783601844202 0.37583836913108826 612
1783601844295 0.33512648940086365 613
1783601844420 0.7013137936592102 614
1783601844593 0.43498244881629944 615
1783601844753 0.4265556037425995 616
1783601845042 0.312727153301239 617
1783601845173 0.32175225019454956 618
1783601845338 0.3319852650165558 619
1783601845530 0.47116491198539734 620
1783601845671 0.4214671850204468 621
1783601845829 0.3178718686103821 622
1783601845984 0.1955910474061966 623
1783601846243 0.4854811728000641 624
1783601846362 0.5473836660385132 625
1783601846486 0.457028329372406 626
1783601846636 0.4854683578014374 627
1783601846795 0.7873515486717224 628
1783601846943 0.7207728624343872 629
1783601847077 0.3435128331184387 630
1783601847228 0.617458164691925 631
1783601847486 0.4104933440685272 632
1783601847620 0.2098538726568222 633
1783601847788 0.3133960962295532 634
1783601847924 0.3288395404815674 635
1783601848087 0.6051327586174011 636
1783601848223 0.4311178922653198 637
1783601848388 0.22143211960792542 638
1783601848526 0.28952884674072266 639
1783601848652 0.36176958680152893 640
1783601848802 0.21352101862430573 641
1783601848957 0.5584004521369934 642
1783601849123 0.32925671339035034 643
1783601849268 0.1984155923128128 644
1783601849426 0.47882091999053955 645
1783601849576 1.0332328081130981 646
1783601849700 0.7836125493049622 647
1783601849822 0.3479684889316559 648
1783601850099 0.3302988111972809 649
1783601850213 0.3830150365829468 650
1783601850353 0.4290497303009033 651
1783601850482 0.548694908618927 652
1783601850655 0.5993420481681824 653
1783601850798 0.3454354405403137 654
1783601850956 0.21419425308704376 655
1783601851251 0.34448662400245667 656
1783601851427 0.3460657000541687 657
1783601851592 0.568004846572876 658
1783601851743 0.5877786874771118 659
1783601851886 0.3210722804069519 660
1783601852045 0.43672680854797363 661
1783601852210 0.6375437378883362 662
1783601852341 0.4201062321662903 663
1783601852516 0.24725423753261566 664
1783601852668 0.8883327841758728 665
1783601852799 0.44439518451690674 666
1783601852941 0.39089134335517883 667
1783601853088 0.3170551061630249 668
1783601853244 0.464823842048645 669
1783601853405 0.4626840651035309 670
1783601853570 0.40649667382240295 671
1783601853745 0.5059316158294678 672
1783601853906 0.4254608452320099 673
1783601854003 0.30477583408355713 674
1783601854151 0.3212412893772125 675
1783601854252 0.30536991357803345 676
1783601854386 0.3469253182411194 677
1783601854539 0.39938634634017944 678
1783601854689 0.36489251255989075 679
1783601854803 0.39243319630622864 680
1783601854924 0.41704607009887695 681
1783601855120 0.38165655732154846 682
1783601855250 0.585991382598877 683
1783601855409 0.43472084403038025 684
1783601855571 0.5762563943862915 685
1783601855708 0.39464280009269714 686
1783601855866 0.6307522058486938 687
1783601856008 0.22356998920440674 688
1783601856163 0.26241156458854675 689
1783601856340 0.19037148356437683 690
1783601856559 0.3589087426662445 691
1783601856729 0.13283933699131012 692
1783601856882 0.1390971690416336 693
1783601857047 0.4077009856700897 694
1783601857190 0.20325523614883423 695
1783601857353 0.50052809715271 696
1783601857557 0.24114128947257996 697
1783601857719 0.4823789894580841 698
1783601857862 0.2725766599178314 699
1783601858012 0.6325212121009827 700
1783601858181 0.17816531658172607 701
1783601858346 0.37686431407928467 702
1783601858465 0.4199289083480835 703
1783601858600 0.3501353859901428 704
1783601858733 0.2521907687187195 705
1783601858847 0.6099714040756226 706
1783601858964 0.336914986371994 707
1783601859098 0.439064085483551 708
1783601859239 0.3237968981266022 709
1783601859390 0.5050413012504578 710
1783601859532 0.3037682771682739 711
1783601859664 0.5551488399505615 712
1783601859801 0.2743576765060425 713
1783601859922 0.2918435037136078 714
1783601860095 0.3113536238670349 715
1783601860256 0.4886201024055481 716
1783601860400 0.2716357111930847 717
1783601860546 0.4677716791629791 718
1783601860660 0.5918665528297424 719
1783601860816 0.1913379728794098 720
1783601861006 0.5603718161582947 721
1783601861202 0.3575684428215027 722
1783601861441 0.45417800545692444 723
1783601861570 0.21500828862190247 724
1783601861707 0.43950527906417847 725
1783601861871 0.294757217168808 726
1783601862036 0.47735729813575745 727
1783601862185 0.6471776962280273 728
1783601862366 0.4559522569179535 729
1783601862655 0.33495616912841797 730
1783601862827 0.2254609912633896 731
1783601862986 0.4821733236312866 732
1783601863107 0.434128075838089 733
1783601863264 0.6345202326774597 734
1783601863397 0.43941256403923035 735
1783601863529 0.31754910945892334 736
1783601863673 0.32734552025794983 737
1783601863980 0.520721435546875 738
1783601864102 0.25609028339385986 739
1783601864252 0.3781049847602844 740
1783601864397 0.23426859080791473 741
1783601864554 0.4612005352973938 742
1783601864710 0.2625460922718048 743
1783601864846 0.24601949751377106 744
1783601864986 0.43004047870635986 745
1783601865270 0.29104653000831604 746
1783601865392 0.5063191056251526 747
1783601865498 0.2332162857055664 748
1783601865612 0.43122756481170654 749
1783601865771 0.41269102692604065 750
1783601865894 0.5990234017372131 751
1783601866009 0.18376582860946655 752
1783601866140 0.24603062868118286 753
1783601866290 0.2253360003232956 754
1783601866431 0.43032413721084595 755
1783601866589 0.4498789310455322 756
1783601866718 0.5231297612190247 757
1783601866872 0.19626569747924805 758
1783601867016 0.4894998371601105 759
1783601867156 0.3920971751213074 760
1783601867291 0.3114446699619293 761
1783601867432 0.600662350654602 762
1783601867602 0.22625897824764252 763
1783601867830 0.41935497522354126 764
1783601867985 0.41794320940971375 765
1783601868125 0.4844106435775757 766
1783601868260 0.7864569425582886 767
1783601868384 0.19238422811031342 768
1783601868499 0.5905271768569946 769
1783601868592 0.5412371158599854 770
1783601868691 0.4353473484516144 771
1783601868778 0.11128486692905426 772
1783601868883 0.5731788873672485 773
1783601868995 0.7271261215209961 774
1783601869109 0.46876782178878784 775
1783601869256 0.1890014261007309 776
1783601869421 0.23913657665252686 777
1783601869589 0.567422091960907 778
1783601869738 0.5075864791870117 779
1783601869890 0.3592608869075775 780
1783601870024 0.1840124875307083 781
1783601870165 0.26526471972465515 782
1783601870295 0.4302304685115814 783
1783601870434 0.5697440505027771 784
1783601870610 0.28268882632255554 785
1783601870759 0.26104962825775146 786
1783601870872 0.26313576102256775 787
1783601871034 0.266076922416687 788
1783601871182 0.2569047808647156 789
1783601871314 0.38248756527900696 790
1783601871453 0.2623463273048401 791
1783601871617 0.1261780858039856 792
1783601871779 0.22666344046592712 793
1783601871922 0.39222562313079834 794
1783601872098 0.5315894484519958 795
1783601872199 0.9812816381454468 796
1783601872278 0.24754734337329865 797
1783601872384 0.34200769662857056 798
1783601872494 0.3960705101490021 799
1783601872674 0.40016549825668335 800
1783601872801 0.41984379291534424 801
1783601872891 0.6096193790435791 802
1783601873037 0.3339967131614685 803
1783601873213 0.5296836495399475 804
1783601873355 0.3133026361465454 805
1783601873502 0.3490847945213318 806
1783601873691 0.28424128890037537 807
1783601873755 0.30953294038772583 808
1783601873828 0.577754557132721 809
1783601873917 0.3646428883075714 810
1783601873995 0.2823009490966797 811
1783601874058 0.3141337037086487 812
1783601874109 0.3144168555736542 813
1783601874170 0.8245207667350769 814
1783601874257 0.5657272934913635 815
1783601874371 0.3527810573577881 816
1783601874523 0.5529866814613342 817
1783601874622 0.2534589469432831 818
1783601874731 0.16985516250133514 819
1783601874836 0.1459202617406845 820
1783601874954 0.5357876420021057 821
1783601875236 0.21844947338104248 822
1783601875385 0.16335658729076385 823
1783601875557 0.4901793301105499 824
1783601875739 0.4425283670425415 825
1783601875939 0.45303842425346375 826
1783601876081 0.5679252743721008 827
1783601876233 0.3662513792514801 828
1783601876369 0.399018257856369 829
1783601876474 0.18863925337791443 830
1783601876583 0.22731325030326843 831
1783601876674 0.4238179624080658 832
1783601876853 0.33162781596183777 833
1783601876986 0.328069269657135 834
1783601877149 0.307460218667984 835
1783601877323 0.4013080894947052 836
1783601877484 0.36153697967529297 837
1783601877820 0.39343151450157166 838
1783601877954 0.23334616422653198 839
1783601878100 0.4951891303062439 840
1783601878240 0.3964381217956543 841
1783601878364 0.3776282072067261 842
1783601878491 0.5676189661026001 843
1783601878620 0.3966635465621948 844
1783601878777 0.33032262325286865 845
1783601878936 0.4805466830730438 846
1783601879087 0.20959529280662537 847
1783601879236 0.3109787106513977 848
1783601879400 0.2770088016986847 849
1783601879571 0.26765766739845276 850
1783601879718 0.2788466215133667 851
1783601879887 0.5155437588691711 852
1783601880069 0.15409332513809204 853
1783601880429 0.1365545690059662 854
1783601880568 0.387251079082489 855
1783601880755 0.22262513637542725 856
1783601880915 0.35751065611839294 857
1783601881074 0.2534925043582916 858
1783601881167 0.36841100454330444 859
1783601881295 0.43141254782676697 860
1783601881457 0.5265780091285706 861
1783601881603 0.37720468640327454 862
1783601881729 0.5075608491897583 863
1783601881870 0.3769906759262085 864
1783601882078 0.3385424017906189 865
1783601882202 0.3524315655231476 866
1783601882363 0.46118977665901184 867
1783601882534 0.21790027618408203 868
1783601882681 0.3574018180370331 869
1783601882934 0.3138881325721741 870
1783601883060 0.3698532283306122 871
1783601883203 0.2925933003425598 872
1783601883329 0.41852474212646484 873
1783601883488 0.1275443136692047 874
1783601883654 0.44335314631462097 875
1783601883836 0.3715651333332062 876
1783601884021 0.31018465757369995 877
1783601884240 0.516597330570221 878
1783601884342 0.6216678619384766 879
1783601884438 0.4049692153930664 880
1783601884560 0.21871203184127808 881
1783601884709 0.1888362169265747 882
1783601884853 0.46786171197891235 883
1783601884984 0.567006528377533 884
1783601885137 0.46268314123153687 885
1783601885287 0.32658466696739197 886
1783601885474 0.3769761025905609 887
1783601885617 0.2614937126636505 888
1783601885758 0.20820103585720062 889
1783601885934 0.2346045821905136 890
1783601886074 0.46758395433425903 891
1783601886233 0.5005369186401367 892
1783601886396 0.22766196727752686 893
1783601886556 0.32166343927383423 894
1783601886704 0.3224984407424927 895
1783601886815 0.34298133850097656 896
1783601886921 0.1976265162229538 897
1783601887039 0.6295543313026428 898
1783601887151 0.2960551381111145 899
1783601887284 0.32093778252601624 900
1783601887440 0.4869668483734131 901
1783601887550 0.4379259943962097 902
1783601887699 0.451504111289978 903
1783601887970 0.696660578250885 904
1783601888141 0.2542839050292969 905
1783601888261 0.39016032218933105 906
1783601888406 0.37704527378082275 907
1783601888521 0.47194352746009827 908
1783601888671 0.4427691102027893 909
1783601888800 0.2221868932247162 910
1783601889015 0.20912274718284607 911
1783601889191 0.22608476877212524 912
1783601889349 0.3585442304611206 913
1783601889482 0.14153867959976196 914
1783601889621 0.6748980283737183 915
1783601889793 0.5130451321601868 916
1783601889930 0.3654201328754425 917
1783601890060 0.24974405765533447 918
1783601890206 0.09128487855195999 919
1783601890357 0.36791127920150757 920
1783601890524 0.70307856798172 921
1783601890746 0.5173761248588562 922
1783601890878 0.20686067640781403 923
1783601891041 0.2763581871986389 924
1783601891204 0.23690639436244965 925
1783601891361 0.47303083539009094 926
1783601891517 0.36924970149993896 927
1783601891677 0.3006061315536499 928
1783601892044 0.307864785194397 929
1783601892204 0.3874289095401764 930
1783601892352 0.25289300084114075 931
1783601892518 0.5711492896080017 932
1783601892661 0.23798978328704834 933
1783601892845 0.43707379698753357 934
1783601892976 0.4940347373485565 935
1783601893197 0.4355473518371582 936
1783601893357 0.3253541886806488 937
1783601893520 0.257194459438324 938
1783601893673 0.6118530631065369 939
1783601893833 0.33435553312301636 940
1783601893987 0.5482764840126038 941
1783601894119 0.4413987696170807 942
1783601894278 0.21180182695388794 943
1783601894392 0.5857937335968018 944
1783601894624 0.2427414059638977 945
1783601894782 0.34251317381858826 946
1783601894919 0.39044466614723206 947
1783601895078 0.5190050601959229 948
1783601895242 0.28873610496520996 949
1783601895357 0.3162435293197632 950
1783601895476 0.5216716527938843 951
1783601895579 0.2543395757675171 952
1783601895783 0.09472483396530151 953
1783601895951 0.16836632788181305 954
1783601896171 0.34718549251556396 955
1783601896374 0.25929543375968933 956
1783601896503 0.36905089020729065 957
1783601896609 0.6596007347106934 958
1783601896712 0.5492898225784302 959
1783601896809 0.07681940495967865 960
1783601896891 0.7412787079811096 961
1783601896961 0.22476531565189362 962
1783601897022 0.21884052455425262 963
1783601897088 0.21751847863197327 964
1783601897160 0.38526517152786255 965
1783601897221 0.4874153435230255 966
1783601897273 0.23649920523166656 967
1783601897326 0.5501016974449158 968
1783601897400 0.39244478940963745 969
1783601897548 0.40833666920661926 970
1783601897740 0.3443373441696167 971
1783601897887 0.638414740562439 972
1783601898190 0.7546924352645874 973
1783601898312 0.23324058949947357 974
1783601898443 0.294990599155426 975
1783601898554 0.22868290543556213 976
1783601898702 0.28590404987335205 977
1783601898851 0.08150796592235565 978
1783601898985 0.3782952129840851 979
1783601899193 0.3829863667488098 980
1783601899318 0.415773868560791 981
1783601899413 0.7394505739212036 982
1783601899528 0.2054740935564041 983
1783601899649 0.24132952094078064 984
1783601899819 0.5241612195968628 985
1783601899968 0.43019604682922363 986
1783601900131 0.5711495280265808 987
1783601900284 0.40495565533638 988
1783601900422 0.5526961088180542 989
1783601900564 0.42725828289985657 990
1783601900726 0.4215264916419983 991
1783601900882 0.23236314952373505 992
1783601901037 0.2455057054758072 993
1783601901181 0.7257196307182312 994
1783601901351 0.5278973579406738 995
1783601901515 0.3674955368041992 996
1783601901656 0.24345417320728302 997
1783601901816 0.41856762766838074 998
1783601902115 0.7064328789710999 999
1783601902314 0.2694039046764374 1000
1783601902494 0.25440359115600586 1001
1783601902638 0.6204632520675659 1002
1783601902778 0.31885993480682373 1003
1783601902937 0.5554144382476807 1004
1783601903101 0.3647095859050751 1005
1783601903300 0.14754758775234222 1006
1783601903438 0.4321025013923645 1007
1783601903594 0.13698497414588928 1008
1783601903736 0.2466217279434204 1009
1783601903888 0.27644598484039307 1010
1783601904031 0.18619097769260406 1011
1783601904254 0.5024598240852356 1012
1783601904385 0.3365703821182251 1013
1783601904648 0.5484511852264404 1014
1783601904798 0.381145179271698 1015
1783601904932 0.3377300500869751 1016
1783601905104 0.6269163489341736 1017
1783601905254 0.2582748234272003 1018
1783601905441 0.18518656492233276 1019
1783601905592 0.1587344855070114 1020
1783601905702 0.30786794424057007 1021
1783601905930 0.557050347328186 1022
1783601906085 0.29722675681114197 1023
1783601906224 0.2291194647550583 1024
1783601906391 0.25658220052719116 1025
1783601906519 0.21163210272789001 1026
1783601906665 0.20498304069042206 1027
1783601906821 0.7215654850006104 1028
1783601906964 0.3260786235332489 1029
1783601907165 0.5289371609687805 1030
1783601907339 0.3174923360347748 1031
1783601907496 0.33324354887008667 1032
1783601907671 0.18104910850524902 1033
1783601907797 0.3573157489299774 1034
1783601907965 0.4810050427913666 1035
1783601908096 0.35270825028419495 1036
1783601908233 0.14248767495155334 1037
1783601908461 0.7058665752410889 1038
1783601908570 0.33392128348350525 1039
1783601908702 0.27504202723503113 1040
1783601908883 0.2724876403808594 1041
1783601909052 0.4105347990989685 1042
1783601909198 0.24962975084781647 1043
1783601909337 0.3150869309902191 1044
1783601909517 0.3540094196796417 1045
1783601909701 0.3360828757286072 1046
1783601909809 0.41090914607048035 1047
1783601909904 0.3764762282371521 1048
1783601910005 0.3988167345523834 1049
1783601910131 0.15092071890830994 1050
1783601910274 0.3810185194015503 1051
1783601910418 0.3348121643066406 1052
1783601910549 0.3318730890750885 1053
1783601910708 0.6246245503425598 1054
1783601910839 0.3626897931098938 1055
1783601911017 0.423469215631485 1056
1783601911161 0.4281916320323944 1057
1783601911286 0.32042941451072693 1058
1783601911403 0.20485453307628632 1059
1783601911531 0.5079149007797241 1060
1783601911670 0.29285764694213867 1061
1783601911799 0.49344557523727417 1062
1783601911948 0.24092291295528412 1063
1783601912121 0.3907531499862671 1064
1783601912332 0.2692736089229584 1065
1783601912474 0.2651820182800293 1066
1783601912615 0.6852295398712158 1067
1783601912762 0.46088171005249023 1068
1783601912910 0.6378235220909119 1069
1783601913050 0.5031285881996155 1070
1783601913214 0.37272781133651733 1071
1783601913356 0.2846887707710266 1072
1783601913607 0.23986196517944336 1073
1783601913749 0.3258831202983856 1074
1783601913889 0.1770479679107666 1075
1783601914035 0.28406989574432373 1076
1783601914199 0.17504963278770447 1077
1783601914307 0.3001122772693634 1078
1783601914417 0.15478196740150452 1079
1783601914585 0.3695976436138153 1080
1783601914707 0.24147498607635498 1081
1783601914913 0.26013264060020447 1082
1783601915058 0.31698721647262573 1083
1783601915214 0.3144724667072296 1084
1783601915373 0.1469862312078476 1085
1783601915566 0.3101921081542969 1086
1783601915700 0.46157747507095337 1087
1783601915852 0.3183300495147705 1088
1783601915947 0.2866953909397125 1089
1783601916267 0.3607739210128784 1090
1783601916404 0.31695500016212463 1091
1783601916554 0.25079232454299927 1092
1783601916699 0.34502196311950684 1093
1783601916839 0.4024697542190552 1094
1783601917000 0.43976420164108276 1095
1783601917156 0.34143027663230896 1096
1783601917388 0.4949813485145569 1097
1783601917562 0.5017725825309753 1098
1783601917693 0.28971150517463684 1099
1783601917826 0.5472192168235779 1100
1783601917964 0.11166448891162872 1101
1783601918106 0.1841825246810913 1102
1783601918260 0.28734004497528076 1103
1783601918421 0.2342936396598816 1104
1783601918527 0.12568876147270203 1105
1783601918800 0.3427576720714569 1106
1783601918932 0.5744139552116394 1107
1783601919067 0.35905060172080994 1108
1783601919219 0.4835961163043976 1109
1783601919376 0.19697214663028717 1110
1783601919544 0.2614375054836273 1111
1783601919719 0.6659929156303406 1112
1783601919954 0.3241268992424011 1113
1783601920111 0.5299455523490906 1114
1783601920243 0.7473456263542175 1115
1783601920386 0.35787874460220337 1116
1783601920550 0.40348872542381287 1117
1783601920716 0.6280317306518555 1118
1783601920886 0.40620219707489014 1119
1783601921033 0.28415945172309875 1120
1783601921167 0.3092309534549713 1121
1783601921340 0.26612505316734314 1122
1783601921485 0.6236956119537354 1123
1783601921649 0.2508505880832672 1124
1783601921797 0.2914038598537445 1125
1783601921949 0.3193950057029724 1126
1783601922096 0.358878493309021 1127
1783601922202 0.3412707448005676 1128
1783601922357 0.22971490025520325 1129
1783601922565 0.23743633925914764 1130
1783601922730 0.3739738464355469 1131
1783601922882 0.5108363628387451 1132
1783601923047 0.2840542197227478 1133
1783601923190 0.19722828269004822 1134
1783601923323 0.44264745712280273 1135
1783601923416 0.5350882411003113 1136
1783601923527 0.3347160220146179 1137
1783601923785 0.33379626274108887 1138
1783601923970 0.17690207064151764 1139
1783601924132 0.23157089948654175 1140
1783601924262 0.5332701206207275 1141
1783601924356 0.11401756852865219 1142
1783601924498 0.17066267132759094 1143
1783601924659 0.42471566796302795 1144
1783601924798 0.2770043611526489 1145
1783601925063 0.48223206400871277 1146
1783601925232 0.12157004326581955 1147
1783601925392 0.5500448942184448 1148
1783601925510 0.11234652251005173 1149
1783601925673 0.4841388165950775 1150
1783601925807 0.25017210841178894 1151
1783601925981 0.42870667576789856 1152
1783601926117 0.275277316570282 1153
1783601926247 0.354097843170166 1154
1783601926425 0.27487727999687195 1155
1783601926557 0.26963478326797485 1156
1783601926712 0.30971062183380127 1157
1783601926852 0.33974286913871765 1158
1783601926989 0.3017958104610443 1159
1783601927111 0.5978754162788391 1160
1783601927253 0.11215261369943619 1161
1783601927395 0.6114238500595093 1162
1783601927553 0.29804542660713196 1163
1783601927744 0.46021556854248047 1164
1783601927869 0.3862861692905426 1165
1783601928003 0.2656368315219879 1166
1783601928170 0.47535115480422974 1167
1783601928290 0.1721305102109909 1168
1783601928444 0.2802819609642029 1169
1783601928548 0.336889386177063 1170
1783601928700 0.6316007971763611 1171
1783601928861 0.26073184609413147 1172
1783601929101 0.22900155186653137 1173
1783601929221 0.28303274512290955 1174
1783601929341 0.25954002141952515 1175
1783601929461 0.500931978225708 1176
1783601929617 0.3710467517375946 1177
1783601929758 0.6290909647941589 1178
1783601929884 0.3593115210533142 1179
1783601930046 0.4515937566757202 1180
1783601930259 0.5315510630607605 1181
1783601930391 0.19900110363960266 1182
1783601930573 0.16956397891044617 1183
1783601930721 0.20700490474700928 1184
1783601930866 0.38730743527412415 1185
1783601931012 0.35305267572402954 1186
1783601931165 0.28347131609916687 1187
1783601931310 0.3299868404865265 1188
1783601931460 0.22178322076797485 1189
1783601931649 0.3436942994594574 1190
1783601931788 0.14966262876987457 1191
1783601931926 0.2523375153541565 1192
1783601932041 0.3977142870426178 1193
1783601932196 0.41868194937705994 1194
1783601932344 0.29660648107528687 1195
1783601932509 0.6569082736968994 1196
1783601932678 0.5620437860488892 1197
1783601932909 0.6097986102104187 1198
1783601933020 0.19479340314865112 1199
1783601933163 0.21935193240642548 1200
1783601933302 0.35110217332839966 1201
1783601933459 0.4079335629940033 1202
1783601933600 0.31427398324012756 1203
1783601933738 0.18489056825637817 1204
1783601933899 0.3349137008190155 1205
1783601934189 0.09443102777004242 1206
1783601934293 0.471721351146698 1207
1783601934401 0.3593347370624542 1208
1783601934543 0.33678436279296875 1209
1783601934684 0.3251154124736786 1210
1783601934825 0.18421968817710876 1211
1783601934974 0.11248081177473068 1212
1783601935107 0.3252350687980652 1213
1783601935249 0.31704971194267273 1214
1783601935457 0.5505791902542114 1215
1783601935581 0.26961272954940796 1216
1783601935711 0.33595430850982666 1217
1783601935857 0.7876441478729248 1218
1783601936009 0.29694899916648865 1219
1783601936175 0.5705697536468506 1220
1783601936301 0.40083372592926025 1221
1783601936461 0.2563003599643707 1222
1783601936825 0.33457887172698975 1223
1783601936952 0.2208869755268097 1224
1783601937108 0.4306657612323761 1225
1783601937287 0.15674732625484467 1226
1783601937380 0.39818647503852844 1227
1783601937508 0.22912603616714478 1228
1783601937658 0.1578650027513504 1229
1783601937887 0.3575931191444397 1230
1783601938034 0.18441864848136902 1231
1783601938168 0.17714278399944305 1232
1783601938321 0.13788433372974396 1233
1783601938450 0.18994247913360596 1234
1783601938592 0.45941612124443054 1235
1783601938745 0.09036429226398468 1236
1783601938892 0.604631781578064 1237
1783601939039 0.24331697821617126 1238
1783601939374 0.2931184768676758 1239
1783601939514 0.15743893384933472 1240
1783601939661 0.19436411559581757 1241
1783601939797 0.2394123077392578 1242
1783601939930 0.4457241892814636 1243
1783601940100 0.2857728898525238 1244
1783601940230 0.2843977212905884 1245
1783601940504 0.21596337854862213 1246
1783601940646 0.49924248456954956 1247
1783601940826 0.46043661236763 1248
1783601940994 0.7494509816169739 1249
1783601941149 0.6970436573028564 1250
1783601941281 0.21318824589252472 1251
1783601941450 0.1694561243057251 1252
1783601941584 0.5237526893615723 1253
1783601941740 0.20627018809318542 1254
1783601941909 0.37337034940719604 1255
1783601942083 0.5037887692451477 1256
1783601942234 0.20515447854995728 1257
1783601942389 0.2673654556274414 1258
1783601942513 0.3850853443145752 1259
1783601942647 0.4429212808609009 1260
1783601942766 0.29270896315574646 1261
1783601942920 0.35986924171447754 1262
1783601943088 0.33584651350975037 1263
1783601943238 0.2101157009601593 1264
1783601943356 0.3506243824958801 1265
1783601943517 0.3206595182418823 1266
1783601943676 0.26549139618873596 1267
1783601943791 0.5195212960243225 1268
1783601943903 0.33454635739326477 1269
1783601944055 0.6420783400535583 1270
1783601944258 0.316531240940094 1271
1783601944363 0.3533715605735779 1272
1783601944493 0.2559031844139099 1273
1783601944646 0.4525493085384369 1274
1783601944808 0.24986788630485535 1275
1783601944902 0.452888548374176 1276
1783601945021 0.3101998567581177 1277
1783601945179 0.3499879240989685 1278
1783601945339 0.7516205906867981 1279
1783601945563 0.20811942219734192 1280
1783601945694 0.28675568103790283 1281
1783601945840 0.25415727496147156 1282
1783601945969 0.25886979699134827 1283
1783601946115 0.401215136051178 1284
1783601946277 0.44770902395248413 1285
1783601946432 0.7696008086204529 1286
1783601946570 0.12798075377941132 1287
1783601946712 0.5538850426673889 1288
1783601946956 0.4148622453212738 1289
1783601947067 0.48011213541030884 1290
1783601947220 0.3799043297767639 1291
1783601947359 0.32848021388053894 1292
1783601947497 0.30448785424232483 1293
1783601947653 0.7771997451782227 1294
1783601947794 0.23801203072071075 1295
1783601947932 0.32901445031166077 1296
1783601948116 0.19752568006515503 1297
1783601948275 0.5238405466079712 1298
1783601948449 0.16364958882331848 1299
1783601948585 0.6263121366500854 1300
1783601948742 0.18065068125724792 1301
1783601948904 0.576602578163147 1302
1783601949058 0.47309306263923645 1303
1783601949191 0.45307672023773193 1304
1783601949375 0.5157622694969177 1305
1783601949566 0.484350323677063 1306
1783601949709 0.2552627921104431 1307
1783601949842 0.14752750098705292 1308
1783601950008 0.1474548876285553 1309
1783601950157 0.1945701241493225 1310
1783601950288 0.3000534772872925 1311
1783601950434 0.4099757969379425 1312
1783601950651 0.24661214649677277 1313
1783601950786 0.2727430462837219 1314
1783601950981 0.22433574497699738 1315
1783601951131 0.3562619388103485 1316
1783601951297 0.2278457134962082 1317
1783601951458 0.7328583598136902 1318
1783601951613 0.5627156496047974 1319
1783601951767 0.2803304195404053 1320
1783601952146 0.38294827938079834 1321
1783601952288 0.9677077531814575 1322
1783601952446 0.33378010988235474 1323
1783601952560 0.34246715903282166 1324
1783601952707 0.264543354511261 1325
1783601952834 0.16483819484710693 1326
1783601952970 0.5164495706558228 1327
1783601953108 0.17825286090373993 1328
1783601953392 0.42255356907844543 1329
1783601953527 0.5185637474060059 1330
1783601953649 0.6264455914497375 1331
1783601953802 0.591084897518158 1332
1783601953958 0.18819575011730194 1333
1783601954111 0.38787615299224854 1334
1783601954265 0.2987034320831299 1335
1783601954363 0.29144519567489624 1336
1783601954540 0.4768357574939728 1337
1783601954651 0.18452246487140656 1338
1783601954781 0.5973301529884338 1339
1783601954909 0.2102057784795761 1340
1783601955023 0.3934553265571594 1341
1783601955188 0.3813220262527466 1342
1783601955328 0.4827956557273865 1343
1783601955497 0.2517840266227722 1344
1783601955634 0.44148939847946167 1345
1783601955789 0.2735366225242615 1346
1783601956063 0.7489960193634033 1347
1783601956224 0.5985513925552368 1348
1783601956417 0.4862310588359833 1349
1783601956560 0.2416631430387497 1350
1783601956691 0.45597365498542786 1351
1783601956845 0.41257157921791077 1352
1783601956975 0.33696526288986206 1353
1783601957168 0.31329450011253357 1354
1783601957323 0.22625984251499176 1355
1783601957464 0.47383591532707214 1356
1783601957613 0.2931084632873535 1357
1783601957764 0.15160290896892548 1358
1783601957898 0.17427316308021545 1359
1783601958040 0.37223705649375916 1360
1783601958194 0.4032210409641266 1361
1783601958504 0.31641098856925964 1362
1783601958618 0.3070881962776184 1363
1783601958767 0.35473620891571045 1364
1783601958892 0.34079357981681824 1365
1783601959044 0.26038339734077454 1366
1783601959189 0.7118983268737793 1367
1783601959325 0.3005977272987366 1368
1783601959472 0.11159409582614899 1369
1783601959840 0.44893699884414673 1370
1783601959978 0.1702587604522705 1371
1783601960126 0.8388997316360474 1372
1783601960270 0.3245910108089447 1373
1783601960418 0.4092930555343628 1374
1783601960578 0.49637237191200256 1375
1783601960728 0.6352413892745972 1376
1783601960921 0.1945621371269226 1377
1783601961155 0.4048067331314087 1378
1783601961370 0.6681112051010132 1379
1783601961550 0.2221817523241043 1380
1783601961692 0.370342493057251 1381
1783601961865 0.5813006162643433 1382
1783601962014 0.18139436841011047 1383
1783601962161 0.3056468069553375 1384
1783601962312 0.2772117257118225 1385
1783601962499 0.48040536046028137 1386
1783601962658 0.3177272379398346 1387
1783601962813 0.28483259677886963 1388
1783601962952 0.2767452001571655 1389
1783601963098 0.30153366923332214 1390
1783601963242 0.2540431022644043 1391
1783601963384 0.3131774663925171 1392
1783601963657 0.2027839571237564 1393
1783601963898 0.39968976378440857 1394
1783601964073 0.12685266137123108 1395
1783601964271 0.22334128618240356 1396
1783601964372 0.12126019597053528 1397
1783601964534 0.2921832501888275 1398
1783601964656 0.5356099605560303 1399
1783601964891 0.259536474943161 1400
1783601965061 0.2657563388347626 1401
1783601965205 0.48251640796661377 1402
1783601965329 0.30233433842658997 1403
1783601965451 0.21179674565792084 1404
1783601965591 0.35521915555000305 1405
1783601965741 0.29321426153182983 1406
1783601965902 0.17955556511878967 1407
1783601966039 0.23729883134365082 1408
1783601966294 0.39221203327178955 1409
1783601966444 0.21724677085876465 1410
1783601966590 0.7546138763427734 1411
1783601966736 0.2319912612438202 1412
1783601966925 0.5135277509689331 1413
1783601967094 0.1439889520406723 1414
1783601967229 0.18049997091293335 1415
1783601967513 0.46416038274765015 1416
1783601967655 0.5050649642944336 1417
1783601967824 0.34224656224250793 1418
1783601967972 0.6704659461975098 1419
1783601968153 0.32588857412338257 1420
1783601968284 0.2408338487148285 1421
1783601968466 0.24415768682956696 1422
1783601968619 0.41478776931762695 1423
1783601968886 0.16509555280208588 1424
1783601969082 0.20435407757759094 1425
1783601969228 0.21886774897575378 1426
1783601969407 0.39441919326782227 1427
1783601969563 0.10685734450817108 1428
1783601969738 0.5445272922515869 1429
1783601969944 0.6881046891212463 1430
1783601970253 0.755597710609436 1431
1783601970400 0.30915072560310364 1432
1783601970563 0.2954399883747101 1433
1783601970756 0.2712123990058899 1434
1783601970896 0.14994077384471893 1435
1783601971065 0.7246611714363098 1436
1783601971556 0.5631442666053772 1437
1783601971716 0.2850658893585205 1438
1783601971876 0.14369653165340424 1439
1783601972032 0.42114946246147156 1440
1783601972175 0.5269421935081482 1441
1783601972377 0.1930631399154663 1442
1783601972758 0.5590971112251282 1443
1783601972908 0.3029898703098297 1444
1783601973041 0.11885344237089157 1445
1783601973196 0.47683241963386536 1446
1783601973360 0.3424369990825653 1447
1783601973564 0.18261617422103882 1448
1783601973768 0.2179202288389206 1449
1783601973945 0.19795368611812592 1450
1783601974092 0.7144404649734497 1451
1783601974261 0.3401249349117279 1452
1783601974386 0.19424602389335632 1453
1783601974548 0.4499116837978363 1454
1783601974705 0.19948674738407135 1455
1783601974869 0.5068578124046326 1456
1783601975029 0.2550068795681 1457
1783601975256 0.7932618856430054 1458
1783601975422 0.13989505171775818 1459
1783601975592 0.2165410816669464 1460
1783601975744 0.37092480063438416 1461
1783601975898 0.40106815099716187 1462
1783601976050 0.22950388491153717 1463
1783601976194 0.27248552441596985 1464
1783601976423 0.38855236768722534 1465
1783601976616 0.302192747592926 1466
1783601976781 0.2730322778224945 1467
1783601976926 0.21978186070919037 1468
1783601977095 0.2753455936908722 1469
1783601977240 0.3448200821876526 1470
1783601977357 0.17727592587471008 1471
1783601977530 0.29843756556510925 1472
1783601977671 0.45604631304740906 1473
1783601977984 0.8102401494979858 1474
1783601978141 0.1714644581079483 1475
1783601978297 0.271789014339447 1476
1783601978434 0.5028111338615417 1477
1783601978565 0.3538820147514343 1478
1783601978702 0.5903679728507996 1479
1783601978859 0.3310190737247467 1480
1783601979147 0.2203679233789444 1481
1783601979290 0.3402787744998932 1482
1783601979415 0.526960551738739 1483
1783601979537 0.7917770147323608 1484
1783601979677 0.246297687292099 1485
1783601979828 0.19458775222301483 1486
1783601979981 0.23242664337158203 1487
1783601980145 0.49974408745765686 1488
1783601980317 0.2995362877845764 1489
1783601980528 0.5458024740219116 1490
1783601980660 0.25377437472343445 1491
1783601980831 0.20336619019508362 1492
1783601981000 0.4908691942691803 1493
1783601981190 1.1649219989776611 1494
1783601981325 0.35641372203826904 1495
1783601981473 0.4860288202762604 1496
1783601981635 0.21709096431732178 1497
1783601981792 0.4335511326789856 1498
1783601981973 0.5526137948036194 1499
1783601982164 0.23451578617095947 1500
1783601982328 0.18198221921920776 1501
1783601982438 0.2434684932231903 1502
1783601982658 0.3045152723789215 1503
1783601982795 0.12982060015201569 1504
1783601983022 0.16720928251743317 1505
1783601983180 0.34016528725624084 1506
1783601983344 0.1779400110244751 1507
1783601983466 0.2668681740760803 1508
1783601983584 0.2969153821468353 1509
1783601983738 0.29811808466911316 1510
1783601983880 0.5136998891830444 1511
1783601984026 0.2650311291217804 1512
1783601984262 0.22797603905200958 1513
1783601984360 0.2855234444141388 1514
1783601984520 0.4045538604259491 1515
1783601984684 0.23802906274795532 1516
1783601984832 0.5235170722007751 1517
1783601984958 0.31806108355522156 1518
1783601985107 0.3797151446342468 1519
1783601985250 0.5602161288261414 1520
1783601985440 0.47709983587265015 1521
1783601985589 0.26645150780677795 1522
1783601985749 0.6153452396392822 1523
1783601985907 0.6217427253723145 1524
1783601986078 0.36263734102249146 1525
1783601986227 0.5139957070350647 1526
1783601986428 0.2518026828765869 1527
1783601986640 0.24799354374408722 1528
1783601986806 0.36721959710121155 1529
1783601986940 0.10579682886600494 1530
1783601987124 0.2879953384399414 1531
1783601987262 0.40239226818084717 1532
1783601987421 0.31602707505226135 1533
1783601987576 0.5294340252876282 1534
1783601987747 0.31914499402046204 1535
1783601987986 0.3826931416988373 1536
1783601988182 0.31215211749076843 1537
1783601988313 0.43992921710014343 1538
1783601988483 0.4626971483230591 1539
1783601988591 0.52828049659729 1540
1783601988740 0.683426558971405 1541
1783601988888 0.3166583478450775 1542
1783601989054 0.14889070391654968 1543
1783601989285 0.40030786395072937 1544
1783601989420 0.33787333965301514 1545
1783601989578 0.3662446141242981 1546
1783601989719 0.0790586844086647 1547
1783601989869 0.09267280995845795 1548
1783601990042 0.2760738730430603 1549
1783601990211 0.24030523002147675 1550
1783601990373 0.5814355611801147 1551
1783601990564 0.17861534655094147 1552
1783601990704 0.2802877724170685 1553
1783601990873 0.3104671239852905 1554
1783601991028 0.3903923034667969 1555
1783601991185 0.3221122622489929 1556
1783601991348 0.3490394353866577 1557
1783601991467 0.18109814822673798 1558
1783601991752 0.18033716082572937 1559
1783601991957 0.1979159712791443 1560
1783601992129 0.27321794629096985 1561
1783601992298 0.1486382782459259 1562
1783601992453 0.1988087147474289 1563
1783601992608 0.18486903607845306 1564
1783601992860 0.4101416766643524 1565
1783601993052 0.2261304408311844 1566
1783601993193 0.2710379958152771 1567
1783601993332 0.7274946570396423 1568
1783601993505 0.3586511015892029 1569
1783601993643 0.19485871493816376 1570
1783601993788 0.11588304489850998 1571
1783601993998 0.41832205653190613 1572
1783601994157 0.15975011885166168 1573
1783601994329 0.30663764476776123 1574
1783601994442 0.3456864058971405 1575
1783601994605 0.39069774746894836 1576
1783601994735 0.21463064849376678 1577
1783601994884 0.3820149302482605 1578
1783601995027 0.4207083582878113 1579
1783601995189 0.35731279850006104 1580
1783601995368 0.37103116512298584 1581
1783601995676 0.2952119708061218 1582
1783601995806 0.4633411467075348 1583
1783601995940 0.4450770914554596 1584
1783601996179 0.4455072283744812 1585
1783601996346 0.11613277345895767 1586
1783601996545 0.22619539499282837 1587
1783601996691 0.3051762580871582 1588
1783601996906 0.6968665719032288 1589
1783601997002 0.18469522893428802 1590
1783601997105 0.36773455142974854 1591
1783601997275 0.49288472533226013 1592
1783601997440 0.6052449941635132 1593
1783601997636 0.17742958664894104 1594
1783601997780 0.5387848019599915 1595
1783601997941 0.24339860677719116 1596
1783601998092 0.36910000443458557 1597
1783601998304 0.1601906418800354 1598
1783601998454 0.2012246549129486 1599
1783601998608 0.14685317873954773 1600
1783601998751 0.4599177837371826 1601
1783601998944 0.18834343552589417 1602
1783601999082 0.19750171899795532 1603
1783601999265 0.25875574350357056 1604
1783601999577 0.33801349997520447 1605
1783601999759 0.45078542828559875 1606
1783601999907 0.7612144947052002 1607
1783602000120 0.4643772542476654 1608
1783602000264 0.6508999466896057 1609
1783602000408 0.4898868501186371 1610
1783602000561 0.1991465538740158 1611
1783602000738 0.3312458395957947 1612
1783602000928 0.18909785151481628 1613
1783602001081 0.4653412699699402 1614
1783602001272 0.27067071199417114 1615
1783602001442 0.15938761830329895 1616
1783602001628 0.22903698682785034 1617
1783602001788 0.29274865984916687 1618
1783602002108 0.278837651014328 1619
1783602002246 0.5144608020782471 1620
1783602002390 0.4508224427700043 1621
1783602002554 0.27649620175361633 1622
1783602002681 0.2510974705219269 1623
1783602002845 0.21492557227611542 1624
1783602003035 0.10608331859111786 1625
1783602003374 0.42731326818466187 1626
1783602003503 0.21314553916454315 1627
1783602003666 0.37499019503593445 1628
1783602003823 0.10670682787895203 1629
1783602003962 0.3244326114654541 1630
1783602004153 0.13916008174419403 1631
1783602004322 0.23216846585273743 1632
1783602004460 0.2984013557434082 1633
1783602004667 0.5447877645492554 1634
1783602004821 0.40914663672447205 1635
1783602004988 0.3588232100009918 1636
1783602005145 0.04866664856672287 1637
1783602005310 0.2255077362060547 1638
1783602005476 0.8280065655708313 1639
1783602005629 0.4268602132797241 1640
1783602005896 0.44876033067703247 1641
1783602006048 0.27029749751091003 1642
1783602006220 0.2064000368118286 1643
1783602006405 0.3506225347518921 1644
1783602006556 0.4591100215911865 1645
1783602006700 0.4155699610710144 1646
1783602006837 0.20938195288181305 1647
1783602007119 0.2808757722377777 1648
1783602007262 0.6695074439048767 1649
1783602007422 0.2694896161556244 1650
1783602007576 0.3801133334636688 1651
1783602007763 0.3491719365119934 1652
1783602007938 0.17456576228141785 1653
1783602008075 0.343847393989563 1654
1783602008367 0.4947563707828522 1655
1783602008522 0.311533123254776 1656
1783602008665 0.27473893761634827 1657
1783602008834 0.13018040359020233 1658
1783602009027 0.514573872089386 1659
1783602009165 0.23117820918560028 1660
1783602009319 0.14432893693447113 1661
1783602009502 0.24067187309265137 1662
1783602009771 0.1456957906484604 1663
1783602009886 0.5781002640724182 1664
1783602010000 0.26261773705482483 1665
1783602010133 0.35514798760414124 1666
1783602010285 0.39627721905708313 1667
1783602010463 0.6138404607772827 1668
1783602010669 0.5143490433692932 1669
1783602010852 0.4220142960548401 1670
1783602010999 0.7447912096977234 1671
1783602011134 0.14286084473133087 1672
1783602011291 0.3387967050075531 1673
1783602011440 0.3163917064666748 1674
1783602011606 0.31182193756103516 1675
1783602011808 0.42056724429130554 1676
1783602011976 0.5946466326713562 1677
1783602012279 1.0636082887649536 1678
1783602012429 0.3551759719848633 1679
1783602012581 0.4037271738052368 1680
1783602012764 0.16411124169826508 1681
1783602012949 0.42630618810653687 1682
1783602013092 0.11926630139350891 1683
1783602013216 0.3023334741592407 1684
1783602013348 0.3038131594657898 1685
1783602013678 0.38872015476226807 1686
1783602013834 0.42872104048728943 1687
1783602013999 0.2740842401981354 1688
1783602014152 0.10737188160419464 1689
1783602014307 0.5138264894485474 1690
1783602014413 0.3295673727989197 1691
1783602014586 0.5634855031967163 1692
1783602014766 0.2690712809562683 1693
1783602014920 0.3562244176864624 1694
1783602015071 0.1674254834651947 1695
1783602015264 0.4279946982860565 1696
1783602015382 0.5810574293136597 1697
1783602015543 0.4142114818096161 1698
1783602015727 0.12111984938383102 1699
1783602015905 0.3538442850112915 1700
1783602016071 0.19032636284828186 1701
1783602016200 0.18441547453403473 1702
1783602016310 0.3046112358570099 1703
1783602016443 0.3020840883255005 1704
1783602016586 0.39370599389076233 1705
1783602016772 0.276057630777359 1706
1783602016961 0.7902905941009521 1707
1783602017140 0.6692579984664917 1708
1783602017366 0.25173860788345337 1709
1783602017522 0.2221066653728485 1710
1783602017661 0.3584478795528412 1711
1783602017847 0.6190668940544128 1712
1783602018006 0.4467153251171112 1713
1783602018176 0.20719760656356812 1714
1783602018334 0.3893391191959381 1715
1783602018474 0.4132101237773895 1716
1783602018609 0.2974404990673065 1717
1783602018817 0.7118560671806335 1718
1783602018998 0.3279193341732025 1719
1783602019194 0.282909631729126 1720
1783602019336 0.49801957607269287 1721
1783602019489 0.8140475749969482 1722
1783602019645 0.29532474279403687 1723
1783602019811 0.6458305716514587 1724
1783602020002 0.4765230119228363 1725
1783602020145 0.2630831301212311 1726
1783602020336 0.14198315143585205 1727
1783602020474 0.3196183443069458 1728
1783602020620 0.2143736183643341 1729
1783602020757 0.2457856684923172 1730
1783602020900 0.39148494601249695 1731
1783602021256 0.3020337224006653 1732
1783602021365 0.4811883568763733 1733
1783602021500 0.19523724913597107 1734
1783602021654 0.4934729039669037 1735
1783602021828 0.2903579771518707 1736
1783602021986 0.1246156319975853 1737
1783602022116 0.20786640048027039 1738
1783602022282 0.23592112958431244 1739
1783602022436 0.509412407875061 1740
1783602022677 0.46674415469169617 1741
1783602022792 0.1836903691291809 1742
1783602022957 0.4096052944660187 1743
1783602023112 0.2972375452518463 1744
1783602023238 0.28854259848594666 1745
1783602023362 0.48465341329574585 1746
1783602023505 0.24108466506004333 1747
1783602023651 0.15946488082408905 1748
1783602023843 0.17133253812789917 1749
1783602023987 0.7233890295028687 1750
1783602024165 0.7632723450660706 1751
1783602024301 0.7119896411895752 1752
1783602024390 0.27470663189888 1753
1783602024528 0.12836049497127533 1754
1783602024672 0.4582454264163971 1755
1783602024836 0.24554546177387238 1756
1783602025050 0.3968504071235657 1757
1783602025204 0.22520044445991516 1758
1783602025356 0.39075392484664917 1759
1783602025501 0.19410282373428345 1760
1783602025659 0.1666576862335205 1761
1783602025799 0.08149077743291855 1762
1783602025951 0.28590112924575806 1763
1783602026094 0.3315639793872833 1764
1783602026347 0.4118326008319855 1765
1783602026480 0.1541396975517273 1766
1783602026649 0.17437121272087097 1767
1783602026786 0.27909043431282043 1768
1783602026939 0.5569757223129272 1769
1783602027076 0.2585011124610901 1770
1783602027219 0.2790904939174652 1771
1783602027352 0.4545140266418457 1772
1783602027506 0.1609576940536499 1773
1783602027753 0.37249764800071716 1774
1783602027912 0.2274605631828308 1775
1783602028067 0.2610558271408081 1776
1783602028186 0.2968377470970154 1777
1783602028323 0.3288106918334961 1778
1783602028478 0.20461827516555786 1779
1783602028596 0.21729212999343872 1780
1783602028734 0.30832991003990173 1781
1783602028975 0.3067900836467743 1782
1783602029132 0.5186506509780884 1783
1783602029303 0.19953404366970062 1784
1783602029418 0.3482145369052887 1785
1783602029547 0.4037608206272125 1786
1783602029681 0.26044321060180664 1787
1783602029796 0.3410200774669647 1788
1783602029916 0.564197838306427 1789
1783602030038 0.2913660407066345 1790
1783602030157 0.4149135649204254 1791
1783602030280 0.5657759308815002 1792
1783602030431 0.1822548806667328 1793
1783602030545 0.16194364428520203 1794
1783602030647 0.3193597197532654 1795
1783602030760 0.19558903574943542 1796
1783602030884 0.37174472212791443 1797
1783602031021 0.2482825517654419 1798
1783602031185 0.26659512519836426 1799
1783602031342 0.3372218906879425 1800
1783602031502 0.39866936206817627 1801
1783602031642 0.30121853947639465 1802
1783602031793 0.21022911369800568 1803
1783602031954 0.22346608340740204 1804
1783602032095 0.42752233147621155 1805
1783602032268 0.5506806373596191 1806
1783602032417 0.22001458704471588 1807
1783602032550 0.716443657875061 1808
1783602032653 0.410534143447876 1809
1783602032763 0.4447663128376007 1810
1783602032910 0.19239848852157593 1811
1783602033066 0.11614570021629333 1812
1783602033219 0.3944612145423889 1813
1783602033358 0.5919021964073181 1814
1783602033482 0.9788867235183716 1815
1783602033642 0.11095663160085678 1816
1783602033766 0.19409899413585663 1817
1783602033926 0.2115662842988968 1818
1783602034177 0.4542526304721832 1819
1783602034337 0.20487895607948303 1820
1783602034447 0.18855372071266174 1821
1783602034609 0.5345067977905273 1822
1783602034747 0.34050512313842773 1823
1783602034888 0.25372400879859924 1824
1783602035055 0.5160652995109558 1825
1783602035412 0.23879697918891907 1826
1783602035560 0.2262076735496521 1827
1783602035683 0.21534734964370728 1828
1783602035802 0.40324047207832336 1829
1783602035917 0.2695692777633667 1830
1783602036048 0.6668625473976135 1831
1783602036185 0.19150641560554504 1832
1783602036345 0.32354554533958435 1833
1783602036646 0.21821840107440948 1834
1783602036773 0.4402124285697937 1835
1783602036910 0.4293104410171509 1836
1783602037026 0.36790570616722107 1837
1783602037173 0.35768601298332214 1838
1783602037360 0.45911747217178345 1839
1783602037504 0.31469178199768066 1840
1783602037669 0.4301246106624603 1841
1783602037902 0.536577582359314 1842
1783602038036 0.24551843106746674 1843
1783602038178 0.26907414197921753 1844
1783602038294 0.17007023096084595 1845
1783602038462 0.3648587167263031 1846
1783602038585 0.2359609156847 1847
1783602038712 0.5401421785354614 1848
1783602038840 0.3364788293838501 1849
1783602038994 0.326308012008667 1850
1783602039178 0.2686116695404053 1851
1783602039286 0.34364229440689087 1852
1783602039454 0.4964737892150879 1853
1783602039624 0.34272852540016174 1854
1783602039769 0.2245287150144577 1855
1783602039944 0.29205676913261414 1856
1783602040085 0.512456476688385 1857
1783602040221 0.466480016708374 1858
1783602040372 0.3565067946910858 1859
1783602040540 0.28846827149391174 1860
1783602040650 0.49559134244918823 1861
1783602040764 0.2994844913482666 1862
1783602040877 0.2277027815580368 1863
1783602041018 0.6032696962356567 1864
1783602041163 0.46922945976257324 1865
1783602041333 0.17868435382843018 1866
1783602041459 0.15614590048789978 1867
1783602041580 0.1408367156982422 1868
1783602041687 0.18935896456241608 1869
1783602041823 0.1172100082039833 1870
1783602041959 0.39718756079673767 1871
1783602042115 0.2769795060157776 1872
1783602042268 0.30680394172668457 1873
1783602042402 0.2753731310367584 1874
1783602043239 0.5561729073524475 1875
1783602043357 0.23308269679546356 1876
1783602043450 0.2994661033153534 1877
1783602043584 0.1623918116092682 1878
1783602043738 0.3539104759693146 1879
1783602043892 0.5336690545082092 1880
1783602043993 0.48462966084480286 1881
1783602044111 0.5915165543556213 1882
1783602044239 0.460241436958313 1883
1783602044358 0.675281286239624 1884
1783602044461 0.19905924797058105 1885
1783602044585 0.5094437599182129 1886
1783602044715 0.4307206869125366 1887
1783602044842 0.4225066304206848 1888
1783602044997 0.2483016848564148 1889
1783602045131 0.3511897027492523 1890
1783602045407 0.22366631031036377 1891
1783602045571 0.16290457546710968 1892
1783602045714 0.22548048198223114 1893
1783602045866 0.09875812381505966 1894
1783602046034 0.05486399307847023 1895
1783602046136 0.23023296892642975 1896
1783602046276 0.270435631275177 1897
1783602046454 0.30484312772750854 1898
1783602046748 0.14681941270828247 1899
1783602046897 0.253214955329895 1900
1783602047029 0.3347269296646118 1901
1783602047179 0.4295428395271301 1902
1783602047316 0.23534375429153442 1903
1783602047470 0.3050026595592499 1904
1783602047599 0.4474615752696991 1905
1783602047774 0.48326361179351807 1906
1783602047933 0.2989144027233124 1907
1783602048099 0.508721113204956 1908
1783602048253 0.30798032879829407 1909
1783602048427 0.31127220392227173 1910
1783602048584 0.28395578265190125 1911
1783602048688 0.3573993146419525 1912
1783602048854 0.41132593154907227 1913
1783602049007 0.17184457182884216 1914
1783602049203 0.13717582821846008 1915
1783602049307 0.5146389603614807 1916
1783602049456 0.3969183564186096 1917
1783602049599 0.0857805609703064 1918
1783602049733 0.15915149450302124 1919
1783602049887 0.2922012209892273 1920
1783602050013 0.3504854440689087 1921
1783602050151 0.5678936243057251 1922
1783602050304 0.09036575257778168 1923
1783602050514 0.522796630859375 1924
1783602050699 0.296758770942688 1925
1783602050850 0.4063919186592102 1926
1783602051055 0.27975136041641235 1927
1783602051205 0.17248502373695374 1928
1783602051385 0.2834944725036621 1929
1783602051553 0.2780463397502899 1930
1783602051792 0.37228670716285706 1931
1783602051963 0.3376067578792572 1932
1783602052119 0.5888059735298157 1933
1783602052255 0.3794557750225067 1934
1783602052428 0.48662886023521423 1935
1783602052608 0.5959877371788025 1936
1783602052751 0.2910917103290558 1937
1783602053121 0.467703253030777 1938
1783602053275 0.3298274278640747 1939
1783602053391 0.4355534017086029 1940
1783602053569 0.27020615339279175 1941
1783602053733 0.21285420656204224 1942
1783602053870 0.38038304448127747 1943
1783602054035 0.24409686028957367 1944
1783602054244 0.4590073525905609 1945
1783602054369 0.3251267969608307 1946
1783602054498 0.36061766743659973 1947
1783602054664 0.09097868204116821 1948
1783602054818 0.5398250222206116 1949
1783602054987 0.23920458555221558 1950
1783602055127 0.6519341468811035 1951
1783602055286 0.30473676323890686 1952
1783602055540 0.43190157413482666 1953
1783602055708 0.43425872921943665 1954
1783602055867 0.2967393398284912 1955
1783602056016 0.18122029304504395 1956
1783602056153 0.2507677674293518 1957
1783602056340 0.15410931408405304 1958
1783602056516 0.15166504681110382 1959
1783602056656 0.20578312873840332 1960
1783602056830 1.1552759408950806 1961
1783602056987 0.35075443983078003 1962
1783602057134 0.2219218611717224 1963
1783602057290 0.19298912584781647 1964
1783602057445 0.23770320415496826 1965
1783602057588 0.3852912187576294 1966
1783602057708 0.44352686405181885 1967
1783602057863 0.2883218228816986 1968
1783602058245 0.203903928399086 1969
1783602058385 0.45810580253601074 1970
1783602058566 0.2515500485897064 1971
1783602058688 0.2778416574001312 1972
1783602058834 0.12479972094297409 1973
1783602059012 0.2592298090457916 1974
1783602059157 0.39773663878440857 1975
1783602059358 0.6791669726371765 1976
1783602059529 0.31182146072387695 1977
1783602059671 0.2957552969455719 1978
1783602059775 0.32466718554496765 1979
1783602059884 0.3437812626361847 1980
1783602060032 0.361866295337677 1981
1783602060167 0.08439021557569504 1982
1783602060324 0.30518558621406555 1983
1783602060484 0.12635841965675354 1984
1783602060715 0.11829036474227905 1985
1783602060847 0.2876192629337311 1986
1783602060984 0.3010405898094177 1987
1783602061146 0.26141539216041565 1988
1783602061291 0.17372511327266693 1989
1783602061448 0.20434090495109558 1990
1783602061592 0.25016579031944275 1991
1783602061712 0.3072557747364044 1992
1783602061936 0.27799680829048157 1993
1783602062057 0.33623865246772766 1994
1783602062175 0.287474125623703 1995
1783602062277 0.060624364763498306 1996
1783602062393 0.15601779520511627 1997
1783602062559 0.2303995043039322 1998
1783602062695 0.6598681211471558 1999
1783602062851 0.4874628782272339 2000
1783602063016 0.5897780060768127 2001
1783602063297 0.18456751108169556 2002
1783602063444 0.2812241017818451 2003
1783602063646 1.032893180847168 2004
1783602063805 0.3549529016017914 2005
1783602063990 0.20498916506767273 2006
1783602064135 0.564633309841156 2007
1783602064321 0.407085657119751 2008
1783602064442 0.118458092212677 2009
1783602064585 0.33520129323005676 2010
1783602064712 0.23784281313419342 2011
1783602064884 0.1616298109292984 2012
1783602065054 0.29564544558525085 2013
1783602065198 0.7534877061843872 2014
1783602065338 0.3304382264614105 2015
1783602065489 0.1278993934392929 2016
1783602065745 0.11599182337522507 2017
1783602065909 0.28635480999946594 2018
1783602066060 0.27002233266830444 2019
1783602066200 0.9145490527153015 2020
1783602066322 0.49796009063720703 2021
1783602066490 0.203726664185524 2022
1783602066635 0.19685472548007965 2023
1783602066796 0.2572794556617737 2024
1783602067115 0.3856985867023468 2025
1783602067261 0.5233912467956543 2026
1783602067394 0.7084983587265015 2027
1783602067542 0.21070949733257294 2028
1783602067667 0.24576336145401 2029
1783602067811 0.3128471374511719 2030
1783602067974 0.22654876112937927 2031
1783602068137 0.2077237069606781 2032
1783602068274 0.24272000789642334 2033
1783602068388 0.3452480435371399 2034
1783602068508 0.3636600971221924 2035
1783602068628 0.5820884704589844 2036
1783602068752 0.5675829648971558 2037
1783602068911 0.17400309443473816 2038
1783602069053 0.28253352642059326 2039
1783602069202 0.4541643559932709 2040
1783602069366 0.2700842022895813 2041
1783602069482 0.2945981025695801 2042
1783602069660 0.2844567894935608 2043
1783602069769 0.17756851017475128 2044
1783602069865 0.45581915974617004 2045
1783602070000 0.5891680121421814 2046
1783602070168 0.11498935520648956 2047
1783602070326 0.5733234286308289 2048
1783602070487 0.19548702239990234 2049
1783602070667 0.10789821296930313 2050
1783602070827 0.2782778739929199 2051
1783602070936 0.18864472210407257 2052
1783602071029 0.1714160144329071 2053
1783602071166 0.5719153881072998 2054
1783602071247 0.7377079129219055 2055
1783602071332 0.40001222491264343 2056
1783602071413 0.31882011890411377 2057
1783602071512 0.7815513610839844 2058
1783602071588 0.2615385055541992 2059
1783602071702 0.34323614835739136 2060
1783602071821 0.23108278214931488 2061
1783602071914 0.1613139659166336 2062
1783602072002 0.27079033851623535 2063
1783602072109 0.3295157849788666 2064
1783602072190 0.24138954281806946 2065
1783602072274 0.21017509698867798 2066
1783602072375 0.2388480305671692 2067
1783602072458 0.28385043144226074 2068
1783602072618 0.26780059933662415 2069
1783602072733 0.39183467626571655 2070
1783602072835 0.109444260597229 2071
1783602072962 0.36876899003982544 2072
1783602073027 0.6180353760719299 2073
1783602073108 0.16565486788749695 2074
1783602073192 0.3081929683685303 2075
1783602073316 0.12187013775110245 2076
1783602073409 0.40514907240867615 2077
1783602073498 0.45533087849617004 2078
1783602073564 0.5193357467651367 2079
1783602073628 0.40870288014411926 2080
1783602073691 0.4298135042190552 2081
1783602073753 0.2077731192111969 2082
1783602073822 0.43000590801239014 2083
1783602073895 0.35086458921432495 2084
1783602073971 0.19591021537780762 2085
1783602074055 0.18363656103610992 2086
1783602074128 0.5388637781143188 2087
1783602074210 0.4655243754386902 2088
1783602074280 0.24379955232143402 2089
1783602074370 0.47447842359542847 2090
1783602074478 0.722725510597229 2091
1783602074578 0.1900789439678192 2092
1783602074653 0.156804621219635 2093
1783602074730 0.22149300575256348 2094
1783602074822 0.2789147198200226 2095
1783602074906 0.18424154818058014 2096
1783602075010 0.2753344476222992 2097
1783602075109 0.301586776971817 2098
1783602075219 0.24094592034816742 2099
1783602075293 0.40613853931427 2100
1783602075394 0.2507714629173279 2101
1783602075494 0.17623700201511383 2102
1783602075611 0.4917653203010559 2103
1783602075716 0.23437616229057312 2104
1783602075811 0.49974995851516724 2105
1783602075886 0.28545597195625305 2106
1783602075977 0.2439965009689331 2107
1783602076056 0.13239888846874237 2108
1783602076173 0.10124688595533371 2109
1783602076282 0.6089919805526733 2110
1783602076388 0.45262035727500916 2111
1783602076477 0.15036779642105103 2112
1783602076561 0.38679856061935425 2113
1783602076660 0.8672648668289185 2114
1783602076781 0.4671929180622101 2115
1783602076875 0.26215362548828125 2116
1783602077014 0.21761438250541687 2117
1783602077107 0.13239608705043793 2118
1783602077205 0.14137734472751617 2119
1783602077297 0.1514907032251358 2120
1783602077386 0.564052164554596 2121
1783602077500 0.14108248054981232 2122
1783602077603 0.2745989263057709 2123
1783602077715 0.6213730573654175 2124
1783602077828 0.4038473665714264 2125
1783602077919 0.24537226557731628 2126
1783602078045 0.21890603005886078 2127
1783602078108 0.21922649443149567 2128
1783602078215 0.23865407705307007 2129
1783602078358 0.38255545496940613 2130
1783602078435 0.4103754758834839 2131
1783602078539 0.22387564182281494 2132
1783602078610 0.4170796275138855 2133
1783602078704 0.08990558981895447 2134
1783602078819 0.18006083369255066 2135
1783602078897 0.1700224131345749 2136
1783602078985 0.4247604012489319 2137
1783602079115 0.5310854315757751 2138
1783602079215 0.31077122688293457 2139
1783602079302 0.14782163500785828 2140
1783602079457 0.21691952645778656 2141
1783602079651 0.44478684663772583 2142
1783602079733 0.7106000185012817 2143
1783602079828 0.09275367110967636 2144
1783602079943 0.5289842486381531 2145
1783602080052 0.17152585089206696 2146
1783602080141 0.5722075700759888 2147
1783602080247 0.6187512874603271 2148
1783602080347 0.3249363303184509 2149
1783602080453 0.36233416199684143 2150
1783602080559 0.20693117380142212 2151
1783602080660 0.3480156660079956 2152
1783602080762 0.14686505496501923 2153
1783602080874 0.4332188665866852 2154
1783602080964 0.29117873311042786 2155
1783602081061 0.3943210244178772 2156
1783602081146 0.3767741918563843 2157
1783602081265 0.44959065318107605 2158
1783602081342 0.23258839547634125 2159
1783602081452 0.5307332873344421 2160
1783602081529 0.2748888432979584 2161
1783602081623 0.46566253900527954 2162
1783602081735 0.09387975931167603 2163
1783602081823 0.4203096330165863 2164
1783602081911 0.36565953493118286 2165
1783602082006 0.2913801372051239 2166
1783602082121 0.12482000142335892 2167
1783602082224 0.3230188488960266 2168
1783602082304 0.19010807573795319 2169
1783602082397 0.504757285118103 2170
1783602082477 0.5764538049697876 2171
1783602082556 0.47433027625083923 2172
1783602082651 0.25771278142929077 2173
1783602082766 0.4345531165599823 2174
1783602082858 0.7252680659294128 2175
1783602082992 0.36702701449394226 2176
1783602083072 0.39656707644462585 2177
1783602083171 0.41836974024772644 2178
1783602083300 0.16868101060390472 2179
1783602083450 0.2116570919752121 2180
1783602083535 0.11150376498699188 2181
1783602083633 0.5292437672615051 2182
1783602083717 0.2640988528728485 2183
1783602083813 0.3846750557422638 2184
1783602083888 0.48110806941986084 2185
1783602083982 0.35782045125961304 2186
1783602084117 0.31531286239624023 2187
1783602084255 0.13213762640953064 2188
1783602084381 0.3586849570274353 2189
1783602084444 0.27595797181129456 2190
1783602084516 0.1955200433731079 2191
1783602084647 0.41103360056877136 2192
1783602084727 0.2515580654144287 2193
1783602084818 0.4055311381816864 2194
1783602084904 0.43209168314933777 2195
1783602084983 0.2893548309803009 2196
1783602085120 0.07948946207761765 2197
1783602085248 0.2918258011341095 2198
1783602085362 0.26226183772087097 2199
1783602085473 0.22503525018692017 2200
1783602085545 0.23799610137939453 2201
1783602085644 0.2282981276512146 2202
1783602085746 0.2876693308353424 2203
1783602085819 0.14679057896137238 2204
1783602085896 0.35772791504859924 2205
1783602086009 0.5517957806587219 2206
1783602086099 0.18030111491680145 2207
1783602086196 0.43606361746788025 2208
1783602086265 0.2764289677143097 2209
1783602086344 0.20023885369300842 2210
1783602086459 0.3288632929325104 2211
1783602086564 0.6089175343513489 2212
1783602086685 0.06914705783128738 2213
1783602086809 0.34130188822746277 2214
1783602086910 0.24305100739002228 2215
1783602086999 0.37380385398864746 2216
1783602087087 0.23330090939998627 2217
1783602087215 0.293540894985199 2218
1783602087326 0.17612849175930023 2219
1783602087412 0.1722068041563034 2220
1783602087483 0.6792808771133423 2221
1783602087554 0.3262235224246979 2222
1783602087619 0.6340563893318176 2223
1783602087737 0.2319263368844986 2224
1783602087857 0.1992558389902115 2225
1783602087974 0.3970683217048645 2226
1783602088077 0.37888163328170776 2227
1783602088157 0.5153887867927551 2228
1783602088273 0.3958359658718109 2229
1783602088392 0.5434653162956238 2230
1783602088479 0.6908019781112671 2231
1783602088573 0.43521180748939514 2232
1783602088655 0.5396374464035034 2233
1783602088728 0.3760097622871399 2234
1783602088803 0.24362565577030182 2235
1783602088879 0.37198880314826965 2236
1783602088986 0.37033453583717346 2237
1783602089071 0.4963912069797516 2238
1783602089207 0.5068151354789734 2239
1783602089336 0.16641974449157715 2240
1783602089465 0.37378695607185364 2241
1783602089599 0.43648257851600647 2242
1783602089717 0.44363921880722046 2243
1783602089843 0.3591766953468323 2244
1783602089920 0.2836892604827881 2245
1783602090025 0.2129039168357849 2246
1783602090116 0.3683225214481354 2247
1783602090217 0.34490787982940674 2248
1783602090334 0.34996768832206726 2249
1783602090415 0.5804501175880432 2250
1783602090517 0.6400943398475647 2251
1783602090631 0.4059654772281647 2252
1783602090744 0.35781148076057434 2253
1783602090837 0.1732710748910904 2254
1783602090962 0.15096090734004974 2255
1783602091072 0.3545592427253723 2256
1783602091152 0.3806372582912445 2257
1783602091226 0.11789281666278839 2258
1783602091294 0.3041432797908783 2259
1783602091403 0.2976821959018707 2260
1783602091512 0.47336679697036743 2261
1783602091630 0.5671213865280151 2262
1783602091709 0.6610216498374939 2263
1783602091787 0.39986738562583923 2264
1783602091875 0.11450416594743729 2265
1783602091967 0.18021607398986816 2266
1783602092041 0.32475292682647705 2267
1783602092128 0.3420669138431549 2268
1783602092220 0.419321209192276 2269
1783602092315 0.2701510190963745 2270
1783602092416 0.15021708607673645 2271
1783602092494 0.7192081212997437 2272
1783602092566 0.28159672021865845 2273
1783602092655 0.5055397748947144 2274
1783602092730 0.13308101892471313 2275
1783602092816 0.5434329509735107 2276
1783602092918 0.15316477417945862 2277
1783602092989 0.12267068028450012 2278
1783602093079 0.34283196926116943 2279
1783602093171 0.4858844578266144 2280
1783602093262 0.2026854306459427 2281
1783602093347 0.40826261043548584 2282
1783602093428 0.18565382063388824 2283
1783602093532 0.18469743430614471 2284
1783602093608 0.4033147096633911 2285
1783602093689 0.08761641383171082 2286
1783602093774 0.2104971706867218 2287
1783602093860 0.2632778584957123 2288
1783602093957 0.1358911395072937 2289
1783602094041 0.2829446494579315 2290
1783602094117 0.3745271563529968 2291
1783602094198 0.21169742941856384 2292
1783602094286 0.4112173616886139 2293
1783602094364 0.4202507734298706 2294
1783602094444 0.9132692813873291 2295
1783602094507 0.5350731611251831 2296
1783602094591 0.12130674719810486 2297
1783602094680 0.36557120084762573 2298
1783602094768 0.2728693187236786 2299
1783602094857 0.38597390055656433 2300
1783602094936 0.4050005376338959 2301
1783602095008 0.5761548280715942 2302
1783602095084 0.5179013013839722 2303
1783602095165 0.16983839869499207 2304
1783602095232 0.24579593539237976 2305
1783602095303 0.14751440286636353 2306
1783602095384 0.4477739632129669 2307
1783602095466 0.3600175678730011 2308
1783602095552 0.5308255553245544 2309
1783602095635 0.45585837960243225 2310
1783602095719 0.22287306189537048 2311
1783602095804 0.4177455008029938 2312
1783602095888 0.10898914933204651 2313
1783602096071 0.25762155652046204 2314
1783602096163 0.3470027446746826 2315
1783602096237 0.2702421247959137 2316
1783602096312 0.37818214297294617 2317
1783602096389 0.20676028728485107 2318
1783602096472 0.419471800327301 2319
1783602096553 0.237274169921875 2320
1783602096678 0.43036314845085144 2321
1783602096745 0.172094464302063 2322
1783602096813 0.22681567072868347 2323
1783602096880 0.3787522614002228 2324
1783602096944 0.2457100749015808 2325
1783602097004 0.2254990190267563 2326
1783602097076 0.19158726930618286 2327
1783602097155 0.28696179389953613 2328
1783602097252 0.12516410648822784 2329
1783602097353 0.04849115386605263 2330
1783602097426 0.15486158430576324 2331
1783602097481 0.3279130458831787 2332
1783602097554 0.31681662797927856 2333
1783602097642 0.2470250278711319 2334
1783602097722 0.20195931196212769 2335
1783602097819 0.4248740077018738 2336
1783602097892 0.16064779460430145 2337
1783602097983 0.09466326981782913 2338
1783602098055 0.291810005903244 2339
1783602098145 0.19559358060359955 2340
1783602098207 0.22781796753406525 2341
1783602098307 0.5716826915740967 2342
1783602098364 0.09493052214384079 2343
1783602098457 0.17590834200382233 2344
1783602098542 0.12722505629062653 2345
1783602098636 0.5547198057174683 2346
1783602098710 0.12040368467569351 2347
1783602098797 0.23325854539871216 2348
1783602098864 0.40225788950920105 2349
1783602098957 0.44057002663612366 2350
1783602099035 0.6648431420326233 2351
1783602099129 0.31746330857276917 2352
1783602099219 0.46445947885513306 2353
1783602099300 0.062067076563835144 2354
1783602099394 0.38571393489837646 2355
1783602099462 0.26653093099594116 2356
1783602099557 0.2855037748813629 2357
1783602099639 0.26225122809410095 2358
1783602099720 0.4280969798564911 2359
1783602099833 0.3018292784690857 2360
1783602099929 0.26888740062713623 2361
1783602099999 0.40113702416419983 2362
1783602100075 0.7300111055374146 2363
1783602100168 0.2833203971385956 2364
1783602100247 0.06351035088300705 2365
1783602100323 1.0117502212524414 2366
1783602100402 0.49186933040618896 2367
1783602100497 0.5661624073982239 2368
1783602100559 0.1754094660282135 2369
1783602100645 0.4151191711425781 2370
1783602100710 0.4801081120967865 2371
1783602100786 0.14303377270698547 2372
1783602100867 0.195656418800354 2373
1783602100933 0.5256020426750183 2374
1783602101034 0.26839905977249146 2375
1783602101117 0.3112149238586426 2376
1783602101208 0.14412035048007965 2377
1783602101260 0.26260387897491455 2378
1783602101344 0.3431374728679657 2379
1783602101411 0.3412150740623474 2380
1783602101513 0.1876673400402069 2381
1783602101586 0.48935407400131226 2382
1783602101680 0.19497711956501007 2383
1783602101757 0.17830999195575714 2384
1783602101835 0.7026358246803284 2385
1783602101933 0.43954578042030334 2386
1783602102000 0.18373897671699524 2387
1783602102069 0.12442971020936966 2388
1783602102154 0.18242421746253967 2389
1783602102227 0.2524240016937256 2390
1783602102314 0.2760385572910309 2391
1783602102386 0.2999149262905121 2392
1783602102485 0.33744731545448303 2393
1783602102561 0.6185558438301086 2394
1783602102666 0.6165683269500732 2395
1783602102758 0.5092270970344543 2396
1783602102837 0.3535178303718567 2397
1783602102930 0.18980194628238678 2398
1783602103033 0.4191824197769165 2399
1783602103123 0.44705528020858765 2400
1783602103209 0.2485344558954239 2401
1783602103286 0.18262572586536407 2402
1783602103364 0.17867295444011688 2403
1783602103470 0.298729807138443 2404
1783602103558 0.2180551439523697 2405
1783602103659 0.15370862185955048 2406
1783602103750 0.30383211374282837 2407
1783602103846 0.47674089670181274 2408
1783602103930 0.166892409324646 2409
1783602104004 0.108885757625103 2410
1783602104075 0.2986074388027191 2411
1783602104168 0.1600106805562973 2412
1783602104245 0.3814334571361542 2413
1783602104332 0.38163426518440247 2414
1783602104400 0.26056215167045593 2415
1783602104476 0.4752562344074249 2416
1783602104538 0.27088308334350586 2417
1783602104604 0.5833035111427307 2418
1783602104676 0.23615655303001404 2419
1783602104758 0.1886918693780899 2420
1783602104865 0.4018312692642212 2421
1783602104936 0.12640953063964844 2422
1783602105019 0.2029813975095749 2423
1783602105092 0.4766342043876648 2424
1783602105203 0.474061518907547 2425
1783602105335 0.09950926154851913 2426
1783602105478 0.4019302725791931 2427
1783602105586 0.4751627445220947 2428
1783602105657 0.2509065866470337 2429
1783602105771 0.14112403988838196 2430
1783602105868 0.2720322906970978 2431
1783602105976 0.2262125313282013 2432
1783602106070 0.14300113916397095 2433
1783602106178 0.24267707765102386 2434
1783602106266 0.16816626489162445 2435
1783602106366 0.41999658942222595 2436
1783602106428 0.12537537515163422 2437
1783602106512 0.30492833256721497 2438
1783602106606 0.16630809009075165 2439
1783602106734 0.31010860204696655 2440
1783602106826 0.09215473383665085 2441
1783602106896 0.6320192813873291 2442
1783602106969 0.37951329350471497 2443
1783602107047 0.11340708285570145 2444
1783602107151 0.0657254308462143 2445
1783602107301 0.3092630207538605 2446
1783602107360 0.6024746894836426 2447
1783602107429 0.20495037734508514 2448
1783602107503 0.17874164879322052 2449
1783602107582 0.31656062602996826 2450
1783602107674 0.3036048412322998 2451
1783602107769 0.8104052543640137 2452
1783602107854 0.5988131165504456 2453
1783602107946 0.31211066246032715 2454
1783602108020 0.3091840147972107 2455
1783602108126 0.12348911911249161 2456
1783602108215 0.23537616431713104 2457
1783602108331 0.4254717230796814 2458
1783602108421 0.7246966361999512 2459
1783602108570 0.36488476395606995 2460
1783602108634 0.2455567717552185 2461
1783602108716 0.3881944417953491 2462
1783602108817 0.22137261927127838 2463
1783602108930 0.3458472788333893 2464
1783602109034 0.3124798536300659 2465
1783602109147 0.12608058750629425 2466
1783602109232 0.174911230802536 2467
1783602109351 0.18088257312774658 2468
1783602109474 0.4521797299385071 2469
1783602109564 0.3964875042438507 2470
1783602109692 0.22907942533493042 2471
1783602109782 0.32787975668907166 2472
1783602109871 0.2662336230278015 2473
1783602109946 0.43335288763046265 2474
1783602110050 0.2579902112483978 2475
1783602110146 0.17290589213371277 2476
1783602110240 0.36644983291625977 2477
1783602110321 0.17782899737358093 2478
1783602110430 0.23263143002986908 2479
1783602110518 0.20464032888412476 2480
1783602110610 0.49433374404907227 2481
1783602110693 0.3557218611240387 2482
1783602110806 0.573178768157959 2483
1783602110901 0.4517934322357178 2484
1783602111012 0.43605804443359375 2485
1783602111097 0.6048121452331543 2486
1783602111205 0.262846440076828 2487
1783602111283 0.30906522274017334 2488
1783602111351 0.47870171070098877 2489
1783602111428 0.06926422566175461 2490
1783602111509 0.3099956512451172 2491
1783602111629 0.4104533791542053 2492
1783602111780 0.5949535369873047 2493
1783602111862 0.16681642830371857 2494
1783602111957 0.41273194551467896 2495
1783602112046 0.0806647464632988 2496
1783602112136 0.6518464088439941 2497
1783602112202 0.49010205268859863 2498
1783602112296 0.38636234402656555 2499
1783602112382 0.5266897082328796 2500
1783602112463 0.1976688951253891 2501
1783602112558 0.25384700298309326 2502
1783602112623 0.6587757468223572 2503
1783602112717 0.29254990816116333 2504
1783602112832 0.06510870903730392 2505
1783602112942 0.44900089502334595 2506
1783602113001 0.36532101035118103 2507
1783602113079 0.2646871507167816 2508
1783602113162 0.13357017934322357 2509
1783602113247 0.34856441617012024 2510
1783602113326 0.2809825539588928 2511
1783602113403 0.45286354422569275 2512
1783602113498 0.17651624977588654 2513
1783602113569 0.39147675037384033 2514
1783602113660 0.6218103170394897 2515
1783602113723 0.40267831087112427 2516
1783602113816 0.2584422826766968 2517
1783602113904 0.3656654357910156 2518
1783602114045 0.3531540632247925 2519
1783602114163 0.27547401189804077 2520
1783602114253 0.3143332898616791 2521
1783602114380 0.364585280418396 2522
1783602114443 0.35517755150794983 2523
1783602114507 0.40689530968666077 2524
1783602114596 0.41374319791793823 2525
1783602114680 0.27701714634895325 2526
1783602114786 0.25904470682144165 2527
1783602114902 0.34319764375686646 2528
1783602115012 0.3823109567165375 2529
1783602115098 0.26818573474884033 2530
1783602115212 0.24473805725574493 2531
1783602115302 0.2839921712875366 2532
1783602115393 0.2992471158504486 2533
1783602115464 0.29470062255859375 2534
1783602115554 0.6802562475204468 2535
1783602115624 0.22666455805301666 2536
1783602115703 0.2751248776912689 2537
1783602115805 0.1103886067867279 2538
1783602115879 0.3078821897506714 2539
1783602116018 0.22968702018260956 2540
1783602116094 0.1341453641653061 2541
1783602116173 0.2462378591299057 2542
1783602116258 0.39167335629463196 2543
1783602116390 0.4172469675540924 2544
1783602116487 0.22075915336608887 2545
1783602116577 0.39050132036209106 2546
1783602116658 0.595760703086853 2547
1783602116779 0.33046695590019226 2548
1783602116864 0.8647946715354919 2549
1783602116950 0.22265633940696716 2550
1783602117026 0.11210465431213379 2551
1783602117164 0.28981444239616394 2552
1783602117333 0.5992686152458191 2553
1783602117426 0.22469595074653625 2554
1783602117506 0.30793657898902893 2555
1783602117626 0.48772990703582764 2556
1783602117725 0.18011951446533203 2557
1783602117841 0.8615638017654419 2558
1783602117942 0.5492837429046631 2559
1783602118042 0.259024441242218 2560
1783602118127 0.24992118775844574 2561
1783602118213 0.3573361039161682 2562
1783602118290 0.545628011226654 2563
1783602118380 0.22748471796512604 2564
1783602118473 1.2806470394134521 2565
1783602118545 0.1832624226808548 2566
1783602118627 0.3086865246295929 2567
1783602118703 0.20757675170898438 2568
1783602118770 0.3416747450828552 2569
1783602118873 0.24102900922298431 2570
1783602118956 0.20387227833271027 2571
1783602119031 0.6918919682502747 2572
1783602119159 0.16750787198543549 2573
1783602119244 0.2339455783367157 2574
1783602119355 0.21440882980823517 2575
1783602119479 0.09554435312747955 2576
1783602119584 0.4551581144332886 2577
1783602119690 0.3151991367340088 2578
1783602119823 0.20960164070129395 2579
1783602119930 0.47657474875450134 2580
1783602120032 0.3191313147544861 2581
1783602120145 0.09227492660284042 2582
1783602120264 0.22165967524051666 2583
1783602120362 0.37934181094169617 2584
1783602120474 0.11174158751964569 2585
1783602120572 0.14500130712985992 2586
1783602120683 0.24084651470184326 2587
1783602120783 0.5956542491912842 2588
1783602120910 0.5074881911277771 2589
1783602121034 0.2571428120136261 2590
1783602121125 0.21107728779315948 2591
1783602121235 0.3702886402606964 2592
1783602121295 0.22269724309444427 2593
1783602121396 0.26345235109329224 2594
1783602121492 0.2774311602115631 2595
1783602121575 0.09190698713064194 2596
1783602121661 0.18206948041915894 2597
1783602121744 0.44725582003593445 2598
1783602121870 0.4351819157600403 2599
1783602121975 0.42199456691741943 2600
1783602122103 0.24023064970970154 2601
1783602122222 0.469406396150589 2602
1783602122308 0.2605856955051422 2603
1783602122401 0.5625201463699341 2604
1783602122492 0.23272307217121124 2605
1783602122592 0.587666392326355 2606
1783602122684 0.5882651209831238 2607
1783602122762 0.376995325088501 2608
1783602122822 0.25048547983169556 2609
1783602122892 0.31585729122161865 2610
1783602122981 0.21971191465854645 2611
1783602123076 0.369210422039032 2612
1783602123165 0.3938988447189331 2613
1783602123280 0.34554964303970337 2614
1783602123364 0.14908121526241302 2615
1783602123487 0.6418415904045105 2616
1783602123565 0.4996491074562073 2617
1783602123646 0.2421707808971405 2618
1783602123732 0.5009037852287292 2619
1783602123810 0.22784586250782013 2620
1783602123884 0.11301786452531815 2621
1783602124002 0.6304178237915039 2622
1783602124102 0.23881210386753082 2623
1783602124184 0.13977178931236267 2624
1783602124307 0.20372119545936584 2625
1783602124392 0.18403834104537964 2626
1783602124468 0.4453699588775635 2627
1783602124546 0.286383718252182 2628
1783602124650 0.1232101172208786 2629
1783602124778 0.15239261090755463 2630
1783602124867 0.4559975564479828 2631
1783602124960 0.25150126218795776 2632
1783602125042 0.25149014592170715 2633
1783602125133 0.3424863815307617 2634
1783602125232 0.3067221939563751 2635
1783602125352 0.26570039987564087 2636
1783602125453 0.31000587344169617 2637
1783602125558 0.32656919956207275 2638
1783602125629 0.1945585310459137 2639
1783602125736 0.1918838769197464 2640
1783602125833 0.3181512653827667 2641
1783602125937 0.2467333823442459 2642
1783602126025 0.5787844061851501 2643
1783602126223 0.3328697681427002 2644
1783602126304 0.3926222324371338 2645
1783602126409 0.20753194391727448 2646
1783602126497 0.10576625913381577 2647
1783602126599 0.19967111945152283 2648
1783602126713 0.3358001708984375 2649
1783602126794 0.48894980549812317 2650
1783602126899 0.3200892210006714 2651
1783602126979 0.2707347869873047 2652
1783602127122 0.23860163986682892 2653
1783602127239 0.15348124504089355 2654
1783602127331 0.46429911255836487 2655
1783602127485 0.2278270572423935 2656
1783602127576 0.31761956214904785 2657
1783602127673 0.2180916965007782 2658
1783602127756 0.6508108377456665 2659
1783602127843 0.31644701957702637 2660
1783602127940 0.35424163937568665 2661
1783602128050 0.3438190221786499 2662
1783602128142 0.4119223952293396 2663
1783602128239 0.4383537471294403 2664
1783602128325 0.1942698359489441 2665
1783602128402 0.19427259266376495 2666
1783602128501 0.10577771812677383 2667
1783602128614 0.21873754262924194 2668
1783602128690 0.41635170578956604 2669
1783602128785 0.37592852115631104 2670
1783602128877 0.693636417388916 2671
1783602128950 0.24601797759532928 2672
1783602129038 0.27409911155700684 2673
1783602129138 0.18027687072753906 2674
1783602129205 0.2286432832479477 2675
1783602129282 0.10386783629655838 2676
1783602129390 0.23706865310668945 2677
1783602129497 0.3578479588031769 2678
1783602129620 0.4884723126888275 2679
1783602129740 0.2522767186164856 2680
1783602129809 0.4456018805503845 2681
1783602129887 0.4174589514732361 2682
1783602129947 0.29264819622039795 2683
1783602130021 0.4872611165046692 2684
1783602130100 0.23104335367679596 2685
1783602130205 0.10417913645505905 2686
1783602130319 0.4506193697452545 2687
1783602130431 0.24723343551158905 2688
1783602130519 0.321783185005188 2689
1783602130606 0.20557989180088043 2690
1783602130702 0.3350752294063568 2691
1783602130774 0.7169058322906494 2692
1783602130844 0.5042983889579773 2693
1783602130909 0.2491159737110138 2694
1783602130976 0.5491645932197571 2695
1783602131046 0.1368771344423294 2696
1783602131140 0.22726741433143616 2697
1783602131222 0.34302762150764465 2698
1783602131311 0.18985852599143982 2699
1783602131380 0.9931464195251465 2700
1783602131473 0.299906849861145 2701
1783602131571 0.20618411898612976 2702
1783602131673 0.5016102194786072 2703
1783602131784 0.5643731951713562 2704
1783602131850 0.13338014483451843 2705
1783602131938 0.360126256942749 2706
1783602132014 0.1907622367143631 2707
1783602132109 0.12203563004732132 2708
1783602132194 0.26783615350723267 2709
1783602132281 0.17894840240478516 2710
1783602132388 0.2612795829772949 2711
1783602132480 0.2932080328464508 2712
1783602132563 0.24789808690547943 2713
1783602132651 0.4167962372303009 2714
1783602132729 0.24245382845401764 2715
1783602132809 0.23941652476787567 2716
1783602132890 0.42534559965133667 2717
1783602132996 0.06561573594808578 2718
1783602133067 0.24902305006980896 2719
1783602133145 0.18838419020175934 2720
1783602133248 0.5168150663375854 2721
1783602133355 0.19756051898002625 2722
1783602133474 0.37474724650382996 2723
1783602133559 0.6340791583061218 2724
1783602133653 0.26262789964675903 2725
1783602133733 0.49363481998443604 2726
1783602133819 0.3197909891605377 2727
1783602133899 0.4295768141746521 2728
1783602133970 0.2827296555042267 2729
1783602134047 0.2600904107093811 2730
1783602134126 0.4040757417678833 2731
1783602134199 0.4004179835319519 2732
1783602134345 0.16938403248786926 2733
1783602134411 0.46269160509109497 2734
1783602134478 0.16579757630825043 2735
1783602134568 0.24265706539154053 2736
1783602134630 0.638644278049469 2737
1783602134695 0.3660157322883606 2738
1783602134755 0.673677384853363 2739
1783602134824 0.44343629479408264 2740
1783602134892 0.37677356600761414 2741
1783602134956 0.37306785583496094 2742
1783602135060 0.2814111113548279 2743
1783602135134 0.413057804107666 2744
1783602135196 0.5020810961723328 2745
1783602135279 0.12560877203941345 2746
1783602135383 0.3178609609603882 2747
1783602135475 0.5263809561729431 2748
1783602135563 0.08338715136051178 2749
1783602135630 0.7301682829856873 2750
1783602135702 0.061963967978954315 2751
1783602135801 0.23845933377742767 2752
1783602135905 0.2514049708843231 2753
1783602135980 0.4644463062286377 2754
1783602136051 0.408499538898468 2755
1783602136155 0.1783742606639862 2756
1783602136246 0.43018871545791626 2757
1783602136346 0.21246479451656342 2758
1783602136427 0.723402738571167 2759
1783602136504 0.25188228487968445 2760
1783602136572 0.46730515360832214 2761
1783602136651 0.2828698754310608 2762
1783602136723 0.2892862558364868 2763
1783602136806 0.26572293043136597 2764
1783602136914 0.2826700508594513 2765
1783602137020 0.25216153264045715 2766
1783602137118 0.1451243758201599 2767
1783602137195 0.25111791491508484 2768
1783602137283 0.3379969298839569 2769
1783602137391 0.40621501207351685 2770
1783602137453 0.3100242614746094 2771
1783602137551 0.32817786931991577 2772
1783602137625 0.6304068565368652 2773
1783602137731 0.3300672471523285 2774
1783602137842 0.2304541915655136 2775
1783602137940 0.6285284757614136 2776
1783602138027 0.22884996235370636 2777
1783602138119 0.16367655992507935 2778
1783602138244 0.3686361312866211 2779
1783602138363 0.5919202566146851 2780
1783602138475 0.15382592380046844 2781
1783602138611 0.23351046442985535 2782
1783602138715 0.4935755431652069 2783
1783602138786 0.3050188422203064 2784
1783602138872 0.2084924578666687 2785
1783602138934 0.3323977589607239 2786
1783602139063 0.3411424458026886 2787
1783602139164 0.33553266525268555 2788
1783602139277 0.21900402009487152 2789
1783602139364 0.3644739091396332 2790
1783602139484 0.2120136320590973 2791
1783602139563 0.12025512754917145 2792
1783602139694 0.218912735581398 2793
1783602139786 0.5927973985671997 2794
1783602139915 0.45068496465682983 2795
1783602140023 0.3021351099014282 2796
1783602140130 0.35548362135887146 2797
1783602140217 0.1529293954372406 2798
1783602140309 0.30025970935821533 2799
1783602140397 0.6351651549339294 2800
1783602140501 0.40599122643470764 2801
1783602140577 0.15358534455299377 2802
1783602140682 0.19344933331012726 2803
1783602140784 0.32561904191970825 2804
1783602140871 0.20220303535461426 2805
1783602140977 0.377871036529541 2806
1783602141076 0.3504555821418762 2807
1783602141157 0.16970647871494293 2808
1783602141261 0.2554309368133545 2809
1783602141346 0.1373293250799179 2810
1783602141452 0.31996190547943115 2811
1783602141530 0.11946027725934982 2812
1783602141631 0.2591474950313568 2813
1783602141741 0.21091662347316742 2814
1783602141871 0.1409476399421692 2815
1783602141988 0.2800380289554596 2816
1783602142069 0.08718880265951157 2817
1783602142180 0.48647189140319824 2818
1783602142287 0.3410794138908386 2819
1783602142375 0.22160665690898895 2820
1783602142447 0.5401873588562012 2821
1783602142533 0.21074257791042328 2822
1783602142617 0.28349050879478455 2823
1783602142710 0.22502556443214417 2824
1783602142789 0.06448487192392349 2825
1783602142900 0.2867899537086487 2826
1783602142985 0.3838420510292053 2827
1783602143083 0.32208532094955444 2828
1783602143177 0.4215168058872223 2829
1783602143286 0.19198408722877502 2830
1783602143391 0.2146226167678833 2831
1783602143496 0.608090341091156 2832
1783602143607 0.134112149477005 2833
1783602143693 0.17157945036888123 2834
1783602143800 0.24766653776168823 2835
1783602143898 0.22658585011959076 2836
1783602143998 0.3986336886882782 2837
1783602144094 0.22976981103420258 2838
1783602144208 0.6176351308822632 2839
1783602144286 0.2153211534023285 2840
1783602144370 0.3170616030693054 2841
1783602144439 0.6348639130592346 2842
1783602144504 0.2724890410900116 2843
1783602144583 0.3232302963733673 2844
1783602144685 0.21009878814220428 2845
1783602144767 0.37814828753471375 2846
1783602144867 0.17678654193878174 2847
1783602144973 0.17504797875881195 2848
1783602145114 0.3587081730365753 2849
1783602145194 0.5625576376914978 2850
1783602145290 0.39203041791915894 2851
1783602145388 0.37722283601760864 2852
1783602145474 0.21750086545944214 2853
1783602145551 0.4947735071182251 2854
1783602145652 0.44579121470451355 2855
1783602145753 0.23333756625652313 2856
1783602145842 0.21823805570602417 2857
1783602145919 0.617907702922821 2858
1783602145996 0.16524967551231384 2859
1783602146066 0.25712984800338745 2860
1783602146173 0.40541738271713257 2861
1783602146253 0.18799719214439392 2862
1783602146353 0.18108361959457397 2863
1783602146441 0.4190514087677002 2864
1783602146515 0.23393893241882324 2865
1783602146587 0.632041335105896 2866
1783602146684 0.15149886906147003 2867
1783602146761 0.09975497424602509 2868
1783602146844 0.5249195694923401 2869
1783602146958 0.21130074560642242 2870
1783602147039 0.3775425851345062 2871
1783602147148 0.3961677849292755 2872
1783602147253 0.22827894985675812 2873
1783602147373 0.33427682518959045 2874
1783602147481 0.6734043955802917 2875
1783602147591 0.6415046453475952 2876
1783602147695 0.19701404869556427 2877
1783602147777 0.4293898046016693 2878
1783602147846 0.26068657636642456 2879
1783602147951 0.45574167370796204 2880
1783602148041 0.38934606313705444 2881
1783602148116 0.5543221235275269 2882
1783602148199 0.48308065533638 2883
1783602148298 0.21850980818271637 2884
1783602148400 0.2036389857530594 2885
1783602148528 0.4586781859397888 2886
1783602148641 0.3409659266471863 2887
1783602148710 0.26401886343955994 2888
1783602148842 0.33707523345947266 2889
1783602148931 0.3212053179740906 2890
1783602149047 0.4131925702095032 2891
1783602149134 0.23942777514457703 2892
1783602149245 0.23884759843349457 2893
1783602149323 0.2057681381702423 2894
1783602149401 0.346165269613266 2895
1783602149483 0.341747909784317 2896
1783602149566 0.2947380840778351 2897
1783602149643 0.4950754940509796 2898
1783602149729 0.40555208921432495 2899
1783602149826 0.18612203001976013 2900
1783602149948 0.2992161810398102 2901
1783602150036 0.4419441223144531 2902
1783602150155 0.1488528698682785 2903
1783602150243 0.7212736010551453 2904
1783602150330 0.4202490448951721 2905
1783602150402 0.31915581226348877 2906
1783602150513 0.6709243655204773 2907
1783602150602 0.2091522514820099 2908
1783602150708 0.32122623920440674 2909
1783602150802 0.14805078506469727 2910
1783602150872 0.35277196764945984 2911
1783602150950 0.2196160852909088 2912
1783602151053 0.3822431266307831 2913
1783602151134 0.3638252913951874 2914
1783602151234 0.4817463457584381 2915
1783602151303 0.3100202977657318 2916
1783602151380 0.2723690867424011 2917
1783602151518 0.28044918179512024 2918
1783602151575 0.3010185956954956 2919
1783602151680 0.41556304693222046 2920
1783602151787 0.22802302241325378 2921
1783602151887 0.36715424060821533 2922
1783602151992 0.4101647734642029 2923
1783602152083 0.42307335138320923 2924
1783602152201 0.2662292420864105 2925
1783602152350 0.3294915556907654 2926
1783602152441 0.3874634802341461 2927
1783602152528 0.21265582740306854 2928
1783602152614 0.28143030405044556 2929
1783602152701 0.16341502964496613 2930
1783602152820 0.4442262053489685 2931
1783602152889 0.21902915835380554 2932
1783602152967 0.13108281791210175 2933
1783602153030 0.21355751156806946 2934
1783602153121 0.4092623293399811 2935
1783602153205 0.5890347957611084 2936
1783602153309 0.31462642550468445 2937
1783602153406 0.22831983864307404 2938
1783602153525 0.6716416478157043 2939
1783602153600 0.2347424477338791 2940
1783602153705 0.5815411806106567 2941
1783602153843 0.19986706972122192 2942
1783602153964 0.2533707916736603 2943
1783602154050 0.14765159785747528 2944
1783602154150 0.3504708707332611 2945
1783602154249 0.3390156924724579 2946
1783602154359 0.2488204836845398 2947
1783602154429 0.288723349571228 2948
1783602154498 0.30089065432548523 2949
1783602154592 0.7590665817260742 2950
1783602154698 0.18146738409996033 2951
1783602154817 0.15242597460746765 2952
1783602154916 0.14870409667491913 2953
1783602155015 0.6531510353088379 2954
1783602155098 0.12443424761295319 2955
1783602155225 0.3437223434448242 2956
1783602155356 0.3183450996875763 2957
1783602155466 0.546999990940094 2958
1783602155542 0.20601627230644226 2959
1783602155631 0.19267024099826813 2960
1783602155716 0.2247730940580368 2961
1783602155792 0.5122864246368408 2962
1783602155895 0.26994648575782776 2963
1783602155981 0.68909752368927 2964
1783602156063 0.21720395982265472 2965
1783602156153 0.11861126124858856 2966
1783602156236 0.1670522689819336 2967
1783602156344 0.24328157305717468 2968
1783602156473 0.27156010270118713 2969
1783602156576 0.2712644934654236 2970
1783602156654 0.48257654905319214 2971
1783602156731 0.10755246877670288 2972
1783602156814 0.22122591733932495 2973
1783602156898 0.4858396351337433 2974
1783602157010 0.5747573375701904 2975
1783602157134 0.3588770925998688 2976
1783602157241 0.19695554673671722 2977
1783602157383 0.26447340846061707 2978
1783602157509 0.5626997947692871 2979
1783602157596 0.45866429805755615 2980
1783602157715 0.3054763972759247 2981
1783602157838 0.3772914409637451 2982
1783602157905 0.5566731095314026 2983
1783602157977 0.2240387499332428 2984
1783602158062 0.722438633441925 2985
1783602158157 0.20200853049755096 2986
1783602158240 0.17564164102077484 2987
1783602158344 0.8018907904624939 2988
1783602158427 0.3079259693622589 2989
1783602158568 0.41837990283966064 2990
1783602158678 0.2956297993659973 2991
1783602158752 0.5580382347106934 2992
1783602158850 0.5825894474983215 2993
1783602158963 0.7593452334403992 2994
1783602159124 0.29639002680778503 2995
1783602159192 0.7467919588088989 2996
1783602159277 0.5905306339263916 2997
1783602159349 0.6434223651885986 2998
1783602159451 0.41986119747161865 2999
1783602159557 0.17847460508346558 3000
1783602159693 0.3525554835796356 3001
1783602159787 0.16744570434093475 3002
1783602159879 0.34217894077301025 3003
1783602159965 0.6198208928108215 3004
1783602160069 0.24512816965579987 3005
1783602160159 0.31254562735557556 3006
1783602160309 0.4242180585861206 3007
1783602160392 0.40458524227142334 3008
1783602160507 0.3735852539539337 3009
1783602160581 0.13667158782482147 3010
1783602160652 0.4836586117744446 3011
1783602160736 0.22298118472099304 3012
1783602160837 0.24655050039291382 3013
1783602160918 0.34750622510910034 3014
1783602161008 0.15248733758926392 3015
1783602161092 0.2513481080532074 3016
1783602161174 0.287610799074173 3017
1783602161241 0.7206966280937195 3018
1783602161333 0.2503334581851959 3019
1783602161417 0.7926301956176758 3020
1783602161539 0.32359182834625244 3021
1783602161628 0.286231130361557 3022
1783602161699 0.27688905596733093 3023
1783602161774 0.7936422824859619 3024
1783602161857 0.2925558388233185 3025
1783602161940 0.2331092357635498 3026
1783602162025 0.3324323892593384 3027
1783602162107 0.3160002827644348 3028
1783602162212 0.35654160380363464 3029
1783602162278 0.32102951407432556 3030
1783602162376 0.492903470993042 3031
1783602162466 0.20414304733276367 3032
1783602162579 0.5933929681777954 3033
1783602162681 0.21250280737876892 3034
1783602162806 0.21972738206386566 3035
1783602162905 0.5692446231842041 3036
1783602162992 0.5163118243217468 3037
1783602163098 0.7343969941139221 3038
1783602163227 0.2032938450574875 3039
1783602163324 0.2704521715641022 3040
1783602163402 0.20670777559280396 3041
1783602163531 0.4237337112426758 3042
1783602163652 0.26398128271102905 3043
1783602163730 0.5396214127540588 3044
1783602163845 0.11449259519577026 3045
1783602163932 0.10143812745809555 3046
1783602164048 0.2183746099472046 3047
1783602164131 0.571193277835846 3048
1783602164213 0.31054213643074036 3049
1783602164300 0.320829302072525 3050
1783602164377 0.2109127938747406 3051
1783602164456 0.5891647934913635 3052
1783602164533 0.16954578459262848 3053
1783602164600 0.39909791946411133 3054
1783602164680 0.11341728270053864 3055
1783602164783 0.25156185030937195 3056
1783602164852 0.3364575207233429 3057
1783602164951 0.10048148781061172 3058
1783602165054 0.0841120108962059 3059
1783602165167 0.2937929332256317 3060
1783602165260 0.5251825451850891 3061
1783602165341 0.23753401637077332 3062
1783602165447 0.20434372127056122 3063
1783602165512 0.1819060891866684 3064
1783602165581 0.4286012053489685 3065
1783602165664 0.1424991637468338 3066
1783602165746 0.3940623700618744 3067
1783602165864 0.2966313660144806 3068
1783602165949 0.24285940825939178 3069
1783602166053 0.12970682978630066 3070
1783602166141 0.40069589018821716 3071
1783602166248 0.48271268606185913 3072
1783602166331 0.3817829191684723 3073
1783602166409 0.365946501493454 3074
1783602166531 0.14317935705184937 3075
1783602166617 0.8612451553344727 3076
1783602166694 0.17789319157600403 3077
1783602166767 0.5760553479194641 3078
1783602166839 0.22180558741092682 3079
1783602166949 0.4712512791156769 3080
1783602167064 0.5482162833213806 3081
1783602167142 0.6278552412986755 3082
1783602167223 0.23860321938991547 3083
1783602167322 0.19433462619781494 3084
1783602167425 0.4686376452445984 3085
1783602167504 0.20790134370326996 3086
1783602167574 0.6863172650337219 3087
1783602167660 0.15808753669261932 3088
1783602167755 0.42179328203201294 3089
1783602167848 0.32650819420814514 3090
1783602167939 0.2420007884502411 3091
1783602168014 0.3358328640460968 3092
1783602168120 0.33606085181236267 3093
1783602168188 0.44415828585624695 3094
1783602168311 0.38603919744491577 3095
1783602168395 0.11718399077653885 3096
1783602168521 0.3755362927913666 3097
1783602168654 0.31536757946014404 3098
1783602168731 0.15810485184192657 3099
1783602168823 0.46416744589805603 3100
1783602168930 0.45804813504219055 3101
1783602169032 0.2522677481174469 3102
1783602169131 0.27164316177368164 3103
1783602169233 0.11999660730361938 3104
1783602169307 0.32409095764160156 3105
1783602169406 0.4550556540489197 3106
1783602169491 0.0942232608795166 3107
1783602169580 0.14524410665035248 3108
1783602169684 0.22289477288722992 3109
1783602169786 0.2938421666622162 3110
1783602169902 0.15339399874210358 3111
1783602170013 0.34389829635620117 3112
1783602170096 0.13393622636795044 3113
1783602170182 0.13668110966682434 3114
1783602170310 0.32264965772628784 3115
1783602170393 0.2515842020511627 3116
1783602170483 0.5597677826881409 3117
1783602170556 0.209055095911026 3118
1783602170634 0.16396598517894745 3119
1783602170701 0.4871329069137573 3120
1783602170794 0.42362433671951294 3121
1783602170872 0.42994070053100586 3122
1783602170967 0.2480517029762268 3123
1783602171068 0.5270549654960632 3124
1783602171152 0.22147628664970398 3125
1783602171269 0.37388473749160767 3126
1783602171380 0.5724729895591736 3127
1783602171514 0.15837930142879486 3128
1783602171610 0.4136526584625244 3129
1783602171684 0.35011544823646545 3130
1783602171759 0.38751307129859924 3131
1783602171838 0.41429203748703003 3132
1783602171909 0.12049239873886108 3133
1783602172021 0.5770130753517151 3134
1783602172097 0.15720044076442719 3135
1783602172176 0.2383597493171692 3136
1783602172253 0.24578870832920074 3137
1783602172342 0.48326319456100464 3138
1783602172465 0.3687944710254669 3139
1783602172593 0.11542566865682602 3140
1783602172701 0.3778941035270691 3141
1783602172781 0.518182635307312 3142
1783602172867 0.1701432466506958 3143
1783602172947 0.39081811904907227 3144
1783602173047 0.47908490896224976 3145
1783602173190 0.17769838869571686 3146
1783602173259 0.3260691463947296 3147
1783602173334 0.26693180203437805 3148
1783602173423 0.31609806418418884 3149
1783602173525 0.22170403599739075 3150
1783602173616 0.19261164963245392 3151
1783602173743 0.15279322862625122 3152
1783602173848 0.21414689719676971 3153
1783602173927 0.7042503356933594 3154
1783602174033 0.25134384632110596 3155
1783602174137 0.29886412620544434 3156
1783602174214 0.45836341381073 3157
1783602174273 0.2856346368789673 3158
1783602174354 0.45471203327178955 3159
1783602174439 0.43368908762931824 3160
1783602174531 0.44499072432518005 3161
1783602174608 0.12841510772705078 3162
1783602174739 0.4418734312057495 3163
1783602174807 0.4403764009475708 3164
1783602174917 0.19653885066509247 3165
1783602175010 0.633506715297699 3166
1783602175136 0.47991907596588135 3167
1783602175278 0.08858245611190796 3168
1783602175382 0.3526819050312042 3169
1783602175481 0.3240114152431488 3170
1783602175549 0.10858795046806335 3171
1783602175638 0.42813459038734436 3172
1783602175757 0.33306244015693665 3173
1783602175878 0.1949877142906189 3174
1783602175964 0.34760308265686035 3175
1783602176068 0.2626626193523407 3176
1783602176137 0.23393207788467407 3177
1783602176206 0.15761777758598328 3178
1783602176311 0.0902811586856842 3179
1783602176389 0.29212257266044617 3180
1783602176470 0.7566412687301636 3181
1783602176557 0.3023757338523865 3182
1783602176643 0.30169200897216797 3183
1783602176744 0.30839741230010986 3184
1783602176828 0.3186882436275482 3185
1783602176943 0.29309141635894775 3186
1783602177017 0.2941126823425293 3187
1783602177082 0.0380413718521595 3188
1783602177195 0.2513994574546814 3189
1783602177309 0.5460261702537537 3190
1783602177430 0.4677376449108124 3191
1783602177510 0.31243833899497986 3192
1783602177623 0.39925897121429443 3193
1783602177758 0.32442066073417664 3194
1783602177888 0.42048195004463196 3195
1783602178003 0.37279045581817627 3196
1783602178073 0.406512051820755 3197
1783602178160 0.49019554257392883 3198
1783602178234 0.570403516292572 3199
1783602178328 0.3525580167770386 3200
1783602178457 0.36007755994796753 3201
1783602178550 0.26673364639282227 3202
1783602178657 0.2936135530471802 3203
1783602178737 0.34028714895248413 3204
1783602178824 0.5350629091262817 3205
1783602178909 0.5201079249382019 3206
1783602179039 0.4467160403728485 3207
1783602179151 0.3142489194869995 3208
1783602179277 0.09959231317043304 3209
1783602179341 0.4913293123245239 3210
1783602179433 0.3519841134548187 3211
1783602179512 0.16146457195281982 3212
1783602179609 0.1265145242214203 3213
1783602179699 0.42537420988082886 3214
1783602179794 0.44109511375427246 3215
1783602179906 0.2038085162639618 3216
1783602180026 0.5490245819091797 3217
1783602180112 0.20106546580791473 3218
1783602180199 0.33107990026474 3219
1783602180291 0.0723356381058693 3220
1783602180376 0.12253108620643616 3221
1783602180484 0.44133442640304565 3222
1783602180611 0.26204654574394226 3223
1783602180685 0.8429873585700989 3224
1783602180805 0.2829260528087616 3225
1783602180936 0.45356521010398865 3226
1783602181075 0.11139786243438721 3227
1783602181218 0.11996012926101685 3228
1783602181344 0.2572227120399475 3229
1783602181448 0.20111563801765442 3230
1783602181552 0.3045901358127594 3231
1783602181641 0.29561614990234375 3232
1783602181717 0.38354814052581787 3233
1783602181810 0.34196946024894714 3234
1783602181922 0.5660474300384521 3235
1783602182033 0.3376607894897461 3236
1783602182114 0.40614354610443115 3237
1783602182184 0.4369100034236908 3238
1783602182297 0.19096943736076355 3239
1783602182381 0.1782173067331314 3240
1783602182495 0.15078870952129364 3241
1783602182618 0.34288498759269714 3242
1783602182740 0.181472510099411 3243
1783602182811 0.12839466333389282 3244
1783602182913 0.2691411077976227 3245
1783602182996 0.7886587381362915 3246
1783602183080 0.24018611013889313 3247
1783602183157 0.265115886926651 3248
1783602183259 0.2874695956707001 3249
1783602183388 0.14227716624736786 3250
1783602183509 0.651763916015625 3251
1783602183588 0.25412195920944214 3252
1783602183677 0.42618414759635925 3253
1783602183772 0.522165060043335 3254
1783602183843 0.3653915822505951 3255
1783602183917 0.40240171551704407 3256
1783602183991 0.17032206058502197 3257
1783602184146 0.3131527900695801 3258
1783602184227 0.21920561790466309 3259
1783602184314 0.1281311810016632 3260
1783602184416 0.28728869557380676 3261
1783602184491 0.5534225106239319 3262
1783602184552 0.3157271444797516 3263
1783602184649 0.11405038088560104 3264
1783602184735 0.6469061374664307 3265
1783602184830 0.13574615120887756 3266
1783602184893 0.5192150473594666 3267
1783602184980 0.4914182722568512 3268
1783602185061 0.4344274401664734 3269
1783602185169 0.7067227363586426 3270
1783602185239 0.45913323760032654 3271
1783602185335 0.19245019555091858 3272
1783602185422 0.19688740372657776 3273
1783602185508 0.05279688537120819 3274
1783602185575 0.6607250571250916 3275
1783602185648 0.07276474684476852 3276
1783602185717 0.2420370727777481 3277
1783602185803 0.3727322220802307 3278
1783602185901 0.162018820643425 3279
1783602185987 0.27018484473228455 3280
1783602186083 0.2084214985370636 3281
1783602186174 0.1304236352443695 3282
1783602186293 0.38961219787597656 3283
1783602186398 0.327633798122406 3284
1783602186528 0.2070743292570114 3285
1783602186623 0.40022674202919006 3286
1783602186697 0.2944546341896057 3287
1783602186797 0.21991175413131714 3288
1783602186911 0.2703121602535248 3289
1783602187014 0.08670160174369812 3290
1783602187125 0.36141684651374817 3291
1783602187249 0.13845618069171906 3292
1783602187352 0.12029130011796951 3293
1783602187437 0.15513789653778076 3294
1783602187553 0.28687700629234314 3295
1783602187676 0.20713894069194794 3296
1783602187764 0.32192641496658325 3297
1783602187897 0.10484001785516739 3298
1783602188012 0.28230661153793335 3299
1783602188108 0.2880021929740906 3300
1783602188214 0.12272336333990097 3301
1783602188301 0.38100215792655945 3302
1783602188384 0.27377715706825256 3303
1783602188516 0.09432238340377808 3304
1783602188592 0.4513128697872162 3305
1783602188729 0.5777945518493652 3306
1783602188792 0.7615737318992615 3307
1783602188870 0.5303783416748047 3308
1783602188939 0.22834153473377228 3309
1783602189024 0.5177528858184814 3310
1783602189116 0.26243820786476135 3311
1783602189208 0.33954086899757385 3312
1783602189296 0.7311056852340698 3313
1783602189376 0.3180304765701294 3314
1783602189436 0.05126582086086273 3315
1783602189526 0.21505136787891388 3316
1783602189616 0.4620627164840698 3317
1783602189713 0.19421698153018951 3318
1783602189808 0.2836798429489136 3319
1783602189887 0.6254304051399231 3320
1783602190001 0.19099658727645874 3321
1783602190096 0.25227680802345276 3322
1783602190191 0.2019151747226715 3323
1783602190281 0.10391978919506073 3324
1783602190432 0.194570854306221 3325
1783602190517 0.2790679931640625 3326
1783602190609 0.20497004687786102 3327
1783602190689 0.20504876971244812 3328
1783602190794 0.08981018513441086 3329
1783602190896 0.5049126148223877 3330
1783602190998 0.4074021875858307 3331
1783602191095 0.12003002315759659 3332
1783602191183 0.11856241524219513 3333
1783602191306 0.09317253530025482 3334
1783602191393 0.2482183426618576 3335
1783602191488 0.31432363390922546 3336
1783602191564 0.20673270523548126 3337
1783602191677 0.37762027978897095 3338
1783602191761 0.35092970728874207 3339
1783602191842 0.28302764892578125 3340
1783602191904 0.08322963118553162 3341
1783602192037 0.8163338899612427 3342
1783602192112 0.321048378944397 3343
1783602192174 0.6734226942062378 3344
1783602192246 0.24569080770015717 3345
1783602192324 0.3716413378715515 3346
1783602192449 0.21105560660362244 3347
1783602192542 0.5688076615333557 3348
1783602192663 0.13726870715618134 3349
1783602192737 0.12251933664083481 3350
1783602192810 0.29605603218078613 3351
1783602192910 0.3646819591522217 3352
1783602192987 0.33835798501968384 3353
1783602193057 0.4699394702911377 3354
1783602193150 0.3227041959762573 3355
1783602193246 0.10429628938436508 3356
1783602193307 0.4272875189781189 3357
1783602193391 0.5831590294837952 3358
1783602193471 0.2564520239830017 3359
1783602193568 0.3382302522659302 3360
1783602193675 0.17061905562877655 3361
1783602193762 0.21149493753910065 3362
1783602193833 0.2964465022087097 3363
1783602193907 0.2631826400756836 3364
1783602194007 0.12827196717262268 3365
1783602194123 0.12428716570138931 3366
1783602194236 0.26235926151275635 3367
1783602194314 0.363475501537323 3368
1783602194404 0.3570036292076111 3369
1783602194466 0.13208819925785065 3370
1783602194541 0.28695231676101685 3371
1783602194603 0.6107741594314575 3372
1783602194729 0.4134817123413086 3373
1783602194801 0.29182133078575134 3374
1783602194855 0.12063726782798767 3375
1783602194938 0.38193193078041077 3376
1783602195007 0.23470625281333923 3377
1783602195071 0.4777944087982178 3378
1783602195180 0.41801807284355164 3379
1783602195266 0.5796241760253906 3380
1783602195410 0.10687071084976196 3381
1783602195525 0.17679595947265625 3382
1783602195608 0.34572169184684753 3383
1783602195679 0.28171679377555847 3384
1783602195754 0.5386558175086975 3385
1783602195827 0.1031377837061882 3386
1783602195925 0.4965553283691406 3387
1783602196063 0.4962102770805359 3388
1783602196193 0.40806782245635986 3389
1783602196278 0.26543423533439636 3390
1783602196345 0.17193078994750977 3391
1783602196424 0.18878166377544403 3392
1783602196537 0.07363202422857285 3393
1783602196657 0.12902425229549408 3394
1783602196740 0.24761728942394257 3395
1783602196808 0.11243194341659546 3396
1783602196887 0.5737019181251526 3397
1783602196979 0.3032777011394501 3398
1783602197062 0.15976884961128235 3399
1783602197187 0.28508228063583374 3400
1783602197260 0.3468327522277832 3401
1783602197376 0.4130248725414276 3402
1783602197478 0.39168453216552734 3403
1783602197599 0.3011859655380249 3404
1783602197746 0.2409271001815796 3405
1783602197852 0.18535968661308289 3406
1783602197954 0.47949472069740295 3407
1783602198068 0.46665018796920776 3408
1783602198141 0.43293607234954834 3409
1783602198257 0.21375086903572083 3410
1783602198334 0.39278775453567505 3411
1783602198463 0.13413184881210327 3412
1783602198579 0.3961655795574188 3413
1783602198705 0.43180692195892334 3414
1783602198781 0.36996087431907654 3415
1783602198881 0.31835463643074036 3416
1783602198967 0.20350034534931183 3417
1783602199060 0.3963569402694702 3418
1783602199207 0.15601256489753723 3419
1783602199286 0.18232107162475586 3420
1783602199382 0.28103744983673096 3421
1783602199469 0.043172966688871384 3422
1783602199561 0.21829989552497864 3423
1783602199677 0.2633074223995209 3424
1783602199761 0.2905140221118927 3425
1783602199853 0.1506662517786026 3426
1783602199960 0.3218114376068115 3427
1783602200022 0.2895192503929138 3428
1783602200116 0.07968480885028839 3429
1783602200239 0.1486208140850067 3430
1783602200311 0.23427212238311768 3431
1783602200471 0.15324902534484863 3432
1783602200565 0.2541049122810364 3433
1783602200654 0.4231254458427429 3434
1783602200747 0.6479578614234924 3435
1783602200827 0.2595837712287903 3436
1783602200930 0.4977133274078369 3437
1783602201016 0.17972908914089203 3438
1783602201083 0.238555908203125 3439
1783602201178 0.3591221868991852 3440
1783602201282 0.48276132345199585 3441
1783602201373 0.17548909783363342 3442
1783602201522 0.27839726209640503 3443
1783602201608 0.08060989528894424 3444
1783602201681 0.4962562024593353 3445
1783602201787 0.15335102379322052 3446
1783602201891 0.21381264925003052 3447
1783602201971 0.3306202292442322 3448
1783602202050 0.19299256801605225 3449
1783602202156 0.14806507527828217 3450
1783602202241 0.5495849847793579 3451
1783602202364 0.4246932566165924 3452
1783602202444 0.5785764455795288 3453
1783602202527 0.402540922164917 3454
1783602202617 0.3248884379863739 3455
1783602202700 0.12504856288433075 3456
1783602202789 0.3665642738342285 3457
1783602202893 0.14038944244384766 3458
1783602203005 0.08263911306858063 3459
1783602203122 0.5443183779716492 3460
1783602203212 0.12471906840801239 3461
1783602203310 0.12160670757293701 3462
1783602203405 0.3228060007095337 3463
1783602203510 0.369861900806427 3464
1783602203597 0.30273574590682983 3465
1783602203728 0.32972171902656555 3466
1783602203804 0.38104936480522156 3467
1783602203896 0.1486189365386963 3468
1783602203983 0.36283400654792786 3469
1783602204064 0.09761960059404373 3470
1783602204149 0.3520665466785431 3471
1783602204266 0.2980269491672516 3472
1783602204374 0.3753073811531067 3473
1783602204448 0.6341589689254761 3474
1783602204523 0.06319066137075424 3475
1783602204591 0.17959700524806976 3476
1783602204665 0.10409319400787354 3477
1783602204752 0.17062273621559143 3478
1783602204863 0.2957973778247833 3479
1783602204937 0.3566822409629822 3480
1783602205001 0.25926098227500916 3481
1783602205070 0.36277657747268677 3482
1783602205155 0.27972421050071716 3483
1783602205278 0.13476130366325378 3484
1783602205406 0.16970403492450714 3485
1783602205522 0.30140089988708496 3486
1783602205623 0.2759125828742981 3487
1783602205718 0.2664416432380676 3488
1783602205801 0.9645736813545227 3489
1783602205885 0.6678460836410522 3490
1783602206010 0.09546462446451187 3491
1783602206159 0.2121260166168213 3492
1783602206240 0.4728544056415558 3493
1783602206327 0.3481372892856598 3494
1783602206412 0.22400104999542236 3495
1783602206515 0.478573203086853 3496
1783602206594 0.6236781477928162 3497
1783602206733 0.5315080285072327 3498
1783602206845 0.21021194756031036 3499
1783602206912 0.12730416655540466 3500
1783602206982 0.18720899522304535 3501
1783602207057 0.3857788145542145 3502
1783602207129 0.1963823139667511 3503
1783602207236 0.26676931977272034 3504
1783602207358 0.18709656596183777 3505
1783602207478 0.5739570260047913 3506
1783602207563 0.5151633024215698 3507
1783602207687 0.37889161705970764 3508
1783602207796 0.29790255427360535 3509
1783602207888 0.3742692768573761 3510
1783602207960 0.28226345777511597 3511
1783602208125 0.46189436316490173 3512
1783602208212 0.39488744735717773 3513
1783602208307 0.1561065912246704 3514
1783602208398 0.27953723073005676 3515
1783602208480 0.2057775855064392 3516
1783602208569 0.4009203016757965 3517
1783602208672 0.2368229776620865 3518
1783602208784 0.7157224416732788 3519
1783602208834 0.10059711337089539 3520
1783602208919 0.4113869369029999 3521
1783602209014 0.26272910833358765 3522
1783602209084 0.3275271952152252 3523
1783602209160 0.2913069427013397 3524
1783602209245 0.8287912607192993 3525
1783602209358 0.1630927175283432 3526
1783602209432 0.27725109457969666 3527
1783602209503 0.3754611611366272 3528
1783602209565 0.29821985960006714 3529
1783602209658 0.40326419472694397 3530
1783602209747 0.529954731464386 3531
1783602209838 0.26146847009658813 3532
1783602209956 0.4775664806365967 3533
1783602210037 0.2742152214050293 3534
1783602210102 0.3022037446498871 3535
1783602210170 0.385349303483963 3536
1783602210269 0.5556570291519165 3537
1783602210372 0.1474478840827942 3538
1783602210456 0.44086796045303345 3539
1783602210573 0.4069027900695801 3540
1783602210674 0.12410862743854523 3541
1783602210755 0.09797929972410202 3542
1783602210848 0.4068033993244171 3543
1783602210977 0.4623939096927643 3544
1783602211065 0.06707742810249329 3545
1783602211138 0.3347342014312744 3546
1783602211256 0.17739121615886688 3547
1783602211326 0.4061948359012604 3548
1783602211406 0.3883449137210846 3549
1783602211530 0.40439125895500183 3550
1783602211673 0.0775495395064354 3551
1783602211746 0.28370794653892517 3552
1783602211852 0.23487459123134613 3553
1783602212029 0.38787737488746643 3554
1783602212154 0.18040035665035248 3555
1783602212230 0.5617853999137878 3556
1783602212312 0.1929614096879959 3557
1783602212397 0.22592337429523468 3558
1783602212501 0.21466733515262604 3559
1783602212655 0.24672316014766693 3560
1783602212758 0.4487575590610504 3561
1783602212886 0.2847009599208832 3562
1783602212950 0.21556498110294342 3563
1783602213034 0.47530192136764526 3564
1783602213124 0.633870005607605 3565
1783602213222 0.15369142591953278 3566
1783602213298 0.3587312400341034 3567
1783602213355 0.3859548270702362 3568
1783602213470 0.12929540872573853 3569
1783602213559 0.6870665550231934 3570
1783602213665 0.5943620800971985 3571
1783602213774 0.16173546016216278 3572
1783602213873 0.21675251424312592 3573
1783602214024 0.24954886734485626 3574
1783602214147 0.23197822272777557 3575
1783602214239 0.5362991094589233 3576
1783602214383 0.27267909049987793 3577
1783602214510 0.3872261345386505 3578
1783602214588 0.5750341415405273 3579
1783602214645 0.5129272937774658 3580
1783602214745 0.3748493492603302 3581
1783602214824 0.15221814811229706 3582
1783602214903 0.24333243072032928 3583
1783602215040 0.4324513077735901 3584
1783602215130 0.3089393079280853 3585
1783602215227 0.31846219301223755 3586
1783602215322 0.40532293915748596 3587
1783602215403 0.389120876789093 3588
1783602215520 0.2581075429916382 3589
1783602215603 0.05517036095261574 3590
1783602215704 0.18084970116615295 3591
1783602215780 0.29428359866142273 3592
1783602215898 0.35859933495521545 3593
1783602216030 0.27163344621658325 3594
1783602216148 0.14691196382045746 3595
1783602216234 0.28489285707473755 3596
1783602216332 0.47433480620384216 3597
1783602216456 0.6378830075263977 3598
1783602216562 0.3859991729259491 3599
1783602216640 0.142648845911026 3600
1783602216789 0.2971861660480499 3601
1783602216892 0.19868016242980957 3602
1783602216995 0.25952547788619995 3603
1783602217129 0.21658648550510406 3604
1783602217234 0.8456284403800964 3605
1783602217309 0.1195761114358902 3606
1783602217418 0.440714567899704 3607
1783602217502 0.3792024850845337 3608
1783602217602 0.31156861782073975 3609
1783602217678 0.43577930331230164 3610
1783602217784 0.2998294234275818 3611
1783602217884 0.34582921862602234 3612
1783602218178 0.06733648478984833 3613
1783602218271 0.30631136894226074 3614
1783602218394 0.2940164804458618 3615
1783602218467 0.32273799180984497 3616
1783602218546 0.22237911820411682 3617
1783602218705 0.3525184988975525 3618
1783602218774 0.36985135078430176 3619
1783602218843 0.37933361530303955 3620
1783602218997 0.43649759888648987 3621
1783602219079 0.11658637970685959 3622
1783602219171 0.15908148884773254 3623
1783602219274 0.4320926070213318 3624
1783602219384 0.25744959712028503 3625
1783602219477 0.2154984027147293 3626
1783602219571 0.7176865339279175 3627
1783602219695 0.3132302165031433 3628
1783602219774 0.30536001920700073 3629
1783602219863 0.17212799191474915 3630
1783602219972 0.5468056797981262 3631
1783602220090 0.3067242503166199 3632
1783602220176 0.25924161076545715 3633
1783602220310 0.1725306361913681 3634
1783602220403 0.4455638825893402 3635
1783602220518 0.23667454719543457 3636
1783602220655 0.4116951525211334 3637
1783602220752 0.3909347951412201 3638
1783602220829 0.317342072725296 3639
1783602220912 0.11891762167215347 3640
1783602221003 0.580407440662384 3641
1783602221069 0.4405980110168457 3642
1783602221149 0.1139383539557457 3643
1783602221241 0.44587594270706177 3644
1783602221328 0.17626357078552246 3645
1783602221441 0.3955489993095398 3646
1783602221508 0.6003493070602417 3647
1783602221608 0.8365817070007324 3648
1783602221739 0.19299986958503723 3649
1783602221896 0.43632206320762634 3650
1783602221972 0.08520286530256271 3651
1783602222062 0.29825353622436523 3652
1783602222125 0.25199955701828003 3653
1783602222255 0.19443939626216888 3654
1783602222343 0.09477156400680542 3655
1783602222428 0.8163607120513916 3656
1783602222509 0.46382465958595276 3657
1783602222597 0.19757509231567383 3658
1783602222662 0.39572978019714355 3659
1783602222742 0.11084580421447754 3660
1783602222875 0.22473275661468506 3661
1783602222969 0.5983408689498901 3662
1783602223065 0.3887414336204529 3663
1783602223155 0.2590811848640442 3664
1783602223263 0.12746405601501465 3665
1783602223374 0.2203093022108078 3666
1783602223450 0.16234609484672546 3667
1783602223542 0.2061038315296173 3668
1783602223630 0.25259679555892944 3669
1783602223715 0.4170396625995636 3670
1783602223793 0.3218008577823639 3671
1783602223892 0.09484660625457764 3672
1783602223995 0.39290672540664673 3673
1783602224095 0.24295321106910706 3674
1783602224168 0.1884477138519287 3675
1783602224230 0.11894026398658752 3676
1783602224289 0.20029810070991516 3677
1783602224368 0.4781011641025543 3678
1783602224439 0.319083034992218 3679
1783602224519 0.12143713980913162 3680
1783602224570 0.6024860739707947 3681
1783602224660 0.1611432135105133 3682
1783602224750 0.4164208173751831 3683
1783602224854 0.18974721431732178 3684
1783602224968 0.23591792583465576 3685
1783602225047 0.0997379869222641 3686
1783602225126 0.4561990797519684 3687
1783602225227 0.43149733543395996 3688
1783602225294 0.26108744740486145 3689
1783602225376 0.14180514216423035 3690
1783602225479 0.21005640923976898 3691
1783602225586 0.2583961486816406 3692
1783602225659 0.2562512755393982 3693
1783602225736 0.31211885809898376 3694
1783602225805 0.3494415283203125 3695
1783602225885 0.1244891807436943 3696
1783602225957 0.37754949927330017 3697
1783602226031 0.21642464399337769 3698
1783602226109 0.2938677966594696 3699
1783602226180 0.7338016033172607 3700
1783602226275 0.17833171784877777 3701
1783602226347 0.36401379108428955 3702
1783602226404 0.33743560314178467 3703
1783602226474 0.18722319602966309 3704
1783602226554 0.2604442834854126 3705
1783602226630 0.6553317308425903 3706
1783602226706 0.18952533602714539 3707
1783602226811 0.18552757799625397 3708
1783602226912 0.2618011236190796 3709
1783602226984 0.2872452437877655 3710
1783602227056 0.3740650415420532 3711
1783602227162 0.4181346297264099 3712
1783602227249 0.3867228329181671 3713
1783602227367 0.11241195350885391 3714
1783602227445 0.15783663094043732 3715
1783602227499 0.3115423917770386 3716
1783602227587 0.42562371492385864 3717
1783602227671 0.17725808918476105 3718
1783602227756 0.40275970101356506 3719
1783602227863 0.2669673562049866 3720
1783602227950 0.3843860328197479 3721
1783602228034 0.3607483208179474 3722
1783602228148 0.1764657199382782 3723
1783602228280 0.267124205827713 3724
1783602228364 0.2254776954650879 3725
1783602228455 0.18060153722763062 3726
1783602228545 0.4273947477340698 3727
1783602228630 0.10926611721515656 3728
1783602228713 0.5325126647949219 3729
1783602228790 0.14882944524288177 3730
1783602228893 0.1296888142824173 3731
1783602229024 0.35430747270584106 3732
1783602229106 0.4869978129863739 3733
1783602229200 0.3813144564628601 3734
1783602229272 0.4625811278820038 3735
1783602229405 0.11810217052698135 3736
1783602229496 0.33375200629234314 3737
1783602229582 0.41769471764564514 3738
1783602229649 0.44633927941322327 3739
1783602229725 0.21555562317371368 3740
1783602229803 0.33864787220954895 3741
1783602229893 0.33018797636032104 3742
1783602230029 0.5612642765045166 3743
1783602230120 0.1614518165588379 3744
1783602230218 0.19542630016803741 3745
1783602230318 0.5320366621017456 3746
1783602230431 0.28212878108024597 3747
1783602230536 0.1173168197274208 3748
1783602230664 0.3898751437664032 3749
1783602231500 0.3981844186782837 3750
1783602231588 0.29711905121803284 3751
1783602231669 0.11320055276155472 3752
1783602231738 0.27984073758125305 3753
1783602231802 0.3569558560848236 3754
1783602231875 0.3217621445655823 3755
1783602231950 0.3772038519382477 3756
1783602232028 0.1664048582315445 3757
1783602232094 0.7531496286392212 3758
1783602232178 0.18178631365299225 3759
1783602232262 0.10725130885839462 3760
1783602232339 0.3533899486064911 3761
1783602232416 0.183854877948761 3762
1783602232496 0.19251330196857452 3763
1783602232593 0.659961462020874 3764
1783602232688 0.2524309456348419 3765
1783602232791 0.465597540140152 3766
1783602232873 0.4920620322227478 3767
1783602232963 0.5595057010650635 3768
1783602233038 0.469140887260437 3769
1783602233150 0.44492411613464355 3770
1783602233232 0.3734339475631714 3771
1783602233325 0.2989646792411804 3772
1783602233385 0.2712925374507904 3773
1783602233493 0.2954830527305603 3774
1783602233563 0.08637583255767822 3775
1783602233661 0.5595359206199646 3776
1783602233732 0.05570165812969208 3777
1783602233810 0.3332940936088562 3778
1783602233916 0.20425723493099213 3779
1783602233988 0.3312174379825592 3780
1783602234057 0.6482619643211365 3781
1783602234144 0.3666229248046875 3782
1783602234268 0.32455578446388245 3783
1783602234351 0.24281717836856842 3784
1783602234427 0.16645026206970215 3785
1783602234518 0.2522408068180084 3786
1783602234628 0.690648078918457 3787
1783602234713 0.27874988317489624 3788
1783602234803 0.4479427933692932 3789
1783602234907 0.4309602379798889 3790
1783602235005 0.174113929271698 3791
1783602235076 0.24753183126449585 3792
1783602235152 0.14265215396881104 3793
1783602235266 0.25981226563453674 3794
1783602235369 0.12625998258590698 3795
1783602235441 0.4908364415168762 3796
1783602235583 0.15694797039031982 3797
1783602235680 0.34003931283950806 3798
1783602235779 0.40808650851249695 3799
1783602235858 0.1917290836572647 3800
1783602235942 0.6174516677856445 3801
1783602236036 0.34705254435539246 3802
1783602236129 0.1450234204530716 3803
1783602236206 0.2778192162513733 3804
1783602236311 0.22856517136096954 3805
1783602236418 0.29585179686546326 3806
1783602236534 0.4450094997882843 3807
1783602236600 0.21468552947044373 3808
1783602236711 0.23709604144096375 3809
1783602236806 0.08684822171926498 3810
1783602236982 0.10119492560625076 3811
1783602237076 0.4636215269565582 3812
1783602237165 0.36808493733406067 3813
1783602237253 0.54935222864151 3814
1783602237356 0.8700883984565735 3815
1783602237479 0.5181578397750854 3816
1783602237595 0.33467552065849304 3817
1783602237704 0.3588445484638214 3818
1783602237785 0.37448301911354065 3819
1783602237902 0.23237359523773193 3820
1783602238002 0.3455958366394043 3821
1783602238131 0.4822406470775604 3822
1783602238209 0.2599931061267853 3823
1783602238301 0.28223302960395813 3824
1783602238377 0.34738242626190186 3825
1783602238471 0.27744072675704956 3826
1783602238560 0.48196840286254883 3827
1783602238649 0.5509796738624573 3828
1783602238745 0.7231146097183228 3829
1783602238815 0.23246052861213684 3830
1783602238930 0.07778926938772202 3831
1783602239003 0.19772151112556458 3832
1783602239088 0.042595863342285156 3833
1783602239184 0.5283946394920349 3834
1783602239310 0.3347424268722534 3835
1783602239414 0.3853459358215332 3836
1783602239497 0.28506845235824585 3837
1783602239579 0.24053138494491577 3838
1783602239667 0.24731649458408356 3839
1783602239755 0.31046414375305176 3840
1783602239867 0.49597111344337463 3841
1783602239974 0.21138863265514374 3842
1783602240065 0.08641279488801956 3843
1783602240202 0.14478278160095215 3844
1783602240320 0.15997231006622314 3845
1783602240434 0.43972569704055786 3846
1783602240522 0.7070549130439758 3847
1783602240629 0.17020617425441742 3848
1783602240745 0.341196209192276 3849
1783602240869 0.2404337227344513 3850
1783602240949 0.7654242515563965 3851
1783602241015 0.3218528628349304 3852
1783602241099 0.30949997901916504 3853
1783602241221 0.1362922638654709 3854
1783602241296 0.18849177658557892 3855
1783602241401 0.4396723210811615 3856
1783602241465 0.31079256534576416 3857
1783602241551 0.42826059460639954 3858
1783602241676 0.11440632492303848 3859
1783602241786 0.1208805963397026 3860
1783602241959 0.12258776277303696 3861
1783602242044 0.5892750024795532 3862
1783602242124 0.3948582410812378 3863
1783602242201 0.26124030351638794 3864
1783602242294 0.2628439664840698 3865
1783602242408 0.2711135149002075 3866
1783602242534 0.273112028837204 3867
1783602242618 0.08430014550685883 3868
1783602242735 0.2695472240447998 3869
1783602242838 0.5054686069488525 3870
1783602242952 0.242068812251091 3871
1783602243051 0.36992159485816956 3872
1783602243179 0.4678860902786255 3873
1783602243310 0.2863478362560272 3874
1783602243393 0.235366553068161 3875
1783602243486 0.28308141231536865 3876
1783602243570 0.38166186213493347 3877
1783602243672 0.15460346639156342 3878
1783602243748 0.3622246980667114 3879
1783602243852 0.26873263716697693 3880
1783602243939 0.4030219614505768 3881
1783602244071 0.08245377242565155 3882
1783602244202 0.28399091958999634 3883
1783602244295 0.2327599823474884 3884
1783602244424 0.27793851494789124 3885
1783602244525 0.3050498962402344 3886
1783602244588 0.4138163626194 3887
1783602244667 0.03366046026349068 3888
1783602244742 0.24487018585205078 3889
1783602244819 0.4012509882450104 3890
1783602244913 0.46269726753234863 3891
1783602245049 0.2251889556646347 3892
1783602245177 0.17650893330574036 3893
1783602245284 0.342964231967926 3894
1783602245358 0.2461855113506317 3895
1783602245466 0.2510274350643158 3896
1783602245576 0.21716636419296265 3897
1783602245688 0.1964302957057953 3898
1783602245777 0.06666814535856247 3899
1783602245872 0.20865117013454437 3900
1783602245974 0.2174571454524994 3901
1783602246043 0.4337307810783386 3902
1783602246149 0.2803059220314026 3903
1783602246254 0.30957338213920593 3904
1783602246374 0.26131707429885864 3905
1783602246464 0.17357535660266876 3906
1783602246571 0.6022069454193115 3907
1783602246678 0.1459980010986328 3908
1783602246775 0.15037901699543 3909
1783602246842 0.6256481409072876 3910
1783602246912 0.055917203426361084 3911
1783602246994 0.7728701829910278 3912
1783602247101 0.25100910663604736 3913
1783602247201 0.20601288974285126 3914
1783602247270 0.6010037064552307 3915
1783602247354 0.17639203369617462 3916
1783602247434 0.22912980616092682 3917
1783602247538 0.3184010088443756 3918
1783602247633 0.41027867794036865 3919
1783602247724 0.3983791768550873 3920
1783602247820 0.5295615792274475 3921
1783602247909 0.11702189594507217 3922
1783602247995 0.17608235776424408 3923
1783602248085 0.2746366858482361 3924
1783602248218 0.4594272971153259 3925
1783602248306 0.11883555352687836 3926
1783602248444 0.1507793813943863 3927
1783602248522 0.3354133069515228 3928
1783602248599 0.3564581573009491 3929
1783602248662 0.2182484269142151 3930
1783602248777 0.19558748602867126 3931
1783602248844 0.2138189971446991 3932
1783602248943 0.44427546858787537 3933
1783602249045 0.5911458730697632 3934
1783602249118 0.22321006655693054 3935
1783602249220 0.21721531450748444 3936
1783602249308 0.2884635031223297 3937
1783602249419 0.17753073573112488 3938
1783602249534 0.06263482570648193 3939
1783602249640 0.11654210835695267 3940
1783602249712 0.23398353159427643 3941
1783602249805 0.2956000566482544 3942
1783602249922 0.27504825592041016 3943
1783602250009 0.39049965143203735 3944
1783602250110 0.3493661880493164 3945
1783602250201 0.19195868074893951 3946
1783602250287 0.4206739664077759 3947
1783602250367 0.34323254227638245 3948
1783602250429 0.3980793356895447 3949
1783602250548 0.5911473035812378 3950
1783602250670 0.20360051095485687 3951
1783602250784 0.175222247838974 3952
1783602250892 0.3752463161945343 3953
1783602250996 0.6209209561347961 3954
1783602251101 0.14423246681690216 3955
1783602251188 0.4110223650932312 3956
1783602251272 0.23109926283359528 3957
1783602251363 0.3112260103225708 3958
1783602251478 0.3474535644054413 3959
1783602251594 0.5033276081085205 3960
1783602251672 0.07411998510360718 3961
1783602251811 0.5253260731697083 3962
1783602251896 0.08840390294790268 3963
1783602251991 0.2679283618927002 3964
1783602252239 0.09900128096342087 3965
1783602252331 0.24033591151237488 3966
1783602252422 0.27966174483299255 3967
1783602252515 0.3475883901119232 3968
1783602252637 0.30476728081703186 3969
1783602252722 0.21066249907016754 3970
1783602252813 0.26396170258522034 3971
1783602252892 0.29666534066200256 3972
1783602252992 0.24257250130176544 3973
1783602253084 0.2790478467941284 3974
1783602253179 0.28731778264045715 3975
1783602253290 0.45283278822898865 3976
1783602253406 0.33651652932167053 3977
1783602253489 0.24729792773723602 3978
1783602253582 0.22098468244075775 3979
1783602253694 0.10410176217556 3980
1783602253759 0.12132828682661057 3981
1783602253849 0.4502984881401062 3982
1783602253918 0.19875265657901764 3983
1783602254010 0.5601629614830017 3984
1783602254091 0.2735910713672638 3985
1783602254169 0.5298725962638855 3986
1783602254236 0.4078032076358795 3987
1783602254333 0.3833262324333191 3988
1783602254423 0.28729248046875 3989
1783602254518 0.16639971733093262 3990
1783602254592 0.2876628339290619 3991
1783602254678 0.28892356157302856 3992
1783602254784 0.09754926711320877 3993
1783602254857 0.10031686723232269 3994
1783602254929 0.35631483793258667 3995
1783602255006 0.09744452685117722 3996
1783602255092 0.1663319170475006 3997
1783602255180 0.21358057856559753 3998
1783602255260 0.3574514389038086 3999
1783602255341 0.07433786988258362 4000
1783602255450 0.3020932674407959 4001
1783602255551 0.1403520703315735 4002
1783602255641 0.3212544023990631 4003
1783602255756 0.3774462938308716 4004
1783602255838 0.21297436952590942 4005
1783602256023 0.3272722363471985 4006
1783602256109 0.21874919533729553 4007
1783602256208 0.5557821989059448 4008
1783602256291 0.13510160148143768 4009
1783602256385 0.35745301842689514 4010
1783602256455 0.22305934131145477 4011
1783602256551 0.27243855595588684 4012
1783602256650 0.13048632442951202 4013
1783602256734 0.2161407321691513 4014
1783602256858 0.19109563529491425 4015
1783602256975 0.28085872530937195 4016
1783602257052 0.2193545699119568 4017
1783602257150 0.3030475378036499 4018
1783602257278 0.24477410316467285 4019
1783602257380 0.1982298642396927 4020
1783602257488 0.2979227602481842 4021
1783602257566 0.8656790852546692 4022
1783602257681 0.15882746875286102 4023
1783602257784 0.39833980798721313 4024
1783602257887 0.13141204416751862 4025
1783602257972 0.34373295307159424 4026
1783602258085 0.1885700821876526 4027
1783602258220 0.2183539867401123 4028
1783602258284 0.19320039451122284 4029
1783602258388 0.3705155551433563 4030
1783602258535 0.13139621913433075 4031
1783602258646 0.5734515190124512 4032
1783602258717 0.16766056418418884 4033
1783602258797 0.23236723244190216 4034
1783602258879 0.20772936940193176 4035
1783602258966 0.5970685482025146 4036
1783602259046 0.14297404885292053 4037
1783602259128 0.24315577745437622 4038
1783602259215 0.8667428493499756 4039
1783602259287 0.22333398461341858 4040
1783602259377 0.5278351306915283 4041
1783602259460 0.055089320987463 4042
1783602259557 0.28040507435798645 4043
1783602259655 0.33680152893066406 4044
1783602259775 0.2634316682815552 4045
1783602259868 0.24663442373275757 4046
1783602259981 0.2695375680923462 4047
1783602260050 0.23136889934539795 4048
1783602260145 0.6740115284919739 4049
1783602260268 0.11295640468597412 4050
1783602260340 0.08623193949460983 4051
1783602260426 0.43773025274276733 4052
1783602260495 0.19963057339191437 4053
1783602260582 0.3552967607975006 4054
1783602260657 0.4794115126132965 4055
1783602260812 0.3319878876209259 4056
1783602260959 0.11530046910047531 4057
1783602261058 0.3891778886318207 4058
1783602261161 0.244889035820961 4059
1783602261235 0.43506428599357605 4060
1783602261317 0.6051421761512756 4061
1783602261421 0.27778294682502747 4062
1783602261521 0.2845899760723114 4063
1783602261600 0.19319166243076324 4064
1783602261693 0.21894802153110504 4065
1783602261795 0.1330852508544922 4066
1783602261865 0.19059881567955017 4067
1783602261965 0.2446427196264267 4068
1783602262061 0.28741157054901123 4069
1783602262131 0.06875628978013992 4070
1783602262248 0.9173275828361511 4071
1783602262362 0.3973773717880249 4072
1783602262450 0.11812051385641098 4073
1783602262525 0.3110083341598511 4074
1783602262592 0.23656469583511353 4075
1783602262673 0.20457223057746887 4076
1783602262743 0.6391176581382751 4077
1783602262851 0.799667477607727 4078
1783602262949 0.3339863717556 4079
1783602263037 0.31292998790740967 4080
1783602263119 0.4623235762119293 4081
1783602263219 0.2844950556755066 4082
1783602263301 0.19700628519058228 4083
1783602263405 0.05698564276099205 4084
1783602263512 0.7864380478858948 4085
1783602263628 0.26618653535842896 4086
1783602263719 0.5508171319961548 4087
1783602263797 0.35849887132644653 4088
1783602263895 0.13544268906116486 4089
1783602263979 0.27925968170166016 4090
1783602264101 0.3204460144042969 4091
1783602264213 0.5289337635040283 4092
1783602264293 0.23207546770572662 4093
1783602264366 0.12054122239351273 4094
1783602264457 0.24374070763587952 4095
1783602264532 0.36549803614616394 4096
1783602264632 0.2079010009765625 4097
1783602264716 0.22159691154956818 4098
1783602264826 0.3087257146835327 4099
1783602264933 0.17793741822242737 4100
1783602265023 0.33826345205307007 4101
1783602265103 0.4085482954978943 4102
1783602265195 0.25912246108055115 4103
1783602265279 0.31831094622612 4104
1783602265399 0.40982866287231445 4105
1783602265523 0.24948057532310486 4106
1783602265620 0.44954362511634827 4107
1783602265707 0.6802477240562439 4108
1783602265785 0.24457038938999176 4109
1783602265869 0.21088238060474396 4110
1783602265972 0.4449484348297119 4111
1783602266094 0.46552038192749023 4112
1783602266187 0.4699883759021759 4113
1783602266301 0.20165516436100006 4114
1783602266413 0.3058490753173828 4115
1783602266478 0.3907815217971802 4116
1783602266553 0.33240315318107605 4117
1783602266637 0.6575925350189209 4118
1783602266740 0.18895886838436127 4119
1783602266848 0.35236304998397827 4120
1783602266961 0.1692395955324173 4121
1783602267079 0.2621256113052368 4122
1783602267179 0.3381357192993164 4123
1783602267262 0.21456755697727203 4124
1783602267383 0.5056288242340088 4125
1783602267481 0.405185729265213 4126
1783602267558 0.1869656890630722 4127
1783602267640 0.08489538729190826 4128
1783602267707 0.2975793778896332 4129
1783602267824 0.35756605863571167 4130
1783602267953 0.2529149651527405 4131
1783602268059 0.2858646512031555 4132
1783602268168 0.1974867284297943 4133
1783602268244 0.24162650108337402 4134
1783602268330 0.4020434021949768 4135
1783602268427 0.34537214040756226 4136
1783602268539 0.7543890476226807 4137
1783602268630 0.29279565811157227 4138
1783602268704 0.5308049917221069 4139
1783602268795 0.13268473744392395 4140
1783602268882 0.34102150797843933 4141
1783602268978 0.31334275007247925 4142
1783602269093 0.13928358256816864 4143
1783602269220 0.360286146402359 4144
1783602269324 0.38638028502464294 4145
1783602269405 0.36867740750312805 4146
1783602269484 0.353667676448822 4147
1783602269587 0.12407558411359787 4148
1783602269727 0.13538210093975067 4149
1783602269836 0.5640901327133179 4150
1783602269952 0.15256105363368988 4151
1783602270032 0.30652832984924316 4152
1783602270145 0.34817028045654297 4153
1783602270265 0.47587987780570984 4154
1783602270322 0.2611335515975952 4155
1783602270394 0.07977893948554993 4156
1783602270487 0.26137015223503113 4157
1783602270567 0.5518748760223389 4158
1783602270677 0.18659617006778717 4159
1783602270785 0.6255065202713013 4160
1783602270870 0.3929409086704254 4161
1783602270947 0.2058214545249939 4162
1783602271030 0.7922862768173218 4163
1783602271099 0.27769017219543457 4164
1783602271182 0.2128233015537262 4165
1783602271303 0.3296467363834381 4166
1783602271372 0.11447066813707352 4167
1783602271467 0.35917767882347107 4168
1783602271583 0.07290661334991455 4169
1783602271708 0.334280401468277 4170
1783602271808 0.3667910397052765 4171
1783602271885 0.3025166988372803 4172
1783602271976 0.31633859872817993 4173
1783602272116 0.2892073690891266 4174
1783602272228 0.2552749216556549 4175
1783602272302 0.1595076620578766 4176
1783602272417 0.5096703171730042 4177
1783602272507 0.44286680221557617 4178
1783602272597 0.4066774547100067 4179
1783602272676 0.4005205035209656 4180
1783602272753 0.34457114338874817 4181
1783602272841 0.18977123498916626 4182
1783602272941 0.18329700827598572 4183
1783602273032 0.12052955478429794 4184
1783602273151 0.31289082765579224 4185
1783602273240 0.052922509610652924 4186
1783602273360 0.20104734599590302 4187
1783602273430 0.12566225230693817 4188
1783602273514 0.47887611389160156 4189
1783602273636 0.11629008501768112 4190
1783602273780 0.2518405616283417 4191
1783602273861 0.22181138396263123 4192
1783602273945 0.08554015308618546 4193
1783602274006 0.6551985740661621 4194
1783602274097 0.26487982273101807 4195
1783602274202 0.23368947207927704 4196
1783602274321 0.34993258118629456 4197
1783602274441 0.3192213475704193 4198
1783602274502 0.3599470257759094 4199
1783602274578 0.49475255608558655 4200
1783602274652 0.26062995195388794 4201
1783602274745 0.06369110196828842 4202
1783602274881 0.15119706094264984 4203
1783602274989 0.3048209846019745 4204
1783602275080 0.23219668865203857 4205
1783602275158 0.1538640707731247 4206
1783602275249 0.26444679498672485 4207
1783602275332 0.34890997409820557 4208
1783602275400 0.2347564995288849 4209
1783602275488 0.2536718249320984 4210
1783602275564 0.3184651732444763 4211
1783602275681 0.4131372272968292 4212
1783602275775 0.08637908101081848 4213
1783602275883 0.27896925806999207 4214
1783602275994 0.17505794763565063 4215
1783602276119 0.32049909234046936 4216
1783602276262 0.1458439975976944 4217
1783602276364 0.2009078711271286 4218
1783602276441 0.24441790580749512 4219
1783602276533 0.514298677444458 4220
1783602276596 0.20503491163253784 4221
1783602276693 0.12984095513820648 4222
1783602276768 0.6148625612258911 4223
1783602276873 0.34009960293769836 4224
1783602276979 0.37730297446250916 4225
1783602277075 0.47964638471603394 4226
1783602277183 0.40167248249053955 4227
1783602277251 0.19427016377449036 4228
1783602277327 0.30150681734085083 4229
1783602277447 0.3232707381248474 4230
1783602277554 0.25194668769836426 4231
1783602277638 0.1848888397216797 4232
1783602277735 0.3783809244632721 4233
1783602277815 0.6413898468017578 4234
1783602277922 0.45014703273773193 4235
1783602278017 0.33403560519218445 4236
1783602278093 0.34662044048309326 4237
1783602278202 0.30642828345298767 4238
1783602278290 0.40378740429878235 4239
1783602278398 0.2542623281478882 4240
1783602278472 0.30461564660072327 4241
1783602278589 0.5405673980712891 4242
1783602278682 0.1501072496175766 4243
1783602278794 0.19802097976207733 4244
1783602278886 0.3280002176761627 4245
1783602278956 0.4389539361000061 4246
1783602279034 0.7716518044471741 4247
1783602279160 1.1100831031799316 4248
1783602279338 0.22524841129779816 4249
1783602279412 0.1703728288412094 4250
1783602279474 0.5431097745895386 4251
1783602279571 0.27353185415267944 4252
1783602279685 0.09297878295183182 4253
1783602279796 0.18971899151802063 4254
1783602279873 0.11846689134836197 4255
1783602279992 0.1388043463230133 4256
1783602280101 0.3198506236076355 4257
1783602280198 0.4339822232723236 4258
1783602280271 0.2634706199169159 4259
1783602280345 0.08688752353191376 4260
1783602280421 0.2492513507604599 4261
1783602280528 0.2807648181915283 4262
1783602280608 0.44608956575393677 4263
1783602280730 0.33727917075157166 4264
1783602280855 0.524625837802887 4265
1783602280955 0.18013855814933777 4266
1783602281052 0.17790143191814423 4267
1783602281134 0.4230630695819855 4268
1783602281235 0.44791245460510254 4269
1783602281358 0.22849313914775848 4270
1783602281432 0.2399132400751114 4271
1783602281521 0.12128118425607681 4272
1783602281644 0.4458504617214203 4273
1783602281731 0.49668794870376587 4274
1783602281820 0.4772837162017822 4275
1783602281913 0.30886292457580566 4276
1783602282035 0.3300568461418152 4277
1783602282137 0.2263982743024826 4278
1783602282281 0.08544381707906723 4279
1783602282420 0.42588287591934204 4280
1783602282587 0.15533630549907684 4281
1783602282670 0.27613523602485657 4282
1783602282763 0.14807364344596863 4283
1783602282827 0.3846977651119232 4284
1783602282893 0.48625990748405457 4285
1783602282965 0.4167305529117584 4286
1783602283030 0.6011272668838501 4287
1783602283096 0.5018824934959412 4288
1783602283177 0.256858766078949 4289
1783602283251 1.1836259365081787 4290
1783602283339 0.3119174838066101 4291
1783602283408 0.5945626497268677 4292
1783602283521 0.43021315336227417 4293
1783602283634 0.6630351543426514 4294
1783602283747 0.16603371500968933 4295
1783602283833 0.33765295147895813 4296
1783602283920 0.2256091982126236 4297
1783602284013 0.24515101313591003 4298
1783602284100 0.319797158241272 4299
1783602284200 0.5062347650527954 4300
1783602284278 0.21486002206802368 4301
1783602284369 0.26110145449638367 4302
1783602284454 0.33403345942497253 4303
1783602284559 0.3505341708660126 4304
1783602284628 0.38140636682510376 4305
1783602284688 0.3417244553565979 4306
1783602284844 0.31164512038230896 4307
1783602284916 0.21985897421836853 4308
1783602284973 0.3700743615627289 4309
1783602285062 0.3740624189376831 4310
1783602285154 0.18261057138442993 4311
1783602285247 0.2577853500843048 4312
1783602285322 0.16681444644927979 4313
1783602285429 0.5357833504676819 4314
1783602285516 0.17353610694408417 4315
1783602285620 0.4776334762573242 4316
1783602285690 0.19646169245243073 4317
1783602285775 0.4202616214752197 4318
1783602285893 0.8863491415977478 4319
1783602286040 0.30124908685684204 4320
1783602286130 0.08058249950408936 4321
1783602286210 0.4657565653324127 4322
1783602286285 0.24501822888851166 4323
1783602286375 0.22642236948013306 4324
1783602286475 0.19482384622097015 4325
1783602286565 0.2588091194629669 4326
1783602286643 0.5271934270858765 4327
1783602286730 0.7092409729957581 4328
1783602286823 0.4982216954231262 4329
1783602286955 0.23333676159381866 4330
1783602287039 0.5312969088554382 4331
1783602287148 0.28818070888519287 4332
1783602287282 0.23588865995407104 4333
1783602287400 0.5005413889884949 4334
1783602287481 0.3889461159706116 4335
1783602287585 0.16474226117134094 4336
1783602287717 0.3499649465084076 4337
1783602287796 0.2982408106327057 4338
1783602287892 0.10173738747835159 4339
1783602287976 0.06586087495088577 4340
1783602288069 0.08473361283540726 4341
1783602288137 0.13340507447719574 4342
1783602288253 0.05733397975564003 4343
1783602288351 0.37875786423683167 4344
1783602288472 0.40452077984809875 4345
1783602288636 0.16521213948726654 4346
1783602288720 0.25717663764953613 4347
1783602288810 0.43095850944519043 4348
1783602288895 0.38542258739471436 4349
1783602288984 0.1644609123468399 4350
1783602289089 0.3271765410900116 4351
1783602289158 0.1183844655752182 4352
1783602289236 0.27544716000556946 4353
1783602289348 0.17023807764053345 4354
1783602289450 0.2971700429916382 4355
1783602289547 0.20224879682064056 4356
1783602289676 0.3318876326084137 4357
1783602289807 0.1919037252664566 4358
1783602289925 0.3512813150882721 4359
1783602290033 0.1820521056652069 4360
1783602290165 0.4897158145904541 4361
1783602290274 0.4400414526462555 4362
1783602290348 0.3790190517902374 4363
1783602290452 0.24514126777648926 4364
1783602290522 0.13834618031978607 4365
1783602290596 0.2714869976043701 4366
1783602290667 0.3219880759716034 4367
1783602290761 0.2089371234178543 4368
1783602290841 0.4598977267742157 4369
1783602290908 0.43879571557044983 4370
1783602291028 0.5398324131965637 4371
1783602291093 0.19887040555477142 4372
1783602291175 0.5338123440742493 4373
1783602291276 0.39352574944496155 4374
1783602291475 0.17839036881923676 4375
1783602291570 0.16265656054019928 4376
1783602291665 0.33327576518058777 4377
1783602291809 0.2296474128961563 4378
1783602291917 0.24183784425258636 4379
1783602292001 0.10318875312805176 4380
1783602292136 0.27122223377227783 4381
1783602292265 0.2936341166496277 4382
1783602292350 0.30022189021110535 4383
1783602292441 0.44764289259910583 4384
1783602292538 0.42465853691101074 4385
1783602292640 0.13484933972358704 4386
1783602292736 0.20118461549282074 4387
1783602292853 0.13923169672489166 4388
1783602292944 0.5631359815597534 4389
1783602293044 0.7821704149246216 4390
1783602293114 0.5894047617912292 4391
1783602293205 0.25979435443878174 4392
1783602293307 0.11249616742134094 4393
1783602293402 0.08036760985851288 4394
1783602293478 0.1734808385372162 4395
1783602293574 0.5908937454223633 4396
1783602293701 0.19940905272960663 4397
1783602293772 0.2917134761810303 4398
1783602293851 0.12193170189857483 4399
1783602293934 0.2886410057544708 4400
1783602294034 0.8697138428688049 4401
1783602294131 0.7174382209777832 4402
1783602294243 0.4265146851539612 4403
1783602294357 0.08572950959205627 4404
1783602294461 0.38958850502967834 4405
1783602294523 0.4670628309249878 4406
1783602294599 0.12154728174209595 4407
1783602294687 0.35508936643600464 4408
1783602294763 0.29078370332717896 4409
1783602294906 0.25885552167892456 4410
1783602295009 0.8063688278198242 4411
1783602295122 0.14267395436763763 4412
1783602295193 0.15298429131507874 4413
1783602295278 0.28069591522216797 4414
1783602295358 0.1390295922756195 4415
1783602295466 0.16127991676330566 4416
1783602295531 0.18822884559631348 4417
1783602295619 0.23473496735095978 4418
1783602295714 0.4517578184604645 4419
1783602295824 0.2665160000324249 4420
1783602295925 0.5273230671882629 4421
1783602296025 0.24739743769168854 4422
1783602296148 0.2449469268321991 4423
1783602296249 0.449137806892395 4424
1783602296353 0.14983640611171722 4425
1783602296447 0.18570247292518616 4426
1783602296570 0.18021370470523834 4427
1783602296656 0.40997314453125 4428
1783602296772 0.32331976294517517 4429
1783602296859 0.42032769322395325 4430
1783602296922 0.09172122180461884 4431
1783602297022 0.2743900418281555 4432
1783602297093 0.2087201327085495 4433
1783602297188 0.44890323281288147 4434
1783602297297 0.4144195318222046 4435
1783602297376 0.4350259006023407 4436
1783602297478 0.37080398201942444 4437
1783602297581 0.2760416269302368 4438
1783602297662 0.270934522151947 4439
1783602297757 0.10950564593076706 4440
1783602297849 0.4772249758243561 4441
1783602297933 0.33004018664360046 4442
1783602298008 0.09581557661294937 4443
1783602298122 0.27855581045150757 4444
1783602298216 0.43069902062416077 4445
1783602298309 0.23977090418338776 4446
1783602298481 0.4004189074039459 4447
1783602298598 0.19991397857666016 4448
1783602298708 0.36218780279159546 4449
1783602298835 0.31358104944229126 4450
1783602298904 0.6510831713676453 4451
1783602299046 0.6415263414382935 4452
1783602299145 0.23075959086418152 4453
1783602299234 0.16461025178432465 4454
1783602299316 0.8894937038421631 4455
1783602299380 0.4107348918914795 4456
1783602299459 0.3829611539840698 4457
1783602299554 0.2975996136665344 4458
1783602299677 0.24977774918079376 4459
1783602299778 0.4674152731895447 4460
1783602299892 0.2360060214996338 4461
1783602299978 0.21614974737167358 4462
1783602300067 0.40219467878341675 4463
1783602300144 0.2269226610660553 4464
1783602300247 0.3500850796699524 4465
1783602300357 0.5672984719276428 4466
1783602300446 0.17220818996429443 4467
1783602300540 0.38453084230422974 4468
1783602300662 0.205947145819664 4469
1783602300764 0.24737615883350372 4470
1783602300838 0.1587499976158142 4471
1783602300929 0.08818640559911728 4472
1783602301043 0.378628134727478 4473
1783602301124 0.3297872841358185 4474
1783602301208 0.3538811504840851 4475
1783602301291 0.17391395568847656 4476
1783602301389 0.1991821527481079 4477
1783602301463 0.31585001945495605 4478
1783602301663 0.12734460830688477 4479
1783602301760 0.3628920018672943 4480
1783602301903 0.3172496259212494 4481
1783602302026 0.48566266894340515 4482
1783602302157 0.1732551008462906 4483
1783602302242 0.3518362045288086 4484
1783602302347 0.32007327675819397 4485
1783602302423 0.337519109249115 4486
1783602302526 0.595453143119812 4487
1783602302661 0.32962751388549805 4488
1783602302782 0.1305025964975357 4489
1783602302857 0.39641493558883667 4490
1783602302939 0.37675124406814575 4491
1783602303012 0.3236914873123169 4492
1783602303130 0.14688736200332642 4493
1783602303237 0.2957168221473694 4494
1783602303318 0.6239410638809204 4495
1783602303421 0.08328720927238464 4496
1783602303494 0.35884255170822144 4497
1783602303597 0.15607470273971558 4498
1783602303679 0.478573203086853 4499
1783602303783 0.41779154539108276 4500
1783602303878 0.42083540558815 4501
1783602303965 0.14200426638126373 4502
1783602304043 0.5246431827545166 4503
1783602304129 0.27235111594200134 4504
1783602304218 0.13372266292572021 4505
1783602304309 0.3449661135673523 4506
1783602304408 0.20014438033103943 4507
1783602304512 0.14509060978889465 4508
1783602304588 0.3372747302055359 4509
1783602304660 0.4501481056213379 4510
1783602304740 0.12122473865747452 4511
1783602304842 0.5783659219741821 4512
1783602304970 0.24773216247558594 4513
1783602305043 0.7785595059394836 4514
1783602305124 0.1514023393392563 4515
1783602305226 0.28172925114631653 4516
1783602305325 0.22503183782100677 4517
1783602305405 0.5768438577651978 4518
1783602305482 0.2531748414039612 4519
1783602305563 0.7135522961616516 4520
1783602305653 0.33369341492652893 4521
1783602305732 0.6262287497520447 4522
1783602305865 0.2366679459810257 4523
1783602305982 0.1564313769340515 4524
1783602306098 0.3118738532066345 4525
1783602306183 0.4149879515171051 4526
1783602306266 0.17629177868366241 4527
1783602306409 0.5262155532836914 4528
1783602306527 0.3256538212299347 4529
1783602306608 0.24622505903244019 4530
1783602306759 0.18696527183055878 4531
1783602306826 0.16314208507537842 4532
1783602306950 0.5931716561317444 4533
1783602307071 0.2079474776983261 4534
1783602307158 0.3699348568916321 4535
1783602307268 0.4959140121936798 4536
1783602307362 0.7555373311042786 4537
1783602307460 0.4840594232082367 4538
1783602307549 0.21039347350597382 4539
1783602307620 0.04768554866313934 4540
1783602307708 0.1082586795091629 4541
1783602307825 0.37134966254234314 4542
1783602307907 0.24574503302574158 4543
1783602307997 0.2642369866371155 4544
1783602308067 0.2721947133541107 4545
1783602308159 0.19634966552257538 4546
1783602308270 0.32183927297592163 4547
1783602308378 0.21865347027778625 4548
1783602308480 0.36271947622299194 4549
1783602308606 0.15361808240413666 4550
1783602308725 0.24988356232643127 4551
1783602308803 0.11912714689970016 4552
1783602308889 0.4062943160533905 4553
1783602308978 0.38482698798179626 4554
1783602309113 0.2154710590839386 4555
1783602309197 0.13436435163021088 4556
1783602309267 0.08350197970867157 4557
1783602309347 0.14995601773262024 4558
1783602309451 0.15490956604480743 4559
1783602309564 0.3509269952774048 4560
1783602309630 0.4118582010269165 4561
1783602309719 0.14132577180862427 4562
1783602309798 0.1691269874572754 4563
1783602309885 0.3394942283630371 4564
1783602309960 0.2476620227098465 4565
1783602310065 0.2480158507823944 4566
1783602310147 0.05464619770646095 4567
1783602310251 0.20147457718849182 4568
1783602310371 0.3294319212436676 4569
1783602310462 0.2363249957561493 4570
1783602310527 0.1284140795469284 4571
1783602310616 0.14003238081932068 4572
1783602310697 0.3163900077342987 4573
1783602310787 0.2979951798915863 4574
1783602310881 0.19667252898216248 4575
1783602310969 0.23936773836612701 4576
1783602311043 0.31283900141716003 4577
1783602311116 0.2780512571334839 4578
1783602311210 0.505250871181488 4579
1783602311327 0.3965018689632416 4580
1783602311412 0.3898017704486847 4581
1783602311622 0.6474416255950928 4582
1783602311711 0.3328412175178528 4583
1783602311778 0.3963490426540375 4584
1783602311849 0.2687224745750427 4585
1783602311934 0.17623348534107208 4586
1783602312010 0.22393126785755157 4587
1783602312072 0.30339908599853516 4588
1783602312175 0.36795517802238464 4589
1783602312285 0.21415258944034576 4590
1783602312374 0.3004426658153534 4591
1783602312475 0.16380740702152252 4592
1783602312591 0.49854663014411926 4593
1783602312652 0.3267247974872589 4594
1783602312897 0.5610881447792053 4595
1783602312991 0.18973354995250702 4596
1783602313091 0.22236230969429016 4597
1783602313168 0.23200373351573944 4598
1783602313256 0.26932385563850403 4599
1783602313333 0.4127158522605896 4600
1783602313433 0.18422532081604004 4601
1783602313559 0.3850155770778656 4602
1783602313654 0.37328457832336426 4603
1783602313769 0.4666520357131958 4604
1783602313882 0.09943009912967682 4605
1783602313956 0.08661428838968277 4606
1783602314118 0.34059837460517883 4607
1783602314203 0.20566871762275696 4608
1783602314286 0.21767397224903107 4609
1783602314370 0.3166793882846832 4610
1783602314494 0.5529495477676392 4611
1783602314580 0.6922059655189514 4612
1783602314646 0.8487180471420288 4613
1783602314734 0.5471943020820618 4614
1783602314829 0.4335971176624298 4615
1783602314909 0.2647691071033478 4616
1783602315018 0.33069729804992676 4617
1783602315118 0.18052153289318085 4618
1783602315205 0.19295665621757507 4619
1783602315285 0.07808030396699905 4620
1783602315388 0.35403767228126526 4621
1783602315484 0.12867271900177002 4622
1783602315576 0.35549911856651306 4623
1783602315664 0.14717432856559753 4624
1783602315761 0.4005436301231384 4625
1783602315850 0.18092070519924164 4626
1783602315944 0.18814155459403992 4627
1783602316028 0.2850213348865509 4628
1783602316149 0.5633326768875122 4629
1783602316249 0.08355188369750977 4630
1783602316323 0.07494933903217316 4631
1783602316430 0.08379042148590088 4632
1783602316554 0.24313050508499146 4633
1783602316663 0.4070645570755005 4634
1783602316763 0.472324937582016 4635
1783602316882 0.19509315490722656 4636
1783602316961 0.578618586063385 4637
1783602317047 0.0711255595088005 4638
1783602317133 0.1797962337732315 4639
1783602317241 0.21747331321239471 4640
1783602317315 0.4787096679210663 4641
1783602317407 0.6229293346405029 4642
1783602317490 0.3281950354576111 4643
1783602317596 0.06968824565410614 4644
1783602317728 0.3138486444950104 4645
1783602317843 0.2824849486351013 4646
1783602317943 0.4317092001438141 4647
1783602318029 0.2636575698852539 4648
1783602318099 0.44132328033447266 4649
1783602318203 0.1629733294248581 4650
1783602318317 0.3393933176994324 4651
1783602318408 0.13254857063293457 4652
1783602318501 0.5014671683311462 4653
1783602318617 0.3258890211582184 4654
1783602318703 0.5336433053016663 4655
1783602318821 0.20700249075889587 4656
1783602318890 0.1487748622894287 4657
1783602318992 0.2918148934841156 4658
1783602319072 0.5579063296318054 4659
1783602319187 0.06696692109107971 4660
1783602319274 0.4633724093437195 4661
1783602319369 0.13459482789039612 4662
1783602319473 0.21837803721427917 4663
1783602319582 0.3281877636909485 4664
1783602319652 0.14957788586616516 4665
1783602319768 0.2885402739048004 4666
1783602319887 0.4439789056777954 4667
1783602319963 0.16141672432422638 4668
1783602320064 0.42817553877830505 4669
1783602320133 0.3562244176864624 4670
1783602320234 0.491083025932312 4671
1783602320324 0.20137789845466614 4672
1783602320401 0.39657023549079895 4673
1783602320485 0.33113357424736023 4674
1783602320570 0.15566621720790863 4675
1783602320646 0.4888707995414734 4676
1783602320739 0.27368104457855225 4677
1783602320840 0.2967786490917206 4678
1783602320928 0.3218174874782562 4679
1783602321063 0.6257454752922058 4680
1783602321153 0.30366095900535583 4681
1783602321246 0.3609921634197235 4682
1783602321335 0.2609784007072449 4683
1783602321461 0.4069959223270416 4684
1783602321561 0.49159324169158936 4685
1783602321676 0.40784752368927 4686
1783602321765 0.5885090231895447 4687
1783602321890 0.2343946248292923 4688
1783602321957 0.3033981919288635 4689
1783602322035 0.5128004550933838 4690
1783602322131 0.15165995061397552 4691
1783602322238 0.8540509939193726 4692
1783602322329 0.25383347272872925 4693
1783602322442 0.303011953830719 4694
1783602322524 0.34591808915138245 4695
1783602322630 0.40441349148750305 4696
1783602322724 0.13518522679805756 4697
1783602322816 0.25889551639556885 4698
1783602322887 0.20480561256408691 4699
1783602322975 0.6075817346572876 4700
1783602323076 0.44508659839630127 4701
1783602323148 0.26446858048439026 4702
1783602323222 0.508378803730011 4703
1783602323314 0.16936004161834717 4704
1783602323445 0.1606137454509735 4705
1783602323536 0.16470813751220703 4706
1783602323656 0.3575705289840698 4707
1783602323735 0.10216222703456879 4708
1783602323861 0.3966371417045593 4709
1783602323940 0.18028265237808228 4710
1783602324026 0.32237836718559265 4711
1783602324120 0.5619761943817139 4712
1783602324250 0.26746702194213867 4713
1783602324342 0.18728096783161163 4714
1783602324428 0.8767349123954773 4715
1783602324510 0.26745083928108215 4716
1783602324577 0.5781109929084778 4717
1783602324659 0.31614309549331665 4718
1783602324780 0.4441598653793335 4719
1783602324867 0.3683507740497589 4720
1783602324957 0.2942342162132263 4721
1783602325031 0.17030039429664612 4722
1783602325121 0.4622943699359894 4723
1783602325204 0.17375943064689636 4724
1783602325335 0.13512291014194489 4725
1783602325487 0.6331124901771545 4726
1783602325590 0.1571640819311142 4727
1783602325661 0.3287368416786194 4728
1783602325741 0.14211195707321167 4729
1783602325870 0.11113321781158447 4730
1783602325991 0.141202911734581 4731
1783602326112 0.30814483761787415 4732
1783602326195 0.24852076172828674 4733
1783602326305 0.3979058265686035 4734
1783602326394 0.533621072769165 4735
1783602326500 0.2821802496910095 4736
1783602326590 0.1670476645231247 4737
1783602326682 0.8815087080001831 4738
1783602326771 0.43040844798088074 4739
1783602326857 0.3433501720428467 4740
1783602326950 0.16224269568920135 4741
1783602327010 0.08647940307855606 4742
1783602327093 0.4606626331806183 4743
1783602327164 0.42082440853118896 4744
1783602327235 0.26315638422966003 4745
1783602327301 0.08484335988759995 4746
1783602327374 0.10392582416534424 4747
1783602327481 0.3268533945083618 4748
1783602327577 0.16864559054374695 4749
1783602327648 0.19643928110599518 4750
1783602327743 0.2770337760448456 4751
1783602327845 0.22648614645004272 4752
1783602327953 0.3669983148574829 4753
1783602328047 0.32335129380226135 4754
1783602328130 0.40691283345222473 4755
1783602328213 0.10535795986652374 4756
1783602328313 0.16321003437042236 4757
1783602328411 0.25571587681770325 4758
1783602328508 0.44628509879112244 4759
1783602328617 0.32578277587890625 4760
1783602328727 0.16622012853622437 4761
1783602328805 0.3532191216945648 4762
1783602328892 0.2009788453578949 4763
1783602328973 0.45255422592163086 4764
1783602329066 0.4206096827983856 4765
1783602329144 0.3543778657913208 4766
1783602329239 0.1336163580417633 4767
1783602329326 0.43412792682647705 4768
1783602329437 0.3808789551258087 4769
1783602329505 0.14942362904548645 4770
1783602329583 0.41474008560180664 4771
1783602329661 0.4820968210697174 4772
1783602329751 0.285105437040329 4773
1783602329847 0.04262245073914528 4774
1783602329958 0.4486856460571289 4775
1783602330052 0.46422120928764343 4776
1783602330144 0.36507752537727356 4777
1783602330234 0.2007879912853241 4778
1783602330360 0.2305769920349121 4779
1783602330441 0.14152052998542786 4780
1783602330593 0.530316948890686 4781
1783602330682 0.39066529273986816 4782
1783602330761 0.2877611219882965 4783
1783602330841 0.44181957840919495 4784
1783602330912 0.12943261861801147 4785
1783602331025 0.2996063828468323 4786
1783602331105 0.16044296324253082 4787
1783602331181 0.19526778161525726 4788
1783602331277 0.14224353432655334 4789
1783602331377 0.32770344614982605 4790
1783602331472 0.29619449377059937 4791
1783602331562 0.24984124302864075 4792
1783602331674 0.3279591500759125 4793
1783602331792 0.4830183684825897 4794
1783602331889 0.33681777119636536 4795
1783602331975 0.2701888084411621 4796
1783602332056 0.2761409878730774 4797
1783602332136 0.22241581976413727 4798
1783602332209 0.2840493321418762 4799
1783602332309 0.516015887260437 4800
1783602332423 0.3776553273200989 4801
1783602332504 0.12342649698257446 4802
1783602332605 0.18827547132968903 4803
1783602332710 0.3015982210636139 4804
1783602332799 0.299802303314209 4805
1783602332879 0.1817970722913742 4806
1783602332952 0.31402578949928284 4807
1783602333062 0.1592935025691986 4808
1783602333146 0.45349133014678955 4809
1783602333237 0.35850268602371216 4810
1783602333329 0.46227210760116577 4811
1783602333406 0.08829405158758163 4812
1783602333529 0.3159615099430084 4813
1783602333607 0.4688204526901245 4814
1783602333686 0.10078907757997513 4815
1783602333752 0.224880650639534 4816
1783602333846 0.1491030901670456 4817
1783602333963 0.3008362352848053 4818
1783602334054 0.13005350530147552 4819
1783602334192 0.29960522055625916 4820
1783602334332 0.1562897264957428 4821
1783602334445 0.15682660043239594 4822
1783602334527 0.28774741291999817 4823
1783602334602 0.15375523269176483 4824
1783602334677 0.17610643804073334 4825
1783602334758 0.2991311848163605 4826
1783602334857 0.2777949571609497 4827
1783602334941 0.35943612456321716 4828
1783602335068 0.34573033452033997 4829
1783602335169 0.3937929570674896 4830
1783602335308 0.29820460081100464 4831
1783602335458 0.2878572344779968 4832
1783602335559 0.2539392113685608 4833
1783602335650 0.62953120470047 4834
1783602335731 0.10875477641820908 4835
1783602335822 0.7225849032402039 4836
1783602335901 0.03224656358361244 4837
1783602336030 0.48432886600494385 4838
1783602336114 0.46135780215263367 4839
1783602336223 0.6051434874534607 4840
1783602336312 0.4401799142360687 4841
1783602336411 0.17635677754878998 4842
1783602336542 0.3885127902030945 4843
1783602336657 0.2697332799434662 4844
1783602336753 0.28154125809669495 4845
1783602336848 0.13134901225566864 4846
1783602336944 0.20777030289173126 4847
1783602337010 0.6600619554519653 4848
1783602337094 0.3080180287361145 4849
1783602337187 0.15042462944984436 4850
1783602337290 0.077998086810112 4851
1783602337400 0.3340880572795868 4852
1783602337511 0.5916734337806702 4853
1783602337587 0.28143346309661865 4854
1783602337699 0.2846858501434326 4855
1783602337769 0.3835814893245697 4856
1783602337891 0.18442203104496002 4857
1783602338015 0.39551740884780884 4858
1783602338089 0.4205814599990845 4859
1783602338182 0.37119200825691223 4860
1783602338286 0.2233363837003708 4861
1783602338362 0.21826107800006866 4862
1783602338455 0.1781693994998932 4863
1783602338558 0.13875317573547363 4864
1783602338630 0.2559928297996521 4865
1783602338696 0.5231780409812927 4866
1783602338779 0.17567342519760132 4867
1783602338869 0.13162431120872498 4868
1783602338944 0.3040369153022766 4869
1783602339033 0.6602932214736938 4870
1783602339110 0.3446846008300781 4871
1783602339226 0.49363309144973755 4872
1783602339301 0.0959346666932106 4873
1783602339449 0.30838707089424133 4874
1783602339533 0.6368647813796997 4875
1783602339644 0.2845974862575531 4876
1783602339721 0.29110416769981384 4877
1783602339856 0.3377329111099243 4878
1783602339956 0.2328491061925888 4879
1783602340083 0.15315602719783783 4880
1783602340181 0.22046919167041779 4881
1783602340304 0.11452925205230713 4882
1783602340418 0.21720468997955322 4883
1783602340548 0.34941792488098145 4884
1783602340653 0.10836926847696304 4885
1783602340746 0.2355440855026245 4886
1783602340836 0.08156709372997284 4887
1783602340936 0.5900545716285706 4888
1783602341042 0.31806299090385437 4889
1783602341112 0.11755634099245071 4890
1783602341187 0.22442695498466492 4891
1783602341296 0.24583211541175842 4892
1783602341395 0.07199254631996155 4893
1783602341485 0.1201719418168068 4894
1783602341617 0.14807145297527313 4895
1783602341693 0.18957330286502838 4896
1783602341817 0.20947079360485077 4897
1783602341994 0.19944052398204803 4898
1783602342088 0.8038091063499451 4899
1783602342185 0.2002466917037964 4900
1783602342277 0.38883620500564575 4901
1783602342363 0.14222000539302826 4902
1783602342450 0.29033371806144714 4903
1783602342548 0.41961172223091125 4904
1783602342685 0.30972519516944885 4905
1783602342815 0.0880630612373352 4906
1783602342960 0.4086354076862335 4907
1783602343064 0.14566603302955627 4908
1783602343195 0.23241831362247467 4909
1783602343268 0.1238587275147438 4910
1783602343359 0.36625099182128906 4911
1783602343427 0.19538049399852753 4912
1783602343534 0.4833076298236847 4913
1783602343606 0.1300984025001526 4914
1783602343724 0.09206885099411011 4915
1783602343821 0.2455863356590271 4916
1783602343950 0.5306862592697144 4917
1783602344067 0.42471572756767273 4918
1783602344156 0.4584302306175232 4919
1783602344273 0.37209513783454895 4920
1783602344470 0.17822541296482086 4921
1783602344570 0.5280866622924805 4922
1783602344666 0.3480078876018524 4923
1783602344750 0.8501665592193604 4924
1783602344848 0.6825544834136963 4925
1783602344945 0.3109327256679535 4926
1783602345042 0.1829693615436554 4927
1783602345131 0.30738356709480286 4928
1783602345243 0.6511378884315491 4929
1783602345336 0.05741335451602936 4930
1783602345431 0.3537389636039734 4931
1783602345514 0.4725259840488434 4932
1783602345593 0.18733178079128265 4933
1783602345696 0.19217358529567719 4934
1783602345828 0.3443613052368164 4935
1783602345915 0.6730417013168335 4936
1783602345999 0.27350422739982605 4937
1783602346081 0.10586833953857422 4938
1783602346198 0.29524528980255127 4939
1783602346299 0.5532244443893433 4940
1783602346411 0.24120451509952545 4941
1783602346561 0.25119081139564514 4942
1783602346623 0.5785834193229675 4943
1783602346718 0.16382822394371033 4944
1783602346834 0.26499801874160767 4945
1783602346961 0.4436541497707367 4946
1783602347082 0.3899286687374115 4947
1783602347159 0.1571844071149826 4948
1783602347248 0.3114967942237854 4949
1783602347321 0.44723254442214966 4950
1783602347429 0.15695054829120636 4951
1783602347508 0.08029837906360626 4952
1783602347631 0.18046195805072784 4953
1783602347702 0.3256887197494507 4954
1783602347794 0.13984882831573486 4955
1783602347859 0.291687935590744 4956
1783602347949 0.23678907752037048 4957
1783602348061 0.0765986517071724 4958
1783602348154 0.2914053201675415 4959
1783602348239 0.16247396171092987 4960
1783602348329 0.3167473375797272 4961
1783602348463 0.42761966586112976 4962
1783602348552 0.15763457119464874 4963
1783602348665 0.235542893409729 4964
1783602348789 0.11472815275192261 4965
1783602348866 0.10990970581769943 4966
1783602348954 0.21813872456550598 4967
1783602349043 0.8396936655044556 4968
1783602349176 0.16321468353271484 4969
1783602349298 0.14762574434280396 4970
1783602349397 0.45325738191604614 4971
1783602349482 0.33487844467163086 4972
1783602349607 0.12918709218502045 4973
1783602349715 0.4406622350215912 4974
1783602349803 0.10743552446365356 4975
1783602349891 0.2954307198524475 4976
1783602349986 0.578226625919342 4977
1783602350072 0.2781880795955658 4978
1783602350174 0.48142969608306885 4979
1783602350280 0.22765198349952698 4980
1783602350401 0.36259925365448 4981
1783602350500 0.4828820824623108 4982
1783602350605 0.22528456151485443 4983
1783602350690 0.2511417865753174 4984
1783602350787 0.43814384937286377 4985
1783602350862 0.9882469773292542 4986
1783602350975 0.24388380348682404 4987
1783602351051 0.10290443152189255 4988
1783602351137 0.4143608808517456 4989
1783602351227 0.34063994884490967 4990
1783602351352 0.3634999394416809 4991
1783602351458 0.47666075825691223 4992
1783602351558 0.3486921489238739 4993
1783602351682 0.1561623215675354 4994
1783602351821 0.3271665871143341 4995
1783602351874 0.17107132077217102 4996
1783602351984 0.3241634666919708 4997
1783602352080 0.19143404066562653 4998
1783602352196 0.2528684437274933 4999
1783602352266 0.23110026121139526 5000
1783602352356 0.10792961716651917 5001
1783602352441 0.6229593753814697 5002
1783602352542 0.5090584754943848 5003
1783602352625 0.3870502710342407 5004
1783602352713 0.21788418292999268 5005
1783602352782 0.7421262264251709 5006
1783602352895 0.060741689056158066 5007
1783602353015 0.38612818717956543 5008
1783602353108 0.6482921242713928 5009
1783602353222 0.3540712594985962 5010
1783602353332 0.21684429049491882 5011
1783602353478 0.15465332567691803 5012
1783602353547 0.21995677053928375 5013
1783602353640 0.21766994893550873 5014
1783602353728 0.1667596846818924 5015
1783602353837 0.17143350839614868 5016
1783602353950 0.293428510427475 5017
1783602354057 0.2964688539505005 5018
1783602354150 0.28912633657455444 5019
1783602354250 0.2877616584300995 5020
1783602354322 0.21395424008369446 5021
1783602354401 0.84568190574646 5022
1783602354504 0.2157657891511917 5023
1783602354583 0.12955205142498016 5024
1783602354653 0.2139165848493576 5025
1783602354737 0.25015586614608765 5026
1783602354824 0.4139445424079895 5027
1783602354917 0.45327216386795044 5028
1783602354988 0.20040825009346008 5029
1783602355078 0.599994421005249 5030
1783602355183 0.14854265749454498 5031
1783602355252 0.06812849640846252 5032
1783602355353 0.32749882340431213 5033
1783602355423 0.12483439594507217 5034
1783602355534 0.1404365599155426 5035
1783602355633 0.30794569849967957 5036
1783602355699 0.12949903309345245 5037
1783602355774 0.04587363451719284 5038
1783602355907 0.24530109763145447 5039
1783602355982 0.31580302119255066 5040
1783602356050 0.5465482473373413 5041
1783602356145 0.31972384452819824 5042
1783602356288 0.25080305337905884 5043
1783602356409 0.1761620044708252 5044
1783602356478 0.3033909797668457 5045
1783602356578 0.06695476919412613 5046
1783602356706 0.7028416395187378 5047
1783602356816 0.31042560935020447 5048
1783602356914 0.27480626106262207 5049
1783602357038 0.08992533385753632 5050
1783602357132 0.3807227611541748 5051
1783602357219 0.40622252225875854 5052
1783602357294 0.20091025531291962 5053
1783602357371 0.16749094426631927 5054
1783602357449 0.17000994086265564 5055
1783602357537 0.23673343658447266 5056
1783602357618 0.46758341789245605 5057
1783602357708 0.5275887846946716 5058
1783602357815 0.2388342171907425 5059
1783602357909 0.10064692050218582 5060
1783602357994 0.2895442247390747 5061
1783602358105 0.3287619948387146 5062
1783602358247 0.15909825265407562 5063
1783602358366 0.3721279501914978 5064
1783602358438 0.0997738167643547 5065
1783602358522 0.07125063985586166 5066
1783602358599 0.2512820363044739 5067
1783602358686 0.45829933881759644 5068
1783602358790 0.23885810375213623 5069
1783602358859 0.1395362913608551 5070
1783602358940 0.28674042224884033 5071
1783602359008 0.37989503145217896 5072
1783602359099 0.24235078692436218 5073
1783602359222 0.6642720103263855 5074
1783602359312 0.44543546438217163 5075
1783602359391 0.21873556077480316 5076
1783602359463 0.28773748874664307 5077
1783602359558 0.10476861894130707 5078
1783602359647 0.33768582344055176 5079
1783602359750 0.3366147577762604 5080
1783602359810 0.7880250811576843 5081
1783602359888 0.18679875135421753 5082
1783602360002 0.30970627069473267 5083
1783602360118 0.25883767008781433 5084
1783602360229 0.6189663410186768 5085
1783602360352 0.39016276597976685 5086
1783602360480 0.37392503023147583 5087
1783602360555 0.4715908169746399 5088
1783602360638 0.2680874764919281 5089
1783602360721 0.5726644396781921 5090
1783602360797 0.7500594258308411 5091
1783602360873 0.18439871072769165 5092
1783602360949 0.20090936124324799 5093
1783602361017 0.13872964680194855 5094
1783602361096 0.22862611711025238 5095
1783602361178 0.5195672512054443 5096
1783602361299 0.1783224195241928 5097
1783602361381 0.3556280732154846 5098
1783602361476 0.20463286340236664 5099
1783602361592 0.31635478138923645 5100
1783602361717 0.4262024760246277 5101
1783602361794 1.07511568069458 5102
1783602361872 0.08016175776720047 5103
1783602361975 0.4057118892669678 5104
1783602362066 0.15532061457633972 5105
1783602362158 0.3582369089126587 5106
1783602362252 0.22293956577777863 5107
1783602362345 0.2584277391433716 5108
1783602362443 0.4278920590877533 5109
1783602362544 0.07264838367700577 5110
1783602362653 0.5101812481880188 5111
1783602362759 0.605129599571228 5112
1783602362859 0.6193240284919739 5113
1783602362932 0.17986904084682465 5114
1783602363009 0.2864735722541809 5115
1783602363089 0.3360265791416168 5116
1783602363151 0.18931354582309723 5117
1783602363214 0.27768680453300476 5118
1783602363300 0.37847986817359924 5119
1783602363419 0.28400135040283203 5120
1783602363495 0.2384089231491089 5121
1783602363573 0.1915283054113388 5122
1783602363637 0.14520145952701569 5123
1783602363699 0.8562954664230347 5124
1783602363777 0.15783068537712097 5125
1783602363853 0.12556859850883484 5126
1783602363946 0.21611890196800232 5127
1783602364058 0.44952213764190674 5128
1783602364195 0.44230687618255615 5129
1783602364314 0.096416175365448 5130
1783602364412 0.4235883355140686 5131
1783602364520 0.35568317770957947 5132
1783602364600 0.24817802011966705 5133
1783602364680 0.09894797950983047 5134
1783602364754 0.4481745660305023 5135
1783602364838 0.2281080186367035 5136
1783602364912 0.44651493430137634 5137
1783602365035 0.29806163907051086 5138
1783602365112 0.1663874089717865 5139
1783602365182 0.6100298762321472 5140
1783602365283 0.1256110668182373 5141
1783602365357 0.14109055697917938 5142
1783602365480 0.838220477104187 5143
1783602365575 0.22756485641002655 5144
1783602365693 0.1533125638961792 5145
1783602365834 0.4640551209449768 5146
1783602365944 0.36309754848480225 5147
1783602366012 0.11981283128261566 5148
1783602366091 0.5013281106948853 5149
1783602366184 0.2502940595149994 5150
1783602366271 0.2892201542854309 5151
1783602366381 0.7820519804954529 5152
1783602366487 0.310017466545105 5153
1783602366579 0.40446117520332336 5154
1783602366682 0.2023908942937851 5155
1783602366756 0.22239850461483002 5156
1783602366842 0.47530466318130493 5157
1783602366974 0.18636064231395721 5158
1783602367109 0.4632073640823364 5159
1783602367202 0.17351920902729034 5160
1783602367287 0.6542745232582092 5161
1783602367367 0.4170967936515808 5162
1783602367465 0.40965110063552856 5163
1783602367567 0.20766904950141907 5164
1783602367685 0.5441327095031738 5165
1783602367807 0.62127685546875 5166
1783602367905 0.13941270112991333 5167
1783602367990 0.22798191010951996 5168
1783602368114 0.27972719073295593 5169
1783602368225 0.39412397146224976 5170
1783602368310 0.1914304941892624 5171
1783602368400 0.5805715918540955 5172
1783602368494 0.43474888801574707 5173
1783602368581 0.6922053694725037 5174
1783602368662 0.49078741669654846 5175
1783602368766 0.7518946528434753 5176
1783602368872 0.22219014167785645 5177
1783602368946 0.15145418047904968 5178
1783602369028 0.24754419922828674 5179
1783602369136 0.09334620833396912 5180
1783602369231 0.6448774337768555 5181
1783602369344 0.6867828965187073 5182
1783602369439 0.7592780590057373 5183
1783602369513 0.25854843854904175 5184
1783602369600 0.21680030226707458 5185
1783602369727 0.209796741604805 5186
1783602369806 0.3962197005748749 5187
1783602369874 0.16767670214176178 5188
1783602369983 0.31327202916145325 5189
1783602370112 0.0845293402671814 5190
1783602370229 0.18676425516605377 5191
1783602370372 0.3513581156730652 5192
1783602370481 0.2448781281709671 5193
1783602370575 0.2023436278104782 5194
1783602370663 0.7457022070884705 5195
1783602370740 0.3940800130367279 5196
1783602370824 0.12996292114257812 5197
1783602370921 0.18179957568645477 5198
1783602371023 0.430916965007782 5199
1783602371110 0.4904558062553406 5200
1783602371190 0.16881278157234192 5201
1783602371266 0.4739670753479004 5202
1783602371367 0.6075425148010254 5203
1783602371460 0.3888888955116272 5204
1783602371577 1.0197978019714355 5205
1783602371649 0.618989109992981 5206
1783602371771 0.10251296311616898 5207
1783602371859 0.4811113178730011 5208
1783602371959 0.3965151607990265 5209
1783602372162 0.3239765167236328 5210
1783602372243 0.1894190013408661 5211
1783602372319 0.4535565972328186 5212
1783602372422 0.14161105453968048 5213
1783602372561 0.7679955363273621 5214
1783602372660 0.27774524688720703 5215
1783602372749 0.24874356389045715 5216
1783602372836 0.309944748878479 5217
1783602372956 0.46919485926628113 5218
1783602373062 0.33387675881385803 5219
1783602373189 0.2405480593442917 5220
1783602373290 0.1416609287261963 5221
1783602373504 0.22275492548942566 5222
1783602373577 0.28304675221443176 5223
1783602373683 0.2905175983905792 5224
1783602373783 0.3536820709705353 5225
1783602373870 0.3724074065685272 5226
1783602373991 0.12075258046388626 5227
1783602374094 0.3017049729824066 5228
1783602374202 0.802040696144104 5229
1783602374268 0.4739570617675781 5230
1783602374356 0.14037221670150757 5231
1783602374442 0.090291328728199 5232
1783602374523 0.5974888801574707 5233
1783602374601 0.23082350194454193 5234
1783602374698 0.31177830696105957 5235
1783602374813 0.2236267775297165 5236
1783602374906 0.27972212433815 5237
1783602374977 0.09871413558721542 5238
1783602375056 0.3088145852088928 5239
1783602375165 0.4168263077735901 5240
1783602375272 0.18698762357234955 5241
1783602375346 0.2740844488143921 5242
1783602375458 0.5897756218910217 5243
1783602375538 0.6029213666915894 5244
1783602375636 0.27377694845199585 5245
1783602375736 0.07458656281232834 5246
1783602375827 0.2582702040672302 5247
1783602375935 0.19114868342876434 5248
1783602376018 0.1904086321592331 5249
1783602376121 0.3080407679080963 5250
1783602376206 0.2643623650074005 5251
1783602376316 0.12073220312595367 5252
1783602376438 0.10545577853918076 5253
1783602376548 0.4981720745563507 5254
1783602376674 0.8007929921150208 5255
1783602376762 0.22603252530097961 5256
1783602376860 0.38941672444343567 5257
1783602376926 0.0946192592382431 5258
1783602377008 0.1199689731001854 5259
1783602377140 0.37130606174468994 5260
1783602377255 0.36639294028282166 5261
1783602377330 0.41104423999786377 5262
1783602377413 0.33153480291366577 5263
1783602377493 0.21500352025032043 5264
1783602377608 0.36834636330604553 5265
1783602377684 0.20160998404026031 5266
1783602377785 0.4140785038471222 5267
1783602377884 0.12131356447935104 5268
1783602378009 0.12184000015258789 5269
1783602378105 0.2424502670764923 5270
1783602378201 0.27110984921455383 5271
1783602378282 0.2163875252008438 5272
1783602378409 0.25530484318733215 5273
1783602378514 0.4686034917831421 5274
1783602378598 0.5260730385780334 5275
1783602378673 0.26331254839897156 5276
1783602378772 0.1117381751537323 5277
1783602378917 0.4909536838531494 5278
1783602378980 0.30867335200309753 5279
1783602379048 0.25788551568984985 5280
1783602379128 0.16481348872184753 5281
1783602379224 0.25021815299987793 5282
1783602379331 0.3114282190799713 5283
1783602379404 0.1872120052576065 5284
1783602379469 0.04582875967025757 5285
1783602379552 0.2893636226654053 5286
1783602379658 0.12207853049039841 5287
1783602379766 0.43199414014816284 5288
1783602379846 0.1919403374195099 5289
1783602379921 0.7945029139518738 5290
1783602379991 0.38289353251457214 5291
1783602380062 0.4632018804550171 5292
1783602380141 0.11215969175100327 5293
1783602380222 0.0420292392373085 5294
1783602380292 0.30561965703964233 5295
1783602380361 0.3841523230075836 5296
1783602380440 0.22767655551433563 5297
1783602380541 0.37727439403533936 5298
1783602380643 0.3835467994213104 5299
1783602380724 0.190224751830101 5300
1783602380832 0.4082510769367218 5301
1783602380904 0.1852172315120697 5302
1783602380983 0.2205338031053543 5303
1783602381078 0.2859377861022949 5304
1783602381165 0.1334465742111206 5305
1783602381242 0.3097468614578247 5306
1783602381317 0.35205894708633423 5307
1783602381376 0.22544005513191223 5308
1783602381487 0.10744930058717728 5309
1783602381573 0.6954472661018372 5310
1783602381704 0.18489085137844086 5311
1783602381822 0.33072346448898315 5312
1783602381969 0.3495854139328003 5313
1783602382062 0.1744411438703537 5314
1783602382159 0.15489809215068817 5315
1783602382253 0.32987648248672485 5316
1783602382399 0.4666253626346588 5317
1783602382525 0.0513266921043396 5318
1783602382625 0.4377046227455139 5319
1783602382708 0.16383309662342072 5320
1783602382804 0.31182369589805603 5321
1783602382917 0.2775097191333771 5322
1783602383048 0.529768705368042 5323
1783602383156 0.5188779234886169 5324
1783602383318 0.39567387104034424 5325
1783602383442 0.2117978036403656 5326
1783602383565 0.35127896070480347 5327
1783602383640 0.27361422777175903 5328
1783602383734 0.4569227695465088 5329
1783602383802 0.5433669686317444 5330
1783602383896 0.3771594166755676 5331
1783602383998 0.15621960163116455 5332
1783602384071 0.5032525658607483 5333
1783602384169 0.43108269572257996 5334
1783602384271 0.11965648829936981 5335
1783602384344 0.48800092935562134 5336
1783602384465 0.6623914837837219 5337
1783602384568 0.2583884298801422 5338
1783602384634 0.17712727189064026 5339
1783602384703 0.8323075771331787 5340
1783602384824 0.35603755712509155 5341
1783602384908 0.3197461664676666 5342
1783602384993 0.246595099568367 5343
1783602385076 0.1934272050857544 5344
1783602385169 0.25541871786117554 5345
1783602385242 0.31876301765441895 5346
1783602385357 0.1083129420876503 5347
1783602385461 0.19879797101020813 5348
1783602385564 0.6143693327903748 5349
1783602385664 0.16606496274471283 5350
1783602385744 0.2944001257419586 5351
1783602385844 0.21393153071403503 5352
1783602385942 0.43842506408691406 5353
1783602386037 0.2790639400482178 5354
1783602386130 0.11652229726314545 5355
1783602386204 0.4151149094104767 5356
1783602386306 0.10926865041255951 5357
1783602386387 0.35655781626701355 5358
1783602386490 0.31832608580589294 5359
1783602386583 0.12485925853252411 5360
1783602386648 0.24716569483280182 5361
1783602386752 0.1818028688430786 5362
1783602386835 0.4741153419017792 5363
1783602386924 0.33265915513038635 5364
1783602387009 0.3189656138420105 5365
1783602387138 0.5386927127838135 5366
1783602387310 0.07110970467329025 5367
1783602387415 0.39745670557022095 5368
1783602387527 0.0959453284740448 5369
1783602387621 0.8824082612991333 5370
1783602387746 0.3373762369155884 5371
1783602387840 0.13426907360553741 5372
1783602387932 0.4010377526283264 5373
1783602388010 0.3306520879268646 5374
1783602388121 0.18706654012203217 5375
1783602388205 0.1266188770532608 5376
1783602388269 0.17043021321296692 5377
1783602388372 0.2233573943376541 5378
1783602388491 0.3316144347190857 5379
1783602388600 0.37295615673065186 5380
1783602388684 0.485661119222641 5381
1783602388803 0.3606453537940979 5382
1783602388874 0.2839263081550598 5383
1783602388953 0.07990550249814987 5384
1783602389025 0.3425461947917938 5385
1783602389140 0.21097294986248016 5386
1783602389228 0.26735803484916687 5387
1783602389344 0.31452611088752747 5388
1783602389443 0.4396481513977051 5389
1783602389519 0.34683945775032043 5390
1783602389625 0.38731828331947327 5391
1783602389729 0.263044536113739 5392
1783602389802 0.39895665645599365 5393
1783602389941 0.3621668815612793 5394
1783602390013 0.12301965057849884 5395
1783602390106 0.3451988101005554 5396
1783602390195 0.429109126329422 5397
1783602390326 0.28424492478370667 5398
1783602390395 0.25776755809783936 5399
1783602390508 0.49981242418289185 5400
1783602390588 0.18720249831676483 5401
1783602390691 0.2873617708683014 5402
1783602390792 0.07741257548332214 5403
1783602390902 0.3292953372001648 5404
1783602391007 0.5081280469894409 5405
1783602391082 0.3013562262058258 5406
1783602391166 0.19191065430641174 5407
1783602391246 0.6241715550422668 5408
1783602391338 0.14050564169883728 5409
1783602391409 0.27211710810661316 5410
1783602391524 0.3404228389263153 5411
1783602391597 0.8521153330802917 5412
1783602391708 0.25545305013656616 5413
1783602391829 0.2139810025691986 5414
1783602391948 0.10381220281124115 5415
1783602392062 0.3108310401439667 5416
1783602392163 0.1506836861371994 5417
1783602392238 0.49913129210472107 5418
1783602392334 0.3179517388343811 5419
1783602392461 0.2516043484210968 5420
1783602392552 0.5510780811309814 5421
1783602392650 0.39185795187950134 5422
1783602392745 0.19702444970607758 5423
1783602392843 0.16846446692943573 5424
1783602392953 0.25193873047828674 5425
1783602393062 0.1382584273815155 5426
1783602393127 0.24844880402088165 5427
1783602393212 0.4702717661857605 5428
1783602393295 0.0685369074344635 5429
1783602393374 0.21841280162334442 5430
1783602393461 0.37488365173339844 5431
1783602393556 0.1563762128353119 5432
1783602393680 0.31025800108909607 5433
1783602393754 0.2946089208126068 5434
1783602393828 0.44566452503204346 5435
1783602393914 0.5940665602684021 5436
1783602394004 0.5633910298347473 5437
1783602394097 0.8180921077728271 5438
1783602394202 0.13051825761795044 5439
1783602394299 0.283482164144516 5440
1783602394458 0.2625962197780609 5441
1783602394538 0.08847879618406296 5442
1783602394596 0.23505546152591705 5443
1783602394674 0.18953777849674225 5444
1783602394746 0.1336403489112854 5445
1783602394809 0.22758439183235168 5446
1783602394883 0.12943071126937866 5447
1783602394960 0.2441474050283432 5448
1783602395055 0.2941792905330658 5449
1783602395121 0.9784857034683228 5450
1783602395183 0.1982397586107254 5451
1783602395252 0.25518032908439636 5452
1783602395326 0.7634589672088623 5453
1783602395411 0.10014741122722626 5454
1783602395480 0.2465185523033142 5455
1783602395552 0.5467219948768616 5456
1783602395622 0.5751471519470215 5457
1783602395710 0.31954988837242126 5458
1783602395785 0.2238079458475113 5459
1783602395862 0.47176995873451233 5460
1783602395943 0.14842882752418518 5461
1783602396030 0.230414479970932 5462
1783602396125 0.11669875681400299 5463
1783602396204 0.2806205153465271 5464
1783602396274 0.19139939546585083 5465
1783602396340 0.1844456046819687 5466
1783602396422 0.14915791153907776 5467
1783602396529 0.16315796971321106 5468
1783602396604 0.2088935524225235 5469
1783602396719 0.5387979745864868 5470
1783602396796 0.47282320261001587 5471
1783602396877 0.26887232065200806 5472
1783602396954 0.1973632425069809 5473
1783602397046 0.2422487735748291 5474
1783602397141 0.533721923828125 5475
1783602397256 0.29143303632736206 5476
1783602397324 0.5343016982078552 5477
1783602397415 0.27659663558006287 5478
1783602397507 0.14225365221500397 5479
1783602397588 0.2846692204475403 5480
1783602397668 0.2511383295059204 5481
1783602397740 0.3803868293762207 5482
1783602397823 0.26080840826034546 5483
1783602397921 0.34175506234169006 5484
1783602397984 0.08851074427366257 5485
1783602398086 0.11483777314424515 5486
1783602398163 0.5361943244934082 5487
1783602398237 0.17926687002182007 5488
1783602398333 0.1902635395526886 5489
1783602398449 0.22533239424228668 5490
1783602398561 0.48202085494995117 5491
1783602398645 0.19351579248905182 5492
1783602398737 0.46993449330329895 5493
1783602398820 0.46860766410827637 5494
1783602398904 0.17824451625347137 5495
1783602398971 0.18490001559257507 5496
1783602399079 0.1569623202085495 5497
1783602399170 0.2172977775335312 5498
1783602399273 0.3657820224761963 5499
1783602399374 0.28486013412475586 5500
1783602399496 0.2856367826461792 5501
1783602399614 0.5468562245368958 5502
1783602399718 0.14096663892269135 5503
1783602399804 0.6288933753967285 5504
1783602399901 0.3857528269290924 5505
1783602400030 0.35534119606018066 5506
1783602400115 0.1377038210630417 5507
1783602400183 0.2974047362804413 5508
1783602400268 0.44478923082351685 5509
1783602400354 0.4129711985588074 5510
1783602400447 0.3131376802921295 5511
1783602400565 0.537455677986145 5512
1783602400656 0.23594462871551514 5513
1783602400740 0.22579461336135864 5514
1783602400833 0.45383796095848083 5515
1783602400907 0.25229504704475403 5516
1783602400986 0.30518844723701477 5517
1783602401073 0.09179719537496567 5518
1783602401191 0.3641083240509033 5519
1783602401272 0.7192276120185852 5520
1783602401364 0.47707417607307434 5521
1783602401442 0.462840735912323 5522
1783602401521 0.26163968443870544 5523
1783602401605 0.10103451460599899 5524
1783602401743 0.1811767816543579 5525
1783602401872 0.3873365819454193 5526
1783602401962 0.2669384777545929 5527
1783602402071 0.598146915435791 5528
1783602402168 0.2991245985031128 5529
1783602402269 0.09873610734939575 5530
1783602402344 0.29179373383522034 5531
1783602402436 0.38173776865005493 5532
1783602402512 0.15638551115989685 5533
1783602402619 0.1929987519979477 5534
1783602402690 0.4305528998374939 5535
1783602402769 0.184875950217247 5536
1783602402858 0.65444415807724 5537
1783602402974 0.21548427641391754 5538
1783602403068 0.5705530047416687 5539
1783602403172 0.4302539527416229 5540
1783602403256 0.13716115057468414 5541
1783602403353 0.6665659546852112 5542
1783602403456 0.18878771364688873 5543
1783602403575 0.16672800481319427 5544
1783602403664 0.2560769021511078 5545
1783602403748 0.39791080355644226 5546
1783602403824 0.416551411151886 5547
1783602403914 0.36707040667533875 5548
1783602403997 0.47995325922966003 5549
1783602404087 0.30501699447631836 5550
1783602404161 0.2799767255783081 5551
1783602404251 0.6904206871986389 5552
1783602404366 0.3151460289955139 5553
1783602404482 0.2925213575363159 5554
1783602404561 0.2740180492401123 5555
1783602404683 0.5777161121368408 5556
1783602404752 0.3805943429470062 5557
1783602404826 0.09875389188528061 5558
1783602404956 0.4161440134048462 5559
1783602405053 0.3276958763599396 5560
1783602405140 0.18714942038059235 5561
1783602405242 0.17079973220825195 5562
1783602405325 0.5784322619438171 5563
1783602405443 0.10422854125499725 5564
1783602405529 0.3085731565952301 5565
1783602405627 0.28727036714553833 5566
1783602405714 0.23268857598304749 5567
1783602405836 0.2053242176771164 5568
1783602405947 0.513306736946106 5569
1783602406052 0.40369218587875366 5570
1783602406142 0.19293566048145294 5571
1783602406237 0.6148136258125305 5572
1783602406309 0.41860443353652954 5573
1783602406406 0.19952324032783508 5574
1783602406478 0.3743118345737457 5575
1783602406563 0.40667495131492615 5576
1783602406674 0.267215371131897 5577
1783602406762 0.5108201503753662 5578
1783602406845 0.30116596817970276 5579
1783602406915 0.38979166746139526 5580
1783602407009 0.3977944552898407 5581
1783602407113 0.29438748955726624 5582
1783602407185 0.10728190094232559 5583
1783602407300 0.059129729866981506 5584
1783602407377 0.2050676792860031 5585
1783602407486 0.05185074731707573 5586
1783602407584 0.22063998878002167 5587
1783602407671 0.3043752610683441 5588
1783602407764 0.2929573953151703 5589
1783602407858 0.18395258486270905 5590
1783602407946 0.22675232589244843 5591
1783602408028 0.2768819332122803 5592
1783602408093 0.13788709044456482 5593
1783602408167 0.5872611403465271 5594
1783602408263 0.2663322687149048 5595
1783602408357 0.3949916660785675 5596
1783602408451 0.1664954274892807 5597
1783602408546 0.7223069071769714 5598
1783602408680 0.29789724946022034 5599
1783602408756 0.3560323715209961 5600
1783602408841 0.6341065764427185 5601
1783602408911 0.07514405995607376 5602
1783602409014 0.2910085618495941 5603
1783602409101 0.5134936571121216 5604
1783602409204 0.3198757469654083 5605
1783602409340 0.11969753354787827 5606
1783602409452 0.374430388212204 5607
1783602409538 0.09266003221273422 5608
1783602409603 0.12777841091156006 5609
1783602409684 0.2917899191379547 5610
1783602409767 0.11504169553518295 5611
1783602409912 0.15013979375362396 5612
1783602410027 0.14760321378707886 5613
1783602410116 0.10679061710834503 5614
1783602410202 0.2588846683502197 5615
1783602410293 0.26108771562576294 5616
1783602410394 0.21314537525177002 5617
1783602410491 0.20626069605350494 5618
1783602410571 0.11562614142894745 5619
1783602410657 0.16174137592315674 5620
1783602410754 0.2810932397842407 5621
1783602410851 0.5276678800582886 5622
1783602410923 0.14618167281150818 5623
1783602411017 0.28064021468162537 5624
