1783781489429 2.8435542583465576 0
1783781489589 3.3493363857269287 1
1783781489775 3.8934741020202637 2
1783781489936 4.686127662658691 3
1783781490101 5.185582160949707 4
1783781490263 5.595768928527832 5
1783781490417 6.855628490447998 6
1783781490570 8.152935028076172 7
1783781490717 7.85255241394043 8
1783781490906 10.375828742980957 9
1783781491038 10.054733276367188 10
1783781491147 12.14876937866211 11
1783781491279 13.625460624694824 12
1783781491420 14.314813613891602 13
1783781491608 15.082664489746094 14
1783781491755 17.637306213378906 15
1783781491894 20.098947525024414 16
1783781492192 17.972415924072266 17
1783781492347 23.112916946411133 18
1783781492478 22.213430404663086 19
1783781492653 28.185283660888672 20
1783781492810 30.644514083862305 21
1783781492947 30.323156356811523 22
1783781493140 32.77274703979492 23
1783781493279 32.70123291015625 24
1783781493398 39.988189697265625 25
1783781493564 39.0828857421875 26
1783781493739 47.716697692871094 27
1783781493897 49.68415069580078 28
1783781494069 50.77893829345703 29
1783781494247 48.035343170166016 30
1783781494411 53.79560852050781 31
1783781494558 58.61856460571289 32
1783781494733 66.9770278930664 33
1783781494938 72.36923217773438 34
1783781495084 69.10716247558594 35
1783781495235 72.58409118652344 36
1783781495359 81.05343627929688 37
1783781495522 79.68499755859375 38
1783781495662 101.67385864257812 39
1783781495830 86.06617736816406 40
1783781496016 98.74017333984375 41
1783781496163 111.4605941772461 42
1783781496332 101.73323822021484 43
1783781496505 111.22831726074219 44
1783781496645 117.12088012695312 45
1783781496749 106.80421447753906 46
1783781496868 118.72549438476562 47
1783781497014 122.90544891357422 48
1783781497182 118.82904815673828 49
1783781497368 128.9747314453125 50
1783781497577 140.0457305908203 51
1783781497691 129.5072784423828 52
1783781497868 120.47267150878906 53
1783781498039 140.50738525390625 54
1783781498230 144.471923828125 55
1783781498393 137.15977478027344 56
1783781498534 174.88900756835938 57
1783781498675 132.03590393066406 58
1783781498798 146.12118530273438 59
1783781498953 153.18783569335938 60
1783781499114 157.60940551757812 61
1783781499275 161.4698944091797 62
1783781499443 153.43507385253906 63
1783781499598 166.68663024902344 64
1783781499767 145.7220916748047 65
1783781499898 158.96060180664062 66
1783781500063 154.10104370117188 67
1783781500225 151.97994995117188 68
1783781500379 139.7760009765625 69
1783781500552 153.7994384765625 70
1783781500721 143.75320434570312 71
1783781500913 147.76998901367188 72
1783781501073 144.89083862304688 73
1783781501212 147.05030822753906 74
1783781501428 152.784912109375 75
1783781501567 140.686767578125 76
1783781501737 152.12472534179688 77
1783781501907 152.1788787841797 78
1783781502037 145.59146118164062 79
1783781502207 146.71009826660156 80
1783781502508 144.99888610839844 81
1783781502681 137.14149475097656 82
1783781502829 135.69337463378906 83
1783781502991 137.797119140625 84
1783781503147 142.36468505859375 85
1783781503295 141.50531005859375 86
1783781503421 121.89471435546875 87
1783781503578 135.9591522216797 88
1783781503747 132.47882080078125 89
1783781503956 132.18905639648438 90
1783781504126 129.82049560546875 91
1783781504267 118.70556640625 92
1783781504417 130.35400390625 93
1783781504568 125.87781524658203 94
1783781504749 114.6855239868164 95
1783781504932 116.34735107421875 96
1783781505081 112.16019439697266 97
1783781505245 128.91470336914062 98
1783781505433 108.05264282226562 99
1783781505601 117.8102798461914 100
1783781505770 112.30986022949219 101
1783781505930 122.2789306640625 102
1783781506100 112.08905029296875 103
1783781506249 109.93932342529297 104
1783781506396 111.63906860351562 105
1783781506547 100.16758728027344 106
1783781506731 113.32166290283203 107
1783781506880 104.27864837646484 108
1783781507063 106.11756134033203 109
1783781507229 103.3974609375 110
1783781507396 103.39723205566406 111
1783781507576 102.55611419677734 112
1783781507797 102.04402160644531 113
1783781507953 100.88737487792969 114
1783781508125 95.84925842285156 115
1783781508271 95.00929260253906 116
1783781508478 96.04747009277344 117
1783781508585 89.84441375732422 118
1783781508711 93.65899658203125 119
1783781508846 88.81964111328125 120
1783781509018 85.2418212890625 121
1783781509186 85.36125946044922 122
1783781509365 87.67149353027344 123
1783781509537 89.47520446777344 124
1783781509660 81.70403289794922 125
1783781509817 77.94540405273438 126
1783781509995 78.3078384399414 127
1783781510225 79.05360412597656 128
1783781510432 86.29524230957031 129
1783781510593 82.96842956542969 130
1783781510718 80.35057067871094 131
1783781510843 76.1843490600586 132
1783781510992 76.08008575439453 133
1783781511151 73.63720703125 134
1783781511316 75.39569854736328 135
1783781511553 71.4744644165039 136
1783781511705 70.71784973144531 137
1783781511846 66.26443481445312 138
1783781512035 72.64094543457031 139
1783781512199 66.78593444824219 140
1783781512348 65.36366271972656 141
1783781512469 63.98419952392578 142
1783781512587 67.97296142578125 143
1783781512743 62.48362350463867 144
1783781512886 66.84222412109375 145
1783781513029 64.07853698730469 146
1783781513144 60.2703971862793 147
1783781513305 61.522037506103516 148
1783781513442 62.3089599609375 149
1783781513615 55.89909362792969 150
1783781513741 50.6909294128418 151
1783781513858 56.85417175292969 152
1783781513985 55.382965087890625 153
1783781514232 57.87834167480469 154
1783781514411 53.10300827026367 155
1783781514581 50.508033752441406 156
1783781514755 52.77699661254883 157
1783781514938 50.97871398925781 158
1783781515055 46.23392105102539 159
1783781515201 49.31946563720703 160
1783781515357 47.66252136230469 161
1783781515469 46.31086730957031 162
1783781515594 49.07865524291992 163
1783781515738 45.54801940917969 164
1783781515888 43.88304901123047 165
1783781516048 44.195167541503906 166
1783781516213 41.58745193481445 167
1783781516378 41.866031646728516 168
1783781516516 40.18385314941406 169
1783781516765 36.77125549316406 170
1783781516948 39.752601623535156 171
1783781517084 37.154052734375 172
1783781517198 37.907798767089844 173
1783781517313 35.64692306518555 174
1783781517501 38.261329650878906 175
1783781517648 31.204376220703125 176
1783781517830 33.41377258300781 177
1783781518020 31.257591247558594 178
1783781518164 25.158220291137695 179
1783781518282 30.002864837646484 180
1783781518416 29.601818084716797 181
1783781518541 28.512170791625977 182
1783781518695 28.8505859375 183
1783781518847 25.354894638061523 184
1783781518977 24.23246192932129 185
1783781519100 24.33464241027832 186
1783781519361 20.95203971862793 187
1783781519545 22.994537353515625 188
1783781519713 22.848533630371094 189
1783781519850 19.2990779876709 190
1783781519982 19.753501892089844 191
1783781520157 17.627124786376953 192
1783781520322 17.237991333007812 193
1783781520473 15.639559745788574 194
1783781520646 17.698816299438477 195
1783781520848 14.718049049377441 196
1783781520992 14.099706649780273 197
1783781521161 13.336658477783203 198
1783781521355 12.628490447998047 199
1783781521514 10.727812767028809 200
1783781521682 12.03378677368164 201
1783781521859 10.354386329650879 202
1783781522081 8.917430877685547 203
1783781522246 9.949786186218262 204
1783781522438 8.064475059509277 205
1783781522607 7.397876739501953 206
1783781522798 5.3697357177734375 207
1783781522976 5.148532867431641 208
1783781523126 4.981499671936035 209
1783781523261 4.181919097900391 210
1783781523398 2.250540256500244 211
1783781523529 3.0118298530578613 212
1783781523712 2.595466375350952 213
1783781523872 2.3888533115386963 214
1783781524058 2.5604405403137207 215
1783781524207 2.052541971206665 216
1783781524341 1.5549428462982178 217
1783781524614 1.6100552082061768 218
1783781524763 2.5646140575408936 219
1783781524929 3.3132660388946533 220
1783781525112 2.896306037902832 221
1783781525252 1.691741943359375 222
1783781525394 2.777041435241699 223
1783781525573 3.3452303409576416 224
1783781525831 1.600138545036316 225
1783781525997 2.6525683403015137 226
1783781526181 2.546344518661499 227
1783781526359 1.5982550382614136 228
1783781526569 1.0534756183624268 229
1783781526714 1.154633641242981 230
1783781526868 1.1589380502700806 231
1783781527078 1.2072904109954834 232
1783781527281 0.9745892882347107 233
1783781527465 1.501879334449768 234
1783781527625 1.6348015069961548 235
1783781527809 1.4579416513442993 236
1783781527915 1.667637825012207 237
1783781528026 1.3704584836959839 238
1783781528177 1.0017441511154175 239
1783781528384 1.1919671297073364 240
1783781528531 1.6676901578903198 241
1783781528698 0.8357813954353333 242
1783781528851 1.2754098176956177 243
1783781529035 1.5332553386688232 244
1783781529183 1.98640775680542 245
1783781529338 0.9946241974830627 246
1783781529473 1.8530024290084839 247
1783781529592 1.059203863143921 248
1783781529748 2.0091450214385986 249
1783781529913 0.9347817897796631 250
1783781530066 1.8597246408462524 251
1783781530194 1.480737566947937 252
1783781530363 1.064488172531128 253
1783781530504 1.3389836549758911 254
1783781530617 2.279198169708252 255
1783781530807 1.4741264581680298 256
1783781530959 1.1134322881698608 257
1783781531107 1.7431799173355103 258
1783781531268 1.4639194011688232 259
1783781531426 1.2190179824829102 260
1783781531599 0.619497537612915 261
1783781531762 1.9720081090927124 262
1783781531923 0.7344914674758911 263
1783781532101 1.3681156635284424 264
1783781532263 1.1708418130874634 265
1783781532401 0.9787792563438416 266
1783781532562 1.5982415676116943 267
1783781532741 0.866104781627655 268
1783781532915 0.4542316198348999 269
1783781533110 1.1976633071899414 270
1783781533305 1.7204855680465698 271
1783781533437 1.3963890075683594 272
1783781533575 1.2036230564117432 273
1783781533684 0.7685608267784119 274
1783781533835 0.7508208155632019 275
1783781533992 0.5795479416847229 276
1783781534145 0.8996068835258484 277
1783781534320 0.9401947855949402 278
1783781534482 0.645149290561676 279
1783781534669 0.502773642539978 280
1783781534833 1.0365616083145142 281
1783781534994 0.3026854395866394 282
1783781535160 0.6893254518508911 283
1783781535329 0.9257602095603943 284
1783781535497 1.0481655597686768 285
1783781535669 0.8897683024406433 286
1783781535848 0.4543403685092926 287
1783781536113 1.1374536752700806 288
1783781536269 1.5129597187042236 289
1783781536480 1.3842965364456177 290
1783781536661 0.9856587648391724 291
1783781536816 1.1983139514923096 292
1783781536957 0.626004159450531 293
1783781537097 0.4241715967655182 294
1783781537373 0.6441798806190491 295
1783781537548 0.9309160709381104 296
1783781537727 0.418106347322464 297
1783781537883 0.9165433049201965 298
1783781538053 0.7907554507255554 299
1783781538235 0.7082839608192444 300
1783781538381 0.818842887878418 301
1783781538505 1.1299574375152588 302
1783781538625 1.0791964530944824 303
1783781538732 0.5014021396636963 304
1783781538859 0.8921016454696655 305
1783781538951 0.6412104964256287 306
1783781539078 0.41749343276023865 307
1783781539243 0.31612417101860046 308
1783781539433 0.3753544092178345 309
1783781539619 1.0738106966018677 310
1783781539775 0.4214340150356293 311
1783781539912 0.6870447993278503 312
1783781540061 0.37304288148880005 313
1783781540258 0.6201835870742798 314
1783781540416 0.6844493746757507 315
1783781540594 0.810732364654541 316
1783781540762 0.895241379737854 317
1783781540930 0.3620074689388275 318
1783781541058 0.3555378317832947 319
1783781541240 1.0037096738815308 320
1783781541410 0.5372065901756287 321
1783781541593 0.25451934337615967 322
1783781541792 1.2057334184646606 323
1783781541972 0.7515196800231934 324
1783781542087 0.7180290222167969 325
1783781542235 1.0139284133911133 326
1783781542460 0.4562269449234009 327
1783781542571 0.6322364807128906 328
1783781542666 0.6699316501617432 329
1783781542800 0.3481419086456299 330
1783781542961 0.2779911160469055 331
1783781543084 0.5696514844894409 332
1783781543193 0.5907976031303406 333
1783781543314 0.5947977304458618 334
1783781543475 0.8652821183204651 335
1783781543702 0.5230709910392761 336
1783781543854 0.752700686454773 337
1783781544004 0.39111632108688354 338
1783781544170 0.4783974587917328 339
1783781544329 0.5106320977210999 340
1783781544511 0.4650987386703491 341
1783781544744 0.42927664518356323 342
1783781544959 0.6188119649887085 343
1783781545150 0.5495768785476685 344
1783781545313 0.4313020706176758 345
1783781545487 0.7474045753479004 346
1783781545664 0.6117196679115295 347
1783781545844 0.6880605220794678 348
1783781546013 0.2424253225326538 349
1783781546340 0.7730331420898438 350
1783781546504 0.4177682399749756 351
1783781546679 0.3341250419616699 352
1783781546847 0.42637985944747925 353
1783781547024 0.27711379528045654 354
1783781547152 0.5278881192207336 355
1783781547275 0.43621116876602173 356
1783781547472 0.41605809330940247 357
1783781547653 0.3897363543510437 358
1783781547826 0.33046263456344604 359
1783781548013 0.4155389666557312 360
1783781548190 0.37929198145866394 361
1783781548393 0.18507951498031616 362
1783781548548 0.46557044982910156 363
1783781548664 0.401805579662323 364
1783781548838 0.507339358329773 365
1783781549014 0.5726121068000793 366
1783781549174 0.707335889339447 367
1783781549336 0.5018150806427002 368
1783781549488 0.3325945734977722 369
1783781549645 0.36302196979522705 370
1783781549776 0.567094624042511 371
1783781549976 0.3254256546497345 372
1783781550143 0.26846691966056824 373
1783781550343 0.44018277525901794 374
1783781550515 0.4956386387348175 375
1783781550692 0.31618577241897583 376
1783781550862 0.22136011719703674 377
1783781550989 0.4047968089580536 378
1783781551138 0.41192394495010376 379
1783781551305 0.10625701397657394 380
1783781551647 0.248434916138649 381
1783781551821 0.5297828912734985 382
1783781552011 0.2613013982772827 383
1783781552183 0.278045654296875 384
1783781552362 0.6829732060432434 385
1783781552538 0.33821916580200195 386
1783781552675 0.20500308275222778 387
1783781552831 0.2590329349040985 388
1783781552935 0.3064095973968506 389
1783781553112 0.2519320249557495 390
1783781553269 0.33699867129325867 391
1783781553416 0.2812862992286682 392
1783781553561 0.16624300181865692 393
1783781553762 0.3420978784561157 394
1783781553930 0.2046399712562561 395
1783781554154 0.1183587908744812 396
1783781554273 0.29859262704849243 397
1783781554375 0.3408157527446747 398
1783781554523 0.49724850058555603 399
1783781554691 0.21292656660079956 400
1783781554888 0.2868809103965759 401
1783781555071 0.12654337286949158 402
1783781555185 0.2749597430229187 403
1783781555333 0.278021901845932 404
1783781555530 0.4114067256450653 405
1783781555688 0.27695220708847046 406
1783781555890 0.4103940725326538 407
1783781556071 0.36010295152664185 408
1783781556206 0.3853602707386017 409
1783781556365 0.28957444429397583 410
1783781556493 0.13321010768413544 411
1783781556737 0.16761863231658936 412
1783781556882 0.26043814420700073 413
1783781557032 0.2883284091949463 414
1783781557193 0.3922904431819916 415
1783781557334 0.34693652391433716 416
1783781557545 0.2158527970314026 417
1783781557726 0.3077695071697235 418
1783781558127 0.22996936738491058 419
1783781558284 0.30066975951194763 420
1783781558462 0.4422864317893982 421
1783781558602 0.39590156078338623 422
1783781558761 0.15237195789813995 423
1783781558940 0.3592550456523895 424
1783781559078 0.24995562434196472 425
1783781559223 0.19826965034008026 426
1783781559357 0.24687102437019348 427
1783781559458 0.2158840298652649 428
1783781559559 0.15978175401687622 429
1783781559655 0.18051189184188843 430
1783781559769 0.21317481994628906 431
1783781559926 0.14957094192504883 432
1783781560059 0.203494593501091 433
1783781560228 0.2614317834377289 434
1783781560400 0.21937435865402222 435
1783781560543 0.17346063256263733 436
1783781560702 0.16741600632667542 437
1783781560882 0.23915986716747284 438
1783781561014 0.2569144368171692 439
1783781561173 0.153414785861969 440
1783781561289 0.27940574288368225 441
1783781561432 0.27402135729789734 442
1783781561593 0.14519190788269043 443
1783781561700 0.27695512771606445 444
1783781561826 0.12166211009025574 445
1783781561958 0.2549453377723694 446
1783781562096 0.1927909404039383 447
1783781562242 0.23532865941524506 448
1783781562388 0.17134183645248413 449
1783781562517 0.17878937721252441 450
1783781562638 0.13876661658287048 451
1783781562730 0.27662399411201477 452
1783781562870 0.21241283416748047 453
1783781563033 0.17414921522140503 454
1783781563159 0.2384190857410431 455
1783781563345 0.18252435326576233 456
1783781563440 0.18793989717960358 457
1783781563539 0.20539723336696625 458
1783781563666 0.19531287252902985 459
1783781563790 0.14465442299842834 460
1783781563953 0.1797514259815216 461
1783781564146 0.19500456750392914 462
1783781564479 0.15079200267791748 463
1783781564631 0.17602702975273132 464
1783781564797 0.14796824753284454 465
1783781564963 0.16713789105415344 466
1783781565155 0.18907347321510315 467
1783781565322 0.2392185628414154 468
1783781565511 0.19642266631126404 469
1783781565712 0.1499628871679306 470
1783781565869 0.15123465657234192 471
1783781566044 0.2550121247768402 472
1783781566219 0.1672753542661667 473
1783781566410 0.15210005640983582 474
1783781566591 0.21448542177677155 475
1783781566776 0.15009135007858276 476
1783781566998 0.12044285237789154 477
1783781567173 0.19549939036369324 478
1783781567342 0.10741978138685226 479
1783781567518 0.11931806057691574 480
1783781567693 0.1865277886390686 481
1783781567860 0.14336036145687103 482
1783781568026 0.15412309765815735 483
1783781568317 0.14599774777889252 484
1783781568507 0.16412842273712158 485
1783781568632 0.144254669547081 486
1783781568773 0.14037814736366272 487
1783781568965 0.1345767378807068 488
1783781569122 0.1784238964319229 489
1783781569265 0.1538943201303482 490
1783781569617 0.1516525149345398 491
1783781569773 0.08266244828701019 492
1783781569946 0.12783227860927582 493
1783781570146 0.1354002058506012 494
1783781570309 0.17325901985168457 495
1783781570491 0.09695848822593689 496
1783781570683 0.16879014670848846 497
1783781570934 0.14495310187339783 498
1783781571041 0.1759302318096161 499
1783781571199 0.11698122322559357 500
1783781571327 0.08600979298353195 501
1783781571490 0.1569094955921173 502
1783781571652 0.12583474814891815 503
1783781571795 0.15640687942504883 504
1783781571975 0.12158174067735672 505
1783781572110 0.14359229803085327 506
1783781572291 0.16321009397506714 507
1783781572430 0.11756401509046555 508
1783781572627 0.17751054465770721 509
1783781572796 0.1373244822025299 510
1783781572968 0.1338966339826584 511
1783781573139 0.15424758195877075 512
1783781573294 0.15041348338127136 513
1783781573466 0.16928887367248535 514
1783781573629 0.17245271801948547 515
1783781573781 0.1528443694114685 516
1783781573913 0.10394445061683655 517
1783781574075 0.12511226534843445 518
1783781574237 0.1408013105392456 519
1783781574411 0.1837804615497589 520
1783781574556 0.16323454678058624 521
1783781574720 0.15145215392112732 522
1783781574853 0.14183861017227173 523
1783781575010 0.17030484974384308 524
1783781575173 0.1539582908153534 525
1783781575345 0.16683197021484375 526
1783781575527 0.1267167329788208 527
1783781575658 0.17280426621437073 528
1783781575824 0.17250028252601624 529
1783781576038 0.16718055307865143 530
1783781576198 0.14699694514274597 531
1783781576379 0.15880772471427917 532
1783781576540 0.13063690066337585 533
1783781576707 0.141728937625885 534
1783781576896 0.10251425206661224 535
1783781577091 0.13711053133010864 536
1783781577320 0.1165505200624466 537
1783781577480 0.2127244770526886 538
1783781577655 0.11882337927818298 539
1783781577805 0.15495814383029938 540
1783781577948 0.16065466403961182 541
1783781578164 0.1287641078233719 542
1783781578359 0.1073228046298027 543
1783781578586 0.13851606845855713 544
1783781578707 0.12011995911598206 545
1783781578881 0.14398640394210815 546
1783781579034 0.12045099586248398 547
1783781579208 0.12499366700649261 548
1783781579360 0.11391368508338928 549
1783781579551 0.16096048057079315 550
1783781579840 0.13581717014312744 551
1783781579986 0.11537513136863708 552
1783781580092 0.09843301773071289 553
1783781580268 0.07332324981689453 554
1783781580433 0.1159932091832161 555
1783781580610 0.136996328830719 556
1783781580748 0.12143243849277496 557
1783781580938 0.08658279478549957 558
1783781581055 0.11397643387317657 559
1783781581198 0.15666833519935608 560
1783781581379 0.08172079920768738 561
1783781581566 0.12647190690040588 562
1783781581739 0.1364474892616272 563
1783781581930 0.14753411710262299 564
1783781582094 0.09126293659210205 565
1783781582232 0.1465023159980774 566
1783781582529 0.08709346503019333 567
1783781582676 0.1316235214471817 568
1783781582864 0.117498479783535 569
1783781583002 0.15456129610538483 570
1783781583170 0.08079221844673157 571
1783781583296 0.0891813412308693 572
1783781583442 0.09868062287569046 573
1783781583600 0.08125949651002884 574
1783781583755 0.1369403898715973 575
1783781583897 0.09606912732124329 576
1783781584091 0.13000167906284332 577
1783781584276 0.08450312912464142 578
1783781584451 0.0906882956624031 579
1783781584628 0.12480495125055313 580
1783781584769 0.12534698843955994 581
1783781584931 0.1286635547876358 582
1783781585104 0.0885973870754242 583
1783781585279 0.11518263816833496 584
1783781585460 0.17808912694454193 585
1783781585679 0.07928702235221863 586
1783781585854 0.13719527423381805 587
1783781586029 0.07340850681066513 588
1783781586177 0.07469387352466583 589
1783781586417 0.09597700089216232 590
1783781586576 0.06173079088330269 591
1783781586729 0.08606363832950592 592
1783781586910 0.11783653497695923 593
1783781587073 0.15465134382247925 594
1783781587230 0.12208934128284454 595
1783781587398 0.05635370314121246 596
1783781587561 0.09865120053291321 597
1783781587731 0.17225784063339233 598
1783781587906 0.09886033087968826 599
1783781588083 0.12014500051736832 600
1783781588256 0.11907292902469635 601
1783781588417 0.11723261326551437 602
1783781588581 0.09743604809045792 603
1783781588731 0.1207161620259285 604
1783781588879 0.10608549416065216 605
1783781589039 0.0874994620680809 606
1783781589220 0.08359991759061813 607
1783781589395 0.0932195633649826 608
1783781589544 0.09138185530900955 609
1783781589692 0.08416781574487686 610
1783781589868 0.07828225940465927 611
1783781590034 0.1265445351600647 612
1783781590226 0.06951507925987244 613
1783781590391 0.11094555258750916 614
1783781590548 0.08039645850658417 615
1783781590714 0.10301336646080017 616
1783781590851 0.1307125836610794 617
1783781591009 0.07560118287801743 618
1783781591172 0.13804297149181366 619
1783781591447 0.12294119596481323 620
1783781591614 0.11121686547994614 621
1783781591800 0.14507438242435455 622
1783781591972 0.10181733965873718 623
1783781592124 0.09196848422288895 624
1783781592278 0.0879952535033226 625
1783781592424 0.11336514353752136 626
1783781592708 0.10017219185829163 627
1783781592901 0.07325217127799988 628
1783781593076 0.10356742888689041 629
1783781593239 0.07016654312610626 630
1783781593415 0.12288244068622589 631
1783781593548 0.07692226022481918 632
1783781593723 0.16368736326694489 633
1783781594008 0.08684171736240387 634
1783781594147 0.08129625022411346 635
1783781594317 0.0838523730635643 636
1783781594508 0.09208877384662628 637
1783781594688 0.11680686473846436 638
1783781594864 0.11432638764381409 639
1783781595015 0.14112943410873413 640
1783781595152 0.1676221489906311 641
1783781595315 0.07316610962152481 642
1783781595491 0.18323060870170593 643
1783781595675 0.057273268699645996 644
1783781595847 0.10429278016090393 645
1783781596026 0.07915753126144409 646
1783781596191 0.08484803140163422 647
1783781596339 0.05987479165196419 648
1783781596564 0.07834583520889282 649
1783781596718 0.13083398342132568 650
1783781596882 0.07445365190505981 651
1783781597045 0.10379232466220856 652
1783781597215 0.0841369479894638 653
1783781597359 0.08588827401399612 654
1783781597538 0.11134736239910126 655
1783781597721 0.11408811807632446 656
1783781597910 0.14511185884475708 657
1783781598064 0.11346123367547989 658
1783781598245 0.08955822139978409 659
1783781598385 0.06605488806962967 660
1783781598557 0.08785910904407501 661
1783781598690 0.10594151169061661 662
1783781598859 0.09373985230922699 663
1783781599022 0.0847868025302887 664
1783781599293 0.06523552536964417 665
1783781599409 0.10578612983226776 666
1783781599549 0.03524446114897728 667
1783781599765 0.0769074559211731 668
1783781599931 0.11319996416568756 669
1783781600092 0.08781812340021133 670
1783781600248 0.09575605392456055 671
1783781600431 0.10509896278381348 672
1783781600614 0.12365807592868805 673
1783781600790 0.1453685611486435 674
1783781600960 0.08644022047519684 675
1783781601094 0.05638547241687775 676
1783781601284 0.11461911350488663 677
1783781601476 0.09097166359424591 678
1783781601644 0.062307581305503845 679
1783781601880 0.05935166776180267 680
1783781602046 0.162658229470253 681
1783781602218 0.12183719873428345 682
1783781602385 0.05335759371519089 683
1783781602623 0.09858851134777069 684
1783781602795 0.07228560745716095 685
1783781602962 0.055926769971847534 686
1783781603205 0.0748664066195488 687
1783781603360 0.07834009826183319 688
1783781603494 0.10520437359809875 689
1783781603659 0.05434679239988327 690
1783781603799 0.08789496123790741 691
1783781603979 0.11001979559659958 692
1783781604159 0.09364501386880875 693
1783781604483 0.10025356709957123 694
1783781604640 0.0975257083773613 695
1783781604805 0.07058185338973999 696
1783781604960 0.10245020687580109 697
1783781605143 0.056903619319200516 698
1783781605281 0.07897545397281647 699
1783781605455 0.09346047043800354 700
1783781605630 0.14926768839359283 701
1783781605811 0.06181325763463974 702
1783781605964 0.08249841630458832 703
1783781606139 0.0600503534078598 704
1783781606325 0.07938209921121597 705
1783781606522 0.08357822895050049 706
1783781606713 0.09111873060464859 707
1783781606881 0.07326490432024002 708
1783781607047 0.05690314620733261 709
1783781607214 0.1059621050953865 710
1783781607376 0.09525993466377258 711
1783781607570 0.09169986844062805 712
1783781607745 0.12376603484153748 713
1783781607898 0.07700997591018677 714
1783781608041 0.06724416464567184 715
1783781608175 0.07126232236623764 716
1783781608383 0.07054799050092697 717
1783781608607 0.06038033962249756 718
1783781608723 0.050427600741386414 719
1783781608897 0.09269959479570389 720
1783781609086 0.06563331186771393 721
1783781609256 0.06009756773710251 722
1783781609418 0.08817306160926819 723
1783781609615 0.08285525441169739 724
1783781609798 0.06291874498128891 725
1783781609958 0.07536376267671585 726
1783781610135 0.05460619553923607 727
1783781610257 0.07742814719676971 728
1783781610440 0.07918638736009598 729
1783781610612 0.07234880328178406 730
1783781610760 0.09744489938020706 731
1783781611011 0.0851435512304306 732
1783781611141 0.07012790441513062 733
1783781611309 0.054389819502830505 734
1783781611445 0.07830677926540375 735
1783781611637 0.07661430537700653 736
1783781611806 0.07662051916122437 737
1783781611971 0.09131424874067307 738
1783781612143 0.07565867155790329 739
1783781612327 0.1367396116256714 740
1783781612444 0.05176367610692978 741
1783781612644 0.06163465231657028 742
1783781612825 0.08606112748384476 743
1783781613017 0.07293569296598434 744
1783781613195 0.10236480087041855 745
1783781613384 0.0755264088511467 746
1783781613509 0.13192275166511536 747
1783781613677 0.04628303647041321 748
1783781613862 0.027203945443034172 749
1783781614037 0.07130560278892517 750
1783781614228 0.09362363815307617 751
1783781614392 0.0982787162065506 752
1783781614522 0.08394720405340195 753
1783781614676 0.08357326686382294 754
1783781614857 0.09240240603685379 755
1783781615014 0.07736586034297943 756
1783781615191 0.043543364852666855 757
1783781615345 0.09540297836065292 758
1783781615508 0.051003050059080124 759
1783781615641 0.08256174623966217 760
1783781615771 0.09151424467563629 761
1783781615960 0.07794046401977539 762
1783781616294 0.07495929300785065 763
1783781616492 0.07610736787319183 764
1783781616664 0.07016045600175858 765
1783781616823 0.07840120792388916 766
1783781616989 0.07984861731529236 767
1783781617158 0.04842298850417137 768
1783781617326 0.06301349401473999 769
1783781617567 0.07140018045902252 770
1783781617743 0.08023540675640106 771
1783781617905 0.0501246452331543 772
1783781618086 0.09097239375114441 773
1783781618246 0.10744457691907883 774
1783781618428 0.07013428956270218 775
1783781618602 0.061941105872392654 776
1783781618737 0.07013639062643051 777
1783781618872 0.04949261248111725 778
1783781619025 0.11716388165950775 779
1783781619209 0.07885683327913284 780
1783781619372 0.07733514904975891 781
1783781619559 0.05985283479094505 782
1783781619747 0.04854436218738556 783
1783781620107 0.10591000318527222 784
1783781620273 0.1071593388915062 785
1783781620400 0.10662470757961273 786
1783781620576 0.06959657371044159 787
1783781620755 0.09301206469535828 788
1783781620939 0.10441359877586365 789
1783781621055 0.04472421854734421 790
1783781621193 0.06091295927762985 791
1783781621422 0.09037046134471893 792
1783781621557 0.07759810984134674 793
1783781621760 0.08237382769584656 794
1783781621924 0.10549629479646683 795
1783781622098 0.07191973924636841 796
1783781622274 0.07653285562992096 797
1783781622465 0.09690195322036743 798
1783781622674 0.052560050040483475 799
1783781622804 0.07565070688724518 800
1783781622976 0.049977079033851624 801
1783781623146 0.05313483625650406 802
1783781623320 0.1254369616508484 803
1783781623466 0.07586128264665604 804
1783781623599 0.06656759977340698 805
1783781623795 0.056224167346954346 806
1783781623948 0.057520993053913116 807
1783781624102 0.04998008534312248 808
1783781624275 0.06755438446998596 809
1783781624440 0.060123689472675323 810
1783781624635 0.05414193123579025 811
1783781624797 0.12150361388921738 812
1783781624938 0.054022859781980515 813
1783781625130 0.0903768241405487 814
1783781625282 0.058194443583488464 815
1783781625437 0.06933961808681488 816
1783781625609 0.03985301032662392 817
1783781625788 0.06730274856090546 818
1783781625941 0.04548123851418495 819
1783781626114 0.08463425934314728 820
1783781626275 0.08493038266897202 821
1783781626438 0.07531636953353882 822
1783781626623 0.09265317022800446 823
1783781626782 0.08469296991825104 824
1783781626944 0.09512617439031601 825
1783781627121 0.05801535025238991 826
1783781627288 0.12157822400331497 827
1783781627472 0.03818393498659134 828
1783781627651 0.11496658623218536 829
1783781627953 0.044142767786979675 830
1783781628083 0.13838660717010498 831
1783781628271 0.0635766088962555 832
1783781628429 0.14393123984336853 833
1783781628569 0.08774864673614502 834
1783781628682 0.10942510515451431 835
1783781628807 0.09019237011671066 836
1783781629133 0.09375713765621185 837
1783781629285 0.09534559398889542 838
1783781629457 0.02112967148423195 839
1783781629650 0.0704784169793129 840
1783781629806 0.11120585352182388 841
1783781629966 0.07720949500799179 842
1783781630143 0.08048989623785019 843
1783781630467 0.067201629281044 844
1783781630639 0.1358674168586731 845
1783781630763 0.06753207743167877 846
1783781630918 0.10346303880214691 847
1783781631040 0.051696814596652985 848
1783781631192 0.07917551696300507 849
1783781631358 0.054658010601997375 850
1783781631547 0.05089086294174194 851
1783781631742 0.07968385517597198 852
1783781631858 0.14427223801612854 853
1783781632031 0.04828250780701637 854
1783781632204 0.07815144211053848 855
1783781632394 0.05335689336061478 856
1783781632567 0.06452734768390656 857
1783781632755 0.0794089287519455 858
1783781632949 0.054067835211753845 859
1783781633154 0.11430889368057251 860
1783781633320 0.04435870796442032 861
1783781633484 0.10094328224658966 862
1783781633638 0.06354258209466934 863
1783781633821 0.042628973722457886 864
1783781633980 0.07842914760112762 865
1783781634140 0.02817046456038952 866
1783781634327 0.048618026077747345 867
1783781634510 0.05712130665779114 868
1783781634690 0.06132996454834938 869
1783781634858 0.04257003217935562 870
1783781635064 0.09361888468265533 871
1783781635229 0.0569324865937233 872
1783781635380 0.07771234214305878 873
1783781635656 0.039231523871421814 874
1783781635806 0.0774291455745697 875
1783781635996 0.033390942960977554 876
1783781636160 0.05443450063467026 877
1783781636329 0.039667051285505295 878
1783781636504 0.07948413491249084 879
1783781636678 0.08801370114088058 880
1783781636863 0.045830950140953064 881
1783781637052 0.0499374121427536 882
1783781637191 0.07860087603330612 883
1783781637370 0.052419185638427734 884
1783781637518 0.05653930455446243 885
1783781637715 0.06082446873188019 886
1783781637875 0.029006635770201683 887
1783781638036 0.05202774703502655 888
1783781638234 0.0832948088645935 889
1783781638375 0.05904633551836014 890
1783781638526 0.0852808803319931 891
1783781638673 0.07073011249303818 892
1783781638837 0.059099115431308746 893
1783781639027 0.03352644294500351 894
1783781639223 0.10496465861797333 895
1783781639417 0.06390946358442307 896
1783781639580 0.08805514127016068 897
1783781639755 0.06185072287917137 898
1783781639926 0.06772498041391373 899
1783781640090 0.053462572395801544 900
1783781640244 0.1532181203365326 901
1783781640416 0.058486443012952805 902
1783781640570 0.060157716274261475 903
1783781640734 0.08906907588243484 904
1783781640905 0.07495219260454178 905
1783781641049 0.07164382189512253 906
1783781641197 0.06492037326097488 907
1783781641374 0.07205955684185028 908
1783781641542 0.05125072970986366 909
1783781641725 0.03928909823298454 910
1783781641881 0.08309571444988251 911
1783781642177 0.11874926090240479 912
1783781642331 0.06776931136846542 913
1783781642527 0.0683286115527153 914
1783781642666 0.05705423653125763 915
1783781642836 0.06304751336574554 916
1783781643005 0.029221542179584503 917
1783781643191 0.040732722729444504 918
1783781643437 0.07590535283088684 919
1783781643566 0.06330333650112152 920
1783781643713 0.10450224578380585 921
1783781643890 0.06209055706858635 922
1783781644058 0.04954768344759941 923
1783781644237 0.0843808576464653 924
1783781644418 0.05265119671821594 925
1783781644628 0.06228046119213104 926
1783781644797 0.06766766309738159 927
1783781644957 0.03301494941115379 928
1783781645124 0.05295620858669281 929
1783781645294 0.082079216837883 930
1783781645456 0.03572354465723038 931
1783781645641 0.05394337326288223 932
1783781645809 0.0352431982755661 933
1783781646015 0.048663947731256485 934
1783781646156 0.029863962903618813 935
1783781646328 0.05870785191655159 936
1783781647567 0.05769594758749008 937
1783781647725 0.018442315980792046 938
1783781647887 0.039301782846450806 939
1783781648041 0.04093630611896515 940
1783781648171 0.07893408834934235 941
1783781648308 0.07954303920269012 942
1783781648429 0.08585450798273087 943
1783781648542 0.0801764726638794 944
1783781648644 0.08245033770799637 945
1783781648759 0.08851239830255508 946
1783781648878 0.059952765703201294 947
1783781649005 0.03218899667263031 948
1783781649136 0.07874470949172974 949
1783781649266 0.0611596554517746 950
1783781649427 0.040750160813331604 951
1783781649597 0.06991246342658997 952
1783781649924 0.060776110738515854 953
1783781650054 0.07098539918661118 954
1783781650201 0.14187026023864746 955
1783781650317 0.06362653523683548 956
1783781650444 0.1098090410232544 957
1783781650578 0.06305774301290512 958
1783781650686 0.07468274235725403 959
1783781650804 0.03981407731771469 960
1783781650919 0.024173719808459282 961
1783781651033 0.10017728805541992 962
1783781651152 0.029793530702590942 963
1783781651257 0.06999059021472931 964
1783781651369 0.0738699734210968 965
1783781651524 0.048754993826150894 966
1783781651662 0.05650760233402252 967
1783781651760 0.043543197214603424 968
1783781651885 0.04753151535987854 969
1783781652043 0.027995048090815544 970
1783781652170 0.058730464428663254 971
1783781652286 0.03595992550253868 972
1783781652403 0.03020363673567772 973
1783781652510 0.047832295298576355 974
1783781652630 0.12461933493614197 975
1783781652749 0.0908472090959549 976
1783781652875 0.04712587594985962 977
1783781653029 0.07101541757583618 978
1783781653157 0.03728115186095238 979
1783781653284 0.12491179257631302 980
1783781653456 0.0427655428647995 981
1783781653592 0.033631905913352966 982
1783781653756 0.0444205142557621 983
1783781653940 0.06310012936592102 984
1783781654071 0.03269362077116966 985
1783781654211 0.09468880295753479 986
1783781654333 0.03590807318687439 987
1783781654450 0.09787707030773163 988
1783781654553 0.0570245161652565 989
1783781654678 0.03194368630647659 990
1783781654810 0.08382907509803772 991
1783781654922 0.06681372225284576 992
1783781655032 0.04725256562232971 993
1783781655128 0.058464065194129944 994
1783781655233 0.028137221932411194 995
1783781655389 0.039691440761089325 996
1783781655516 0.046727702021598816 997
1783781655626 0.05445808544754982 998
1783781655784 0.033774733543395996 999
1783781655923 0.04803159460425377 1000
1783781656101 0.06838391721248627 1001
1783781656229 0.06312409043312073 1002
1783781656332 0.07743092626333237 1003
1783781656474 0.06435155868530273 1004
1783781656639 0.049661993980407715 1005
1783781656753 0.024739256128668785 1006
1783781656899 0.10451727360486984 1007
1783781657085 0.04302522540092468 1008
1783781657206 0.032954566180706024 1009
1783781657323 0.03408081829547882 1010
1783781657545 0.04240676760673523 1011
1783781657721 0.019787903875112534 1012
1783781657842 0.03781917318701744 1013
1783781657972 0.04182232543826103 1014
1783781658117 0.05131695047020912 1015
1783781658221 0.03908909112215042 1016
1783781658375 0.12398163974285126 1017
1783781658581 0.059000127017498016 1018
1783781658705 0.10600359737873077 1019
1783781658809 0.02373390831053257 1020
1783781658909 0.04411865770816803 1021
1783781659017 0.08931467682123184 1022
1783781659158 0.06817230582237244 1023
1783781659313 0.04919840767979622 1024
1783781659445 0.07265052944421768 1025
1783781659577 0.04404096305370331 1026
1783781659760 0.0318332202732563 1027
1783781659924 0.05355558544397354 1028
1783781660044 0.054885171353816986 1029
1783781660153 0.07962747663259506 1030
1783781660307 0.07573841512203217 1031
1783781660461 0.04397013783454895 1032
1783781660587 0.05729745328426361 1033
1783781660695 0.07597202807664871 1034
1783781660857 0.022613324224948883 1035
1783781661050 0.03440914675593376 1036
1783781661164 0.0343656949698925 1037
1783781661285 0.06271331757307053 1038
1783781661390 0.05704162269830704 1039
1783781661511 0.0468023419380188 1040
1783781661684 0.052641093730926514 1041
1783781661837 0.051012665033340454 1042
1783781661971 0.047987766563892365 1043
1783781662138 0.03530437871813774 1044
1783781662270 0.05474759638309479 1045
1783781662405 0.035482317209243774 1046
1783781662523 0.053436584770679474 1047
1783781662688 0.030622806400060654 1048
1783781662825 0.06338910013437271 1049
1783781662957 0.04271182045340538 1050
1783781663077 0.02819429337978363 1051
1783781663213 0.15361396968364716 1052
1783781663373 0.1215059906244278 1053
1783781663530 0.12747661769390106 1054
1783781663760 0.04089796915650368 1055
1783781663907 0.07048399746417999 1056
1783781664073 0.04269932582974434 1057
1783781664206 0.1718018501996994 1058
1783781664317 0.07625694572925568 1059
1783781664473 0.025700880214571953 1060
1783781664626 0.04245169460773468 1061
1783781664761 0.11787161976099014 1062
1783781664910 0.03843829035758972 1063
1783781665087 0.06342332810163498 1064
1783781665203 0.0787520483136177 1065
1783781665320 0.04718894511461258 1066
1783781665429 0.031225670129060745 1067
1783781665553 0.06796310842037201 1068
1783781665678 0.07486096769571304 1069
1783781665786 0.043871305882930756 1070
1783781665918 0.11616131663322449 1071
1783781666079 0.05804717540740967 1072
1783781666222 0.02403486892580986 1073
1783781666342 0.01855441927909851 1074
1783781666459 0.04468446597456932 1075
1783781666614 0.07273747771978378 1076
1783781666785 0.039337001740932465 1077
1783781666923 0.05594583973288536 1078
1783781667064 0.06376568973064423 1079
1783781667235 0.033102914690971375 1080
1783781667400 0.056921809911727905 1081
1783781667575 0.0538872554898262 1082
1783781667725 0.05037044733762741 1083
1783781667830 0.05409475788474083 1084
1783781667933 0.06536418199539185 1085
1783781668026 0.07340937852859497 1086
1783781668192 0.03308800980448723 1087
1783781668315 0.10264488309621811 1088
1783781668436 0.04073242098093033 1089
1783781668562 0.040584441274404526 1090
1783781668673 0.06568396091461182 1091
1783781668825 0.06494981050491333 1092
1783781668949 0.04024310037493706 1093
1783781669060 0.03132022172212601 1094
1783781669221 0.03489263355731964 1095
1783781669378 0.038368191570043564 1096
1783781669560 0.06491737067699432 1097
1783781669700 0.05927581340074539 1098
1783781669832 0.08466813713312149 1099
1783781669994 0.08341523259878159 1100
1783781670124 0.020484009757637978 1101
1783781670303 0.0818837359547615 1102
1783781670443 0.06268803030252457 1103
1783781670558 0.05784253031015396 1104
1783781670655 0.034846141934394836 1105
1783781670784 0.03898800536990166 1106
1783781670882 0.046537041664123535 1107
1783781671032 0.025241848081350327 1108
1783781671128 0.05429550260305405 1109
1783781671394 0.037214819341897964 1110
1783781671539 0.04683984816074371 1111
1783781671658 0.07142071425914764 1112
1783781671805 0.03685292974114418 1113
1783781671938 0.05969897285103798 1114
1783781672077 0.10416793823242188 1115
1783781672234 0.06106743589043617 1116
1783781672368 0.040931783616542816 1117
1783781672489 0.05318813771009445 1118
1783781672613 0.062360845506191254 1119
1783781672728 0.07271511107683182 1120
1783781672859 0.05537407100200653 1121
1783781673023 0.04857058823108673 1122
1783781673160 0.02825247123837471 1123
1783781673296 0.05068693682551384 1124
1783781673417 0.09289603680372238 1125
1783781673533 0.026584342122077942 1126
1783781673685 0.02088335156440735 1127
1783781674016 0.052030887454748154 1128
1783781674172 0.0680522695183754 1129
1783781674337 0.03970436006784439 1130
1783781674494 0.026306182146072388 1131
1783781674619 0.03823906555771828 1132
1783781674743 0.02160481922328472 1133
1783781674930 0.049816686660051346 1134
1783781675226 0.01830485090613365 1135
1783781675383 0.052451908588409424 1136
1783781675520 0.05430658906698227 1137
1783781675658 0.0292641744017601 1138
1783781675803 0.08301158994436264 1139
1783781675956 0.05571804195642471 1140
1783781676127 0.0489673912525177 1141
1783781676270 0.08816571533679962 1142
1783781676386 0.13669230043888092 1143
1783781676528 0.08694140613079071 1144
1783781676640 0.07384983450174332 1145
1783781676740 0.09154567867517471 1146
1783781676829 0.08482883870601654 1147
1783781676937 0.09501130133867264 1148
1783781677063 0.07275587320327759 1149
1783781677188 0.05823696404695511 1150
1783781677301 0.10385128110647202 1151
1783781677437 0.03831842169165611 1152
1783781677639 0.08249503374099731 1153
1783781677767 0.08413877338171005 1154
1783781677880 0.0574638694524765 1155
1783781678018 0.048943497240543365 1156
1783781678167 0.02732192724943161 1157
1783781678331 0.04777734726667404 1158
1783781678518 0.08093319833278656 1159
1783781678681 0.05444151908159256 1160
1783781678781 0.053220637142658234 1161
1783781678911 0.06766528636217117 1162
1783781679023 0.06218452751636505 1163
1783781679211 0.12042012810707092 1164
1783781679365 0.09482495486736298 1165
1783781679522 0.08452657610177994 1166
1783781679668 0.027259543538093567 1167
1783781679773 0.07640226185321808 1168
1783781679889 0.05070038139820099 1169
1783781680022 0.03697321563959122 1170
1783781680223 0.046315789222717285 1171
1783781680353 0.06333138048648834 1172
1783781680484 0.056843724101781845 1173
1783781680587 0.04862844944000244 1174
1783781680736 0.03980276733636856 1175
1783781680929 0.03481663018465042 1176
1783781681066 0.06251896917819977 1177
1783781681175 0.06855326890945435 1178
1783781681318 0.09228534251451492 1179
1783781681545 0.04432910680770874 1180
1783781681703 0.03774028271436691 1181
1783781681806 0.03472147136926651 1182
1783781681914 0.08674980700016022 1183
1783781682016 0.05998561531305313 1184
1783781682130 0.021507354453206062 1185
1783781682298 0.058772243559360504 1186
1783781682491 0.06910251826047897 1187
1783781682623 0.10309922695159912 1188
1783781682760 0.08603134006261826 1189
1783781682937 0.06873593479394913 1190
1783781683089 0.07270574569702148 1191
1783781683202 0.06524717807769775 1192
1783781683337 0.039337217807769775 1193
1783781683479 0.08736036717891693 1194
1783781683578 0.031035393476486206 1195
1783781683744 0.02808349020779133 1196
1783781683904 0.05465782433748245 1197
1783781684023 0.08890041708946228 1198
1783781684139 0.051748111844062805 1199
1783781684249 0.028527354821562767 1200
1783781684374 0.13021644949913025 1201
1783781684493 0.01940717175602913 1202
1783781684607 0.03107997588813305 1203
1783781684722 0.06186801195144653 1204
1783781684890 0.03455722704529762 1205
1783781685030 0.08225788921117783 1206
1783781685161 0.041544392704963684 1207
1783781685294 0.03373301774263382 1208
1783781685431 0.050822339951992035 1209
1783781685599 0.053787123411893845 1210
1783781685771 0.0772586464881897 1211
1783781685919 0.1454952210187912 1212
1783781686059 0.045256227254867554 1213
1783781686173 0.1008843332529068 1214
1783781686354 0.040355145931243896 1215
1783781686475 0.054444342851638794 1216
1783781686589 0.04339883476495743 1217
1783781686752 0.08214051276445389 1218
1783781686894 0.03886229544878006 1219
1783781687001 0.05642203614115715 1220
1783781687126 0.07292579859495163 1221
1783781687275 0.03742234781384468 1222
1783781687383 0.07520360499620438 1223
1783781687498 0.02585991658270359 1224
1783781687685 0.045901063829660416 1225
1783781687850 0.0880473256111145 1226
1783781687985 0.08012925833463669 1227
1783781688100 0.140630304813385 1228
1783781688216 0.02576361782848835 1229
1783781688405 0.06275492906570435 1230
1783781688559 0.06376367807388306 1231
1783781688706 0.08000507950782776 1232
1783781688823 0.07492819428443909 1233
1783781689006 0.08029288798570633 1234
1783781689133 0.051209233701229095 1235
1783781689299 0.04827677831053734 1236
1783781689459 0.10371363162994385 1237
1783781689602 0.03311051055788994 1238
1783781689739 0.04981160908937454 1239
1783781689867 0.04789791256189346 1240
1783781690058 0.07533622533082962 1241
1783781690211 0.05991579592227936 1242
1783781690343 0.11028832197189331 1243
1783781690493 0.06694295257329941 1244
1783781690623 0.027798429131507874 1245
1783781690741 0.035909149795770645 1246
1783781690863 0.10429982841014862 1247
1783781691041 0.0861540362238884 1248
1783781691188 0.041625961661338806 1249
1783781691313 0.03465183451771736 1250
1783781691455 0.12445950508117676 1251
1783781691657 0.036661870777606964 1252
1783781691800 0.023917945101857185 1253
1783781691920 0.044466782361269 1254
1783781692078 0.06782430410385132 1255
1783781692221 0.04076877236366272 1256
1783781692382 0.05078829452395439 1257
1783781692512 0.05566655099391937 1258
1783781692687 0.026290738955140114 1259
1783781692864 0.046523820608854294 1260
1783781693202 0.0450185090303421 1261
1783781693323 0.06094224005937576 1262
1783781693439 0.06205201894044876 1263
1783781693554 0.09399454295635223 1264
1783781693682 0.021622847765684128 1265
1783781693821 0.03948402404785156 1266
1783781693962 0.06020577996969223 1267
1783781694109 0.08337119221687317 1268
1783781694273 0.04876190423965454 1269
1783781694402 0.06677588075399399 1270
1783781694608 0.06380480527877808 1271
1783781694741 0.030841026455163956 1272
1783781694845 0.06044897064566612 1273
1783781694982 0.06142469868063927 1274
1783781695117 0.021776609122753143 1275
1783781695245 0.06851239502429962 1276
1783781695426 0.08310799300670624 1277
1783781695623 0.03207665681838989 1278
1783781695748 0.09825728088617325 1279
1783781695903 0.062046490609645844 1280
1783781696050 0.04425068199634552 1281
1783781696195 0.04952268302440643 1282
1783781696334 0.04782158136367798 1283
1783781696479 0.07724083214998245 1284
1783781696623 0.05015764385461807 1285
1783781696765 0.04166093468666077 1286
1783781696950 0.03441230207681656 1287
1783781697086 0.061711497604846954 1288
1783781697222 0.020930156111717224 1289
1783781697371 0.039211735129356384 1290
1783781697530 0.0754905566573143 1291
1783781697673 0.03016205132007599 1292
1783781697836 0.08074242621660233 1293
1783781698005 0.09088306128978729 1294
1783781698172 0.04046342521905899 1295
1783781698290 0.08971674740314484 1296
1783781698440 0.049951329827308655 1297
1783781698605 0.08420302718877792 1298
1783781698781 0.03739403188228607 1299
1783781698933 0.08820260316133499 1300
1783781699086 0.0561426542699337 1301
1783781699218 0.09178411960601807 1302
1783781699381 0.028144976124167442 1303
1783781699596 0.02800912596285343 1304
1783781699728 0.05406923592090607 1305
1783781699855 0.02971269190311432 1306
1783781700001 0.05940845236182213 1307
1783781700157 0.03904996067285538 1308
1783781700289 0.05762762576341629 1309
1783781700424 0.06810902804136276 1310
1783781700553 0.08454738557338715 1311
1783781700699 0.06057959794998169 1312
1783781700831 0.06601148098707199 1313
1783781700971 0.055147457867860794 1314
1783781701085 0.032737236469984055 1315
1783781701199 0.04281392693519592 1316
1783781701323 0.08745422214269638 1317
1783781701453 0.030887877568602562 1318
1783781701566 0.0933585911989212 1319
1783781701697 0.050945453345775604 1320
1783781701848 0.03835266828536987 1321
1783781701986 0.05748412758111954 1322
1783781702120 0.04051193594932556 1323
1783781702249 0.039093371480703354 1324
1783781702382 0.05796751379966736 1325
1783781702502 0.04433787986636162 1326
1783781702621 0.04527631402015686 1327
1783781702749 0.04547646641731262 1328
1783781702898 0.043851517140865326 1329
1783781703039 0.07811371237039566 1330
1783781703166 0.05108767747879028 1331
1783781703296 0.09595905244350433 1332
1783781703426 0.045007068663835526 1333
1783781703549 0.032655831426382065 1334
1783781703648 0.0769902840256691 1335
1783781703758 0.04636635258793831 1336
1783781703899 0.07302814722061157 1337
1783781704027 0.09055918455123901 1338
1783781704169 0.04454158619046211 1339
1783781704274 0.1036822572350502 1340
1783781704380 0.06018153205513954 1341
1783781704495 0.03633628785610199 1342
1783781704639 0.030440744012594223 1343
1783781704769 0.08011174947023392 1344
1783781704895 0.14347757399082184 1345
1783781705015 0.06146514415740967 1346
1783781705145 0.029912982136011124 1347
1783781705277 0.01723269186913967 1348
1783781705386 0.12073815613985062 1349
1783781705516 0.06370101869106293 1350
1783781705649 0.01920141652226448 1351
1783781705776 0.08001332730054855 1352
1783781705925 0.09447453916072845 1353
1783781706045 0.06825452297925949 1354
1783781706169 0.024140726774930954 1355
1783781706285 0.048228755593299866 1356
1783781706421 0.06196339428424835 1357
1783781706539 0.036804262548685074 1358
1783781706687 0.069343701004982 1359
1783781706831 0.0781020075082779 1360
1783781706959 0.011023303493857384 1361
1783781707105 0.055220793932676315 1362
1783781707248 0.0491388663649559 1363
1783781707357 0.05244504660367966 1364
1783781707477 0.020213128998875618 1365
1783781707615 0.04600615054368973 1366
1783781707735 0.048881299793720245 1367
1783781707875 0.044318437576293945 1368
1783781708029 0.05681239813566208 1369
1783781708166 0.042118482291698456 1370
1783781708309 0.0421392060816288 1371
1783781708437 0.028820190578699112 1372
1783781708601 0.1277681291103363 1373
1783781708710 0.07275334745645523 1374
1783781708831 0.09406749904155731 1375
1783781708960 0.07395658642053604 1376
1783781709072 0.05552927404642105 1377
1783781709188 0.04654548317193985 1378
1783781709314 0.052904121577739716 1379
1783781709441 0.0425010547041893 1380
1783781709575 0.03371889144182205 1381
1783781709716 0.12486059963703156 1382
1783781709846 0.03581293672323227 1383
1783781709983 0.03150705620646477 1384
1783781710109 0.06760513037443161 1385
1783781710248 0.06544356793165207 1386
1783781710364 0.1444854736328125 1387
1783781710499 0.08118230849504471 1388
1783781710633 0.08260587602853775 1389
1783781710769 0.09738940000534058 1390
1783781710905 0.04777948558330536 1391
1783781711052 0.11394165456295013 1392
1783781711163 0.06563102453947067 1393
1783781711286 0.054100170731544495 1394
1783781711423 0.062281735241413116 1395
1783781711550 0.04589948058128357 1396
1783781711698 0.009776223450899124 1397
1783781711813 0.0481964573264122 1398
1783781711936 0.08424274623394012 1399
1783781712070 0.04488852247595787 1400
1783781712203 0.07422096282243729 1401
1783781712336 0.04365704581141472 1402
1783781712474 0.039288707077503204 1403
1783781712606 0.08290533721446991 1404
1783781712740 0.05716361105442047 1405
1783781712870 0.022199636325240135 1406
1783781712991 0.054728250950574875 1407
1783781713114 0.0603327602148056 1408
1783781713220 0.06367285549640656 1409
1783781713354 0.10982833057641983 1410
1783781713503 0.05915040522813797 1411
1783781713638 0.04089982807636261 1412
1783781713752 0.03664393350481987 1413
1783781713885 0.053099729120731354 1414
1783781714011 0.06866280734539032 1415
1783781714136 0.08593794703483582 1416
1783781714253 0.04665486887097359 1417
1783781714378 0.027947384864091873 1418
1783781714512 0.049353402107954025 1419
1783781714652 0.04320531710982323 1420
1783781714780 0.06694473326206207 1421
1783781714914 0.10885491222143173 1422
1783781715037 0.12952950596809387 1423
1783781715174 0.05961732193827629 1424
1783781715323 0.09745549410581589 1425
1783781715471 0.04849429056048393 1426
1783781715613 0.038066938519477844 1427
1783781715744 0.10509485751390457 1428
1783781715869 0.04096026346087456 1429
1783781716005 0.036035433411598206 1430
1783781716139 0.04059552773833275 1431
1783781716273 0.04946776479482651 1432
1783781716415 0.06832786649465561 1433
1783781716553 0.03363712504506111 1434
1783781716723 0.07341339439153671 1435
1783781716872 0.07697019726037979 1436
1783781717051 0.05059226602315903 1437
1783781717190 0.034413766115903854 1438
1783781717370 0.06377972662448883 1439
1783781717539 0.03754289448261261 1440
1783781717740 0.040644384920597076 1441
1783781717881 0.06792473793029785 1442
1783781718024 0.07092270255088806 1443
1783781718132 0.03454217314720154 1444
1783781718306 0.056364838033914566 1445
1783781718471 0.06313550472259521 1446
1783781718684 0.09652013331651688 1447
1783781718819 0.06460405886173248 1448
1783781719006 0.04020076245069504 1449
1783781719172 0.07324979454278946 1450
1783781719327 0.07968547940254211 1451
1783781719474 0.04848029837012291 1452
1783781719639 0.053304675966501236 1453
1783781719783 0.07537002861499786 1454
1783781719958 0.021065276116132736 1455
1783781720125 0.050842735916376114 1456
1783781720268 0.03271567076444626 1457
1783781720408 0.06674712896347046 1458
1783781720549 0.07141618430614471 1459
1783781720681 0.05066748708486557 1460
1783781720844 0.06270354986190796 1461
1783781720966 0.03762046992778778 1462
1783781721084 0.044408924877643585 1463
1783781721231 0.05742914229631424 1464
1783781721424 0.0407383032143116 1465
1783781721553 0.05764980986714363 1466
1783781721689 0.07981345057487488 1467
1783781721798 0.022450216114521027 1468
1783781721936 0.036045629531145096 1469
1783781722098 0.09485481679439545 1470
1783781722218 0.08446694910526276 1471
1783781722323 0.05533021688461304 1472
1783781722499 0.05410095676779747 1473
1783781722654 0.07942704856395721 1474
1783781722781 0.05565113201737404 1475
1783781722909 0.09667352586984634 1476
1783781723082 0.030686672776937485 1477
1783781723209 0.03506655991077423 1478
1783781723328 0.050102848559617996 1479
1783781723500 0.09474735707044601 1480
1783781723643 0.07206438481807709 1481
1783781723793 0.01726296730339527 1482
1783781723938 0.08969247341156006 1483
1783781724082 0.0661512240767479 1484
1783781724190 0.06722022593021393 1485
1783781724296 0.035272687673568726 1486
1783781724459 0.10330669581890106 1487
1783781724586 0.02875709906220436 1488
1783781724718 0.07632351666688919 1489
1783781724847 0.05936065688729286 1490
1783781725126 0.045614827424287796 1491
1783781725293 0.0742545872926712 1492
1783781725473 0.04664980620145798 1493
1783781725626 0.03568324074149132 1494
1783781725743 0.026118051260709763 1495
1783781725890 0.10384756326675415 1496
1783781726034 0.06555317342281342 1497
1783781726153 0.02889726310968399 1498
1783781726301 0.05120422691106796 1499
1783781726433 0.044380221515893936 1500
1783781726590 0.1001465767621994 1501
1783781726767 0.030239887535572052 1502
1783781726910 0.02836095169186592 1503
1783781727057 0.024213653057813644 1504
1783781727219 0.03236519545316696 1505
1783781727364 0.0249173603951931 1506
1783781727669 0.05166204646229744 1507
1783781727808 0.11016824841499329 1508
1783781727919 0.10976797342300415 1509
1783781728026 0.03887137025594711 1510
1783781728137 0.0533527173101902 1511
1783781728249 0.06819552928209305 1512
1783781728421 0.05308806151151657 1513
1783781728618 0.040606603026390076 1514
1783781728788 0.05253736302256584 1515
1783781728964 0.10210525244474411 1516
1783781729087 0.04201437532901764 1517
1783781729218 0.06808126717805862 1518
1783781729391 0.07212802767753601 1519
1783781729580 0.12589840590953827 1520
1783781729762 0.08406252413988113 1521
1783781729913 0.045136742293834686 1522
1783781730076 0.09726925194263458 1523
1783781730220 0.053088098764419556 1524
1783781730371 0.043920330703258514 1525
1783781730506 0.051955778151750565 1526
1783781730663 0.06399234384298325 1527
1783781730838 0.08704301714897156 1528
1783781730971 0.04849601536989212 1529
1783781731097 0.08399157226085663 1530
1783781731236 0.06765598803758621 1531
1783781731501 0.053182460367679596 1532
1783781731679 0.06193888932466507 1533
1783781731848 0.05128094181418419 1534
1783781732016 0.10875341296195984 1535
1783781732158 0.03190228343009949 1536
1783781732287 0.055285900831222534 1537
1783781732425 0.07538069039583206 1538
1783781732546 0.017915772274136543 1539
1783781732811 0.03772464767098427 1540
1783781732915 0.0855230838060379 1541
1783781733021 0.021785756573081017 1542
1783781733168 0.04165535047650337 1543
1783781733322 0.06869027763605118 1544
1783781733436 0.030260777100920677 1545
1783781733578 0.08747276663780212 1546
1783781733713 0.08223795145750046 1547
1783781733933 0.0846712738275528 1548
1783781734101 0.03126544877886772 1549
1783781734226 0.05507836490869522 1550
1783781734376 0.07971344888210297 1551
1783781734525 0.05343642830848694 1552
1783781734679 0.0339677631855011 1553
1783781734831 0.07906641811132431 1554
1783781735027 0.047102950513362885 1555
1783781735191 0.11046072840690613 1556
1783781735356 0.06471849232912064 1557
1783781735466 0.03863794356584549 1558
1783781735570 0.024746118113398552 1559
1783781735742 0.04750015586614609 1560
1783781735947 0.04706931114196777 1561
1783781736114 0.10930847376585007 1562
1783781736289 0.07717591524124146 1563
1783781736408 0.12335715442895889 1564
1783781736531 0.0822838619351387 1565
1783781736670 0.10070723295211792 1566
1783781736850 0.07388507574796677 1567
1783781736988 0.12793053686618805 1568
1783781737106 0.08143499493598938 1569
1783781737262 0.01830422505736351 1570
1783781737458 0.09213031083345413 1571
1783781737579 0.03006083518266678 1572
1783781737698 0.05918610095977783 1573
1783781737879 0.05070213973522186 1574
1783781738068 0.0644601583480835 1575
1783781738277 0.05920469015836716 1576
1783781738417 0.06049920991063118 1577
1783781738551 0.13781367242336273 1578
1783781738723 0.04286784678697586 1579
1783781738840 0.08945704996585846 1580
1783781738989 0.05624982342123985 1581
1783781739129 0.1090746819972992 1582
1783781739249 0.041660964488983154 1583
1783781739399 0.06587933003902435 1584
1783781739553 0.06392092257738113 1585
1783781739697 0.07645010948181152 1586
1783781739868 0.10923351347446442 1587
1783781740039 0.06468784809112549 1588
1783781740140 0.09510520845651627 1589
1783781740249 0.08234799653291702 1590
1783781740369 0.041309792548418045 1591
1783781740510 0.04162668436765671 1592
1783781740669 0.07740947604179382 1593
1783781740782 0.08601929247379303 1594
1783781740919 0.024840814992785454 1595
1783781741097 0.0732257142663002 1596
1783781741199 0.04587839916348457 1597
1783781741317 0.03533867001533508 1598
1783781741454 0.04339445382356644 1599
1783781741585 0.05850530043244362 1600
1783781741789 0.03472388535737991 1601
1783781741928 0.06771600246429443 1602
1783781742066 0.05654698237776756 1603
1783781742216 0.09936776757240295 1604
1783781742397 0.08545802533626556 1605
1783781742557 0.038337815552949905 1606
1783781742743 0.08010810613632202 1607
1783781742920 0.05563582107424736 1608
1783781743100 0.13746294379234314 1609
1783781743261 0.19735187292099 1610
1783781743419 0.04239004850387573 1611
1783781743553 0.058178145438432693 1612
1783781743657 0.05878892540931702 1613
1783781743804 0.05928242579102516 1614
1783781743949 0.0374680832028389 1615
1783781744081 0.1293908804655075 1616
1783781744252 0.04604349657893181 1617
1783781744381 0.08961882442235947 1618
1783781744517 0.0767332911491394 1619
1783781744701 0.08502601087093353 1620
1783781744828 0.03781420737504959 1621
1783781744970 0.05416789650917053 1622
1783781745074 0.03577549755573273 1623
1783781745212 0.06739217042922974 1624
1783781745350 0.026017069816589355 1625
1783781745525 0.0997028648853302 1626
1783781745669 0.0395672507584095 1627
1783781745811 0.03498447686433792 1628
1783781745992 0.06343505531549454 1629
1783781746201 0.0924871489405632 1630
1783781746337 0.05959697067737579 1631
1783781746460 0.10133905708789825 1632
1783781746644 0.11499403417110443 1633
1783781746787 0.053415585309267044 1634
1783781746924 0.0562765896320343 1635
1783781747094 0.05370922014117241 1636
1783781747241 0.029946165159344673 1637
1783781747369 0.011486812494695187 1638
1783781747527 0.06599681079387665 1639
1783781747683 0.05986608564853668 1640
1783781747884 0.1039874404668808 1641
1783781748117 0.03849443793296814 1642
1783781748272 0.03141253441572189 1643
1783781748403 0.08025155961513519 1644
1783781748595 0.0590801015496254 1645
1783781748734 0.04997079446911812 1646
1783781748869 0.04353352263569832 1647
1783781749002 0.07875663787126541 1648
1783781749205 0.06843160837888718 1649
1783781749420 0.04805649816989899 1650
1783781749584 0.034310754388570786 1651
1783781749742 0.0988088920712471 1652
1783781749886 0.10331374406814575 1653
1783781750049 0.038435228168964386 1654
1783781750189 0.07670769095420837 1655
1783781750379 0.06851756572723389 1656
1783781750637 0.05513074994087219 1657
1783781750793 0.07259668409824371 1658
1783781750944 0.10639560222625732 1659
1783781751091 0.05745239928364754 1660
1783781751198 0.04610344022512436 1661
1783781751318 0.08264310657978058 1662
1783781751466 0.07288505136966705 1663
1783781751661 0.07474170625209808 1664
1783781751805 0.038436733186244965 1665
1783781751933 0.057079896330833435 1666
1783781752087 0.06485235691070557 1667
1783781752251 0.07311112433671951 1668
1783781752407 0.1006128266453743 1669
1783781752539 0.11568830162286758 1670
1783781752697 0.11664914339780807 1671
1783781752892 0.029454238712787628 1672
1783781753079 0.03689255937933922 1673
1783781753278 0.0968790203332901 1674
1783781753458 0.06107602268457413 1675
1783781753603 0.05791063979268074 1676
1783781753769 0.025503724813461304 1677
1783781753918 0.06104813516139984 1678
1783781754055 0.014737793244421482 1679
1783781754182 0.09295237064361572 1680
1783781754353 0.07611232250928879 1681
1783781754550 0.08804287016391754 1682
1783781754684 0.037942662835121155 1683
1783781754820 0.08521781861782074 1684
1783781754979 0.03735341876745224 1685
1783781755106 0.07716380059719086 1686
1783781755240 0.06297162175178528 1687
1783781755409 0.049118880182504654 1688
1783781755556 0.07519868016242981 1689
1783781755671 0.1283261477947235 1690
1783781755794 0.04340330883860588 1691
1783781755918 0.10121108591556549 1692
1783781756061 0.06198417767882347 1693
1783781756221 0.10354065895080566 1694
1783781756379 0.08140060305595398 1695
1783781756526 0.056877512484788895 1696
1783781756680 0.03171195462346077 1697
1783781757022 0.08649440109729767 1698
1783781757153 0.05881424620747566 1699
1783781757298 0.015531300567090511 1700
1783781757452 0.06813234090805054 1701
1783781757627 0.07934370636940002 1702
1783781757782 0.059918783605098724 1703
1783781757917 0.1619301736354828 1704
1783781758056 0.06338967382907867 1705
1783781758268 0.11606436222791672 1706
1783781758414 0.027547497302293777 1707
1783781758550 0.03462885692715645 1708
1783781758717 0.08846846967935562 1709
1783781758838 0.07711920887231827 1710
1783781758973 0.11310172826051712 1711
1783781759142 0.020959792658686638 1712
1783781759341 0.056145116686820984 1713
1783781759478 0.06743302941322327 1714
1783781759632 0.11434942483901978 1715
1783781759777 0.059990815818309784 1716
1783781759909 0.11788169294595718 1717
1783781760102 0.062463052570819855 1718
1783781760225 0.057580314576625824 1719
1783781760370 0.052765436470508575 1720
1783781760506 0.09951689839363098 1721
1783781760653 0.05219840258359909 1722
1783781760777 0.20781083405017853 1723
1783781760886 0.07825040817260742 1724
1783781761003 0.04339045658707619 1725
1783781761121 0.0785016417503357 1726
1783781761240 0.12840387225151062 1727
1783781761362 0.09871213883161545 1728
1783781761501 0.04116316884756088 1729
1783781761662 0.09636609256267548 1730
1783781761793 0.1215471476316452 1731
1783781761950 0.06635037809610367 1732
1783781762081 0.044825516641139984 1733
1783781762199 0.11244188249111176 1734
1783781762334 0.03660708665847778 1735
1783781762499 0.04165561497211456 1736
1783781762684 0.06599065661430359 1737
1783781762837 0.08061093837022781 1738
1783781762980 0.08468534052371979 1739
1783781763151 0.06258878856897354 1740
1783781763314 0.03829989582300186 1741
1783781763488 0.027197327464818954 1742
1783781763610 0.14661826193332672 1743
1783781763721 0.09767618775367737 1744
1783781763831 0.08859539031982422 1745
1783781764009 0.15686243772506714 1746
1783781764208 0.11464262753725052 1747
1783781764421 0.1093292161822319 1748
1783781764596 0.08487994223833084 1749
1783781764777 0.07319173961877823 1750
1783781764949 0.03416009247303009 1751
1783781765111 0.12691554427146912 1752
1783781765318 0.0636548325419426 1753
1783781765448 0.10012686252593994 1754
1783781765567 0.028510941192507744 1755
1783781765696 0.17499637603759766 1756
1783781765832 0.05131523311138153 1757
1783781766001 0.0981471985578537 1758
1783781766136 0.07816173136234283 1759
1783781766282 0.06477363407611847 1760
1783781766419 0.05756000429391861 1761
1783781766538 0.021815860643982887 1762
1783781766691 0.08733095228672028 1763
1783781766867 0.10365098714828491 1764
1783781766996 0.13969479501247406 1765
1783781767145 0.07208913564682007 1766
1783781767300 0.06727370619773865 1767
1783781767487 0.06662512570619583 1768
1783781767625 0.11470307409763336 1769
1783781767754 0.06621617078781128 1770
1783781767897 0.09816524386405945 1771
1783781768038 0.04086843505501747 1772
1783781768187 0.061672698706388474 1773
1783781768320 0.07416073977947235 1774
1783781768487 0.1129390299320221 1775
1783781768665 0.1222832053899765 1776
1783781768792 0.08440200984477997 1777
1783781768912 0.08651628345251083 1778
1783781769084 0.07808875292539597 1779
1783781769268 0.058006152510643005 1780
1783781769438 0.08977575600147247 1781
1783781769659 0.10670135170221329 1782
1783781769767 0.14455291628837585 1783
1783781769880 0.054827965795993805 1784
1783781770020 0.06346705555915833 1785
1783781770211 0.0985417366027832 1786
1783781770366 0.1489420384168625 1787
1783781770511 0.1535186767578125 1788
1783781770676 0.12458029389381409 1789
1783781770826 0.1843702793121338 1790
1783781771044 0.10218161344528198 1791
1783781771209 0.08202262967824936 1792
1783781771334 0.1296003758907318 1793
1783781771460 0.056381046772003174 1794
1783781771619 0.02284812554717064 1795
1783781771811 0.07843585312366486 1796
1783781771962 0.1029990166425705 1797
1783781772093 0.11217697709798813 1798
1783781772254 0.17967772483825684 1799
1783781772402 0.06028946116566658 1800
1783781772544 0.0871310904622078 1801
1783781772706 0.0906602218747139 1802
1783781772838 0.05411225184798241 1803
1783781772969 0.1275339424610138 1804
1783781773101 0.06520211696624756 1805
1783781773213 0.10576656460762024 1806
1783781773374 0.10856522619724274 1807
1783781773518 0.060757189989089966 1808
1783781773632 0.046304017305374146 1809
1783781773772 0.06900476664304733 1810
1783781773939 0.06729772686958313 1811
1783781774070 0.09736815840005875 1812
1783781774225 0.1992274522781372 1813
1783781774379 0.1010216623544693 1814
1783781774577 0.08488726615905762 1815
1783781774734 0.13150277733802795 1816
1783781774887 0.11627349257469177 1817
1783781775000 0.03145540505647659 1818
1783781775148 0.0844845250248909 1819
1783781775320 0.07606092095375061 1820
1783781775468 0.12854179739952087 1821
1783781775603 0.08917476236820221 1822
1783781775751 0.08158852159976959 1823
1783781775938 0.0840446949005127 1824
1783781776079 0.0688294917345047 1825
1783781776214 0.16464564204216003 1826
1783781776345 0.06778128445148468 1827
1783781776496 0.08916408568620682 1828
1783781776619 0.1719692349433899 1829
1783781776769 0.23313920199871063 1830
1783781776947 0.026897381991147995 1831
1783781777100 0.11815012246370316 1832
1783781777276 0.052118755877017975 1833
1783781777409 0.16028504073619843 1834
1783781777565 0.1434643417596817 1835
1783781777714 0.07347637414932251 1836
1783781777851 0.06446042656898499 1837
1783781777988 0.05861302465200424 1838
1783781778119 0.07776336371898651 1839
1783781778285 0.1061541810631752 1840
1783781778519 0.07261320948600769 1841
1783781778715 0.17430832982063293 1842
1783781778838 0.06433693319559097 1843
1783781778994 0.09615882486104965 1844
1783781779165 0.11192890256643295 1845
1783781779334 0.18421855568885803 1846
1783781779457 0.17660540342330933 1847
1783781779552 0.14536556601524353 1848
1783781779737 0.11748817563056946 1849
1783781779933 0.15190012753009796 1850
1783781780070 0.07738886773586273 1851
1783781780188 0.12702926993370056 1852
1783781780343 0.11810353398323059 1853
1783781780516 0.05362042412161827 1854
1783781780664 0.08057816326618195 1855
1783781780816 0.12518729269504547 1856
1783781780965 0.16881924867630005 1857
1783781781103 0.10279493033885956 1858
1783781781251 0.05718480050563812 1859
1783781781434 0.07988670468330383 1860
1783781781636 0.09831366688013077 1861
1783781781773 0.0890761986374855 1862
1783781781938 0.09829795360565186 1863
1783781782080 0.10611620545387268 1864
1783781782195 0.174754798412323 1865
1783781782320 0.06824573129415512 1866
1783781782444 0.10551256686449051 1867
1783781782569 0.08653800934553146 1868
1783781782751 0.07503314316272736 1869
1783781782925 0.08039376139640808 1870
1783781783082 0.06374236196279526 1871
1783781783250 0.15218454599380493 1872
1783781783369 0.11860836297273636 1873
1783781784511 0.12394237518310547 1874
1783781784655 0.1071883961558342 1875
1783781784843 0.10673172771930695 1876
1783781784987 0.14791107177734375 1877
1783781785095 0.1876201331615448 1878
1783781785263 0.06403976678848267 1879
1783781785436 0.07419013977050781 1880
1783781785600 0.05112722888588905 1881
1783781785784 0.1307917982339859 1882
1783781785938 0.10984043776988983 1883
1783781786120 0.0914078950881958 1884
1783781786253 0.184962198138237 1885
1783781786396 0.08528313785791397 1886
1783781786550 0.04213520884513855 1887
1783781786717 0.08501976728439331 1888
1783781786892 0.15587963163852692 1889
1783781787019 0.09417912364006042 1890
1783781787146 0.07617726922035217 1891
1783781787350 0.07534369081258774 1892
1783781787490 0.06982805579900742 1893
1783781787602 0.07450523227453232 1894
1783781787767 0.06625737249851227 1895
1783781787972 0.10727456957101822 1896
1783781788164 0.07973925769329071 1897
1783781788334 0.11194811761379242 1898
1783781788531 0.13387471437454224 1899
1783781788744 0.07373227924108505 1900
1783781788870 0.1368730068206787 1901
1783781789057 0.15095050632953644 1902
1783781789235 0.11383000016212463 1903
1783781789411 0.08507245779037476 1904
1783781789568 0.13170070946216583 1905
1783781789701 0.11920061707496643 1906
1783781789856 0.14030393958091736 1907
1783781790023 0.13882870972156525 1908
1783781790131 0.11788683384656906 1909
1783781790261 0.10149313509464264 1910
1783781790372 0.22844786942005157 1911
1783781790509 0.09243163466453552 1912
1783781790643 0.06619991362094879 1913
1783781790768 0.10252436250448227 1914
1783781790915 0.10565431416034698 1915
1783781791070 0.14022661745548248 1916
1783781791188 0.056011587381362915 1917
1783781791328 0.16916513442993164 1918
1783781791528 0.08200142532587051 1919
1783781791683 0.14420951902866364 1920
1783781791833 0.047413282096385956 1921
1783781791977 0.08501771092414856 1922
1783781792115 0.1644839197397232 1923
1783781792244 0.12196843326091766 1924
1783781792434 0.12783706188201904 1925
1783781792638 0.1154036596417427 1926
1783781792816 0.14547030627727509 1927
1783781792980 0.05238109081983566 1928
1783781793153 0.15428537130355835 1929
1783781793320 0.14169397950172424 1930
1783781793469 0.2278667390346527 1931
1783781793608 0.06833094358444214 1932
1783781793755 0.10379184782505035 1933
1783781794015 0.1302851438522339 1934
1783781794179 0.10310177505016327 1935
1783781794318 0.10642935335636139 1936
1783781794482 0.18238398432731628 1937
1783781794630 0.2099515050649643 1938
1783781794806 0.056253645569086075 1939
1783781794952 0.2402002513408661 1940
1783781795086 0.11205343902111053 1941
1783781795217 0.12920863926410675 1942
1783781795390 0.12846924364566803 1943
1783781795559 0.0995546206831932 1944
1783781795766 0.14045847952365875 1945
1783781795904 0.10474129766225815 1946
1783781796067 0.1785891354084015 1947
1783781796220 0.1521814465522766 1948
1783781796368 0.09160314500331879 1949
1783781796529 0.12153681367635727 1950
1783781796724 0.07020933926105499 1951
1783781796886 0.2280365526676178 1952
1783781797024 0.12208381295204163 1953
1783781797176 0.19725489616394043 1954
1783781797362 0.17613914608955383 1955
1783781797502 0.135639488697052 1956
1783781797630 0.1243443638086319 1957
1783781797804 0.09494907408952713 1958
1783781797977 0.08164212852716446 1959
1783781798148 0.04630487784743309 1960
1783781798304 0.08801604062318802 1961
1783781798456 0.12953823804855347 1962
1783781798622 0.0659007728099823 1963
1783781798790 0.18957248330116272 1964
1783781798919 0.13476347923278809 1965
1783781799059 0.15339218080043793 1966
1783781799239 0.09696817398071289 1967
1783781799419 0.14585787057876587 1968
1783781799567 0.1815665066242218 1969
1783781799733 0.2157469391822815 1970
1783781799918 0.13059177994728088 1971
1783781800143 0.3171975314617157 1972
1783781800295 0.17130722105503082 1973
1783781800418 0.1297874003648758 1974
1783781800584 0.13363589346408844 1975
1783781800762 0.03515827655792236 1976
1783781800952 0.07707837969064713 1977
1783781801100 0.1844850778579712 1978
1783781801218 0.07864347100257874 1979
1783781801378 0.14350420236587524 1980
1783781801542 0.1918577402830124 1981
1783781801696 0.0685959905385971 1982
1783781801845 0.148537278175354 1983
1783781802019 0.03552500158548355 1984
1783781802206 0.1900659054517746 1985
1783781802366 0.08379555493593216 1986
1783781802518 0.12520048022270203 1987
1783781802712 0.16397199034690857 1988
1783781802842 0.07411431521177292 1989
1783781802960 0.18561308085918427 1990
1783781803092 0.16004346311092377 1991
1783781803214 0.08838751912117004 1992
1783781803377 0.20694756507873535 1993
1783781803536 0.18891634047031403 1994
1783781803674 0.2422681450843811 1995
1783781803784 0.1749027967453003 1996
1783781803897 0.07681300491094589 1997
1783781804036 0.30722296237945557 1998
1783781804160 0.13636042177677155 1999
1783781804270 0.0725761130452156 2000
1783781804382 0.07166188210248947 2001
1783781804514 0.08238989114761353 2002
1783781804620 0.18701843917369843 2003
1783781804753 0.10295510292053223 2004
1783781804878 0.13164599239826202 2005
1783781805013 0.08986969292163849 2006
1783781805150 0.2340249866247177 2007
1783781805286 0.20145191252231598 2008
1783781805410 0.14789006114006042 2009
1783781805528 0.16087111830711365 2010
1783781805663 0.12994633615016937 2011
1783781805796 0.22012241184711456 2012
1783781805928 0.25684934854507446 2013
1783781806065 0.3101206421852112 2014
1783781806187 0.17754501104354858 2015
1783781806314 0.14415091276168823 2016
1783781806446 0.12340188026428223 2017
1783781806585 0.13256599009037018 2018
1783781806730 0.14553874731063843 2019
1783781806907 0.232297882437706 2020
1783781807069 0.1312873512506485 2021
1783781807197 0.2205086648464203 2022
1783781807327 0.15683738887310028 2023
1783781807428 0.25271686911582947 2024
1783781807551 0.10904639214277267 2025
1783781807680 0.2159719169139862 2026
1783781807896 0.2531408965587616 2027
1783781808026 0.2642531096935272 2028
1783781808155 0.12094327807426453 2029
1783781808291 0.14199818670749664 2030
1783781808414 0.06347151845693588 2031
1783781808565 0.3078615963459015 2032
1783781808728 0.24922600388526917 2033
1783781808838 0.20262017846107483 2034
1783781809000 0.24946089088916779 2035
1783781809151 0.12636712193489075 2036
1783781809287 0.20819729566574097 2037
1783781809421 0.20176567137241364 2038
1783781809570 0.24211962521076202 2039
1783781809734 0.20244479179382324 2040
1783781809905 0.18515288829803467 2041
1783781810034 0.13401052355766296 2042
1783781810191 0.21928758919239044 2043
1783781810382 0.3381790518760681 2044
1783781810548 0.13545382022857666 2045
1783781810687 0.1579631268978119 2046
1783781810806 0.19202864170074463 2047
1783781810966 0.13598383963108063 2048
1783781811129 0.25851523876190186 2049
1783781811269 0.1978139877319336 2050
1783781811383 0.21117520332336426 2051
1783781811551 0.25972020626068115 2052
1783781811717 0.13926193118095398 2053
1783781811848 0.22609788179397583 2054
1783781812020 0.2991487979888916 2055
1783781812168 0.2051604837179184 2056
1783781812314 0.20630989968776703 2057
1783781812503 0.21649092435836792 2058
1783781812654 0.2829245924949646 2059
1783781812772 0.3469204902648926 2060
1783781812892 0.29259225726127625 2061
1783781813036 0.2600708305835724 2062
1783781813181 0.2487201988697052 2063
1783781813302 0.28201475739479065 2064
1783781813424 0.3033426105976105 2065
1783781813564 0.23873141407966614 2066
1783781813699 0.24255061149597168 2067
1783781813849 0.2692340612411499 2068
1783781814025 0.3172840476036072 2069
1783781814220 0.1689300239086151 2070
1783781814371 0.2816660404205322 2071
1783781814492 0.1287461370229721 2072
1783781814649 0.15831202268600464 2073
1783781814817 0.18959173560142517 2074
1783781814961 0.31457915902137756 2075
1783781815109 0.20476853847503662 2076
1783781815230 0.4514423906803131 2077
1783781815359 0.20828509330749512 2078
1783781815499 0.31419581174850464 2079
1783781815614 0.34431588649749756 2080
1783781815778 0.27400651574134827 2081
1783781815963 0.333221435546875 2082
1783781816100 0.3004606068134308 2083
1783781816237 0.42611074447631836 2084
1783781816432 0.23788633942604065 2085
1783781816607 0.3004680573940277 2086
1783781816756 0.26492393016815186 2087
1783781817037 0.21660581231117249 2088
1783781817181 0.2918533384799957 2089
1783781817320 0.2711136043071747 2090
1783781817493 0.23108021914958954 2091
1783781817649 0.48097527027130127 2092
1783781817804 0.28764504194259644 2093
1783781817957 0.24838872253894806 2094
1783781818077 0.2488991618156433 2095
1783781818243 0.2392665147781372 2096
1783781818435 0.2632223665714264 2097
1783781818597 0.2378387451171875 2098
1783781818749 0.23146073520183563 2099
1783781818858 0.40584796667099 2100
1783781818991 0.4162617623806 2101
1783781819173 0.3686714768409729 2102
1783781819324 0.2521032691001892 2103
1783781819477 0.2522059679031372 2104
1783781819643 0.2987510561943054 2105
1783781819779 0.20107269287109375 2106
1783781819894 0.4251217544078827 2107
1783781820069 0.2563744783401489 2108
1783781820219 0.29417121410369873 2109
1783781820365 0.24432027339935303 2110
1783781820497 0.27804800868034363 2111
1783781820617 0.23434120416641235 2112
1783781820801 0.3969838619232178 2113
1783781820938 0.3572092056274414 2114
1783781821063 0.26142990589141846 2115
1783781821184 0.28475597500801086 2116
1783781821363 0.2938098609447479 2117
1783781821522 0.24638986587524414 2118
1783781821654 0.4517826437950134 2119
1783781821829 0.204451784491539 2120
1783781821996 0.3361210525035858 2121
1783781822138 0.15260113775730133 2122
1783781822285 0.4899134635925293 2123
1783781822428 0.42260581254959106 2124
1783781822600 0.33676913380622864 2125
1783781822734 0.3831999897956848 2126
1783781822878 0.3019498884677887 2127
1783781822997 0.3032747507095337 2128
1783781823182 0.2928878366947174 2129
1783781823331 0.4208301305770874 2130
1783781823483 0.29641279578208923 2131
1783781823632 0.3753091096878052 2132
1783781823751 0.3888639211654663 2133
1783781823865 0.1677100956439972 2134
1783781824013 0.35807210206985474 2135
1783781824173 0.4252462387084961 2136
1783781824318 0.2568291127681732 2137
1783781824450 0.3719977140426636 2138
1783781824703 0.40560054779052734 2139
1783781824881 0.26203054189682007 2140
1783781825065 0.5693880319595337 2141
1783781825259 0.22447775304317474 2142
1783781825398 0.4138776659965515 2143
1783781825591 0.45644330978393555 2144
1783781825746 0.39744922518730164 2145
1783781825883 0.2106453776359558 2146
1783781826028 0.6299439668655396 2147
1783781826159 0.39137473702430725 2148
1783781826336 0.26687684655189514 2149
1783781826530 0.35719287395477295 2150
1783781826715 0.39447876811027527 2151
1783781826861 0.3707564175128937 2152
1783781826983 0.4234970510005951 2153
1783781827133 0.5307671427726746 2154
1783781827279 0.3212507367134094 2155
1783781827408 0.39072340726852417 2156
1783781827564 0.3989778757095337 2157
1783781827764 0.4152872562408447 2158
1783781827917 0.2521446943283081 2159
1783781828074 0.5584201812744141 2160
1783781828230 0.3622061312198639 2161
1783781828363 0.36523860692977905 2162
1783781828576 0.31421685218811035 2163
1783781828749 0.5648707151412964 2164
1783781828878 0.5361137390136719 2165
1783781829019 0.507218599319458 2166
1783781829172 0.43199920654296875 2167
1783781829285 0.5389454364776611 2168
1783781829423 0.48996078968048096 2169
1783781829602 0.6114264726638794 2170
1783781829830 0.5169039964675903 2171
1783781830010 0.48133862018585205 2172
1783781830162 0.47335660457611084 2173
1783781830346 0.42348307371139526 2174
1783781830526 0.45296066999435425 2175
1783781830650 0.5194645524024963 2176
1783781830794 0.5058544278144836 2177
1783781830959 0.37607431411743164 2178
1783781831124 0.3972024619579315 2179
1783781831252 0.4940779507160187 2180
1783781831408 0.5395190715789795 2181
1783781831557 0.5657997131347656 2182
1783781831697 0.44277575612068176 2183
1783781831863 0.4773845672607422 2184
1783781831997 0.5162978768348694 2185
1783781832112 0.4071333110332489 2186
1783781832268 0.7273298501968384 2187
1783781832437 0.599503219127655 2188
1783781832580 0.49615874886512756 2189
1783781832694 0.45668965578079224 2190
1783781832826 0.30530720949172974 2191
1783781832971 0.4947105944156647 2192
1783781833148 0.599315345287323 2193
1783781833284 0.9360584020614624 2194
1783781833444 0.3503665030002594 2195
1783781833636 0.620695173740387 2196
1783781833750 0.7746272087097168 2197
1783781833891 0.4762685298919678 2198
1783781834051 0.7812234163284302 2199
1783781834258 0.6740028858184814 2200
1783781834392 0.7650830149650574 2201
1783781834537 0.6249585151672363 2202
1783781834723 0.5537128448486328 2203
1783781834876 0.5328323245048523 2204
1783781835008 0.5908592939376831 2205
1783781835111 0.5988218784332275 2206
1783781835236 0.734438419342041 2207
1783781835385 0.6431403160095215 2208
1783781835538 0.64078688621521 2209
1783781835714 0.7083977460861206 2210
1783781835882 0.5095994472503662 2211
1783781836038 0.5547339916229248 2212
1783781836182 0.6865370869636536 2213
1783781836318 0.790040910243988 2214
1783781836438 0.5323905944824219 2215
1783781836557 0.5045264363288879 2216
1783781836679 0.6886386871337891 2217
1783781836845 0.6712952852249146 2218
1783781837036 0.528761625289917 2219
1783781837223 0.6044504046440125 2220
1783781837393 0.5754237174987793 2221
1783781837535 0.5531719326972961 2222
1783781837670 0.6888678073883057 2223
1783781837827 0.4805748462677002 2224
1783781838002 0.8791909217834473 2225
1783781838134 0.8672803640365601 2226
1783781838273 0.762511134147644 2227
1783781838440 0.7353488802909851 2228
1783781838569 0.6542395353317261 2229
1783781838729 1.1332218647003174 2230
1783781838848 0.7023828029632568 2231
1783781839002 0.8053848743438721 2232
1783781839156 0.5816361904144287 2233
1783781839286 0.6206361055374146 2234
1783781839440 0.6308546662330627 2235
1783781839614 0.5904233455657959 2236
1783781839841 0.7890532612800598 2237
1783781840031 0.873274564743042 2238
1783781840169 0.5379213094711304 2239
1783781840310 0.7049683928489685 2240
1783781840459 0.8949090838432312 2241
1783781840617 0.5774691700935364 2242
1783781840747 0.8592628240585327 2243
1783781840881 0.6900418400764465 2244
1783781841050 0.6819393634796143 2245
1783781841225 0.727708101272583 2246
1783781841366 0.7028300762176514 2247
1783781841497 0.633250892162323 2248
1783781841666 0.47209131717681885 2249
1783781841821 0.41021209955215454 2250
1783781842024 0.620429515838623 2251
1783781842184 0.632024884223938 2252
1783781842334 0.44475072622299194 2253
1783781842532 0.6495044231414795 2254
1783781842664 0.6526743769645691 2255
1783781842771 0.623056173324585 2256
1783781842961 0.617156982421875 2257
1783781843111 0.7142965793609619 2258
1783781843264 0.6478012800216675 2259
1783781843397 0.7363879084587097 2260
1783781843533 0.6436542868614197 2261
1783781843679 0.6393466591835022 2262
1783781843806 0.7926239967346191 2263
1783781843942 0.5508962273597717 2264
1783781844115 0.5332615971565247 2265
1783781844260 0.6906009912490845 2266
1783781844395 0.6424868106842041 2267
1783781844529 0.7781099677085876 2268
1783781844661 0.48197588324546814 2269
1783781844852 0.9397231936454773 2270
1783781845008 0.7464520931243896 2271
1783781845145 0.7014351487159729 2272
1783781845275 0.5370506048202515 2273
1783781845399 0.45548105239868164 2274
1783781845509 0.6333749294281006 2275
1783781845657 0.4312956929206848 2276
1783781845833 0.7246389985084534 2277
1783781845999 0.5224559307098389 2278
1783781846173 0.7517424821853638 2279
1783781846464 0.6121233701705933 2280
1783781846605 0.5056155920028687 2281
1783781846740 0.6451711654663086 2282
1783781846938 0.4517415761947632 2283
1783781847082 0.6650027632713318 2284
1783781847246 0.6480330228805542 2285
1783781847451 0.7368760108947754 2286
1783781847593 0.6112112402915955 2287
1783781847724 0.5024198889732361 2288
1783781847855 0.6284233331680298 2289
1783781848016 0.6287083625793457 2290
1783781848184 0.5706019401550293 2291
1783781848328 0.47727635502815247 2292
1783781848483 0.5598212480545044 2293
1783781848646 0.597732663154602 2294
1783781848902 0.39579686522483826 2295
1783781849039 0.3453071713447571 2296
1783781849189 0.7363667488098145 2297
1783781849329 0.4303848445415497 2298
1783781849494 0.521384060382843 2299
1783781849635 0.6789776086807251 2300
1783781849806 0.4183754622936249 2301
1783781849962 0.5630443096160889 2302
1783781850106 0.739913821220398 2303
1783781850227 0.579627275466919 2304
1783781850349 0.5108792185783386 2305
1783781850485 0.6537536382675171 2306
1783781850631 0.5742654800415039 2307
1783781850777 0.408991277217865 2308
1783781850951 0.5505108833312988 2309
1783781851142 0.4569636583328247 2310
1783781851350 0.6079517006874084 2311
1783781851476 0.7103575468063354 2312
1783781851609 0.6593295931816101 2313
1783781851766 0.6425666809082031 2314
1783781851915 0.6152148842811584 2315
1783781852091 0.4108067750930786 2316
1783781852246 0.6055623888969421 2317
1783781852362 0.5914478898048401 2318
1783781852557 0.5656723380088806 2319
1783781852793 0.7701004147529602 2320
1783781852929 0.7424665689468384 2321
1783781853053 0.5131857991218567 2322
1783781853233 0.683049201965332 2323
1783781853385 0.6213547587394714 2324
1783781853511 0.6029967665672302 2325
1783781853636 0.6168667674064636 2326
1783781853757 0.48282694816589355 2327
1783781853916 0.5389387607574463 2328
1783781854105 0.6087408065795898 2329
1783781854251 0.6534369587898254 2330
1783781854373 0.5344846248626709 2331
1783781854522 0.49631431698799133 2332
1783781854685 0.865365743637085 2333
1783781854830 0.7268948554992676 2334
1783781854958 0.49927961826324463 2335
1783781855111 0.7708852291107178 2336
1783781855283 0.7461798191070557 2337
1783781855415 0.5526990294456482 2338
1783781855525 0.6769640445709229 2339
1783781855638 0.73085618019104 2340
1783781855810 0.46103382110595703 2341
1783781855941 0.5587257146835327 2342
1783781856084 0.8137960433959961 2343
1783781856230 0.5319449305534363 2344
1783781856398 0.5504351258277893 2345
1783781856557 0.767158567905426 2346
1783781856684 0.8217028379440308 2347
1783781856868 0.6679357886314392 2348
1783781857051 0.6706628799438477 2349
1783781857196 0.7718871831893921 2350
1783781857305 0.7144161462783813 2351
1783781857471 0.7975789308547974 2352
1783781857611 0.8112438321113586 2353
1783781857771 0.8100882768630981 2354
1783781857941 0.6655237674713135 2355
1783781858080 0.6173497438430786 2356
1783781858235 0.9480209350585938 2357
1783781858377 0.8963454961776733 2358
1783781858507 0.6159688234329224 2359
1783781858627 0.7169150710105896 2360
1783781858783 0.6829482316970825 2361
1783781858897 0.8212342262268066 2362
1783781859023 0.9119701385498047 2363
1783781859130 0.919663667678833 2364
1783781859239 0.6434023976325989 2365
1783781859355 0.5798732042312622 2366
1783781859473 0.9097182750701904 2367
1783781859610 0.693488597869873 2368
1783781859756 0.8162825107574463 2369
1783781859877 0.653268575668335 2370
1783781860015 0.7177621722221375 2371
1783781860201 0.78373783826828 2372
1783781860355 0.961671769618988 2373
1783781860466 0.9300726652145386 2374
1783781860588 0.9199459552764893 2375
1783781860758 0.7043266296386719 2376
1783781860954 0.6519203782081604 2377
1783781861092 0.7370465993881226 2378
1783781861195 0.7156291604042053 2379
1783781861290 0.9106281995773315 2380
1783781861388 0.9770392179489136 2381
1783781861526 0.7795456051826477 2382
1783781861642 0.8432764410972595 2383
1783781861757 0.8134478330612183 2384
1783781861867 0.8756384253501892 2385
1783781861970 0.7934725284576416 2386
1783781862142 0.9033069610595703 2387
1783781862278 0.7262381911277771 2388
1783781862443 0.9870933294296265 2389
1783781862597 0.7680071592330933 2390
1783781862754 0.9122499227523804 2391
1783781862913 0.7501875162124634 2392
1783781863029 0.9616020917892456 2393
1783781863149 0.8789953589439392 2394
1783781863282 0.883746862411499 2395
1783781863507 0.6696593761444092 2396
1783781863691 0.8092119097709656 2397
1783781863810 0.6625350713729858 2398
1783781863935 0.8294270634651184 2399
1783781864068 0.6943238973617554 2400
1783781864202 0.7317901253700256 2401
1783781864365 1.0492318868637085 2402
1783781864514 0.7796189785003662 2403
1783781864662 0.9888670444488525 2404
1783781864792 0.8140309453010559 2405
1783781864971 0.6709378361701965 2406
1783781865096 0.8338293433189392 2407
1783781865224 0.9587736129760742 2408
1783781865396 0.8091579675674438 2409
1783781865510 0.7469801902770996 2410
1783781865623 0.9363795518875122 2411
1783781865770 0.7476087808609009 2412
1783781865898 0.7716960906982422 2413
1783781866040 0.8479889631271362 2414
1783781866197 1.0580041408538818 2415
1783781866347 0.7731741666793823 2416
1783781866528 0.7965962886810303 2417
1783781866710 0.9113447666168213 2418
1783781866896 0.9484846591949463 2419
1783781867079 0.6820274591445923 2420
1783781867297 0.8371272087097168 2421
1783781867451 0.8014277219772339 2422
1783781867626 0.8771430253982544 2423
1783781867772 0.7492333650588989 2424
1783781867982 0.7507448196411133 2425
1783781868159 0.8647894859313965 2426
1783781868364 0.9744676351547241 2427
1783781868535 0.8707348108291626 2428
1783781868724 0.9328244924545288 2429
1783781868869 0.8378951549530029 2430
1783781869030 0.7026788592338562 2431
1783781869380 0.7987420558929443 2432
1783781869558 0.775710940361023 2433
1783781869726 0.6815522909164429 2434
1783781869923 0.8076525330543518 2435
1783781870112 0.8977131843566895 2436
1783781870293 0.866932213306427 2437
1783781870473 0.7517920136451721 2438
1783781870729 0.6984524726867676 2439
1783781870880 0.8943867087364197 2440
1783781871052 0.6734229326248169 2441
1783781871193 0.7857815623283386 2442
1783781871312 0.8387149572372437 2443
1783781871523 0.7323018908500671 2444
1783781871716 0.799613356590271 2445
1783781872024 0.8050774335861206 2446
1783781872186 0.8476291298866272 2447
1783781872346 0.7945096492767334 2448
1783781872514 0.9412164688110352 2449
1783781872732 0.6769700050354004 2450
1783781872899 0.7402641773223877 2451
1783781873058 0.7614868879318237 2452
1783781873282 0.7887747883796692 2453
1783781873431 0.7949177622795105 2454
1783781873591 0.7527952194213867 2455
1783781873756 0.7871657609939575 2456
1783781873931 0.644762396812439 2457
1783781874109 0.6561304330825806 2458
1783781874282 0.8914246559143066 2459
1783781874530 0.7074240446090698 2460
1783781874682 0.6975418329238892 2461
1783781874867 0.595025897026062 2462
1783781875058 0.7519530057907104 2463
1783781875234 0.7795329093933105 2464
1783781875431 0.7298998236656189 2465
1783781875594 0.7195889353752136 2466
1783781875809 0.8353307247161865 2467
1783781875998 0.7721076011657715 2468
1783781876167 0.7277957201004028 2469
1783781876344 0.6938983201980591 2470
1783781876517 0.6862964630126953 2471
1783781876674 0.6640088558197021 2472
1783781876846 0.6933258175849915 2473
1783781877160 0.7987289428710938 2474
1783781877326 0.7273917198181152 2475
1783781877509 0.8541373014450073 2476
1783781877696 0.7298905849456787 2477
1783781877842 0.758452296257019 2478
1783781878021 0.6269469261169434 2479
1783781878191 0.5457956790924072 2480
1783781878381 0.7395134568214417 2481
1783781878554 0.6581485271453857 2482
1783781878726 0.7082439661026001 2483
1783781878877 0.6293628215789795 2484
1783781879052 0.6873388886451721 2485
1783781879243 0.6403356194496155 2486
1783781879459 0.774246335029602 2487
1783781879815 0.8705269694328308 2488
1783781879957 0.6308579444885254 2489
1783781880139 0.640609085559845 2490
1783781880304 0.6501067876815796 2491
1783781880476 0.865585207939148 2492
1783781880655 0.5865218639373779 2493
1783781880864 0.6661816835403442 2494
1783781881032 0.6709294319152832 2495
1783781881174 0.8352073431015015 2496
1783781881340 0.763923704624176 2497
1783781881522 0.673852264881134 2498
1783781881711 0.7288147807121277 2499
1783781881884 0.5697319507598877 2500
1783781882051 0.5482234954833984 2501
1783781882298 0.6400651931762695 2502
1783781882462 0.7381486892700195 2503
1783781882640 0.7623816132545471 2504
1783781882840 0.5604509115219116 2505
1783781883024 0.7594552040100098 2506
1783781883195 0.5790511965751648 2507
1783781883339 0.8398200273513794 2508
1783781883557 0.6016848087310791 2509
1783781883726 0.6642307043075562 2510
1783781883858 0.68790203332901 2511
1783781884059 0.740655779838562 2512
1783781884219 0.5119055509567261 2513
1783781884382 0.7053413391113281 2514
1783781884554 0.6665393114089966 2515
1783781884732 0.7132169008255005 2516
1783781884929 0.6359164118766785 2517
1783781885094 0.6769911050796509 2518
1783781885253 0.6880301237106323 2519
1783781885409 0.5827309489250183 2520
1783781885578 0.7085120677947998 2521
1783781885762 0.6384398341178894 2522
1783781885941 0.7329227924346924 2523
1783781886338 0.6509683132171631 2524
1783781886518 0.695923924446106 2525
1783781886701 0.6080882549285889 2526
1783781886883 0.510958731174469 2527
1783781887051 0.7371869683265686 2528
1783781887226 0.603683352470398 2529
1783781887619 0.7295934557914734 2530
1783781887802 0.676648736000061 2531
1783781887981 0.5937243700027466 2532
1783781888148 0.7573996186256409 2533
1783781888292 0.7182480096817017 2534
1783781888492 0.6652278304100037 2535
1783781888643 0.9164597988128662 2536
1783781888838 0.8003386855125427 2537
1783781888962 0.8600594401359558 2538
1783781889151 0.9094182252883911 2539
1783781889326 0.7086836099624634 2540
1783781889519 0.7898213863372803 2541
1783781889691 0.7459142208099365 2542
1783781889859 0.7979055643081665 2543
1783781890045 0.8199189901351929 2544
1783781890220 0.9370424151420593 2545
1783781890400 0.9176391959190369 2546
1783781890580 0.7784557342529297 2547
1783781890732 0.759041428565979 2548
1783781890897 0.9655717015266418 2549
1783781891099 0.9003967046737671 2550
1783781891242 0.9388619661331177 2551
1783781891370 0.9211382865905762 2552
1783781891488 1.0632987022399902 2553
1783781891597 1.0934168100357056 2554
1783781891721 0.9978418350219727 2555
1783781891834 1.0345673561096191 2556
1783781891968 1.153130292892456 2557
1783781892114 1.1139408349990845 2558
1783781892249 1.0518475770950317 2559
1783781892393 1.2060140371322632 2560
1783781892514 1.1153254508972168 2561
1783781892637 1.1572229862213135 2562
1783781892764 1.146369457244873 2563
1783781892898 1.1812372207641602 2564
1783781893020 1.0098271369934082 2565
1783781893157 0.9103005528450012 2566
1783781893287 0.9964665174484253 2567
1783781893401 0.8286098837852478 2568
1783781893533 0.9936161041259766 2569
1783781893687 0.955268144607544 2570
1783781893821 0.9273644089698792 2571
1783781893940 0.8213382959365845 2572
1783781894062 0.843665361404419 2573
1783781894192 0.8300149440765381 2574
1783781894312 0.7872873544692993 2575
1783781894438 0.8635989427566528 2576
1783781894578 0.7830663919448853 2577
1783781894720 0.9568825364112854 2578
1783781894854 0.7675058841705322 2579
1783781894992 0.6752731800079346 2580
1783781895133 0.6732968091964722 2581
1783781895264 0.8562407493591309 2582
1783781895387 0.6653746962547302 2583
1783781895514 0.640569269657135 2584
1783781895653 0.6183881163597107 2585
1783781895779 0.6032134294509888 2586
1783781895907 0.7014726400375366 2587
1783781896049 0.7175201177597046 2588
1783781896193 0.7104610204696655 2589
1783781896340 0.6607139110565186 2590
1783781896470 0.5963600277900696 2591
1783781896600 0.5975995063781738 2592
1783781896729 0.6841872930526733 2593
1783781896881 0.5437819361686707 2594
1783781897013 0.46150362491607666 2595
1783781897131 0.647097110748291 2596
1783781897279 0.5079420804977417 2597
1783781897447 0.576581597328186 2598
1783781897592 0.4883028268814087 2599
1783781897776 0.5600579380989075 2600
1783781897991 0.5226393342018127 2601
1783781898178 0.5842337608337402 2602
1783781898363 0.5668003559112549 2603
1783781898562 0.5816986560821533 2604
1783781898744 0.6521634459495544 2605
1783781898886 0.57054603099823 2606
1783781899026 0.4871087968349457 2607
1783781899260 0.480335533618927 2608
1783781899434 0.6425845623016357 2609
1783781899622 0.5915327668190002 2610
1783781899768 0.4908244013786316 2611
1783781899961 0.5651639699935913 2612
1783781900130 0.585625171661377 2613
1783781900347 0.6109386682510376 2614
1783781900528 0.4451190233230591 2615
1783781900706 0.5757496356964111 2616
1783781900847 0.63048255443573 2617
1783781901009 0.5720774531364441 2618
1783781901175 0.3936195969581604 2619
1783781901314 0.5307345390319824 2620
1783781901495 0.6268264055252075 2621
1783781901647 0.507892370223999 2622
1783781901807 0.5368788838386536 2623
1783781901977 0.6171432733535767 2624
1783781902157 0.480807363986969 2625
1783781902328 0.6653077602386475 2626
1783781902469 0.6408631801605225 2627
1783781902590 0.6428108215332031 2628
1783781902721 0.6400043964385986 2629
1783781902862 0.628259539604187 2630
1783781903008 0.5816599726676941 2631
1783781903139 0.5140640735626221 2632
1783781903254 0.5732738971710205 2633
1783781903375 0.43949586153030396 2634
1783781903508 0.6867506504058838 2635
1783781903621 0.5789445042610168 2636
1783781903762 0.7691982984542847 2637
1783781903881 0.638694167137146 2638
1783781904002 0.7145969867706299 2639
1783781904139 0.5908486843109131 2640
1783781904256 0.7259271144866943 2641
1783781904380 0.7481567859649658 2642
1783781904516 0.7555971145629883 2643
1783781904651 0.7335000038146973 2644
1783781904775 0.7307117581367493 2645
1783781904901 0.622184157371521 2646
1783781905048 0.8583741188049316 2647
1783781905175 0.6992940902709961 2648
1783781905297 0.8684159517288208 2649
1783781905428 0.8673955202102661 2650
1783781905558 0.6966055631637573 2651
1783781905689 0.6948543787002563 2652
1783781905808 0.9965400099754333 2653
1783781905927 0.9260302782058716 2654
1783781906070 0.9314825534820557 2655
1783781906212 0.8657543659210205 2656
1783781906338 0.8953461050987244 2657
1783781906461 1.0547826290130615 2658
1783781906582 1.0210760831832886 2659
1783781906688 1.1656007766723633 2660
1783781906794 1.2072149515151978 2661
1783781906907 1.410810947418213 2662
1783781907013 1.2295130491256714 2663
1783781907143 1.108076572418213 2664
1783781907262 1.0498379468917847 2665
1783781907379 1.2122156620025635 2666
1783781907493 1.3470368385314941 2667
1783781907596 1.4229791164398193 2668
1783781907841 1.464479923248291 2669
1783781907966 1.1828992366790771 2670
1783781908068 1.2685681581497192 2671
1783781908198 1.5107271671295166 2672
1783781908302 1.363084077835083 2673
1783781908412 1.1575429439544678 2674
1783781908605 1.2999980449676514 2675
1783781908770 1.1702508926391602 2676
1783781908901 1.342536449432373 2677
1783781909047 1.218180537223816 2678
1783781909212 1.391451358795166 2679
1783781909373 1.492307424545288 2680
1783781909545 1.143407940864563 2681
1783781909710 1.3530726432800293 2682
1783781909873 1.3576955795288086 2683
1783781910044 1.4773247241973877 2684
1783781910215 1.2962403297424316 2685
1783781910421 1.226898431777954 2686
1783781910579 1.3788601160049438 2687
1783781910759 1.4194505214691162 2688
1783781910902 1.2104443311691284 2689
1783781911048 1.1877670288085938 2690
1783781911203 1.119277000427246 2691
1783781911358 1.3657357692718506 2692
1783781911535 1.3064407110214233 2693
1783781911806 1.233581781387329 2694
1783781911949 1.212733268737793 2695
1783781912094 1.2725014686584473 2696
1783781912265 1.2507927417755127 2697
1783781912423 1.131706953048706 2698
1783781912607 1.3643691539764404 2699
1783781912789 1.1369922161102295 2700
1783781912978 1.0623573064804077 2701
1783781913135 1.2600332498550415 2702
1783781913309 0.9884040355682373 2703
1783781913453 1.0583401918411255 2704
1783781913596 1.0416533946990967 2705
1783781913739 1.0003067255020142 2706
1783781913866 0.8863170146942139 2707
1783781914001 1.0498181581497192 2708
1783781914117 1.3563586473464966 2709
1783781914226 0.9902031421661377 2710
1783781914368 0.8966920971870422 2711
1783781914486 1.005584478378296 2712
1783781914604 0.9491136074066162 2713
1783781914742 0.7489572167396545 2714
1783781914863 0.8896104693412781 2715
1783781915001 0.8153459429740906 2716
1783781915113 0.7377223968505859 2717
1783781915228 0.8474068641662598 2718
1783781915354 0.8608108758926392 2719
1783781915463 0.8317000865936279 2720
1783781915578 0.7272148132324219 2721
1783781915687 0.7604045867919922 2722
1783781915803 0.6617059707641602 2723
1783781915945 0.6350632309913635 2724
1783781916062 0.8177911639213562 2725
1783781916170 0.817703127861023 2726
1783781916281 0.6245842576026917 2727
1783781916391 0.5801658630371094 2728
1783781916527 0.7395794987678528 2729
1783781916658 0.7486727833747864 2730
1783781916790 0.630405068397522 2731
1783781916924 0.4864136576652527 2732
1783781917044 0.6677001118659973 2733
1783781917158 0.5833209156990051 2734
1783781917275 0.625346839427948 2735
1783781917411 0.5987014770507812 2736
1783781917540 0.5532401204109192 2737
1783781917676 0.7121331095695496 2738
1783781917803 0.5951375961303711 2739
1783781917921 0.7352953553199768 2740
1783781918045 0.44964200258255005 2741
1783781918176 0.5496942400932312 2742
1783781918303 0.4949024021625519 2743
1783781918444 0.6755654811859131 2744
1783781918565 0.5479609966278076 2745
1783781918708 0.5945128798484802 2746
1783781918842 0.6276498436927795 2747
1783781918946 0.603652834892273 2748
1783781919078 0.45616450905799866 2749
1783781919202 0.44708532094955444 2750
1783781919355 0.517132043838501 2751
1783781919489 0.37363073229789734 2752
1783781919662 0.5146727561950684 2753
1783781919826 0.3780868351459503 2754
1783781919942 0.6184485554695129 2755
1783781920067 0.5021393895149231 2756
1783781920191 0.47958335280418396 2757
1783781920345 0.5034282803535461 2758
1783781920642 0.5945942401885986 2759
1783781920814 0.40998896956443787 2760
1783781920996 0.5409005284309387 2761
1783781921161 0.5673753023147583 2762
1783781921284 0.46794313192367554 2763
1783781921475 0.44043853878974915 2764
1783781921610 0.48806101083755493 2765
1783781921739 0.5029744505882263 2766
1783781921895 0.5516870021820068 2767
1783781922038 0.5036186575889587 2768
1783781922143 0.5455983877182007 2769
1783781922294 0.4072268009185791 2770
1783781922458 0.4543825387954712 2771
1783781922631 0.48828592896461487 2772
1783781922831 0.32953137159347534 2773
1783781922995 0.3436583876609802 2774
1783781923168 0.4164303243160248 2775
1783781923313 0.42709070444107056 2776
1783781923498 0.39961081743240356 2777
1783781923677 0.3367827236652374 2778
1783781923841 0.49308741092681885 2779
1783781924030 0.3063734471797943 2780
1783781924194 0.4176253080368042 2781
1783781924374 0.37521469593048096 2782
1783781924512 0.3672131299972534 2783
1783781924661 0.3467462956905365 2784
1783781924834 0.2917443513870239 2785
1783781925026 0.4130854606628418 2786
1783781925167 0.39493173360824585 2787
1783781925296 0.43446463346481323 2788
1783781925428 0.3429531455039978 2789
1783781925621 0.3309328854084015 2790
1783781925820 0.4365599751472473 2791
1783781925978 0.4336698651313782 2792
1783781926147 0.4850180745124817 2793
1783781926334 0.4104820489883423 2794
1783781926490 0.417472779750824 2795
1783781926664 0.4414283037185669 2796
1783781926835 0.3750520944595337 2797
1783781926988 0.48322057723999023 2798
1783781927159 0.4294205605983734 2799
1783781927310 0.3432345390319824 2800
1783781927468 0.4464743733406067 2801
1783781927643 0.5202306509017944 2802
1783781927830 0.3984498083591461 2803
1783781927983 0.45919889211654663 2804
1783781928145 0.31772780418395996 2805
1783781928365 0.4457005560398102 2806
1783781928527 0.47783857583999634 2807
1783781928702 0.5224435329437256 2808
1783781928880 0.5553387403488159 2809
1783781929016 0.4755434989929199 2810
