1783604094370 2.4487369060516357 0
1783604094482 2.4811947345733643 1
1783604094584 2.467940092086792 2
1783604094684 2.2996633052825928 3
1783604094783 2.1299872398376465 4
1783604094900 2.390561103820801 5
1783604094983 2.060987710952759 6
1783604095090 2.1409521102905273 7
1783604095188 2.0271835327148438 8
1783604095315 2.004689931869507 9
1783604095422 1.7659913301467896 10
1783604095523 2.053786277770996 11
1783604095600 1.9424492120742798 12
1783604095685 1.6849147081375122 13
1783604095791 1.6353493928909302 14
1783604095889 1.5423790216445923 15
1783604095978 1.5789800882339478 16
1783604096064 1.337874174118042 17
1783604096183 1.5167604684829712 18
1783604096288 1.3071445226669312 19
1783604096373 1.6242334842681885 20
1783604096483 1.5502057075500488 21
1783604096581 1.5191322565078735 22
1783604096675 1.6110039949417114 23
1783604096767 1.2786335945129395 24
1783604096857 1.371659278869629 25
1783604096957 1.143747091293335 26
1783604097091 1.0985256433486938 27
1783604097197 1.0046825408935547 28
1783604097313 1.0193252563476562 29
1783604097455 1.2872942686080933 30
1783604097588 1.1946853399276733 31
1783604097869 1.2232667207717896 32
1783604098002 1.313141107559204 33
1783604098133 1.3058875799179077 34
1783604098288 1.3696744441986084 35
1783604098403 1.1356916427612305 36
1783604098516 1.063843846321106 37
1783604098656 1.0605900287628174 38
1783604098801 0.9751524329185486 39
1783604099040 1.1203230619430542 40
1783604099210 0.997355580329895 41
1783604099350 1.0890895128250122 42
1783604099454 1.0567078590393066 43
1783604099584 0.8610905408859253 44
1783604099724 0.9300584197044373 45
1783604099831 1.0897635221481323 46
1783604099971 0.8622173070907593 47
1783604100083 1.0764141082763672 48
1783604100215 1.056434154510498 49
1783604100308 0.9877296090126038 50
1783604100409 0.9023482203483582 51
1783604100517 0.9448561668395996 52
1783604100598 1.0712311267852783 53
1783604100670 1.0342804193496704 54
1783604100760 0.8649362325668335 55
1783604100846 0.7053283452987671 56
1783604100938 0.8330659866333008 57
1783604101025 1.0323381423950195 58
1783604101119 1.1521985530853271 59
1783604101218 0.7968619465827942 60
1783604101295 0.7957912683486938 61
1783604101384 0.6645442843437195 62
1783604101490 0.7608453035354614 63
1783604101589 0.7035036087036133 64
1783604101689 0.6532033085823059 65
1783604101771 0.8249664902687073 66
1783604101863 0.7212307453155518 67
1783604101952 0.7660815715789795 68
1783604102047 0.745265007019043 69
1783604102140 0.4860071539878845 70
1783604102233 0.7102095484733582 71
1783604102339 0.6429770588874817 72
1783604102428 0.907593309879303 73
1783604102516 0.968860924243927 74
1783604102634 0.5349920392036438 75
1783604102876 0.67479008436203 76
1783604102982 0.5879374146461487 77
1783604103074 0.8947375416755676 78
1783604103164 0.7506924271583557 79
1783604103274 0.6131818890571594 80
1783604103376 0.6505457162857056 81
1783604103473 0.6071476936340332 82
1783604103564 0.7293488383293152 83
1783604103667 0.6381232738494873 84
1783604103758 0.5262995958328247 85
1783604103848 0.573780357837677 86
1783604103939 0.70087730884552 87
1783604104055 0.48902809619903564 88
1783604104239 0.8323686122894287 89
1783604104345 0.7356511354446411 90
1783604104440 0.6846377849578857 91
1783604104539 0.7171300053596497 92
1783604104642 0.8079463839530945 93
1783604104735 0.7500352263450623 94
1783604104818 0.6093278527259827 95
1783604104898 0.571810781955719 96
1783604105003 0.5060449242591858 97
1783604105099 0.667542576789856 98
1783604105193 0.9040187001228333 99
1783604105371 0.7257753610610962 100
1783604105484 0.7923415303230286 101
1783604105570 0.7547935843467712 102
1783604105666 0.5862409472465515 103
1783604105734 0.8762089610099792 104
1783604105819 0.8059543371200562 105
1783604105916 0.560875654220581 106
1783604106022 0.4867345988750458 107
1783604106145 0.47050753235816956 108
1783604106283 0.7015178203582764 109
1783604106363 0.828421413898468 110
1783604106463 1.0444576740264893 111
1783604106656 0.6256994009017944 112
1783604106834 0.7535679936408997 113
1783604106974 0.5513234734535217 114
1783604107093 0.6899486780166626 115
1783604107238 0.6449906826019287 116
1783604107365 0.6179563999176025 117
1783604107503 0.6986806988716125 118
1783604107632 0.5672759413719177 119
1783604107772 0.5519981384277344 120
1783604107936 0.47017422318458557 121
1783604108120 0.8975263237953186 122
1783604108267 0.8454133868217468 123
1783604108435 0.5121678113937378 124
1783604108583 0.5245278477668762 125
1783604108706 0.4082135856151581 126
1783604108843 0.5516156554222107 127
1783604108995 0.5514081716537476 128
1783604109130 0.3360842764377594 129
1783604109431 0.564279317855835 130
1783604109522 0.6326823234558105 131
1783604109619 0.577786922454834 132
1783604109762 0.5021092295646667 133
1783604109906 0.5745181441307068 134
1783604110054 0.879460871219635 135
1783604110149 0.5390003323554993 136
1783604110247 0.6363116502761841 137
1783604110332 0.7976527810096741 138
1783604110442 0.7906863689422607 139
1783604110534 0.5545071363449097 140
1783604110631 0.5394757986068726 141
1783604110729 0.4845815896987915 142
1783604110810 0.6042245626449585 143
1783604110899 0.4000515937805176 144
1783604110994 0.4679100513458252 145
1783604111084 0.4217506945133209 146
1783604111184 0.3926328718662262 147
1783604111288 0.5355584025382996 148
1783604111387 0.5215396881103516 149
1783604111478 0.49784770607948303 150
1783604111598 0.6134580373764038 151
1783604111705 0.49208006262779236 152
1783604111877 0.5669555068016052 153
1783604112001 0.8378118276596069 154
1783604112100 0.47518083453178406 155
1783604112186 0.66672283411026 156
1783604112284 0.4903881549835205 157
1783604112373 0.4180298447608948 158
1783604112456 0.5159637928009033 159
1783604112547 0.5733562707901001 160
1783604112653 0.6205658316612244 161
1783604112756 0.8541451096534729 162
1783604112877 1.1347001791000366 163
1783604112989 0.36536890268325806 164
1783604113106 0.522577166557312 165
1783604113215 0.41396522521972656 166
1783604113317 0.6445810794830322 167
1783604113435 0.4188568592071533 168
1783604113533 0.4484536349773407 169
1783604113634 0.4836191236972809 170
1783604113731 0.32165470719337463 171
1783604113810 0.7725234627723694 172
1783604113909 0.47834649682044983 173
1783604114012 0.6969661116600037 174
1783604114132 0.46484634280204773 175
1783604114252 0.7130584716796875 176
1783604114380 0.4798606038093567 177
1783604114494 0.5507447123527527 178
1783604114606 0.5495861172676086 179
1783604114707 0.6021929383277893 180
1783604114805 0.6639311909675598 181
1783604114904 0.4679911732673645 182
1783604114988 0.5623694658279419 183
1783604115077 0.6468446254730225 184
1783604115163 0.4074923098087311 185
1783604115248 0.39818328619003296 186
1783604115349 0.3881019651889801 187
1783604115454 0.441328763961792 188
1783604115568 0.5331064462661743 189
1783604115715 0.5685736536979675 190
1783604115834 0.3486895263195038 191
1783604115960 0.46169590950012207 192
1783604116063 0.44985276460647583 193
1783604116165 0.531195878982544 194
1783604116323 0.4196830689907074 195
1783604116409 0.5024561882019043 196
1783604116512 0.6765511631965637 197
1783604116647 0.5566813945770264 198
1783604116784 0.36698392033576965 199
1783604117096 0.43594270944595337 200
1783604117237 0.55014967918396 201
1783604117402 0.7079204320907593 202
1783604117521 0.5146889090538025 203
1783604117649 0.8054775595664978 204
1783604117786 0.3242548704147339 205
1783604117919 0.6052308678627014 206
1783604118069 0.4826006591320038 207
1783604118208 0.25493210554122925 208
1783604118326 0.8815183043479919 209
1783604118456 0.34420469403266907 210
1783604118552 0.798082709312439 211
1783604118641 0.3602999150753021 212
1783604118733 0.6747986078262329 213
1783604118838 0.4804393947124481 214
1783604118952 0.46935591101646423 215
1783604119054 0.37328779697418213 216
1783604119137 0.33607733249664307 217
1783604119239 0.5578292012214661 218
1783604119484 0.7808842658996582 219
1783604119662 0.5265311002731323 220
1783604119798 0.5114599466323853 221
1783604119943 0.4751041531562805 222
1783604120087 0.6553153991699219 223
1783604120216 0.5625187158584595 224
1783604120309 0.4211153984069824 225
1783604120391 0.29591232538223267 226
1783604120465 0.34803134202957153 227
1783604120568 0.32432013750076294 228
1783604120642 0.611913800239563 229
1783604120744 0.8264912366867065 230
1783604120857 0.6672518253326416 231
1783604120968 0.6069800853729248 232
1783604121075 0.7569310069084167 233
1783604121160 0.3606826066970825 234
1783604121254 0.40525341033935547 235
1783604121343 0.6883345246315002 236
1783604121428 0.2605549097061157 237
1783604121523 0.20600777864456177 238
1783604121612 0.7009760737419128 239
1783604121700 0.5149282813072205 240
1783604121793 0.2606258988380432 241
1783604121884 0.6122552156448364 242
1783604122207 0.32979926466941833 243
1783604122296 0.7123984694480896 244
1783604122395 0.394284725189209 245
1783604122497 0.47377926111221313 246
1783604122597 0.4414210021495819 247
1783604122693 0.3439597487449646 248
1783604122794 0.5637873411178589 249
1783604122889 0.5217268466949463 250
1783604122975 0.42996108531951904 251
1783604123049 0.4327133297920227 252
1783604123138 0.6712949275970459 253
1783604123228 0.40339651703834534 254
1783604123392 0.7313933372497559 255
1783604123579 0.489696741104126 256
1783604123702 0.3998390734195709 257
1783604123864 0.5036947727203369 258
1783604124017 0.5016991496086121 259
1783604124146 0.49285176396369934 260
1783604124243 0.4609588384628296 261
1783604124351 0.41780534386634827 262
1783604124453 0.3335847556591034 263
1783604124547 0.3291793763637543 264
1783604124670 0.5788342952728271 265
1783604124799 0.3281598389148712 266
1783604124906 0.49587681889533997 267
1783604125015 0.6244354844093323 268
1783604125116 0.662136971950531 269
1783604125212 0.5678398609161377 270
1783604125302 0.6958646178245544 271
1783604125404 0.6684598326683044 272
1783604125506 0.5141143798828125 273
1783604125618 0.5477632880210876 274
1783604125713 0.5113858580589294 275
1783604125832 0.5520157217979431 276
1783604125963 0.9411357045173645 277
1783604126079 0.550229549407959 278
1783604126183 0.32366055250167847 279
1783604126306 0.3967711627483368 280
1783604126391 0.4957452416419983 281
1783604126490 0.3300769031047821 282
1783604126603 0.2573760747909546 283
1783604126723 0.4797127842903137 284
1783604126815 0.5349122881889343 285
1783604126951 0.40517693758010864 286
1783604127041 0.45650002360343933 287
1783604127255 0.2605903446674347 288
1783604127404 0.37787672877311707 289
1783604127555 0.5995782613754272 290
1783604127668 0.38856375217437744 291
1783604127822 0.5084021091461182 292
1783604127954 0.5160449147224426 293
1783604128119 0.6092206835746765 294
1783604128285 0.5234086513519287 295
1783604128467 0.5136560201644897 296
1783604128687 0.5978714227676392 297
1783604128797 0.3916127383708954 298
1783604128935 0.37775570154190063 299
1783604129083 0.4590286314487457 300
1783604129191 0.3539166748523712 301
1783604129319 0.4323635697364807 302
1783604129451 0.44516515731811523 303
1783604129597 0.5230241417884827 304
1783604129825 0.3904018998146057 305
1783604130013 0.4338848888874054 306
1783604130230 0.37005141377449036 307
1783604130370 0.458421915769577 308
1783604130547 0.4674282670021057 309
1783604130712 0.4953957796096802 310
1783604130858 0.45006030797958374 311
1783604130973 1.0452097654342651 312
1783604131197 0.38096004724502563 313
1783604131368 0.21609888970851898 314
1783604131519 0.3001348674297333 315
1783604131661 0.4885859489440918 316
1783604131807 0.7595105171203613 317
1783604131962 0.4175935387611389 318
1783604132106 0.42417752742767334 319
1783604132236 0.4686279296875 320
1783604132375 0.371003657579422 321
1783604132497 0.3718700706958771 322
1783604132603 0.6336237192153931 323
1783604132705 0.6049859523773193 324
1783604132815 0.44657793641090393 325
1783604132939 0.3621118664741516 326
1783604133050 0.37268826365470886 327
1783604133140 0.679556667804718 328
1783604133222 0.3500900864601135 329
1783604133330 0.20785094797611237 330
1783604133418 0.5941864848136902 331
1783604133515 0.32763200998306274 332
1783604133612 0.6234023571014404 333
1783604133723 0.42477160692214966 334
1783604133847 0.19853541254997253 335
1783604133930 0.36504337191581726 336
1783604134028 0.5370797514915466 337
1783604134131 0.36929652094841003 338
1783604134225 0.343544065952301 339
1783604134317 0.5219539999961853 340
1783604134420 0.5026050806045532 341
1783604134517 0.3455906808376312 342
1783604134600 0.385400652885437 343
1783604134699 0.5079519748687744 344
1783604134804 0.3681424856185913 345
1783604134912 0.40612441301345825 346
1783604135021 0.2468363642692566 347
1783604135127 0.5841705799102783 348
1783604135230 0.29984644055366516 349
1783604135328 0.5675573348999023 350
1783604135433 0.8978453278541565 351
1783604135524 0.5058772563934326 352
1783604135622 0.3235171139240265 353
1783604135717 0.5226503014564514 354
1783604135815 0.2304767668247223 355
1783604135913 0.3956667184829712 356
1783604136010 0.5140946507453918 357
1783604136098 0.490957647562027 358
1783604136200 0.4161752164363861 359
1783604136323 0.4512185752391815 360
1783604136408 0.5411795377731323 361
1783604136499 0.32545965909957886 362
1783604136600 0.3490554094314575 363
1783604136691 0.5693050026893616 364
1783604136790 0.506135106086731 365
1783604136902 0.5824725031852722 366
1783604137018 0.5196370482444763 367
1783604137126 0.49763989448547363 368
1783604137223 0.2187478095293045 369
1783604137336 0.40595728158950806 370
1783604137433 0.2739250659942627 371
1783604137541 0.40024927258491516 372
1783604137651 0.21593204140663147 373
1783604137754 0.41152727603912354 374
1783604137840 0.236089825630188 375
1783604137925 0.49418905377388 376
1783604138032 0.6765425801277161 377
1783604138125 0.5009108185768127 378
1783604138214 0.6480928063392639 379
1783604138319 0.11675265431404114 380
1783604138413 0.2809996008872986 381
1783604138503 0.6281135678291321 382
1783604138599 0.6048202514648438 383
1783604138770 0.31086066365242004 384
1783604138904 0.7207707166671753 385
1783604139008 0.561055064201355 386
1783604139114 0.5370128154754639 387
1783604139232 0.4724293053150177 388
1783604139340 0.3504868745803833 389
1783604139428 0.4283098578453064 390
1783604139522 0.3963235020637512 391
1783604139614 0.6487180590629578 392
1783604139704 0.3466680645942688 393
1783604139805 0.45482972264289856 394
1783604139888 0.4172402024269104 395
1783604140110 0.4836041331291199 396
1783604140227 0.430277019739151 397
1783604140317 0.5337680578231812 398
1783604140437 0.41498270630836487 399
1783604140538 0.5895476341247559 400
1783604140638 0.2853730618953705 401
1783604140717 0.5963628888130188 402
1783604140815 0.4800511300563812 403
1783604140926 0.4977504014968872 404
1783604141027 0.43421465158462524 405
1783604141112 0.5946531891822815 406
1783604141206 0.593245267868042 407
1783604141323 0.5312969088554382 408
1783604141455 0.2620088458061218 409
1783604141613 0.4347500503063202 410
1783604141765 0.3261887729167938 411
1783604141907 0.32959118485450745 412
1783604142055 0.6294856667518616 413
1783604142214 0.462242066860199 414
1783604142316 0.22390788793563843 415
1783604142445 0.3943314254283905 416
1783604142607 0.5439174175262451 417
1783604142759 0.28462591767311096 418
1783604142916 0.23442254960536957 419
1783604143063 0.3474629521369934 420
1783604143189 0.6860426068305969 421
1783604143319 0.2095026820898056 422
1783604143436 0.5043668150901794 423
1783604143589 0.6177544593811035 424
1783604143717 0.3996152877807617 425
1783604143819 0.36434921622276306 426
1783604144018 0.7669327855110168 427
1783604144141 0.3748358190059662 428
1783604144288 0.2712251543998718 429
1783604144374 0.32646986842155457 430
1783604144470 0.32123011350631714 431
1783604144563 0.35040944814682007 432
1783604144649 0.5580728054046631 433
1783604144747 0.38138777017593384 434
1783604144837 0.2556944191455841 435
1783604144919 0.39078325033187866 436
1783604145012 0.42345088720321655 437
1783604145103 0.3090263307094574 438
1783604145266 0.2675335705280304 439
1783604145384 0.3855171501636505 440
1783604145480 0.4390396177768707 441
1783604145581 0.5318825840950012 442
1783604145684 0.6253552436828613 443
1783604145780 0.28280383348464966 444
1783604145849 0.2991885542869568 445
1783604145948 0.38395923376083374 446
1783604146046 0.2547524571418762 447
1783604146133 0.3740709722042084 448
1783604146218 0.34563735127449036 449
1783604146334 0.6039475202560425 450
1783604146426 0.5956511497497559 451
1783604146515 0.1875125765800476 452
1783604146625 0.5879821181297302 453
1783604146724 0.46244052052497864 454
1783604146821 0.2558501064777374 455
1783604146924 0.5682814121246338 456
1783604147034 0.2555527687072754 457
1783604147128 0.49627479910850525 458
1783604147216 0.49626272916793823 459
1783604147306 0.6258208751678467 460
1783604147417 0.4144475758075714 461
1783604147502 0.3628786504268646 462
1783604147596 0.16836518049240112 463
1783604147698 0.29046630859375 464
1783604147857 0.4754653573036194 465
1783604147965 0.376781165599823 466
1783604148059 0.39562830328941345 467
1783604148159 0.7770227789878845 468
1783604148259 0.23493435978889465 469
1783604148342 0.4682171046733856 470
1783604148438 0.315609335899353 471
1783604148518 0.5344855189323425 472
1783604148605 0.4728725552558899 473
1783604148709 0.47079184651374817 474
1783604148804 0.15445420145988464 475
1783604148901 0.44243842363357544 476
1783604149011 0.2908437252044678 477
1783604149148 0.6781260371208191 478
1783604149236 0.337736040353775 479
1783604149327 0.5183840394020081 480
1783604149435 0.33707401156425476 481
1783604149570 0.3868280053138733 482
1783604149713 0.5580882430076599 483
1783604149841 0.3071120083332062 484
1783604149935 0.31348884105682373 485
1783604150078 0.4575034976005554 486
1783604150321 0.5966825485229492 487
1783604150469 0.48536548018455505 488
1783604150607 0.4677031934261322 489
1783604150737 0.3378218114376068 490
1783604150868 0.4450041949748993 491
1783604151011 0.3282831609249115 492
1783604151153 0.29301977157592773 493
1783604151288 0.46894529461860657 494
1783604151388 0.3842514753341675 495
1783604151517 0.19833780825138092 496
1783604151765 0.42390382289886475 497
1783604151908 0.5797482132911682 498
1783604152074 0.20317697525024414 499
1783604152205 0.3017826974391937 500
1783604152321 0.2739469110965729 501
1783604152450 0.3147212862968445 502
1783604152600 0.3606991469860077 503
1783604152745 0.24027882516384125 504
1783604153050 0.5276256203651428 505
1783604153293 0.37054771184921265 506
1783604153426 0.4713849723339081 507
1783604153550 0.3177620470523834 508
1783604153680 0.5208436846733093 509
1783604153792 0.3338892459869385 510
1783604153905 0.13588516414165497 511
1783604154017 0.3808909058570862 512
1783604154137 0.3445223271846771 513
1783604154288 0.2395772635936737 514
1783604154391 0.39760905504226685 515
1783604154486 0.5063510537147522 516
1783604154721 0.41296684741973877 517
1783604154832 0.31916823983192444 518
1783604154959 1.0191446542739868 519
1783604155079 0.29944005608558655 520
1783604155201 0.6308972835540771 521
1783604155318 0.2541777789592743 522
1783604155429 0.24454158544540405 523
1783604155529 0.44362062215805054 524
1783604155644 0.2755708396434784 525
1783604155765 0.5105571746826172 526
1783604155879 0.5156638622283936 527
1783604155986 0.2618723511695862 528
1783604156088 0.27318671345710754 529
1783604156179 0.3662831783294678 530
1783604156299 0.7681838870048523 531
1783604156394 0.40263158082962036 532
1783604156468 0.7975964546203613 533
1783604156581 0.5583531260490417 534
1783604156749 0.2898552715778351 535
1783604156864 0.42530494928359985 536
1783604156951 0.45957210659980774 537
1783604157057 0.5125042200088501 538
1783604157148 0.7302302718162537 539
1783604157267 0.34795036911964417 540
1783604157366 0.7267052531242371 541
1783604157471 0.3250921368598938 542
1783604157562 0.29725781083106995 543
1783604157675 0.23489737510681152 544
1783604157781 0.3828209638595581 545
1783604157888 0.3126213550567627 546
1783604158019 0.3894393742084503 547
1783604158137 0.3040682375431061 548
1783604158238 0.30841758847236633 549
1783604158332 0.27342092990875244 550
1783604158438 0.2462645024061203 551
1783604158540 0.28142476081848145 552
1783604158634 0.27458202838897705 553
1783604158736 0.21396957337856293 554
1783604158835 0.4832321107387543 555
1783604158935 0.5761620402336121 556
1783604159046 0.3784550428390503 557
1783604159155 0.43217799067497253 558
1783604159279 0.2864455282688141 559
1783604159418 0.2406129390001297 560
1783604159513 0.3133368492126465 561
1783604159666 0.36749300360679626 562
1783604159832 0.46483275294303894 563
1783604159982 0.6568138003349304 564
1783604160135 0.5522517561912537 565
1783604160263 0.4514338970184326 566
1783604160433 0.4325568974018097 567
1783604160618 0.5858980417251587 568
1783604160768 0.6049227118492126 569
1783604160908 0.33956313133239746 570
1783604161076 0.5753312706947327 571
1783604161214 0.437498539686203 572
1783604161366 0.4035419821739197 573
1783604161501 0.2740482985973358 574
1783604161627 0.5204322338104248 575
1783604161775 0.347774863243103 576
1783604162054 0.33160337805747986 577
1783604162219 0.5952615737915039 578
1783604162394 0.26123368740081787 579
1783604162533 0.4153934121131897 580
1783604162690 0.5741501450538635 581
1783604162855 0.49351757764816284 582
1783604163001 0.8223257064819336 583
1783604163183 0.4896602928638458 584
1783604163348 0.3997015357017517 585
1783604163510 0.24121880531311035 586
1783604163650 0.3773884177207947 587
1783604163789 0.16072721779346466 588
1783604163958 0.31237995624542236 589
1783604164126 0.2951505780220032 590
1783604164274 0.2018275111913681 591
1783604164453 0.4010295867919922 592
1783604164564 0.25586244463920593 593
1783604164680 0.4827570617198944 594
1783604164785 0.46487537026405334 595
1783604164885 0.4562421143054962 596
1783604164997 0.3309951722621918 597
1783604165112 0.2268068492412567 598
1783604165209 0.39170366525650024 599
1783604165300 0.5369488000869751 600
1783604165407 0.1712220013141632 601
1783604165519 0.6821040511131287 602
1783604165741 0.3638192415237427 603
1783604165855 0.27196004986763 604
1783604165957 0.27665817737579346 605
1783604166059 0.6925053596496582 606
1783604166159 0.5272735953330994 607
1783604166272 0.2654029130935669 608
1783604166385 0.45233404636383057 609
1783604166466 0.15145862102508545 610
1783604166562 0.4908394515514374 611
1783604166662 0.5041930079460144 612
1783604166765 0.37803032994270325 613
1783604166881 0.4314035475254059 614
1783604166986 0.47821542620658875 615
1783604167080 0.5312442183494568 616
1783604167179 0.6215871572494507 617
1783604167274 0.646653950214386 618
1783604167387 0.2816491723060608 619
1783604167490 0.4610687494277954 620
1783604167592 0.41549330949783325 621
1783604167691 0.33256295323371887 622
1783604167781 0.4047916531562805 623
1783604167891 0.5133143067359924 624
1783604167995 0.3057057857513428 625
1783604168098 0.3231891989707947 626
1783604168348 0.41244184970855713 627
1783604168453 0.31981608271598816 628
1783604168537 0.5202550292015076 629
1783604168637 0.47102925181388855 630
1783604168740 0.5850207209587097 631
1783604168845 0.44879716634750366 632
1783604168938 0.26445990800857544 633
1783604169033 0.5661770105361938 634
1783604169145 0.20702804625034332 635
1783604169260 0.4261327087879181 636
1783604169368 0.34997275471687317 637
1783604169472 0.18234708905220032 638
1783604169610 0.27569380402565 639
1783604169713 0.37621617317199707 640
1783604169819 0.31615012884140015 641
1783604169926 0.3593663275241852 642
1783604170036 0.49516406655311584 643
1783604170131 0.4694739580154419 644
1783604170246 1.0192455053329468 645
1783604170345 0.46507692337036133 646
1783604170469 0.3877575099468231 647
1783604170589 0.42466095089912415 648
1783604170721 0.41495418548583984 649
1783604170841 0.40214553475379944 650
1783604170950 0.21692126989364624 651
1783604171067 0.36379823088645935 652
1783604171171 0.1944219022989273 653
1783604171284 0.29921412467956543 654
1783604171397 0.18048280477523804 655
1783604171523 0.24864302575588226 656
1783604171661 0.2952998876571655 657
1783604171796 0.4273250699043274 658
1783604171958 0.2938568890094757 659
1783604172133 0.38347214460372925 660
1783604172282 0.6812542676925659 661
1783604172468 0.41425248980522156 662
1783604172589 0.43123966455459595 663
1783604172716 0.4810843765735626 664
1783604172834 0.4473660886287689 665
1783604172957 0.3207669258117676 666
1783604173076 0.22740045189857483 667
1783604173211 0.5911321043968201 668
1783604173314 0.29025939106941223 669
1783604173411 0.5589748024940491 670
1783604173521 0.4832826554775238 671
1783604173628 0.4242895841598511 672
1783604173718 0.35222429037094116 673
1783604173800 0.7009813189506531 674
1783604173882 0.4344103932380676 675
1783604173992 0.6031180024147034 676
1783604174105 0.25617480278015137 677
1783604174216 0.30412498116493225 678
1783604174336 0.4470585882663727 679
1783604174446 0.5677986145019531 680
1783604174564 0.1886225938796997 681
1783604174662 0.16161340475082397 682
1783604174751 0.22502587735652924 683
1783604174867 0.39698395133018494 684
1783604174966 0.295112669467926 685
1783604175075 0.2966192662715912 686
1783604175179 0.394526869058609 687
1783604175302 0.3861745297908783 688
1783604175417 0.4117618799209595 689
1783604175549 0.2534421384334564 690
1783604175668 0.25633445382118225 691
1783604175848 0.1577240526676178 692
1783604176007 0.44802457094192505 693
1783604176132 0.704799473285675 694
1783604176248 0.43110859394073486 695
1783604176372 0.36983543634414673 696
1783604176522 0.392993301153183 697
1783604176653 0.3450668454170227 698
1783604176806 0.2508595585823059 699
1783604177090 0.7396733164787292 700
1783604177233 0.3633759617805481 701
1783604177378 0.36508509516716003 702
1783604177531 0.40694600343704224 703
1783604177680 0.23583737015724182 704
1783604177792 0.1402686983346939 705
1783604177934 0.4473402798175812 706
1783604178284 0.26079896092414856 707
1783604178439 0.3436921536922455 708
1783604178579 0.25570642948150635 709
1783604178720 0.3275262117385864 710
1783604178863 0.27312710881233215 711
1783604178996 0.35998794436454773 712
1783604179145 0.11953190714120865 713
1783604179267 0.32156234979629517 714
1783604179445 0.4109862148761749 715
1783604179558 0.3746679425239563 716
1783604179657 0.2915186285972595 717
1783604179760 0.20320631563663483 718
1783604179851 0.4266492426395416 719
1783604179949 0.6360875368118286 720
1783604180036 0.48251819610595703 721
1783604180142 0.6267917156219482 722
1783604180261 0.5092235207557678 723
1783604180368 0.19336214661598206 724
1783604180481 0.4190082550048828 725
1783604180580 0.23841311037540436 726
1783604180704 0.37795931100845337 727
1783604180817 0.2881726324558258 728
1783604180928 0.4565086364746094 729
1783604181029 0.5426041483879089 730
1783604181131 0.14994072914123535 731
1783604181219 0.6186654567718506 732
1783604181323 0.3360176086425781 733
1783604181442 0.2675861716270447 734
1783604181563 0.30578041076660156 735
1783604181671 0.7060134410858154 736
1783604181779 0.4044782519340515 737
1783604181890 0.4173387885093689 738
1783604182027 0.38398298621177673 739
1783604182143 0.3979916572570801 740
1783604182249 0.28569111227989197 741
1783604182356 0.5169379711151123 742
1783604182455 0.1845758706331253 743
1783604182561 0.3099098801612854 744
1783604182679 0.22499190270900726 745
1783604182775 0.2962106764316559 746
1783604182880 0.2552635073661804 747
1783604182962 0.29306939244270325 748
1783604183064 0.502765417098999 749
1783604183384 0.4325917661190033 750
1783604183491 0.3607872724533081 751
1783604183613 0.41292956471443176 752
1783604183705 0.2395952045917511 753
1783604183815 0.44846099615097046 754
1783604183930 0.24261820316314697 755
1783604184040 0.3065014183521271 756
1783604184143 0.4239616394042969 757
1783604184242 0.2763565182685852 758
1783604184333 0.40096431970596313 759
1783604184442 0.15439213812351227 760
1783604184611 0.5362446308135986 761
1783604184706 0.1909441500902176 762
1783604184831 0.307250052690506 763
1783604184946 0.3341015875339508 764
1783604185059 0.404061883687973 765
1783604185155 0.12174868583679199 766
1783604185255 0.40329957008361816 767
1783604185349 0.0901670977473259 768
1783604185442 0.5234857797622681 769
1783604185554 0.3202230632305145 770
1783604185629 0.29206398129463196 771
1783604185765 0.43463924527168274 772
1783604185878 0.3059700131416321 773
1783604185968 0.21942882239818573 774
1783604186071 0.14678478240966797 775
1783604186177 0.13982628285884857 776
1783604186274 0.2544293701648712 777
1783604186380 0.4220709502696991 778
1783604186474 0.361253559589386 779
1783604186606 0.11487576365470886 780
1783604186705 0.1694517284631729 781
1783604186795 0.3415047228336334 782
1783604186916 0.29581257700920105 783
1783604187025 0.2589019238948822 784
1783604187162 0.7216231226921082 785
1783604187261 0.19625148177146912 786
1783604187364 0.22209347784519196 787
1783604187460 0.5179275274276733 788
1783604187564 0.24590268731117249 789
1783604187697 0.3288525938987732 790
1783604187834 0.3640202283859253 791
1783604188027 0.16432629525661469 792
1783604188168 0.47048091888427734 793
1783604188417 0.308079332113266 794
1783604188569 0.5605559349060059 795
1783604188729 0.13216233253479004 796
1783604188879 0.5195682048797607 797
1783604189018 0.5152233839035034 798
1783604189187 0.47731655836105347 799
1783604189329 0.33863118290901184 800
1783604189626 0.24889372289180756 801
1783604189736 0.28452929854393005 802
1783604189862 0.3532545864582062 803
1783604189957 0.410833477973938 804
1783604190044 0.49918854236602783 805
1783604190138 0.3090905547142029 806
1783604190265 0.23296989500522614 807
1783604190361 0.3258800506591797 808
1783604190474 0.2929193079471588 809
1783604190573 0.3005642592906952 810
1783604190688 0.11690081655979156 811
1783604190805 0.23823487758636475 812
1783604190941 0.15660704672336578 813
1783604191050 0.33522021770477295 814
1783604191178 0.6734876036643982 815
1783604191267 0.25221142172813416 816
1783604191373 0.7583577036857605 817
1783604191479 0.6435642242431641 818
1783604191579 0.28171825408935547 819
1783604191678 0.6270177960395813 820
1783604191801 0.3266850709915161 821
1783604191913 0.23870284855365753 822
1783604192022 0.24640493094921112 823
1783604192183 0.32696714997291565 824
1783604192281 0.3182469308376312 825
1783604192397 0.1874571144580841 826
1783604192512 0.5393388867378235 827
1783604192629 0.4010157883167267 828
1783604192770 0.23912742733955383 829
1783604192938 0.48422566056251526 830
1783604193101 0.20161695778369904 831
1783604193213 0.3006281554698944 832
1783604193454 0.5730122327804565 833
1783604193604 0.3239467442035675 834
1783604193712 0.8646777272224426 835
1783604193822 0.43047070503234863 836
1783604193921 0.20956163108348846 837
1783604194013 0.5926023721694946 838
1783604194133 0.34296101331710815 839
1783604194232 0.330201655626297 840
1783604194322 0.4995446503162384 841
1783604194420 0.3303389549255371 842
1783604194532 0.365689754486084 843
1783604194646 0.5029626488685608 844
1783604194793 0.27438342571258545 845
1783604194957 0.5237812399864197 846
1783604195113 0.6750144958496094 847
1783604195253 0.4158153235912323 848
1783604195369 0.31516319513320923 849
1783604195529 0.4005073010921478 850
1783604195642 0.46034175157546997 851
1783604195763 0.6297921538352966 852
1783604195909 0.35824084281921387 853
1783604196054 0.6269669532775879 854
1783604196165 0.4116341471672058 855
1783604196258 0.7914857268333435 856
1783604196368 0.28450819849967957 857
1783604196447 0.308269739151001 858
1783604196553 0.8094778060913086 859
1783604196654 0.35380783677101135 860
1783604196771 0.5226503610610962 861
1783604196872 0.6164358258247375 862
1783604196978 0.40461328625679016 863
1783604197094 0.3991043269634247 864
1783604197212 0.25733304023742676 865
1783604197338 0.31704357266426086 866
1783604197462 0.43522995710372925 867
1783604197562 0.19621339440345764 868
1783604197657 0.38360342383384705 869
1783604197756 0.3171762228012085 870
1783604197918 0.431880384683609 871
1783604198061 0.40132611989974976 872
1783604198206 0.4226449131965637 873
1783604198340 0.21929122507572174 874
1783604198521 0.5730371475219727 875
1783604198665 0.3895438313484192 876
1783604198793 0.352119117975235 877
1783604198941 0.4095481336116791 878
1783604199076 0.67625892162323 879
1783604199235 0.19309940934181213 880
1783604199392 0.2571593225002289 881
1783604199531 0.4797317683696747 882
1783604199911 0.22874021530151367 883
1783604200073 0.2072305530309677 884
1783604200271 0.44085970520973206 885
1783604200388 0.322562038898468 886
1783604200562 0.47640281915664673 887
1783604200697 0.5659052729606628 888
1783604200812 0.4389544129371643 889
1783604201004 0.32871443033218384 890
1783604201145 0.8248655796051025 891
1783604201248 0.253435879945755 892
1783604201370 0.49329066276550293 893
1783604201485 0.2803419232368469 894
1783604201626 0.5270360708236694 895
1783604201729 0.5482591986656189 896
1783604201844 0.15239866077899933 897
1783604201961 0.18943341076374054 898
1783604202069 0.2321145385503769 899
1783604202177 0.4590071737766266 900
1783604202299 0.41586339473724365 901
1783604202417 0.3324185907840729 902
1783604202539 0.4095163345336914 903
1783604202658 0.11659017205238342 904
1783604202790 0.493030846118927 905
1783604202908 0.41265004873275757 906
1783604203015 0.26468172669410706 907
1783604203132 0.17289042472839355 908
1783604203237 0.5236404538154602 909
1783604203331 0.4447087049484253 910
1783604203431 0.3745962381362915 911
1783604203556 0.41927894949913025 912
1783604203686 0.3929826319217682 913
1783604203812 0.20611552894115448 914
1783604203925 0.2631382644176483 915
1783604204037 0.27801957726478577 916
1783604204158 0.627667248249054 917
1783604204280 0.27745625376701355 918
1783604204388 0.27514398097991943 919
1783604204514 0.537560760974884 920
1783604204621 0.38902291655540466 921
1783604204706 0.3518570363521576 922
1783604204820 0.47954097390174866 923
1783604204942 0.24853210151195526 924
1783604205061 0.5312798023223877 925
1783604205179 0.4125002920627594 926
1783604205293 0.33817392587661743 927
1783604205422 0.14139509201049805 928
1783604205536 0.39354297518730164 929
1783604205638 0.1657598465681076 930
1783604205746 0.4342471957206726 931
1783604205861 0.3930995464324951 932
1783604206112 0.6694455146789551 933
1783604206247 0.1740172654390335 934
1783604206365 0.37590453028678894 935
1783604206464 0.4814731180667877 936
1783604206590 0.3569755256175995 937
1783604206692 0.5199832320213318 938
1783604206786 0.22248223423957825 939
1783604206877 0.7920718193054199 940
1783604206975 0.09896557033061981 941
1783604207105 0.20158487558364868 942
1783604207214 0.22742097079753876 943
1783604207322 0.6152258515357971 944
1783604207485 0.2818996012210846 945
1783604207614 0.6599830985069275 946
1783604207727 0.4719807505607605 947
1783604207833 0.23963508009910583 948
1783604207938 0.5921090841293335 949
1783604208033 0.37393513321876526 950
1783604208145 0.1333247423171997 951
1783604208246 0.6317955255508423 952
1783604208350 0.609842836856842 953
1783604208570 0.23203130066394806 954
1783604208743 0.1830233335494995 955
1783604208853 0.28643813729286194 956
1783604208960 0.4436778128147125 957
1783604209070 0.13666033744812012 958
1783604209186 0.5548477172851562 959
1783604209309 0.4738987982273102 960
1783604209397 0.1719176173210144 961
1783604209490 0.21348173916339874 962
1783604209590 0.24188604950904846 963
1783604209703 0.28760644793510437 964
1783604209813 0.40855443477630615 965
1783604209947 0.20098601281642914 966
1783604210049 0.27779215574264526 967
1783604210171 0.5276489853858948 968
1783604210269 0.3721185624599457 969
1783604210373 0.11871516704559326 970
1783604210479 0.38618582487106323 971
1783604210595 0.4653319716453552 972
1783604210715 0.19722838699817657 973
1783604210801 0.16887177526950836 974
1783604210902 0.30197760462760925 975
1783604211103 0.38323870301246643 976
1783604211211 0.5122096538543701 977
1783604211300 0.2597469985485077 978
1783604211444 0.33443331718444824 979
1783604211558 0.7091727256774902 980
1783604211664 0.9796594381332397 981
1783604211769 0.4421618580818176 982
1783604211908 0.3367478847503662 983
1783604212044 0.38452768325805664 984
1783604212226 0.27131983637809753 985
1783604212418 0.4212803542613983 986
1783604212553 0.5618051886558533 987
1783604212682 0.28483355045318604 988
1783604212828 0.4471869170665741 989
1783604213019 0.32868555188179016 990
1783604213178 0.27933308482170105 991
1783604213349 0.3031715154647827 992
1783604213712 0.3928126394748688 993
1783604213879 0.2747921943664551 994
1783604214027 0.28983354568481445 995
1783604214164 0.13191090524196625 996
1783604214299 0.21763725578784943 997
1783604214490 0.4059835374355316 998
1783604214641 0.3419215977191925 999
1783604214780 0.14807869493961334 1000
1783604215046 0.8994185924530029 1001
1783604215208 0.3499985635280609 1002
1783604215365 0.24301451444625854 1003
1783604215508 0.4564545154571533 1004
1783604215644 0.8893512487411499 1005
1783604215780 0.33445340394973755 1006
1783604215939 0.24694602191448212 1007
1783604216217 0.38419729471206665 1008
1783604216370 0.7490199208259583 1009
1783604216470 0.3435874283313751 1010
1783604216619 0.39327648282051086 1011
1783604216713 0.30827227234840393 1012
1783604216859 0.6310016512870789 1013
1783604216966 0.35605588555336 1014
1783604217086 0.3215470016002655 1015
1783604217176 0.2285938858985901 1016
1783604217295 0.3267466127872467 1017
1783604217482 0.2329641580581665 1018
1783604217630 0.3928362727165222 1019
1783604217808 0.31569942831993103 1020
1783604217920 0.4044857621192932 1021
1783604218018 0.4677257239818573 1022
1783604218119 0.577547013759613 1023
1783604218222 0.23110708594322205 1024
1783604218310 0.1808297038078308 1025
1783604218421 0.5364827513694763 1026
1783604218535 0.38159942626953125 1027
1783604218671 0.513543426990509 1028
1783604218771 0.42297494411468506 1029
1783604218882 0.17172512412071228 1030
1783604218972 0.3033696413040161 1031
1783604219066 0.1774759441614151 1032
1783604219170 0.21473471820354462 1033
1783604219281 0.34445804357528687 1034
1783604219391 0.917168915271759 1035
1783604219511 0.17107069492340088 1036
1783604219613 0.49117985367774963 1037
1783604219702 0.3794299066066742 1038
1783604219812 0.3242264688014984 1039
1783604219925 0.4018012285232544 1040
1783604220024 0.3658859431743622 1041
1783604220134 0.3623974323272705 1042
1783604220228 0.24284198880195618 1043
1783604220326 0.23015300929546356 1044
1783604220450 0.45471957325935364 1045
1783604220552 0.27929720282554626 1046
1783604220660 0.6679524183273315 1047
1783604220758 0.3558332920074463 1048
1783604220857 0.5942113995552063 1049
1783604220951 0.26269134879112244 1050
1783604221055 0.4160459339618683 1051
1783604221172 0.2995786666870117 1052
1783604221274 0.37105435132980347 1053
1783604221413 0.3476346731185913 1054
1783604221514 0.3839925229549408 1055
1783604221631 0.2649679183959961 1056
1783604221741 0.2954337000846863 1057
1783604221837 0.30074477195739746 1058
1783604221928 0.15077361464500427 1059
1783604222025 0.12464611232280731 1060
1783604222123 0.13183565437793732 1061
1783604222229 0.4287593960762024 1062
1783604222338 0.1719990074634552 1063
1783604222451 0.23203709721565247 1064
1783604222583 0.26156947016716003 1065
1783604222690 0.41265779733657837 1066
1783604222784 0.19178110361099243 1067
1783604222888 0.40380650758743286 1068
1783604222984 0.15987136960029602 1069
1783604223094 0.35723164677619934 1070
1783604223193 0.16218321025371552 1071
1783604223310 0.309942364692688 1072
1783604223413 0.7939003109931946 1073
1783604223509 0.4951075613498688 1074
1783604223602 0.30311256647109985 1075
1783604223737 0.40544575452804565 1076
1783604223854 0.27764439582824707 1077
1783604223959 0.2700383961200714 1078
1783604224041 0.20480284094810486 1079
1783604224175 0.24463513493537903 1080
1783604224277 0.5007177591323853 1081
1783604224378 0.3136672079563141 1082
1783604224491 0.37331217527389526 1083
1783604224590 0.31882235407829285 1084
1783604224690 0.18390323221683502 1085
1783604224793 0.16367195546627045 1086
1783604224883 0.07456386089324951 1087
1783604225017 0.1792457401752472 1088
1783604225215 0.16771890223026276 1089
1783604225361 0.2409791350364685 1090
1783604225495 0.5376006364822388 1091
1783604225654 0.4111754298210144 1092
1783604225788 0.13278035819530487 1093
1783604225927 0.2451821267604828 1094
1783604226079 0.32380178570747375 1095
1783604226343 0.24031759798526764 1096
1783604226452 0.16885900497436523 1097
1783604226605 0.38725781440734863 1098
1783604226757 0.30202487111091614 1099
1783604226894 0.0707184374332428 1100
1783604227046 0.15774357318878174 1101
1783604227171 0.5660909414291382 1102
1783604227315 0.2529762089252472 1103
1783604227473 0.6585606336593628 1104
1783604227617 0.5516129732131958 1105
1783604227794 0.4531688392162323 1106
1783604227925 0.48622605204582214 1107
1783604228039 0.27784356474876404 1108
1783604228179 0.3544122874736786 1109
1783604228331 0.511598527431488 1110
1783604228552 0.23320375382900238 1111
1783604228720 0.3545307219028473 1112
1783604228904 0.31073644757270813 1113
1783604229053 0.5196800231933594 1114
1783604229184 0.3423542082309723 1115
1783604229336 0.16016975045204163 1116
1783604229518 0.18147815763950348 1117
1783604229679 0.3617401421070099 1118
1783604229828 0.14632436633110046 1119
1783604229995 0.4173537492752075 1120
1783604230111 0.1790459007024765 1121
1783604230261 0.6182612180709839 1122
1783604230397 0.5551788210868835 1123
1783604230547 0.3105727732181549 1124
1783604230682 0.3643960952758789 1125
1783604230815 0.3429870903491974 1126
1783604230946 0.44945046305656433 1127
1783604231109 0.13509449362754822 1128
1783604231251 0.16859561204910278 1129
1783604231418 0.22976092994213104 1130
1783604231641 0.26534804701805115 1131
1783604231794 0.37789225578308105 1132
1783604231918 0.3691745400428772 1133
1783604232051 0.2790527045726776 1134
1783604232160 0.4837135374546051 1135
1783604232268 0.39098280668258667 1136
1783604232366 0.32946085929870605 1137
1783604232461 0.1740567535161972 1138
1783604232561 0.22179315984249115 1139
1783604232674 0.2910449206829071 1140
1783604232809 0.411234587430954 1141
1783604232945 0.3557429611682892 1142
1783604233053 0.13637712597846985 1143
1783604233166 0.34302130341529846 1144
1783604233262 0.173522487282753 1145
1783604233388 0.08466068655252457 1146
1783604233483 0.7143759727478027 1147
1783604233577 0.35093367099761963 1148
1783604233674 0.29226815700531006 1149
1783604233773 0.35590338706970215 1150
1783604233869 0.5294004082679749 1151
1783604233973 0.33532240986824036 1152
1783604234090 0.36991921067237854 1153
1783604234189 0.17559123039245605 1154
1783604234280 0.7286037802696228 1155
1783604234366 0.3555922508239746 1156
1783604234469 0.13875798881053925 1157
1783604234567 0.3085107207298279 1158
1783604234674 0.2778072655200958 1159
1783604234774 0.2808530926704407 1160
1783604234860 0.3280889093875885 1161
1783604234956 0.36577335000038147 1162
1783604235047 0.5045617818832397 1163
1783604235131 0.1758478432893753 1164
1783604235231 0.7292622327804565 1165
1783604235376 0.16633692383766174 1166
1783604235509 0.10100951790809631 1167
1783604235629 0.3611266314983368 1168
1783604235741 0.8744782209396362 1169
1783604235847 0.44152188301086426 1170
1783604235950 0.2956896126270294 1171
1783604236052 0.2959102690219879 1172
1783604236167 0.16561083495616913 1173
1783604236294 0.2487858533859253 1174
1783604236405 0.5435006022453308 1175
1783604236523 0.3756091892719269 1176
1783604236705 0.4517914950847626 1177
1783604236825 0.4302962124347687 1178
1783604236945 0.2823588252067566 1179
1783604237042 0.4658597707748413 1180
1783604237136 0.13712799549102783 1181
1783604237270 0.43612927198410034 1182
1783604237369 0.1832350492477417 1183
1783604237475 0.26478737592697144 1184
1783604237575 0.2560069262981415 1185
1783604237682 0.27530309557914734 1186
1783604237792 0.31783154606819153 1187
1783604237923 0.23195582628250122 1188
1783604238055 0.4205337464809418 1189
1783604238167 0.12172769755125046 1190
1783604238297 0.3268762230873108 1191
1783604238405 0.2943328619003296 1192
1783604238506 0.613006055355072 1193
1783604238616 0.6025011539459229 1194
1783604238718 0.34986981749534607 1195
1783604238821 0.3942182958126068 1196
1783604238939 0.1734769344329834 1197
1783604239038 0.13531705737113953 1198
1783604239160 0.2778661549091339 1199
1783604239317 0.1674174964427948 1200
1783604239441 0.2910006642341614 1201
1783604239559 0.20721308887004852 1202
1783604239652 0.31290966272354126 1203
1783604239748 0.4361076354980469 1204
1783604239840 0.3134918212890625 1205
1783604239941 0.20541760325431824 1206
1783604240021 0.597798228263855 1207
1783604240123 0.33889323472976685 1208
1783604240213 0.424939900636673 1209
1783604240346 0.38491925597190857 1210
1783604240438 0.34456005692481995 1211
1783604240544 0.5873227119445801 1212
1783604240636 0.30966633558273315 1213
1783604240753 0.1862245500087738 1214
1783604240856 0.3726399838924408 1215
1783604240951 0.28325778245925903 1216
1783604241059 0.34790143370628357 1217
1783604241171 0.47240808606147766 1218
1783604241294 0.2388138473033905 1219
1783604241413 0.4773017168045044 1220
1783604241527 0.2579028606414795 1221
1783604241659 0.3501223623752594 1222
1783604241758 0.5701781511306763 1223
1783604241873 0.3921728730201721 1224
1783604241982 0.2610243856906891 1225
1783604242120 0.33673474192619324 1226
1783604242291 0.24701380729675293 1227
1783604242460 0.2008240818977356 1228
1783604242607 0.2690291404724121 1229
1783604242752 0.1249660924077034 1230
1783604242940 0.23389430344104767 1231
1783604243097 0.29374566674232483 1232
1783604243192 0.3727015256881714 1233
1783604243322 0.23772135376930237 1234
1783604243469 0.22331629693508148 1235
1783604243624 0.3508390486240387 1236
1783604243734 0.3466796875 1237
1783604243882 0.350053608417511 1238
1783604243994 0.27133235335350037 1239
1783604244192 0.40808069705963135 1240
1783604244392 0.1943226158618927 1241
1783604244530 0.39116370677948 1242
1783604244661 0.12230505794286728 1243
1783604244804 0.3456627130508423 1244
1783604244945 0.4573240280151367 1245
1783604245080 0.6848939657211304 1246
1783604245217 0.20589327812194824 1247
1783604245365 0.5510237812995911 1248
1783604245692 0.2020406275987625 1249
1783604245807 0.5498034358024597 1250
1783604245915 0.41329750418663025 1251
1783604246063 0.2997548580169678 1252
1783604246227 0.3533506691455841 1253
1783604246422 0.68572598695755 1254
1783604246545 0.4382651448249817 1255
1783604246699 0.10026945173740387 1256
1783604246847 0.4519897699356079 1257
1783604246978 0.40916478633880615 1258
1783604247102 0.5371313691139221 1259
1783604247203 0.29011327028274536 1260
1783604247324 0.280802845954895 1261
1783604247458 0.5109875202178955 1262
1783604247562 0.5163974165916443 1263
1783604247661 0.18095572292804718 1264
1783604247778 0.08218212425708771 1265
1783604247888 0.4120112657546997 1266
1783604248007 0.3903770446777344 1267
1783604248126 0.23152658343315125 1268
1783604248252 0.4712478518486023 1269
1783604248375 0.6404974460601807 1270
1783604248486 0.3884891867637634 1271
1783604248601 0.22571831941604614 1272
1783604248712 0.4918941855430603 1273
1783604248820 0.5105612277984619 1274
1783604248925 0.37096524238586426 1275
1783604249027 0.49686193466186523 1276
1783604249112 0.3196566700935364 1277
1783604249210 0.4115985631942749 1278
1783604249320 0.6523724794387817 1279
1783604249424 0.28824567794799805 1280
1783604249519 0.1885785162448883 1281
1783604249604 0.8699114918708801 1282
1783604249684 0.374854177236557 1283
1783604249773 0.22282123565673828 1284
1783604249871 0.36796072125434875 1285
1783604249961 0.3983774483203888 1286
1783604250069 0.3341340124607086 1287
1783604250167 0.3557053208351135 1288
1783604250271 0.13049626350402832 1289
1783604250378 0.18694691359996796 1290
1783604250507 0.4407910406589508 1291
1783604250640 0.1494467556476593 1292
1783604250770 0.10939038544893265 1293
1783604250877 0.3338991105556488 1294
1783604250966 0.41543981432914734 1295
1783604251053 0.5836676359176636 1296
1783604251156 0.48287081718444824 1297
1783604251269 0.27205654978752136 1298
1783604251364 0.30822792649269104 1299
1783604251455 0.3818599581718445 1300
1783604251581 0.29721638560295105 1301
1783604251672 0.2969219386577606 1302
1783604251788 0.3835412561893463 1303
1783604251887 0.701452374458313 1304
1783604251986 0.6223575472831726 1305
1783604252071 0.3399651050567627 1306
1783604252172 0.30401089787483215 1307
1783604252273 0.5029734969139099 1308
1783604252392 0.4408986270427704 1309
1783604252511 0.35215485095977783 1310
1783604252614 0.5047785043716431 1311
1783604252718 0.16560231149196625 1312
1783604252811 0.6919699311256409 1313
1783604252935 0.5809506773948669 1314
1783604253058 0.5475679636001587 1315
1783604253222 0.1589137613773346 1316
1783604253327 0.28576669096946716 1317
1783604253422 0.5154018402099609 1318
1783604253541 0.08146686106920242 1319
1783604253659 0.41962429881095886 1320
1783604253774 0.5728259682655334 1321
1783604253892 0.6193743944168091 1322
1783604254016 0.40148526430130005 1323
1783604254138 0.3382134735584259 1324
1783604254403 0.9820227026939392 1325
1783604254569 0.11492527276277542 1326
1783604254689 0.4176887571811676 1327
1783604254793 0.290351927280426 1328
1783604254899 0.1830207109451294 1329
1783604254994 0.40308231115341187 1330
1783604255092 0.4560878276824951 1331
1783604255215 0.303315669298172 1332
1783604255348 0.17287229001522064 1333
1783604255518 0.4788326323032379 1334
1783604255771 0.24210572242736816 1335
1783604255926 0.447236031293869 1336
1783604256044 0.40409034490585327 1337
1783604256149 0.6994704008102417 1338
1783604256314 0.43410736322402954 1339
1783604256439 0.2066717892885208 1340
1783604256549 0.2665962874889374 1341
1783604256710 0.22645556926727295 1342
1783604256933 0.47982582449913025 1343
1783604257078 0.3630991578102112 1344
1783604257179 0.45020779967308044 1345
1783604257270 0.3213276267051697 1346
1783604257369 0.33602675795555115 1347
1783604257470 0.29244518280029297 1348
1783604257579 0.28987398743629456 1349
1783604257704 0.14240184426307678 1350
1783604257823 0.1792791187763214 1351
1783604257942 0.07797422260046005 1352
1783604258059 0.23801158368587494 1353
1783604258244 0.2899239957332611 1354
1783604258354 0.5386484861373901 1355
1783604258443 0.5562195777893066 1356
1783604258535 0.49281468987464905 1357
1783604258640 0.7078419327735901 1358
1783604258743 0.12408346682786942 1359
1783604258850 0.21863479912281036 1360
1783604258963 0.3806467652320862 1361
1783604259082 0.35553261637687683 1362
1783604259203 0.2907870411872864 1363
1783604259304 0.2632576525211334 1364
1783604259390 0.49249228835105896 1365
1783604259495 0.34025657176971436 1366
1783604259613 0.30063050985336304 1367
1783604259713 0.27275604009628296 1368
1783604259810 0.3035990297794342 1369
1783604259900 0.11501911282539368 1370
1783604259991 0.40577903389930725 1371
1783604260082 0.40413761138916016 1372
1783604260189 0.35224926471710205 1373
1783604260321 0.3617038130760193 1374
1783604260427 0.2021355777978897 1375
1783604260562 0.4388556480407715 1376
1783604260724 0.31640326976776123 1377
1783604260874 0.13861970603466034 1378
1783604261013 0.3679772913455963 1379
1783604261178 0.332171767950058 1380
1783604261307 0.2512994706630707 1381
1783604261461 0.2202063798904419 1382
1783604261624 0.3239727020263672 1383
1783604261793 0.4388597309589386 1384
1783604261947 0.29399481415748596 1385
1783604262096 0.35707369446754456 1386
1783604262248 0.2741713225841522 1387
1783604262438 0.1705716848373413 1388
1783604262604 0.3239753842353821 1389
1783604262727 0.4178554117679596 1390
1783604262895 0.33273962140083313 1391
1783604263044 0.3386920094490051 1392
1783604263212 0.4482382535934448 1393
1783604263393 0.2535013258457184 1394
1783604263554 0.1594211906194687 1395
1783604263708 0.18007895350456238 1396
1783604263843 0.1746237426996231 1397
1783604263978 0.7024182081222534 1398
1783604264113 0.35359686613082886 1399
1783604264275 0.33698898553848267 1400
1783604264438 0.2263190746307373 1401
1783604264581 0.4024433493614197 1402
1783604264755 0.2788501977920532 1403
1783604264894 0.14137111604213715 1404
1783604265048 0.5607315897941589 1405
1783604265212 0.1982537806034088 1406
1783604265388 0.3165559470653534 1407
1783604265541 0.6147819757461548 1408
1783604265691 0.37133705615997314 1409
1783604265929 0.6106919646263123 1410
1783604266101 0.3377564549446106 1411
1783604266223 0.5256892442703247 1412
1783604266386 0.3598511517047882 1413
1783604266497 0.3392188549041748 1414
1783604266611 0.2085365355014801 1415
1783604266772 0.4553579092025757 1416
1783604266916 0.6927307844161987 1417
1783604267066 0.13359364867210388 1418
1783604267312 0.4573744237422943 1419
1783604267521 0.14220395684242249 1420
1783604267671 0.36060255765914917 1421
1783604267824 0.16398854553699493 1422
1783604268019 0.7556838393211365 1423
1783604268315 0.24910181760787964 1424
1783604268441 0.38893479108810425 1425
1783604268607 0.6420021653175354 1426
1783604268714 0.374976247549057 1427
1783604268809 0.21106423437595367 1428
1783604268921 0.14684395492076874 1429
1783604269015 0.8222203254699707 1430
1783604269104 0.6363071203231812 1431
1783604269221 0.4555620551109314 1432
1783604269343 0.3649299442768097 1433
1783604269594 0.22315312922000885 1434
1783604269925 0.241106778383255 1435
1783604270162 0.14698565006256104 1436
1783604270307 0.561750054359436 1437
1783604270419 0.1914442926645279 1438
1783604270611 0.40376508235931396 1439
1783604271023 0.2455720603466034 1440
1783604271289 0.2625027596950531 1441
1783604271410 0.460543155670166 1442
1783604271504 0.2781256437301636 1443
1783604271629 0.5248867273330688 1444
1783604271749 0.356854647397995 1445
1783604271865 0.24302200973033905 1446
1783604271974 0.2734025716781616 1447
1783604272072 0.12223271280527115 1448
1783604272194 0.37684014439582825 1449
1783604272317 0.49537691473960876 1450
1783604272440 0.18009063601493835 1451
1783604272553 0.27106979489326477 1452
1783604272660 0.5285626649856567 1453
1783604272762 0.4185360074043274 1454
1783604272879 0.1806987226009369 1455
1783604272976 0.08536026626825333 1456
1783604273088 0.3705647587776184 1457
1783604273218 0.1998780518770218 1458
1783604273336 0.3207933306694031 1459
1783604273456 0.15278640389442444 1460
1783604273567 0.10205194354057312 1461
1783604273703 0.19768357276916504 1462
1783604273805 0.6756545901298523 1463
1783604273892 0.31842753291130066 1464
1783604273982 0.42458587884902954 1465
1783604274087 0.23460932075977325 1466
1783604274204 0.5120677947998047 1467
1783604274318 0.33180949091911316 1468
1783604274439 0.33440616726875305 1469
1783604274544 0.766487717628479 1470
1783604274667 0.6310954093933105 1471
1783604274801 0.47301313281059265 1472
1783604274962 0.5974650382995605 1473
1783604275075 0.3013499081134796 1474
1783604275174 0.23639483749866486 1475
1783604275308 0.29094451665878296 1476
1783604275466 0.3174319267272949 1477
1783604275625 0.2041182518005371 1478
1783604275747 0.2316141128540039 1479
1783604275901 0.45375755429267883 1480
1783604276050 0.4181438684463501 1481
1783604276223 0.4765167236328125 1482
1783604276395 0.21446135640144348 1483
1783604276494 0.2954786419868469 1484
1783604276641 0.6279461979866028 1485
1783604276795 0.5872818827629089 1486
1783604276920 0.38302120566368103 1487
1783604277061 0.345140665769577 1488
1783604277218 0.3436304032802582 1489
1783604277392 0.21473313868045807 1490
1783604277636 0.16828155517578125 1491
1783604277770 0.2991989552974701 1492
1783604277911 0.2451556771993637 1493
1783604278071 0.3782063126564026 1494
1783604278212 0.24241314828395844 1495
1783604278365 0.48004239797592163 1496
1783604278516 0.2879856526851654 1497
1783604278668 0.3774096667766571 1498
1783604278863 0.19539687037467957 1499
1783604279020 0.3124731481075287 1500
1783604279157 0.3500821590423584 1501
1783604279294 0.683046281337738 1502
1783604279445 0.2717030346393585 1503
1783604279607 0.45087116956710815 1504
1783604279755 0.1952899992465973 1505
1783604279900 0.35312673449516296 1506
1783604280133 0.7002283930778503 1507
1783604280286 0.2406977415084839 1508
1783604280380 0.3908960521221161 1509
1783604280479 0.570568323135376 1510
1783604280593 0.7956969738006592 1511
1783604280722 0.4052560329437256 1512
1783604280839 0.3895605504512787 1513
1783604280958 0.21013788878917694 1514
1783604281075 0.1144510954618454 1515
1783604281198 0.14970830082893372 1516
1783604281295 0.26658862829208374 1517
1783604281421 0.12005437165498734 1518
1783604281549 0.15852628648281097 1519
1783604281655 0.1782156229019165 1520
1783604281771 0.3397669196128845 1521
1783604281868 0.26972779631614685 1522
1783604281992 0.4248025715351105 1523
1783604282105 0.28680840134620667 1524
1783604282220 0.2457481324672699 1525
1783604282357 0.21181774139404297 1526
1783604282464 0.5139244198799133 1527
1783604282583 0.29797694087028503 1528
1783604282701 0.21895112097263336 1529
1783604282810 0.36270672082901 1530
1783604282923 0.5964305400848389 1531
1783604283039 0.21048378944396973 1532
1783604283158 0.2648364305496216 1533
1783604283283 0.23587369918823242 1534
1783604283402 0.38350191712379456 1535
1783604283511 0.24776437878608704 1536
1783604283638 0.4350065290927887 1537
1783604283760 0.2944229245185852 1538
1783604283952 0.49089983105659485 1539
1783604284067 0.3318726122379303 1540
1783604284156 0.18913714587688446 1541
1783604284289 0.29142963886260986 1542
1783604284426 0.5762497782707214 1543
1783604284539 0.25549817085266113 1544
1783604284661 0.1572054773569107 1545
1783604284791 0.4565592408180237 1546
1783604284921 0.34771284461021423 1547
1783604285054 0.4012901782989502 1548
1783604285191 0.3893883228302002 1549
1783604285296 0.5445180535316467 1550
1783604285406 0.15870684385299683 1551
1783604285539 0.28079408407211304 1552
1783604285662 0.09308908879756927 1553
1783604285768 0.6885282397270203 1554
1783604285899 0.1333916187286377 1555
1783604286021 0.3352161943912506 1556
1783604286157 0.7699440717697144 1557
1783604286292 0.3014644682407379 1558
1783604286427 0.35279569029808044 1559
1783604286521 0.13941562175750732 1560
1783604286632 0.19213274121284485 1561
1783604286758 0.09123846888542175 1562
1783604286915 0.2950890362262726 1563
1783604287104 0.22995027899742126 1564
1783604287258 0.3440096974372864 1565
1783604287421 0.5592080354690552 1566
1783604287566 0.28779086470603943 1567
1783604287735 0.46099984645843506 1568
1783604287936 0.43287426233291626 1569
1783604288092 0.44071269035339355 1570
1783604288221 0.2553923726081848 1571
1783604288363 0.47200724482536316 1572
1783604288540 0.5428813099861145 1573
1783604288678 0.09457020461559296 1574
1783604289021 1.1598559617996216 1575
1783604289165 0.5188459753990173 1576
1783604289279 0.11642777174711227 1577
1783604289371 0.2548457980155945 1578
1783604289496 0.16903826594352722 1579
1783604289674 0.28495699167251587 1580
1783604289825 0.2885648310184479 1581
1783604289976 0.43932849168777466 1582
1783604290108 0.1273568570613861 1583
1783604290297 0.3447229564189911 1584
1783604290428 0.5686172246932983 1585
1783604290522 0.24413135647773743 1586
1783604290669 0.5059061050415039 1587
1783604290828 0.10213571786880493 1588
1783604290965 0.7543719410896301 1589
1783604291119 0.2252844125032425 1590
1783604291257 0.7037493586540222 1591
1783604291411 0.417129784822464 1592
1783604291677 0.31528592109680176 1593
1783604291781 0.36631909012794495 1594
1783604291904 0.5114872455596924 1595
1783604292047 0.2252836525440216 1596
1783604292179 0.2328350991010666 1597
1783604292306 0.21851804852485657 1598
1783604292414 0.5465312004089355 1599
1783604292525 0.17508290708065033 1600
1783604292629 0.27827006578445435 1601
1783604292714 0.40315312147140503 1602
1783604292852 0.47324204444885254 1603
1783604292990 0.22211042046546936 1604
1783604293123 0.4859268367290497 1605
1783604293247 0.0812748447060585 1606
1783604293363 0.22636544704437256 1607
1783604293484 0.24031716585159302 1608
1783604293608 0.6493772268295288 1609
1783604293733 0.4720126986503601 1610
1783604293873 0.44866976141929626 1611
1783604293993 0.46383318305015564 1612
1783604294105 0.3605438768863678 1613
1783604294281 0.1921214759349823 1614
1783604294388 0.2018919140100479 1615
1783604294509 0.15806978940963745 1616
1783604294623 0.0945318341255188 1617
1783604294736 0.173085018992424 1618
1783604294862 0.31050577759742737 1619
1783604294985 0.21341347694396973 1620
1783604295102 0.30392396450042725 1621
1783604295225 0.3628813326358795 1622
1783604295421 0.3039434552192688 1623
1783604295575 0.08626788854598999 1624
1783604295702 0.7818203568458557 1625
1783604295817 0.43034547567367554 1626
1783604295940 0.33778902888298035 1627
1783604296069 0.22065512835979462 1628
1783604296183 0.41083717346191406 1629
1783604296291 0.6661215424537659 1630
1783604296423 0.20914483070373535 1631
1783604296515 0.14335502684116364 1632
1783604296693 0.18230018019676208 1633
1783604296849 0.46650463342666626 1634
1783604296949 0.7717791795730591 1635
1783604297070 0.4649710953235626 1636
1783604297168 0.45550280809402466 1637
1783604297288 0.21538446843624115 1638
1783604297416 0.3711009621620178 1639
1783604297546 0.20716924965381622 1640
1783604297699 0.896827220916748 1641
1783604297828 0.14311425387859344 1642
1783604298053 0.4563519358634949 1643
1783604298169 0.23837172985076904 1644
1783604298305 0.313701331615448 1645
1783604298441 0.6447340846061707 1646
1783604298603 0.6778001189231873 1647
1783604298740 0.3595789074897766 1648
1783604298918 0.3766791522502899 1649
1783604299066 0.2754456400871277 1650
1783604299222 0.6278030872344971 1651
1783604299473 0.23123574256896973 1652
1783604299626 0.6006151437759399 1653
1783604299765 0.3990851640701294 1654
1783604299906 0.13432647287845612 1655
1783604300043 0.31163856387138367 1656
1783604300179 0.32143929600715637 1657
1783604300324 0.29338300228118896 1658
1783604300449 0.16059152781963348 1659
1783604300813 0.1624481976032257 1660
1783604300964 0.145917609333992 1661
1783604301130 0.43957796692848206 1662
1783604301272 0.15737895667552948 1663
1783604301428 0.7003142237663269 1664
1783604301553 0.28265631198883057 1665
1783604301667 0.17241157591342926 1666
1783604301788 0.3571398854255676 1667
1783604301895 0.08261964470148087 1668
1783604302046 0.11807554215192795 1669
1783604302179 0.410148948431015 1670
1783604302299 0.25117093324661255 1671
1783604302429 0.41116294264793396 1672
1783604302562 0.323693186044693 1673
1783604302680 0.1781606525182724 1674
1783604302801 0.2493589073419571 1675
1783604302907 0.32486891746520996 1676
1783604303021 0.16319480538368225 1677
1783604303117 0.3034854233264923 1678
1783604303241 0.22407111525535583 1679
1783604303367 0.6122469305992126 1680
1783604303476 0.23935893177986145 1681
1783604303595 0.21934393048286438 1682
1783604303732 0.2533179223537445 1683
1783604303870 0.3332994282245636 1684
1783604304011 0.7531658411026001 1685
1783604304163 0.30261486768722534 1686
1783604304307 0.2651212215423584 1687
1783604304452 0.24984034895896912 1688
1783604304584 0.31903955340385437 1689
1783604304781 0.43243610858917236 1690
1783604304900 0.36967769265174866 1691
1783604305014 0.3281937539577484 1692
1783604305135 0.3140404522418976 1693
1783604305251 0.3292958438396454 1694
1783604305390 0.28698623180389404 1695
1783604305523 0.24939975142478943 1696
1783604305644 0.21322299540042877 1697
1783604305812 0.13702313601970673 1698
1783604306046 0.5567562580108643 1699
1783604306198 0.2539317011833191 1700
1783604306338 0.23903782665729523 1701
1783604306455 0.23292239010334015 1702
1783604306563 0.26409342885017395 1703
1783604306675 0.23385173082351685 1704
1783604306795 0.32593876123428345 1705
1783604306917 0.4294293224811554 1706
1783604307036 0.20682302117347717 1707
1783604307156 0.16328807175159454 1708
1783604307298 0.18789899349212646 1709
1783604307434 0.6349986791610718 1710
1783604307554 0.4197292625904083 1711
1783604307694 0.816106379032135 1712
1783604307841 0.7808728814125061 1713
1783604307993 0.6533534526824951 1714
1783604308137 0.31643620133399963 1715
1783604308248 0.29709509015083313 1716
1783604308388 0.11575692892074585 1717
1783604308606 0.4641239047050476 1718
1783604308730 0.3517346680164337 1719
1783604308850 0.2549605965614319 1720
1783604308967 0.10846316069364548 1721
1783604309083 0.23353397846221924 1722
1783604309206 0.531944751739502 1723
1783604309326 0.20358306169509888 1724
1783604309437 0.5701695680618286 1725
1783604309540 0.13810867071151733 1726
1783604309647 0.35726597905158997 1727
1783604309794 0.3223685324192047 1728
1783604309973 0.1718417853116989 1729
1783604310098 0.20634053647518158 1730
1783604310224 0.4351440370082855 1731
1783604310360 0.3282918930053711 1732
1783604310488 0.5042406916618347 1733
1783604310601 0.29104942083358765 1734
1783604310715 0.20633003115653992 1735
1783604310825 0.29162874817848206 1736
1783604311222 0.3033890426158905 1737
1783604311334 0.08207039535045624 1738
1783604311457 0.2121012806892395 1739
1783604311574 0.3144119083881378 1740
1783604311691 0.14910049736499786 1741
1783604311820 0.14762328565120697 1742
1783604311965 0.6302758455276489 1743
1783604312109 0.3717845678329468 1744
1783604312242 0.1610441952943802 1745
1783604312429 0.5542522072792053 1746
1783604312622 0.3823516070842743 1747
1783604312753 0.4470018446445465 1748
1783604312864 0.40894901752471924 1749
1783604312973 0.21075280010700226 1750
1783604313106 0.08511141687631607 1751
1783604313242 0.2411707192659378 1752
1783604313362 0.4088903069496155 1753
1783604313484 0.2895050644874573 1754
1783604313610 0.3395831286907196 1755
1783604313761 0.5339257121086121 1756
1783604313902 0.21693722903728485 1757
1783604314036 0.40662163496017456 1758
1783604314176 0.5140347480773926 1759
1783604314318 0.2791726589202881 1760
1783604314461 0.09214413911104202 1761
1783604314605 0.13668487966060638 1762
1783604314744 0.3160056173801422 1763
1783604314888 0.28618279099464417 1764
1783604315118 0.29653412103652954 1765
1783604315256 0.4606594145298004 1766
1783604315437 0.18720579147338867 1767
1783604315564 0.3346711993217468 1768
1783604315681 0.6140180230140686 1769
1783604315788 0.35936081409454346 1770
1783604315909 0.5489434003829956 1771
1783604316031 0.21497780084609985 1772
1783604316157 0.25311538577079773 1773
1783604316288 0.47200843691825867 1774
1783604316423 0.2715337574481964 1775
1783604316520 0.1887192726135254 1776
1783604316614 0.3237999677658081 1777
1783604316729 0.4130387306213379 1778
1783604316852 0.2755224406719208 1779
1783604316978 0.4933176636695862 1780
1783604317096 0.2617877423763275 1781
1783604317201 0.8601270914077759 1782
1783604317306 0.2190612554550171 1783
1783604317405 0.27750805020332336 1784
1783604317526 0.3845444321632385 1785
1783604317663 0.48163720965385437 1786
1783604317805 0.38280460238456726 1787
1783604317968 0.12377071380615234 1788
1783604318111 0.27349230647087097 1789
1783604318248 0.6339260339736938 1790
1783604318403 0.20118966698646545 1791
1783604318540 0.2530207931995392 1792
1783604318697 0.23245105147361755 1793
1783604318960 0.18345335125923157 1794
1783604319104 0.3988187313079834 1795
1783604319264 0.1964566707611084 1796
1783604319422 0.3897574245929718 1797
1783604319557 0.33118560910224915 1798
1783604319699 0.7498777508735657 1799
1783604319841 0.16742490231990814 1800
1783604319999 0.9687390923500061 1801
1783604320166 0.5469328761100769 1802
1783604320331 0.34821662306785583 1803
1783604320444 0.5623807311058044 1804
1783604320549 0.24328023195266724 1805
1783604320689 0.6033521890640259 1806
1783604320842 0.26519063115119934 1807
1783604321003 0.16368766129016876 1808
1783604321164 0.31638818979263306 1809
1783604321314 0.5184444189071655 1810
1783604321665 0.7767292261123657 1811
1783604321800 0.2544213831424713 1812
1783604321946 0.2502806484699249 1813
1783604322089 0.4936375319957733 1814
1783604322234 0.21922004222869873 1815
1783604322374 0.050591517239809036 1816
1783604322538 0.1855420023202896 1817
1783604322676 0.25556913018226624 1818
1783604322855 0.306391179561615 1819
1783604323034 0.2883417010307312 1820
1783604323169 0.28507721424102783 1821
1783604323318 0.29605671763420105 1822
1783604323453 0.4149806797504425 1823
1783604323597 0.28818145394325256 1824
1783604323736 0.14820407330989838 1825
1783604323890 0.1460603028535843 1826
1783604324062 0.27025991678237915 1827
1783604324191 0.29297125339508057 1828
1783604324340 0.29115501046180725 1829
1783604324507 0.4454916715621948 1830
1783604324655 0.5026942491531372 1831
1783604324778 0.060406994074583054 1832
1783604324890 0.20454563200473785 1833
1783604325003 0.6544562578201294 1834
1783604325127 0.2982547879219055 1835
1783604325250 0.3464514911174774 1836
1783604325445 0.3943840265274048 1837
1783604325574 0.17659611999988556 1838
1783604325686 0.3108111023902893 1839
1783604325817 0.15940137207508087 1840
1783604325941 0.18679304420948029 1841
1783604326061 0.332328736782074 1842
1783604326174 0.2406565397977829 1843
1783604326301 0.3869257867336273 1844
1783604326416 0.43271541595458984 1845
1783604326511 0.21035753190517426 1846
1783604326697 0.20694607496261597 1847
1783604326810 0.23022304475307465 1848
1783604326918 0.47327524423599243 1849
1783604327035 0.2690817415714264 1850
1783604327129 0.15861772000789642 1851
1783604327233 0.5893820524215698 1852
1783604327345 0.34204354882240295 1853
1783604327437 0.1769653707742691 1854
1783604327569 0.23239335417747498 1855
1783604327683 0.42718079686164856 1856
1783604327818 0.19397801160812378 1857
1783604327975 0.4459083676338196 1858
1783604328118 0.25585001707077026 1859
1783604328233 0.2715129554271698 1860
1783604328355 0.6115694642066956 1861
1783604328462 0.42247626185417175 1862
1783604328577 0.17986197769641876 1863
1783604328693 0.19538480043411255 1864
1783604328804 0.3236199915409088 1865
1783604328909 0.5127558708190918 1866
1783604329030 0.4179067313671112 1867
1783604329334 0.37313735485076904 1868
1783604329451 0.22203192114830017 1869
1783604329544 0.4683518707752228 1870
1783604329670 0.19074727594852448 1871
1783604329774 0.4405144453048706 1872
1783604329898 0.6009372472763062 1873
1783604330019 0.2814304530620575 1874
1783604330868 0.26851990818977356 1875
1783604331014 0.3223753571510315 1876
1783604331150 0.2516768276691437 1877
1783604331292 0.22703681886196136 1878
1783604331481 0.40966305136680603 1879
1783604331651 0.3807293772697449 1880
1783604331871 0.22591441869735718 1881
1783604332008 0.12368833273649216 1882
1783604332127 0.5676462054252625 1883
1783604332281 0.1288263201713562 1884
1783604332456 0.3751731812953949 1885
1783604332655 0.15544280409812927 1886
1783604332821 0.07450150698423386 1887
1783604332969 0.23568539321422577 1888
1783604333119 0.45825567841529846 1889
1783604333331 0.18939995765686035 1890
1783604333463 0.2629782259464264 1891
1783604333604 0.7419312596321106 1892
1783604333752 0.4308333098888397 1893
1783604333903 0.24304817616939545 1894
1783604334047 0.34340620040893555 1895
1783604334198 0.20887558162212372 1896
1783604334338 0.4358801543712616 1897
1783604334554 0.27317914366722107 1898
1783604334701 0.6141265630722046 1899
1783604334863 0.15406323969364166 1900
1783604335008 0.16191862523555756 1901
1783604335170 0.16368529200553894 1902
1783604335311 0.13760612905025482 1903
1783604335453 0.37805232405662537 1904
1783604335601 0.3665063679218292 1905
1783604335937 0.4542428255081177 1906
1783604336090 0.10230682045221329 1907
1783604336230 0.5503942370414734 1908
1783604336364 0.2700657844543457 1909
1783604336488 0.12217771261930466 1910
1783604336631 0.45154809951782227 1911
1783604336760 0.5712299346923828 1912
1783604336868 0.30386412143707275 1913
1783604336966 0.09838033467531204 1914
1783604337060 0.25215238332748413 1915
1783604337226 0.15073560178279877 1916
1783604337342 0.25860801339149475 1917
1783604337458 0.6293827295303345 1918
1783604337577 0.16526032984256744 1919
1783604337698 0.1892087161540985 1920
1783604337812 0.16878385841846466 1921
1783604337927 0.2482512891292572 1922
1783604338052 0.11013954132795334 1923
1783604338175 0.1774875968694687 1924
1783604338294 0.38378432393074036 1925
1783604338465 0.11098907887935638 1926
1783604338597 0.20956595242023468 1927
1783604338709 0.22075629234313965 1928
1783604338826 0.2194698303937912 1929
1783604338938 0.2531377971172333 1930
1783604339049 0.22014908492565155 1931
1783604339171 0.4062786102294922 1932
1783604339288 0.19924277067184448 1933
1783604339410 0.09939667582511902 1934
1783604339514 0.12629267573356628 1935
1783604339639 0.20969386398792267 1936
1783604339840 0.12676745653152466 1937
1783604339949 0.3225652575492859 1938
1783604340069 0.33808669447898865 1939
1783604340179 0.21717722713947296 1940
1783604340294 0.352787584066391 1941
1783604340422 0.7383798360824585 1942
1783604340536 0.45863276720046997 1943
1783604340647 0.23649464547634125 1944
1783604340764 0.15558233857154846 1945
1783604340980 0.21636521816253662 1946
1783604341137 0.5478078722953796 1947
1783604341260 0.31184038519859314 1948
1783604341385 0.4970063269138336 1949
1783604341510 0.19460217654705048 1950
1783604341632 0.44447749853134155 1951
1783604341747 0.44956812262535095 1952
1783604341861 0.22478874027729034 1953
1783604341967 0.2501167356967926 1954
1783604342074 0.1591005176305771 1955
1783604342194 0.1405978500843048 1956
1783604342314 0.13430985808372498 1957
1783604342418 0.11102957278490067 1958
1783604342516 0.15561801195144653 1959
1783604342619 0.27692529559135437 1960
1783604342746 0.4831322133541107 1961
1783604342848 0.2297378033399582 1962
1783604342978 0.6980261206626892 1963
1783604343102 0.27172476053237915 1964
1783604343216 0.4174025058746338 1965
1783604343335 0.3901965618133545 1966
1783604343570 0.48120036721229553 1967
1783604343693 0.3069044351577759 1968
1783604343789 0.3896124064922333 1969
1783604343906 0.060355398803949356 1970
1783604344049 0.20783880352973938 1971
1783604344190 0.260206401348114 1972
1783604344336 0.281450480222702 1973
1783604344478 0.3029244542121887 1974
1783604344626 0.3094990849494934 1975
1783604345039 0.25147706270217896 1976
1783604345194 0.31366822123527527 1977
1783604345320 0.697954535484314 1978
1783604345470 0.1365472823381424 1979
1783604345595 0.20204657316207886 1980
1783604345740 0.35627758502960205 1981
1783604345882 0.4440397322177887 1982
1783604346019 0.5870551466941833 1983
1783604346178 0.2803015410900116 1984
1783604346406 0.4750073254108429 1985
1783604346510 0.2884283661842346 1986
1783604346642 0.6011260151863098 1987
1783604346804 0.33499664068222046 1988
1783604346948 0.2908346652984619 1989
1783604347086 0.24084609746932983 1990
1783604347226 0.142324298620224 1991
1783604347372 0.5405946373939514 1992
1783604347510 0.3863700330257416 1993
1783604347714 0.2943944036960602 1994
1783604347867 0.2690509855747223 1995
1783604348013 0.36359331011772156 1996
1783604348154 0.4074978232383728 1997
1783604348280 0.4008568823337555 1998
1783604348472 0.275894433259964 1999
1783604348609 0.33529314398765564 2000
1783604348973 0.15909259021282196 2001
1783604349114 0.42116880416870117 2002
1783604349279 0.28740960359573364 2003
1783604349424 0.30779144167900085 2004
1783604349577 0.28514713048934937 2005
1783604349701 0.4754772186279297 2006
1783604349848 0.5303926467895508 2007
1783604349967 0.08100329339504242 2008
1783604350091 0.25813403725624084 2009
1783604350232 0.4975486099720001 2010
1783604350360 0.19251960515975952 2011
1783604350458 0.5018353462219238 2012
1783604350575 0.14772064983844757 2013
1783604350672 0.22871257364749908 2014
1783604350775 0.265980988740921 2015
1783604350901 0.523594319820404 2016
1783604351021 0.15077807009220123 2017
1783604351144 0.4526156485080719 2018
1783604351257 0.4918433427810669 2019
1783604351368 0.21722571551799774 2020
1783604351498 0.1577385514974594 2021
1783604351619 0.4697999656200409 2022
1783604351740 0.1806327998638153 2023
1783604351866 0.4830400049686432 2024
1783604351998 0.4047694206237793 2025
1783604352160 0.29078376293182373 2026
1783604352305 0.24395643174648285 2027
1783604352478 0.2536345422267914 2028
1783604352804 0.23682382702827454 2029
1783604352930 0.5380538105964661 2030
1783604353046 0.21646340191364288 2031
1783604353178 0.45743289589881897 2032
1783604353297 0.46386876702308655 2033
1783604353415 0.16372360289096832 2034
1783604353539 0.2233249396085739 2035
1783604353657 0.2615671753883362 2036
1783604353783 0.11360612511634827 2037
1783604353915 0.1431725025177002 2038
1783604354104 0.4567580223083496 2039
1783604354251 0.3566364645957947 2040
1783604354412 0.11647050082683563 2041
1783604354607 0.33701080083847046 2042
1783604354752 0.3305693566799164 2043
1783604354892 0.2734431028366089 2044
1783604355055 0.37768203020095825 2045
1783604355196 0.1991252303123474 2046
1783604355389 0.4347797930240631 2047
1783604355531 0.3839556574821472 2048
1783604355648 0.6150879859924316 2049
1783604355801 0.40560343861579895 2050
1783604355967 0.2933835983276367 2051
1783604356134 0.17226070165634155 2052
1783604356307 0.5354130864143372 2053
1783604356477 0.27135220170021057 2054
1783604356577 0.19554942846298218 2055
1783604356753 0.45864337682724 2056
1783604356883 0.1723928302526474 2057
1783604357031 0.443830281496048 2058
1783604357175 0.4286850094795227 2059
1783604357321 0.36114081740379333 2060
1783604357470 0.331269234418869 2061
1783604357627 0.20086780190467834 2062
1783604357731 0.15880529582500458 2063
1783604357922 0.2036983072757721 2064
1783604358069 0.37449750304222107 2065
1783604358188 0.18150748312473297 2066
1783604358380 0.37619683146476746 2067
1783604358515 0.3382367789745331 2068
1783604358667 0.3668188750743866 2069
1783604358870 0.2913300096988678 2070
1783604359016 0.23865745961666107 2071
1783604359230 0.24785400927066803 2072
1783604359364 0.5404704809188843 2073
1783604359482 0.28162142634391785 2074
1783604359725 0.29780516028404236 2075
1783604359854 0.2531217634677887 2076
1783604359950 0.5559850931167603 2077
1783604360038 0.21110044419765472 2078
1783604360127 0.3369806110858917 2079
1783604360221 0.12982209026813507 2080
1783604360313 0.3196626305580139 2081
1783604360413 0.1069934293627739 2082
1783604360496 0.49786821007728577 2083
1783604360583 0.26746559143066406 2084
1783604360673 0.3913751542568207 2085
1783604360773 0.19966493546962738 2086
1783604360869 0.44878530502319336 2087
1783604360962 0.28147417306900024 2088
1783604361067 0.17424243688583374 2089
1783604361173 0.34726661443710327 2090
1783604361289 0.4519370198249817 2091
1783604361435 0.4503519535064697 2092
1783604361624 0.5849119424819946 2093
1783604361755 0.5785108208656311 2094
1783604361858 0.36817455291748047 2095
1783604361978 0.5047284364700317 2096
1783604362122 0.23096945881843567 2097
1783604362254 0.3209993541240692 2098
1783604362419 0.16345228254795074 2099
1783604362524 0.6989113688468933 2100
1783604362665 0.4384593665599823 2101
1783604362801 0.21218585968017578 2102
1783604362911 0.5570270419120789 2103
1783604363051 0.06680560111999512 2104
1783604363281 0.7101760506629944 2105
1783604363450 0.2092641144990921 2106
1783604363592 0.24147282540798187 2107
1783604363749 0.2547174096107483 2108
1783604363887 0.27148720622062683 2109
1783604364026 0.2552395462989807 2110
1783604364195 0.1939591020345688 2111
1783604364369 0.14246559143066406 2112
1783604364536 0.22246898710727692 2113
1783604364776 0.32650989294052124 2114
1783604364893 0.5223526358604431 2115
1783604365023 0.40959951281547546 2116
1783604365143 0.42891836166381836 2117
1783604365283 0.2808014750480652 2118
1783604365403 0.6132528781890869 2119
1783604365502 0.21919921040534973 2120
1783604365647 0.34233996272087097 2121
1783604366036 0.34411948919296265 2122
1783604366159 0.24645578861236572 2123
1783604366300 0.3639030456542969 2124
1783604366472 0.43201255798339844 2125
1783604366638 0.5546948909759521 2126
1783604366756 0.25726816058158875 2127
1783604366940 0.32580238580703735 2128
1783604367075 0.1363724172115326 2129
1783604367204 0.40952086448669434 2130
1783604367468 0.5049923658370972 2131
1783604367617 0.2604745030403137 2132
1783604367775 0.6271820068359375 2133
1783604367923 0.249659925699234 2134
1783604368077 0.32582607865333557 2135
1783604368228 0.429770290851593 2136
1783604368376 0.2546636462211609 2137
1783604368541 0.06631876528263092 2138
1783604368683 0.1597447693347931 2139
1783604368853 0.11258450150489807 2140
1783604369024 0.17489102482795715 2141
1783604369191 0.506038248538971 2142
1783604369351 0.38433536887168884 2143
1783604369485 0.2988360822200775 2144
1783604369654 0.3654598593711853 2145
1783604369806 0.6106398105621338 2146
1783604370057 0.4620223939418793 2147
1783604370204 0.07430985569953918 2148
1783604370408 0.11964105069637299 2149
1783604370575 0.12372520565986633 2150
1783604370679 0.3330684304237366 2151
1783604370805 0.5920524597167969 2152
1783604370950 0.2494850903749466 2153
1783604371143 0.49329790472984314 2154
1783604371298 0.21707217395305634 2155
1783604371530 0.38083645701408386 2156
1783604371669 0.43271195888519287 2157
1783604371838 0.3200497627258301 2158
1783604371998 0.08356229960918427 2159
1783604372234 0.3788733184337616 2160
1783604372384 0.3761540651321411 2161
1783604372553 0.21262942254543304 2162
1783604372857 0.12908409535884857 2163
1783604373052 0.5318220257759094 2164
1783604373216 0.3571278154850006 2165
1783604373383 0.42688971757888794 2166
1783604373541 0.2619244456291199 2167
1783604373685 0.51432204246521 2168
1783604373836 0.40554729104042053 2169
1783604373992 0.05963543802499771 2170
1783604374128 0.21545393764972687 2171
1783604374404 0.15327854454517365 2172
1783604374580 0.40050238370895386 2173
1783604374748 0.4527769684791565 2174
1783604374902 0.3319513201713562 2175
1783604375074 0.2637624442577362 2176
1783604375246 0.26168128848075867 2177
1783604375395 0.2124188095331192 2178
1783604375552 0.30895572900772095 2179
1783604375919 0.16576984524726868 2180
1783604376022 0.5374305248260498 2181
1783604376183 0.5025566220283508 2182
1783604376348 0.23152127861976624 2183
1783604376476 0.08341889828443527 2184
1783604376656 0.27986979484558105 2185
1783604376823 0.3841138780117035 2186
1783604376983 0.4247368276119232 2187
1783604377177 0.7202681303024292 2188
1783604377344 0.2037488967180252 2189
1783604377472 0.1960909217596054 2190
1783604377622 0.39728379249572754 2191
1783604377773 0.3342764973640442 2192
1783604377928 0.6270347237586975 2193
1783604378095 0.4119955003261566 2194
1783604378408 0.15853998064994812 2195
1783604378564 0.16552837193012238 2196
1783604378705 0.17549951374530792 2197
1783604378864 0.4253518283367157 2198
1783604379025 0.3825712502002716 2199
1783604379190 0.3319341838359833 2200
1783604379353 0.38484829664230347 2201
1783604379507 0.562673807144165 2202
1783604379738 0.25136861205101013 2203
1783604379869 0.36343440413475037 2204
1783604380025 0.5927069187164307 2205
1783604380185 0.1805025339126587 2206
1783604380318 0.21042415499687195 2207
1783604380471 0.5034179091453552 2208
1783604380633 0.20197032392024994 2209
1783604380757 0.24718116223812103 2210
1783604381148 0.12437917292118073 2211
1783604381313 0.29211294651031494 2212
1783604381478 0.3905027210712433 2213
1783604381628 0.37460559606552124 2214
1783604381776 0.3700040578842163 2215
1783604381914 0.1232382133603096 2216
1783604382080 0.27680835127830505 2217
1783604382374 0.3875963091850281 2218
1783604382530 0.26660436391830444 2219
1783604382658 0.29187846183776855 2220
1783604382812 0.3309725224971771 2221
1783604382928 0.4731786847114563 2222
1783604383087 0.22648565471172333 2223
1783604383258 0.9366565346717834 2224
1783604383427 0.1831708550453186 2225
1783604383594 0.18731388449668884 2226
1783604383744 0.33253780007362366 2227
1783604383913 0.14740946888923645 2228
1783604384062 0.22249075770378113 2229
1783604384234 0.09250213950872421 2230
1783604384398 0.43952152132987976 2231
1783604384565 0.1959533989429474 2232
1783604384727 0.41206094622612 2233
1783604384882 0.35941481590270996 2234
1783604385092 0.5303311347961426 2235
1783604385250 0.28677648305892944 2236
1783604385429 0.29632943868637085 2237
1783604385588 0.42724478244781494 2238
1783604385804 0.3287544846534729 2239
1783604385957 0.327919602394104 2240
1783604386078 0.18760865926742554 2241
1783604386196 0.1790330708026886 2242
1783604386321 0.5334969758987427 2243
1783604386515 0.27651917934417725 2244
1783604386675 0.47236576676368713 2245
1783604386856 0.22076328098773956 2246
1783604387033 0.19998541474342346 2247
1783604387202 0.1867389976978302 2248
1783604387373 0.3557731807231903 2249
1783604387832 0.22777236998081207 2250
1783604388003 0.7240458130836487 2251
1783604388179 0.35929131507873535 2252
1783604388379 0.17606492340564728 2253
1783604388500 0.5093849897384644 2254
1783604388651 0.12264283001422882 2255
1783604388835 0.20275621116161346 2256
1783604388986 0.400193452835083 2257
1783604389129 0.2148190438747406 2258
1783604389296 0.4098302125930786 2259
1783604389463 0.19723550975322723 2260
1783604389712 0.2633243203163147 2261
1783604389898 0.5390201210975647 2262
1783604390079 0.5115650296211243 2263
1783604390203 0.3084075450897217 2264
1783604390379 0.2609626352787018 2265
1783604390528 0.09764083474874496 2266
1783604390708 0.15383893251419067 2267
1783604390873 0.5153234601020813 2268
1783604391102 0.15580707788467407 2269
1783604391210 0.49771299958229065 2270
1783604391329 0.1991569846868515 2271
1783604391426 0.1134229227900505 2272
1783604391587 0.11873690783977509 2273
1783604391827 0.41322922706604004 2274
1783604391994 0.19405053555965424 2275
1783604392160 0.08130014687776566 2276
1783604392436 0.12240506708621979 2277
1783604392588 0.530135989189148 2278
1783604392747 0.2050805538892746 2279
1783604392902 0.6546281576156616 2280
1783604393061 0.5795942544937134 2281
1783604393226 0.26543936133384705 2282
1783604393404 0.7895544171333313 2283
1783604393585 0.3185252547264099 2284
1783604393725 0.17141439020633698 2285
1783604393858 0.3279167413711548 2286
1783604394041 0.7116822600364685 2287
1783604394197 0.35688868165016174 2288
1783604394364 0.33083540201187134 2289
1783604394506 0.3288601040840149 2290
1783604394663 0.1349053829908371 2291
1783604394832 0.37053078413009644 2292
1783604394995 0.33014923334121704 2293
1783604395180 0.26940104365348816 2294
1783604395325 0.43428024649620056 2295
1783604395515 0.23933391273021698 2296
1783604395708 0.38443103432655334 2297
1783604395876 0.17993518710136414 2298
1783604396030 0.6931013464927673 2299
1783604396201 0.14692330360412598 2300
1783604396376 0.07455798983573914 2301
1783604396646 0.3178429901599884 2302
1783604396813 1.0964958667755127 2303
1783604396969 0.3277333080768585 2304
1783604397174 0.3848241865634918 2305
1783604397279 0.21049094200134277 2306
1783604397421 0.29161885380744934 2307
1783604397590 0.29055601358413696 2308
1783604397780 0.2922744154930115 2309
1783604398324 0.2208632528781891 2310
1783604398482 0.40128812193870544 2311
1783604398636 0.08945228904485703 2312
1783604398789 0.3383368253707886 2313
1783604398978 0.24361075460910797 2314
1783604399146 0.27267715334892273 2315
1783604399366 0.40919265151023865 2316
1783604399674 0.07027094066143036 2317
1783604399850 0.8122113943099976 2318
1783604400040 0.14001904428005219 2319
1783604400205 0.3701011538505554 2320
1783604400360 0.1953403800725937 2321
1783604400523 0.3631838858127594 2322
1783604400669 0.31493619084358215 2323
1783604400911 0.09690713882446289 2324
1783604401071 0.09474615752696991 2325
1783604401179 0.28730660676956177 2326
1783604401362 0.46274325251579285 2327
1783604401517 0.4071023762226105 2328
1783604401701 0.36226218938827515 2329
1783604401796 0.259351909160614 2330
1783604401917 0.29692766070365906 2331
1783604402058 0.16524747014045715 2332
1783604402475 0.490100622177124 2333
1783604402644 0.208368718624115 2334
1783604402767 0.6153764724731445 2335
1783604402895 0.2376869171857834 2336
1783604403019 0.15372323989868164 2337
1783604403178 0.40279901027679443 2338
1783604403300 0.4785614013671875 2339
1783604403658 0.20081846415996552 2340
1783604403837 0.3687950074672699 2341
1783604403973 0.38274726271629333 2342
1783604404136 0.29875749349594116 2343
1783604404291 0.2172693908214569 2344
1783604404451 0.2757457196712494 2345
1783604404607 0.19836124777793884 2346
1783604404773 0.5129664540290833 2347
1783604404916 0.37693679332733154 2348
1783604405067 0.18587499856948853 2349
1783604405200 0.2630457580089569 2350
1783604405328 0.32562366127967834 2351
1783604405490 0.20155544579029083 2352
1783604405603 0.34513333439826965 2353
1783604405726 0.3297598659992218 2354
1783604405876 0.14570429921150208 2355
1783604406015 0.2759351134300232 2356
1783604406131 0.44515565037727356 2357
1783604406326 0.17532187700271606 2358
1783604406456 0.24667119979858398 2359
1783604406621 0.7334967851638794 2360
1783604406756 0.7090733647346497 2361
1783604406900 0.6341857314109802 2362
1783604407045 0.339231938123703 2363
1783604407185 0.15955252945423126 2364
1783604407328 0.4246951937675476 2365
1783604407494 0.08085639029741287 2366
1783604407611 0.2743120789527893 2367
1783604407762 0.20651006698608398 2368
1783604407922 0.28888940811157227 2369
1783604408097 0.3269345760345459 2370
1783604408264 0.33578404784202576 2371
1783604408396 0.15721380710601807 2372
1783604408542 0.23734799027442932 2373
1783604408692 0.6171548962593079 2374
1783604408967 0.28505149483680725 2375
1783604409113 0.17856451869010925 2376
1783604409268 0.2933119833469391 2377
1783604409374 0.2916205823421478 2378
1783604409513 0.3458337187767029 2379
1783604409638 0.4340417981147766 2380
1783604409797 0.5350869297981262 2381
1783604409953 0.2880551815032959 2382
1783604410146 0.2926543056964874 2383
1783604410259 0.1985330879688263 2384
1783604410373 0.2169230878353119 2385
1783604410501 0.4444955885410309 2386
1783604410649 0.5008712410926819 2387
1783604410815 0.4736640751361847 2388
1783604410950 0.6078992486000061 2389
1783604411057 0.4185720682144165 2390
1783604411185 0.1613127887248993 2391
1783604411428 0.30274927616119385 2392
1783604411560 0.4337012767791748 2393
1783604411680 0.12364935129880905 2394
1783604411837 0.3148973286151886 2395
1783604411962 0.21253997087478638 2396
1783604412109 0.45430701971054077 2397
1783604412262 0.16153743863105774 2398
1783604412373 0.33167436718940735 2399
1783604412585 0.7676522135734558 2400
1783604412716 0.5945390462875366 2401
1783604412826 0.24497011303901672 2402
1783604412980 0.1244850605726242 2403
1783604413133 0.3959674537181854 2404
1783604413264 0.5564614534378052 2405
1783604413392 0.32030585408210754 2406
1783604413535 0.3283359110355377 2407
1783604413789 0.6272825598716736 2408
1783604413945 0.12823817133903503 2409
1783604414093 0.13790065050125122 2410
1783604414212 0.19619230926036835 2411
1783604414339 0.71824049949646 2412
1783604414475 0.15221354365348816 2413
1783604414615 0.07959587126970291 2414
1783604414767 0.29337096214294434 2415
1783604414909 0.5382703542709351 2416
1783604415057 0.5555662512779236 2417
1783604415197 0.09521956741809845 2418
1783604415356 0.568957507610321 2419
1783604415469 0.4333595633506775 2420
1783604415613 0.22352729737758636 2421
1783604415749 0.22166985273361206 2422
1783604415900 0.4934927821159363 2423
1783604416024 0.4728955328464508 2424
1783604416172 0.14946819841861725 2425
1783604416322 0.24081970751285553 2426
1783604416457 0.35297587513923645 2427
1783604416593 0.35546165704727173 2428
1783604416742 0.17339497804641724 2429
1783604416861 0.44816961884498596 2430
1783604416977 0.3359110355377197 2431
1783604417116 0.26994818449020386 2432
1783604417267 0.3386610746383667 2433
1783604417515 0.3265835642814636 2434
1783604417606 0.4970663785934448 2435
1783604417737 0.3198758661746979 2436
1783604417588 0.2895863354206085 2437
1783604417733 0.317371666431427 2438
1783604417891 0.5029878616333008 2439
1783604418032 0.32401999831199646 2440
1783604418189 0.2300005406141281 2441
1783604418335 0.3327181041240692 2442
1783604418498 0.24677832424640656 2443
1783604418609 0.3333943784236908 2444
1783604418741 0.25607872009277344 2445
1783604418900 0.32747653126716614 2446
1783604419050 0.14227958023548126 2447
1783604419203 0.31302082538604736 2448
1783604419332 0.14967109262943268 2449
1783604419484 0.592898964881897 2450
1783604419836 0.3762100338935852 2451
1783604419986 0.4541829228401184 2452
1783604420148 0.46928492188453674 2453
1783604420307 0.2584785223007202 2454
1783604420448 0.9532359838485718 2455
1783604420609 0.4878332316875458 2456
1783604420771 0.19193123281002045 2457
1783604420877 0.38486891984939575 2458
1783604421039 0.32600104808807373 2459
1783604421219 0.405902624130249 2460
1783604421361 0.2534065544605255 2461
1783604421481 0.44907593727111816 2462
1783604421643 0.3739718794822693 2463
1783604421803 0.10441063344478607 2464
1783604421945 0.17594677209854126 2465
1783604422122 0.2342415750026703 2466
1783604422507 0.6781576871871948 2467
1783604422645 0.0824618861079216 2468
1783604422798 0.2357461005449295 2469
1783604422952 0.23657740652561188 2470
1783604423113 0.7580379247665405 2471
1783604423272 0.18375146389007568 2472
1783604423412 0.3110073208808899 2473
1783604423590 1.013054609298706 2474
1783604423819 0.34190502762794495 2475
1783604423961 0.23401327431201935 2476
1783604424118 0.2093995064496994 2477
1783604424270 0.27076107263565063 2478
1783604424417 0.4582360088825226 2479
1783604424581 0.4126582741737366 2480
1783604424720 0.4908407926559448 2481
1783604424841 0.5502639412879944 2482
1783604425203 0.17169871926307678 2483
1783604425358 0.4087924063205719 2484
1783604425494 0.2514912188053131 2485
1783604425635 0.5012478232383728 2486
1783604425760 0.3794301152229309 2487
1783604425892 0.37803176045417786 2488
1783604426049 0.267195463180542 2489
1783604426203 0.3697817325592041 2490
1783604426351 0.28383105993270874 2491
1783604426496 0.2513221502304077 2492
1783604426584 0.1641029417514801 2493
1783604426733 0.4173557460308075 2494
1783604426853 0.28899168968200684 2495
1783604427011 0.15831217169761658 2496
1783604427158 0.12959077954292297 2497
1783604427327 0.2082957774400711 2498
1783604427588 0.26661521196365356 2499
1783604427735 0.1603064388036728 2500
1783604427858 0.19253091514110565 2501
1783604427991 0.24020613729953766 2502
1783604428139 0.4615482985973358 2503
1783604428276 0.37056949734687805 2504
1783604428426 0.2979678511619568 2505
1783604428592 0.5342101454734802 2506
1783604428929 0.2157423347234726 2507
1783604429032 0.4124409556388855 2508
1783604429127 0.3482150137424469 2509
1783604429268 0.3331024646759033 2510
1783604429394 0.38972488045692444 2511
1783604429549 0.2225181609392166 2512
1783604429714 0.2580573558807373 2513
1783604429863 0.17983537912368774 2514
1783604430009 0.3412682116031647 2515
1783604430120 0.2446838766336441 2516
1783604430262 0.46788960695266724 2517
1783604430396 0.23258855938911438 2518
1783604430575 0.4113292992115021 2519
1783604430697 0.2984226644039154 2520
1783604430848 0.24839484691619873 2521
1783604431023 0.4226844906806946 2522
1783604431173 0.6216710209846497 2523
1783604431346 0.18588387966156006 2524
1783604431491 0.2633747160434723 2525
1783604431630 0.489506334066391 2526
1783604431823 0.1463131308555603 2527
1783604431968 0.599480390548706 2528
1783604432131 0.2155102640390396 2529
1783604432297 0.18117786943912506 2530
1783604432465 0.1344437152147293 2531
1783604432694 0.5610755085945129 2532
1783604432832 0.42090028524398804 2533
1783604432997 0.22890780866146088 2534
1783604433150 0.11305180191993713 2535
1783604433289 0.21623441576957703 2536
1783604433461 0.4982302188873291 2537
1783604433611 0.25685733556747437 2538
1783604433774 0.2365734875202179 2539
1783604433939 0.16082803905010223 2540
1783604434166 0.7256237864494324 2541
1783604434317 0.23079855740070343 2542
1783604434455 0.1710738092660904 2543
1783604434598 0.18762455880641937 2544
1783604434739 0.22955122590065002 2545
1783604434900 0.29581165313720703 2546
1783604435048 0.5132904052734375 2547
1783604435346 0.21275317668914795 2548
1783604435480 0.26338571310043335 2549
1783604435626 0.317043274641037 2550
1783604435768 0.22980566322803497 2551
1783604435931 0.27549999952316284 2552
1783604436084 0.3613484799861908 2553
1783604436244 0.24099983274936676 2554
1783604436393 0.5969531536102295 2555
1783604436605 0.12694883346557617 2556
1783604436717 0.3989982008934021 2557
1783604436841 0.8759056925773621 2558
1783604436957 0.4433344602584839 2559
1783604437111 0.36912718415260315 2560
1783604437259 0.260242760181427 2561
1783604437422 0.5599653720855713 2562
1783604437614 0.13730421662330627 2563
1783604437738 0.2216179221868515 2564
1783604437882 0.12816019356250763 2565
1783604438239 0.1545005589723587 2566
1783604438397 0.5204687714576721 2567
1783604438544 0.22357335686683655 2568
1783604438686 0.23732447624206543 2569
1783604438820 0.24424798786640167 2570
1783604438964 0.23620307445526123 2571
1783604439141 0.5222047567367554 2572
1783604439326 0.26603415608406067 2573
1783604439538 0.35914093255996704 2574
1783604439683 0.29825422167778015 2575
1783604439818 0.39766979217529297 2576
1783604439975 0.12804542481899261 2577
1783604440140 0.05518309772014618 2578
1783604440296 0.2769031226634979 2579
1783604440442 0.3768680989742279 2580
1783604440864 0.2310836762189865 2581
1783604441013 0.25518178939819336 2582
1783604441178 0.20247426629066467 2583
1783604441324 0.28289732336997986 2584
1783604441449 0.2469698190689087 2585
1783604441597 0.382793128490448 2586
1783604441741 0.24693813920021057 2587
1783604441897 0.4634915590286255 2588
1783604442043 0.17567822337150574 2589
1783604442169 0.3273090720176697 2590
1783604442323 0.24905775487422943 2591
1783604442487 0.23468436300754547 2592
1783604442643 0.34994688630104065 2593
1783604442797 0.25862738490104675 2594
1783604442967 0.5001630783081055 2595
1783604443133 0.30354759097099304 2596
1783604443288 0.54728764295578 2597
1783604443446 0.5508266091346741 2598
1783604443532 0.21008169651031494 2599
1783604443683 0.28111767768859863 2600
1783604443849 0.21839548647403717 2601
1783604443996 0.07314101606607437 2602
1783604444153 0.4806419909000397 2603
1783604444314 0.20427653193473816 2604
1783604444461 0.16497361660003662 2605
1783604444644 0.4617660343647003 2606
1783604444806 0.272005558013916 2607
1783604444966 0.35481271147727966 2608
1783604445135 0.1635877937078476 2609
1783604445287 0.32530784606933594 2610
1783604445404 0.4164811074733734 2611
1783604445527 0.21721525490283966 2612
1783604445680 0.21794536709785461 2613
1783604446052 0.5845097303390503 2614
1783604446210 0.2361600250005722 2615
1783604446363 0.7318436503410339 2616
1783604446500 0.2201213240623474 2617
1783604446633 0.4700499176979065 2618
1783604446732 0.24859991669654846 2619
1783604446890 0.2881487309932709 2620
1783604447046 0.8376826047897339 2621
1783604447196 0.15895584225654602 2622
1783604447407 0.6723272204399109 2623
1783604447481 0.3628649115562439 2624
1783604447618 0.20152625441551208 2625
1783604447777 0.23150436580181122 2626
1783604447921 0.356690376996994 2627
1783604448092 0.30199527740478516 2628
1783604448271 0.49255529046058655 2629
1783604448587 0.5230350494384766 2630
1783604448740 0.38712412118911743 2631
1783604448881 0.3413155972957611 2632
1783604449023 0.5138963460922241 2633
1783604449178 0.1336497664451599 2634
1783604449345 0.5726208090782166 2635
1783604449502 0.2956950068473816 2636
1783604449636 0.28752756118774414 2637
1783604449767 0.28424975275993347 2638
1783604449963 0.11952904611825943 2639
1783604450101 0.6277728080749512 2640
1783604450258 0.31107965111732483 2641
1783604450410 0.46512725949287415 2642
1783604450570 0.41493314504623413 2643
1783604450741 0.30995261669158936 2644
1783604450876 0.4697437584400177 2645
1783604451044 0.6315976977348328 2646
1783604451236 0.03504063934087753 2647
1783604451380 0.26891788840293884 2648
1783604451536 0.11406931281089783 2649
1783604451679 0.5613727569580078 2650
1783604451826 0.8664512038230896 2651
1783604451958 0.2931351363658905 2652
1783604452115 0.26712632179260254 2653
1783604452453 0.2849133312702179 2654
1783604452638 0.13079777359962463 2655
1783604452794 0.4868944585323334 2656
1783604452900 0.3717646598815918 2657
1783604453035 0.2433350682258606 2658
1783604453188 0.2523057758808136 2659
1783604453337 0.13242599368095398 2660
1783604453506 0.21186131238937378 2661
1783604453843 0.4870132803916931 2662
1783604453988 0.23585152626037598 2663
1783604454142 0.2931164503097534 2664
1783604454295 0.287154883146286 2665
1783604454443 0.14602604508399963 2666
1783604454615 0.27209487557411194 2667
1783604454761 0.14721301198005676 2668
1783604454917 1.0472180843353271 2669
1783604455113 0.40726983547210693 2670
1783604455239 0.5642249584197998 2671
1783604455386 0.250945508480072 2672
1783604455526 0.2802603244781494 2673
1783604455685 0.29993635416030884 2674
1783604455833 0.5228903889656067 2675
1783604455986 0.5920043587684631 2676
1783604456121 0.06438764929771423 2677
1783604456472 0.44999778270721436 2678
1783604456601 0.412402868270874 2679
1783604456720 0.2781827747821808 2680
1783604456885 0.28551092743873596 2681
1783604457046 0.5293030738830566 2682
1783604457212 0.6099278330802917 2683
1783604457349 0.2955242395401001 2684
1783604457713 0.43948429822921753 2685
1783604457811 0.3075959384441376 2686
1783604457955 0.47655969858169556 2687
1783604458105 0.4681711196899414 2688
1783604458266 0.1843094825744629 2689
1783604458391 0.46158677339553833 2690
1783604458557 0.392862468957901 2691
1783604458723 0.4079306423664093 2692
1783604458877 0.3586774468421936 2693
1783604459009 0.33407074213027954 2694
1783604459167 0.6576643586158752 2695
1783604459331 0.2185528576374054 2696
1783604459445 0.378776490688324 2697
1783604459581 0.22465839982032776 2698
1783604459744 0.322284460067749 2699
1783604459881 0.19451595842838287 2700
1783604460038 0.1025363877415657 2701
1783604460196 0.2865912616252899 2702
1783604460430 0.24826975166797638 2703
1783604460568 0.2152540236711502 2704
1783604460725 0.5805581212043762 2705
1783604460864 0.3675491511821747 2706
1783604460988 0.30973687767982483 2707
1783604461125 0.4744533896446228 2708
1783604461295 0.1632077842950821 2709
1783604461454 0.45226213335990906 2710
1783604461702 0.13759328424930573 2711
1783604461829 0.3436042070388794 2712
1783604461960 0.2289891093969345 2713
1783604462118 0.19487492740154266 2714
1783604462278 0.7182489633560181 2715
1783604462436 0.2545818090438843 2716
1783604462582 0.41549152135849 2717
1783604462841 0.28490394353866577 2718
1783604462983 0.16638270020484924 2719
1783604463108 0.652640700340271 2720
1783604463282 0.17430882155895233 2721
1783604463441 0.49161863327026367 2722
1783604463597 0.5351935625076294 2723
1783604463739 0.735860288143158 2724
1783604463874 0.17769989371299744 2725
1783604464277 0.21520420908927917 2726
1783604464439 0.4243735671043396 2727
1783604464572 0.21681398153305054 2728
1783604464713 0.2577696442604065 2729
1783604464874 0.30634403228759766 2730
1783604465013 0.1782221645116806 2731
1783604465172 0.05733110383152962 2732
1783604465321 0.19204048812389374 2733
1783604465614 0.38628336787223816 2734
1783604465751 0.06479460746049881 2735
1783604465917 0.13061819970607758 2736
1783604466043 0.32087716460227966 2737
1783604466189 0.2674190402030945 2738
1783604466357 0.33031362295150757 2739
1783604466523 0.27372294664382935 2740
1783604466649 0.255018949508667 2741
1783604466790 0.28289031982421875 2742
1783604466971 0.12015464156866074 2743
1783604467128 0.2509859800338745 2744
1783604467280 0.946355402469635 2745
1783604467423 0.31661784648895264 2746
1783604467589 0.5777921676635742 2747
1783604467742 0.36439624428749084 2748
1783604467899 0.67083740234375 2749
1783604468149 0.2428106814622879 2750
1783604468276 0.273425817489624 2751
1783604468432 0.38433197140693665 2752
1783604468593 0.667614758014679 2753
1783604468746 0.1460411250591278 2754
1783604468910 0.3792917728424072 2755
1783604469102 0.3133549690246582 2756
1783604469200 0.1248817965388298 2757
1783604469360 0.3519512712955475 2758
1783604469595 0.4007275104522705 2759
1783604469733 0.4246959388256073 2760
1783604469906 0.2699325680732727 2761
1783604470029 0.22112736105918884 2762
1783604470193 0.18309222161769867 2763
1783604470317 0.13986456394195557 2764
1783604470482 0.332118421792984 2765
1783604470818 0.2760581076145172 2766
1783604470949 0.0994999036192894 2767
1783604471101 0.2203475534915924 2768
1783604471236 0.37419986724853516 2769
1783604471369 0.10437850654125214 2770
1783604471489 0.2850463390350342 2771
1783604471653 0.4974950850009918 2772
1783604471800 0.395669549703598 2773
1783604472062 0.3750300109386444 2774
1783604472170 0.2295430302619934 2775
1783604472320 0.1925622820854187 2776
1783604472464 0.22961334884166718 2777
1783604472616 0.196811243891716 2778
1783604472745 0.23586241900920868 2779
1783604472900 0.397198885679245 2780
1783604473032 0.2487877905368805 2781
1783604473176 0.6587287783622742 2782
1783604473327 0.1376958042383194 2783
1783604473497 0.5569113492965698 2784
1783604473615 0.40188097953796387 2785
1783604473766 0.23274587094783783 2786
1783604473932 0.7093337774276733 2787
1783604474080 0.7493411898612976 2788
1783604474210 0.24552901089191437 2789
1783604474353 0.13711245357990265 2790
1783604474499 0.3145992159843445 2791
1783604474761 0.07882725447416306 2792
1783604474912 0.11803478002548218 2793
1783604475054 0.24778635799884796 2794
1783604475196 0.23707768321037292 2795
1783604475351 0.1249844953417778 2796
1783604475481 0.25368502736091614 2797
1783604475652 0.24854853749275208 2798
1783604475800 0.10466623306274414 2799
1783604476073 0.4921693503856659 2800
1783604476226 0.8313303589820862 2801
1783604476370 0.18139688670635223 2802
1783604476518 0.08683348447084427 2803
1783604476646 0.274570494890213 2804
1783604476750 0.13363708555698395 2805
1783604476893 0.06475716829299927 2806
1783604477088 0.1607886701822281 2807
1783604477241 0.10702121257781982 2808
1783604477413 0.28527137637138367 2809
1783604477548 0.4260549545288086 2810
1783604477717 0.438578724861145 2811
1783604477858 0.23789973556995392 2812
1783604477989 0.40844351053237915 2813
1783604478148 0.6732609868049622 2814
1783604478287 0.17472736537456512 2815
1783604478453 0.30102208256721497 2816
1783604478671 0.18362438678741455 2817
1783604478824 0.4772493839263916 2818
1783604478966 0.21765156090259552 2819
1783604479116 0.062239352613687515 2820
1783604479277 0.132751926779747 2821
1783604479435 0.1259913593530655 2822
1783604479569 0.3144945204257965 2823
1783604479706 0.3007686138153076 2824
1783604479931 0.7128791213035583 2825
1783604480055 0.16299352049827576 2826
1783604480184 0.44115620851516724 2827
1783604480323 0.30639129877090454 2828
1783604480479 0.4015020430088043 2829
1783604480603 0.5132601261138916 2830
1783604480781 0.14050240814685822 2831
1783604480882 0.28757917881011963 2832
1783604481098 0.503246009349823 2833
1783604481209 0.37629324197769165 2834
1783604481341 0.24223653972148895 2835
1783604481490 0.30068373680114746 2836
1783604481637 0.2199397087097168 2837
1783604481802 0.40209290385246277 2838
1783604481972 0.36658814549446106 2839
1783604482129 0.4442516565322876 2840
1783604482250 0.11042964458465576 2841
1783604482408 0.22982026636600494 2842
1783604482618 0.6273449063301086 2843
1783604482773 0.2899063229560852 2844
1783604482923 0.11168082803487778 2845
1783604483092 0.25516214966773987 2846
1783604483229 0.45607173442840576 2847
1783604483371 0.3639375865459442 2848
1783604483510 0.37247586250305176 2849
1783604483679 0.7020751237869263 2850
1783604483919 0.30493852496147156 2851
1783604484061 0.4613984525203705 2852
1783604484228 0.18416905403137207 2853
1783604484359 0.35370969772338867 2854
1783604484502 0.21560299396514893 2855
1783604484647 0.2763500213623047 2856
1783604484775 0.19939059019088745 2857
1783604485100 0.32941097021102905 2858
1783604485243 0.23070275783538818 2859
1783604485406 0.19745934009552002 2860
1783604485538 0.31002363562583923 2861
1783604485695 0.07708138972520828 2862
1783604485833 0.7455884218215942 2863
1783604485978 0.5957381725311279 2864
1783604486143 0.15434159338474274 2865
1783604486300 0.30044683814048767 2866
1783604486441 0.28550058603286743 2867
1783604486574 0.101882204413414 2868
1783604486670 0.4849817454814911 2869
1783604486812 0.17466959357261658 2870
1783604486963 0.25746721029281616 2871
1783604487116 0.3904694616794586 2872
1783604487254 0.36766213178634644 2873
1783604487375 0.1392510086297989 2874
1783604487523 0.3479190170764923 2875
1783604487635 0.29003000259399414 2876
1783604487837 0.09643730521202087 2877
1783604487932 0.15658357739448547 2878
1783604488077 0.3115014135837555 2879
1783604488237 0.4214251935482025 2880
1783604488371 0.21240712702274323 2881
1783604488500 0.25857436656951904 2882
1783604488687 0.058922939002513885 2883
1783604488839 0.41959258913993835 2884
1783604489105 0.29256653785705566 2885
1783604489251 0.10181494057178497 2886
1783604489421 0.22785769402980804 2887
1783604489571 0.2850089371204376 2888
1783604489738 0.46207112073898315 2889
1783604489874 0.03597947955131531 2890
1783604490021 0.30845555663108826 2891
1783604490190 0.3020831048488617 2892
1783604490375 0.21832187473773956 2893
1783604490504 0.4511892795562744 2894
1783604490645 0.18844828009605408 2895
1783604490819 0.27530109882354736 2896
1783604490956 0.24323821067810059 2897
1783604491111 0.6026700735092163 2898
1783604491263 0.23040328919887543 2899
1783604491552 0.4484516978263855 2900
1783604491732 0.41798022389411926 2901
1783604491887 0.59932541847229 2902
1783604492045 0.4911719858646393 2903
1783604492183 0.18488569557666779 2904
1783604492340 0.14380964636802673 2905
1783604492481 0.3034001588821411 2906
1783604492625 0.2625594735145569 2907
1783604492754 0.0824340283870697 2908
1783604492903 0.34508010745048523 2909
1783604493037 0.6089558601379395 2910
1783604493164 0.33958932757377625 2911
1783604493324 0.26757708191871643 2912
1783604493482 0.21428261697292328 2913
1783604493626 0.5207129120826721 2914
1783604493784 0.4248897135257721 2915
1783604493939 0.2557834982872009 2916
1783604494077 0.2851679027080536 2917
1783604494264 0.5013048648834229 2918
1783604494396 0.4601611793041229 2919
1783604494527 0.31867513060569763 2920
1783604494665 0.29100391268730164 2921
1783604494822 0.16557317972183228 2922
1783604494986 0.21153554320335388 2923
1783604495136 0.36864274740219116 2924
1783604495271 0.3536563217639923 2925
1783604495453 0.5003485083580017 2926
1783604495590 0.5141341686248779 2927
1783604495750 0.6000242233276367 2928
1783604495898 0.5089372992515564 2929
1783604496025 0.369569331407547 2930
1783604496192 0.35758349299430847 2931
1783604496309 0.4814364016056061 2932
1783604496443 0.24494951963424683 2933
1783604496643 0.41909244656562805 2934
1783604496740 0.2434355467557907 2935
1783604496845 0.5290809869766235 2936
1783604496988 0.3501204252243042 2937
1783604497129 0.16962884366512299 2938
1783604497258 0.39399072527885437 2939
1783604497364 0.2423679381608963 2940
1783604497499 0.4136894941329956 2941
1783604497659 0.388565331697464 2942
1783604497826 0.2587946653366089 2943
1783604498045 0.16441991925239563 2944
1783604498184 0.22587420046329498 2945
1783604498348 0.27286621928215027 2946
1783604498455 0.38123905658721924 2947
1783604498565 0.46164005994796753 2948
1783604498702 0.2551299035549164 2949
1783604498849 0.07138659805059433 2950
1783604498971 0.6610066294670105 2951
1783604499140 0.7598705291748047 2952
1783604499464 0.3682655692100525 2953
1783604499590 0.5700236558914185 2954
1783604499768 0.46554139256477356 2955
1783604499939 0.12210934609174728 2956
1783604500107 0.3245674967765808 2957
1783604500272 0.4350568652153015 2958
1783604500432 0.5510671734809875 2959
1783604500575 0.302084356546402 2960
1783604500698 0.22666816413402557 2961
1783604500824 0.267142653465271 2962
1783604500929 0.5839246511459351 2963
1783604501075 0.36942657828330994 2964
1783604501214 0.430001825094223 2965
1783604501368 0.35333526134490967 2966
1783604501515 0.169234499335289 2967
1783604501676 0.4628896117210388 2968
1783604501840 0.18346816301345825 2969
1783604501962 0.13693277537822723 2970
1783604502117 0.26038751006126404 2971
1783604502278 0.39339590072631836 2972
1783604502428 0.3722347021102905 2973
1783604502580 0.13265708088874817 2974
1783604502728 0.11105132102966309 2975
1783604502863 0.21137510240077972 2976
1783604503037 0.523189902305603 2977
1783604503180 0.17885638773441315 2978
1783604503322 0.4426514506340027 2979
1783604503448 0.2876279354095459 2980
1783604503593 0.21015752851963043 2981
1783604503724 0.2094350904226303 2982
1783604503851 0.17905734479427338 2983
1783604503967 0.3196190893650055 2984
1783604504120 0.20429334044456482 2985
1783604504301 0.46017417311668396 2986
1783604504512 0.21364332735538483 2987
1783604504659 0.31230875849723816 2988
1783604504805 0.9441718459129333 2989
1783604504948 0.19685398042201996 2990
1783604505078 0.14896562695503235 2991
1783604505240 0.31163907051086426 2992
1783604505385 0.154958114027977 2993
1783604505556 0.14120350778102875 2994
1783604505685 0.14951875805854797 2995
1783604505835 0.2845580279827118 2996
1783604506001 0.149435356259346 2997
1783604506132 0.5421550869941711 2998
1783604506279 0.06897889822721481 2999
1783604506457 0.5785909295082092 3000
1783604506630 0.24026550352573395 3001
1783604506723 0.2362840622663498 3002
1783604507134 0.14279142022132874 3003
1783604507281 0.30408260226249695 3004
1783604507412 0.5159664750099182 3005
1783604507571 0.09066304564476013 3006
1783604507761 0.2008148580789566 3007
1783604507909 0.4748562276363373 3008
1783604508052 0.45881325006484985 3009
1783604508188 0.527474045753479 3010
1783604508396 0.4755516052246094 3011
1783604508557 0.15242347121238708 3012
1783604508741 0.08917848765850067 3013
1783604508901 0.17255207896232605 3014
1783604509050 0.17185162007808685 3015
1783604509216 0.20413047075271606 3016
1783604509334 0.29290273785591125 3017
1783604509522 0.30967339873313904 3018
1783604509659 0.5417409539222717 3019
1783604509812 0.46405404806137085 3020
1783604509946 0.39040452241897583 3021
1783604510130 0.6303114891052246 3022
1783604510283 0.20956166088581085 3023
1783604510409 0.16211608052253723 3024
1783604510550 0.3930317163467407 3025
1783604510713 0.09441231936216354 3026
1783604510855 0.3829132318496704 3027
1783604510991 0.4364042282104492 3028
1783604511137 0.12913618981838226 3029
1783604511288 0.46189239621162415 3030
1783604511430 0.1989675611257553 3031
1783604511563 0.5074343085289001 3032
1783604511694 0.1256098598241806 3033
1783604511858 0.2674466371536255 3034
1783604512024 0.39424261450767517 3035
1783604512374 0.10688716918230057 3036
1783604512485 0.2331647127866745 3037
1783604512606 0.22179505228996277 3038
1783604512759 0.21343788504600525 3039
1783604512890 0.25831615924835205 3040
1783604513023 0.5191321969032288 3041
1783604513152 0.22761832177639008 3042
1783604513291 0.4977744221687317 3043
1783604513664 0.20204344391822815 3044
1783604513777 0.10162564367055893 3045
1783604513930 0.49640294909477234 3046
1783604514043 0.8214215636253357 3047
1783604514197 0.6022496223449707 3048
1783604514341 0.3592594861984253 3049
1783604514497 0.10218203067779541 3050
1783604514657 0.32917311787605286 3051
1783604514797 0.3096460998058319 3052
1783604514942 0.3094339370727539 3053
1783604515096 0.21813014149665833 3054
1783604515235 0.4123460054397583 3055
1783604515409 0.6757579445838928 3056
1783604515559 0.1417497992515564 3057
1783604515710 0.7004632949829102 3058
1783604515845 0.42130008339881897 3059
1783604516030 0.5521880388259888 3060
1783604516201 0.4252527058124542 3061
1783604516353 0.12323504686355591 3062
1783604516517 0.10305876284837723 3063
1783604516646 0.29558172821998596 3064
1783604516781 0.3634907305240631 3065
1783604516915 0.4966658055782318 3066
1783604517073 0.49560925364494324 3067
1783604517223 0.13800273835659027 3068
1783604517531 0.2672882676124573 3069
1783604517691 0.17225609719753265 3070
1783604517842 0.26062360405921936 3071
1783604517995 0.46191978454589844 3072
1783604518150 0.18711939454078674 3073
1783604518308 0.9070479273796082 3074
1783604518466 0.21375958621501923 3075
1783604518640 0.41962459683418274 3076
1783604518818 0.5714492201805115 3077
1783604518968 0.6619558334350586 3078
1783604519118 0.1740567684173584 3079
1783604519272 0.4700833857059479 3080
1783604519413 0.3820446729660034 3081
1783604519568 0.2571665346622467 3082
1783604519726 0.19488558173179626 3083
1783604519876 0.21405960619449615 3084
1783604520040 0.4675714373588562 3085
1783604520229 0.6813797950744629 3086
1783604520384 0.07337497174739838 3087
1783604520542 0.19030427932739258 3088
1783604520704 0.1092657819390297 3089
1783604520842 0.1264549344778061 3090
1783604520940 0.21458964049816132 3091
1783604521103 0.3476284146308899 3092
1783604521236 0.47957462072372437 3093
1783604521370 0.24105891585350037 3094
1783604521506 0.48129329085350037 3095
1783604521644 0.12236916273832321 3096
1783604521803 0.08022776246070862 3097
1783604521939 0.45874783396720886 3098
1783604522094 0.33071082830429077 3099
1783604522274 0.14788506925106049 3100
1783604522426 0.20303767919540405 3101
1783604522572 0.28341591358184814 3102
1783604522738 0.35461124777793884 3103
1783604522845 0.418721079826355 3104
1783604522957 0.2825104892253876 3105
1783604523066 0.2815861999988556 3106
1783604523204 0.1228443905711174 3107
1783604523355 0.12668581306934357 3108
1783604523454 0.1221454069018364 3109
1783604523585 0.17506279051303864 3110
1783604523744 0.44593629240989685 3111
1783604523902 0.26308101415634155 3112
1783604524054 0.271889865398407 3113
1783604524195 0.4884454011917114 3114
1783604524333 0.2175191193819046 3115
1783604524453 0.19370417296886444 3116
1783604524590 0.2709033191204071 3117
1783604524747 0.21220552921295166 3118
1783604524883 0.07467444986104965 3119
1783604525049 0.33603471517562866 3120
1783604525197 0.4203058183193207 3121
1783604525410 0.3860064148902893 3122
1783604525537 0.15748436748981476 3123
1783604525678 0.5138086080551147 3124
1783604525834 0.12484893202781677 3125
1783604525973 0.12489175796508789 3126
1783604526110 0.24821189045906067 3127
1783604526279 0.09848549962043762 3128
1783604526445 0.2792181372642517 3129
1783604526620 0.3530627489089966 3130
1783604526715 0.16883203387260437 3131
1783604526871 0.2208648920059204 3132
1783604527044 0.5155209898948669 3133
1783604527214 0.8517579436302185 3134
1783604527386 0.15478119254112244 3135
1783604527524 0.41310274600982666 3136
1783604527699 0.4484899938106537 3137
1783604527855 0.440584659576416 3138
1783604528108 0.09450706839561462 3139
1783604528254 0.4329778254032135 3140
1783604528397 0.627199113368988 3141
1783604528549 0.25433483719825745 3142
1783604528708 0.22671931982040405 3143
1783604528840 0.21819445490837097 3144
1783604529000 0.27931860089302063 3145
1783604529299 0.1518203169107437 3146
1783604529457 0.2659161388874054 3147
1783604529586 0.3986999988555908 3148
1783604529727 0.32331758737564087 3149
1783604529855 0.28947219252586365 3150
1783604530003 0.22653698921203613 3151
1783604530139 0.30409684777259827 3152
1783604530271 0.3006044924259186 3153
1783604530423 0.10642045736312866 3154
1783604530573 0.46477842330932617 3155
1783604530745 0.36013931035995483 3156
1783604530890 0.31460368633270264 3157
1783604531034 0.44270059466362 3158
1783604531202 0.30904650688171387 3159
1783604531333 0.5288267731666565 3160
1783604531488 0.1637849360704422 3161
1783604531598 0.3010067045688629 3162
1783604531883 0.5137829184532166 3163
1783604532052 0.4300602972507477 3164
1783604532238 0.1967540681362152 3165
1783604532401 0.37374529242515564 3166
1783604532547 0.31259116530418396 3167
1783604532701 0.4379468262195587 3168
1783604532850 0.3210905194282532 3169
1783604533019 0.12285783141851425 3170
1783604533176 0.4173112213611603 3171
1783604533340 0.24637408554553986 3172
1783604533501 0.45932817459106445 3173
1783604533638 0.5387478470802307 3174
1783604533781 0.3617779612541199 3175
1783604533939 0.17755228281021118 3176
1783604534081 0.305223673582077 3177
1783604534202 0.34724992513656616 3178
1783604534469 0.34568217396736145 3179
1783604534599 0.27013230323791504 3180
1783604534702 0.22658638656139374 3181
1783604534873 0.2034440040588379 3182
1783604535036 0.4889472424983978 3183
1783604535202 0.35173219442367554 3184
1783604535309 0.14935007691383362 3185
1783604535433 0.15403690934181213 3186
1783604535590 0.4281647801399231 3187
1783604535767 0.2008722722530365 3188
1783604535920 0.2878132462501526 3189
1783604536083 0.3092620074748993 3190
1783604536224 0.19508184492588043 3191
1783604536369 0.24559560418128967 3192
1783604536507 0.48769986629486084 3193
1783604536655 0.43214151263237 3194
1783604536759 0.10484370589256287 3195
1783604536927 0.3507627248764038 3196
1783604537154 0.14844326674938202 3197
1783604537300 0.41668233275413513 3198
1783604537443 0.21246162056922913 3199
1783604537588 0.3063889741897583 3200
1783604537715 0.236111581325531 3201
1783604537870 0.2756631076335907 3202
1783604538015 0.2675378918647766 3203
1783604538158 0.17384113371372223 3204
1783604538311 0.4686955213546753 3205
1783604538446 0.3489617705345154 3206
1783604538565 0.0895577222108841 3207
1783604538724 0.5589735507965088 3208
1783604538889 0.44923025369644165 3209
1783604539042 0.11602448672056198 3210
1783604539178 0.5698319673538208 3211
1783604539372 0.3946016728878021 3212
1783604539595 0.18907566368579865 3213
1783604539749 0.32119011878967285 3214
1783604539884 0.14380256831645966 3215
1783604540046 0.11085517704486847 3216
1783604540178 0.510691225528717 3217
1783604540320 0.24968931078910828 3218
1783604540465 0.1747637391090393 3219
1783604540607 0.24837002158164978 3220
1783604540735 0.19648469984531403 3221
1783604540923 0.3175869584083557 3222
1783604541036 0.4652941823005676 3223
1783604541183 0.2822383940219879 3224
1783604541316 0.6020650267601013 3225
1783604541460 0.5798525810241699 3226
1783604541613 0.1915062516927719 3227
1783604541758 0.2783712148666382 3228
1783604541892 0.2914959490299225 3229
1783604542111 0.11636098474264145 3230
1783604542350 0.2714727818965912 3231
1783604542496 0.40492868423461914 3232
1783604542630 0.530038595199585 3233
1783604542755 0.5105116963386536 3234
1783604542894 0.1443353146314621 3235
1783604543029 0.6298787593841553 3236
1783604543185 0.6233794093132019 3237
1783604543323 0.6836612820625305 3238
1783604543501 0.2644999921321869 3239
1783604543700 0.25358402729034424 3240
1783604543829 0.1320018172264099 3241
1783604543948 0.3207208216190338 3242
1783604544075 0.5026866793632507 3243
1783604544183 0.3935900926589966 3244
1783604544328 0.18465496599674225 3245
1783604544469 0.1785096377134323 3246
1783604544606 0.36256080865859985 3247
1783604544804 0.23570838570594788 3248
1783604545008 0.12902310490608215 3249
1783604545158 0.2732503116130829 3250
1783604545307 0.1107436865568161 3251
1783604545453 0.4258703589439392 3252
1783604545594 0.23154406249523163 3253
1783604545733 0.5038034319877625 3254
1783604545874 0.5846969485282898 3255
1783604546049 0.35045430064201355 3256
1783604546267 0.3758278787136078 3257
1783604546379 0.32940593361854553 3258
1783604546504 0.8651546835899353 3259
1783604546657 0.7697924375534058 3260
1783604546750 0.409389853477478 3261
1783604546910 0.10184874385595322 3262
1783604547078 0.5854077935218811 3263
1783604547230 0.25529420375823975 3264
1783604547499 0.14936670660972595 3265
1783604547645 0.3371835947036743 3266
1783604547826 0.5215247273445129 3267
1783604547983 0.51401287317276 3268
1783604548133 0.6133427619934082 3269
1783604548279 0.6134158968925476 3270
1783604548380 0.8402937054634094 3271
1783604548521 0.3966880738735199 3272
1783604548777 0.3795534372329712 3273
1783604548904 0.2272702008485794 3274
1783604549051 0.5905413627624512 3275
1783604549181 0.23652923107147217 3276
1783604549322 0.2868219316005707 3277
1783604549443 0.13479205965995789 3278
1783604549608 0.20913678407669067 3279
1783604549751 0.7012947201728821 3280
1783604550060 0.4226977527141571 3281
1783604550181 0.28133052587509155 3282
1783604550338 0.23166321218013763 3283
1783604550466 0.10041040927171707 3284
1783604550621 0.2999867796897888 3285
1783604550780 0.8172926306724548 3286
1783604550901 0.4241749346256256 3287
1783604551024 0.2844148576259613 3288
1783604551401 0.36138036847114563 3289
1783604551543 0.8733924031257629 3290
1783604551694 0.3301299810409546 3291
1783604551840 0.2649102509021759 3292
1783604551970 0.45142728090286255 3293
1783604552111 0.4214678406715393 3294
1783604552240 0.2135322242975235 3295
1783604552405 0.20746080577373505 3296
1783604552556 0.7619785666465759 3297
1783604552764 0.26846492290496826 3298
1783604552900 0.3105047345161438 3299
1783604553077 0.4264924228191376 3300
1783604553211 0.43372994661331177 3301
1783604553354 0.4645038843154907 3302
1783604553487 0.2288694679737091 3303
1783604553635 0.09174016118049622 3304
1783604553764 0.5263665318489075 3305
1783604553964 0.20894041657447815 3306
1783604554118 0.4523705244064331 3307
1783604554281 0.26889318227767944 3308
1783604554443 0.3284088969230652 3309
1783604554588 0.18233445286750793 3310
1783604554742 0.2027418315410614 3311
1783604554863 0.23439233005046844 3312
1783604555001 0.2827015817165375 3313
1783604555145 0.48548534512519836 3314
1783604555365 0.1481427550315857 3315
1783604555503 0.281652569770813 3316
1783604555631 0.22663357853889465 3317
1783604555786 0.16390320658683777 3318
1783604555919 0.42460593581199646 3319
1783604556061 0.3817515969276428 3320
1783604556204 0.29573854804039 3321
1783604556340 0.38280314207077026 3322
1783604556641 0.11973629146814346 3323
1783604556742 0.23265399038791656 3324
1783604556888 0.1316039115190506 3325
1783604557004 0.4764406383037567 3326
1783604557127 0.29453060030937195 3327
1783604557274 0.19247333705425262 3328
1783604557436 0.11607439070940018 3329
1783604557578 0.41772592067718506 3330
1783604557756 0.6061185598373413 3331
1783604557915 0.1537361890077591 3332
1783604558055 0.17886079847812653 3333
1783604558183 0.1808224469423294 3334
1783604558332 0.29644784331321716 3335
1783604558466 0.08332952111959457 3336
1783604558611 0.1517200469970703 3337
1783604558785 0.5491860508918762 3338
1783604558934 0.35239750146865845 3339
1783604559086 0.39597561955451965 3340
1783604559248 0.25685298442840576 3341
1783604559396 0.11263120174407959 3342
1783604559529 0.22283542156219482 3343
1783604559658 0.1715737134218216 3344
1783604559805 0.22129833698272705 3345
1783604559945 0.28038129210472107 3346
1783604560088 0.956828773021698 3347
1783604560215 0.11706505715847015 3348
1783604560401 0.5127939581871033 3349
1783604560652 0.33338767290115356 3350
1783604560804 0.2814800441265106 3351
1783604560923 0.09463800489902496 3352
1783604561059 0.3040015995502472 3353
1783604561220 0.4433901906013489 3354
1783604561355 0.19648632407188416 3355
1783604561468 0.15768392384052277 3356
1783604561621 0.48218870162963867 3357
1783604561957 0.14558632671833038 3358
1783604562145 0.16655407845973969 3359
1783604562280 0.2546391189098358 3360
1783604562440 0.15217334032058716 3361
1783604562567 0.22359779477119446 3362
1783604562728 0.26523876190185547 3363
1783604562877 0.49798333644866943 3364
1783604563127 0.30958861112594604 3365
1783604563264 0.27424463629722595 3366
1783604563420 0.5811316967010498 3367
1783604563546 0.30579957365989685 3368
1783604563676 0.15140707790851593 3369
1783604563824 0.325135201215744 3370
1783604563966 0.18855683505535126 3371
1783604564095 0.28548774123191833 3372
1783604564242 0.6731650233268738 3373
1783604564387 0.20276330411434174 3374
1783604564545 0.5134045481681824 3375
1783604564684 0.3168743848800659 3376
1783604564834 0.4183616042137146 3377
1783604564964 0.1820332109928131 3378
1783604565104 0.4712059497833252 3379
1783604565255 0.4016713798046112 3380
1783604565412 0.5228484869003296 3381
1783604565556 0.2624964118003845 3382
1783604565667 0.23051588237285614 3383
1783604565867 0.4384762942790985 3384
1783604566024 0.3188450336456299 3385
1783604566161 0.5625395178794861 3386
1783604566301 0.2167081981897354 3387
1783604566430 0.4301632046699524 3388
1783604566613 0.1315172016620636 3389
1783604566729 0.691886842250824 3390
1783604566936 0.4319359362125397 3391
1783604567146 0.6230253577232361 3392
1783604567270 0.17699360847473145 3393
1783604567425 0.29277634620666504 3394
1783604567567 0.5535639524459839 3395
1783604567712 0.14194482564926147 3396
1783604567860 0.17212577164173126 3397
1783604567995 0.6521293520927429 3398
1783604568360 0.26045292615890503 3399
1783604568483 0.24385419487953186 3400
1783604568622 0.4350852966308594 3401
1783604568763 0.3797157108783722 3402
1783604568900 0.6644988656044006 3403
1783604569034 0.33770108222961426 3404
1783604569181 0.09818652272224426 3405
1783604569314 0.29816120862960815 3406
1783604569447 0.25501877069473267 3407
1783604569689 0.2527155578136444 3408
1783604569817 0.16075879335403442 3409
1783604569968 0.20505332946777344 3410
1783604570079 0.4196990728378296 3411
1783604570229 0.20513929426670074 3412
1783604570389 0.5080664157867432 3413
1783604570531 0.6111081838607788 3414
1783604570663 0.135463684797287 3415
1783604570898 0.19773916900157928 3416
1783604571041 0.7240225076675415 3417
1783604571200 0.2895905375480652 3418
1783604571333 0.10282299667596817 3419
1783604571470 0.3736734390258789 3420
1783604571611 0.5280674695968628 3421
1783604571786 0.5220524668693542 3422
1783604571921 0.210859477519989 3423
1783604572092 0.3977214992046356 3424
1783604572209 0.2929687798023224 3425
1783604572314 0.19459941983222961 3426
1783604572457 0.09271453320980072 3427
1783604572603 0.32931962609291077 3428
1783604572750 0.22629283368587494 3429
1783604572883 0.16693538427352905 3430
1783604573037 0.57248854637146 3431
1783604573187 0.3529338240623474 3432
1783604573343 0.3644343912601471 3433
1783604573512 0.762031078338623 3434
1783604573649 0.35368940234184265 3435
1783604573787 0.20955874025821686 3436
1783604573951 0.5108963251113892 3437
1783604574117 0.15434157848358154 3438
1783604574261 0.36239349842071533 3439
1783604574401 0.6432258486747742 3440
1783604574533 0.19248245656490326 3441
1783604574890 0.3145603537559509 3442
1783604575036 0.29387858510017395 3443
1783604575182 0.09943962842226028 3444
1783604575313 0.208304300904274 3445
1783604575446 0.26293548941612244 3446
1783604575576 0.3604470491409302 3447
1783604575717 0.1580730676651001 3448
1783604575847 0.2638324201107025 3449
1783604576000 0.3745940327644348 3450
1783604576195 0.10275422781705856 3451
1783604576358 0.2100563645362854 3452
1783604576507 0.31515398621559143 3453
1783604576612 0.09935328364372253 3454
1783604576722 0.21073299646377563 3455
1783604576853 0.19843679666519165 3456
1783604577009 0.2740687131881714 3457
1783604577142 0.1269000917673111 3458
1783604577437 0.12878690659999847 3459
1783604577542 0.1505657434463501 3460
1783604577666 0.40656962990760803 3461
1783604577847 0.20481398701667786 3462
1783604577959 0.4672195613384247 3463
1783604578114 0.19396041333675385 3464
1783604578251 0.26672908663749695 3465
1783604578365 0.204473614692688 3466
1783604578533 0.29266318678855896 3467
1783604578739 0.27300435304641724 3468
1783604578868 0.5732260942459106 3469
1783604579035 0.15678143501281738 3470
1783604579188 0.06532842665910721 3471
1783604579321 0.5986943244934082 3472
1783604579462 0.2500235140323639 3473
1783604579604 0.1450520157814026 3474
1783604579743 0.2824927270412445 3475
1783604579903 0.3718121349811554 3476
1783604580157 0.3540133833885193 3477
1783604580284 0.4160955250263214 3478
1783604580438 0.3573206067085266 3479
1783604580602 0.26770269870758057 3480
1783604580749 0.49259233474731445 3481
1783604580856 0.22846165299415588 3482
1783604580982 0.25198888778686523 3483
1783604581131 0.2554638683795929 3484
1783604581451 0.17441986501216888 3485
1783604581614 0.20015986263751984 3486
1783604581776 0.09534721076488495 3487
1783604581902 0.544977068901062 3488
1783604582018 0.128670334815979 3489
1783604582155 0.16227084398269653 3490
1783604582287 0.3324008584022522 3491
1783604582422 0.11678002774715424 3492
1783604582576 0.13317979872226715 3493
1783604582754 0.11171649396419525 3494
1783604582910 0.5627317428588867 3495
1783604583042 0.2966471314430237 3496
1783604583186 0.3156091868877411 3497
1783604583321 0.0945817157626152 3498
1783604583458 0.08732191473245621 3499
1783604583595 0.25850796699523926 3500
1783604583700 0.3640047311782837 3501
1783604583872 0.12283632159233093 3502
1783604584059 0.629519522190094 3503
1783604584198 0.31725049018859863 3504
1783604584337 0.5645471811294556 3505
1783604584490 0.31000083684921265 3506
1783604584636 0.2098609060049057 3507
1783604584796 0.2763366103172302 3508
1783604584942 0.22317449748516083 3509
1783604585078 0.36338159441947937 3510
1783604585208 0.2386588156223297 3511
1783604585333 0.22739875316619873 3512
1783604585483 0.2913135588169098 3513
1783604585647 0.29855555295944214 3514
1783604585800 0.3083341419696808 3515
1783604585927 0.11460527777671814 3516
1783604586072 0.2859026789665222 3517
1783604586233 0.13234303891658783 3518
1783604586340 0.23770210146903992 3519
1783604586631 0.6364278197288513 3520
1783604586754 0.3766763508319855 3521
1783604586870 0.3302324712276459 3522
1783604587009 0.24072155356407166 3523
1783604587176 0.267781138420105 3524
1783604587307 0.15790772438049316 3525
1783604587463 0.44373664259910583 3526
1783604587603 0.34155234694480896 3527
1783604587759 0.33832332491874695 3528
1783604588007 0.2751747667789459 3529
1783604588149 0.5677831172943115 3530
1783604588289 0.5780447721481323 3531
1783604588438 0.5980429649353027 3532
1783604588566 0.2379884123802185 3533
1783604588712 0.26660260558128357 3534
1783604588851 0.4036692976951599 3535
1783604589010 0.16070017218589783 3536
1783604589276 0.39717167615890503 3537
1783604589451 0.3330562114715576 3538
1783604589567 0.47112196683883667 3539
1783604589736 0.4415943920612335 3540
1783604589907 0.23643308877944946 3541
1783604590045 0.26785266399383545 3542
1783604590198 0.49354663491249084 3543
1783604590413 0.27928051352500916 3544
1783604590622 0.46400323510169983 3545
1783604590753 0.41579288244247437 3546
1783604590894 0.18329530954360962 3547
1783604591038 0.28053322434425354 3548
1783604591181 0.30514612793922424 3549
1783604591321 0.6041756272315979 3550
1783604591473 0.16264545917510986 3551
1783604591621 0.2184782326221466 3552
1783604591794 0.1493784338235855 3553
1783604591927 0.08530521392822266 3554
1783604592100 0.22232867777347565 3555
1783604592264 0.2586727738380432 3556
1783604592404 0.5442252159118652 3557
1783604592566 0.12175699323415756 3558
1783604592716 0.2446790337562561 3559
1783604592844 0.5885580778121948 3560
1783604593024 0.4967254102230072 3561
1783604593206 0.19753558933734894 3562
1783604593340 0.25511646270751953 3563
1783604593474 0.153647780418396 3564
1783604593622 0.17374226450920105 3565
1783604593756 0.3465353548526764 3566
1783604593904 0.3717219829559326 3567
1783604594039 0.2885894775390625 3568
1783604594187 0.46534404158592224 3569
1783604594319 0.4237746298313141 3570
1783604594508 0.1643371433019638 3571
1783604594611 0.15604037046432495 3572
1783604594757 0.22788472473621368 3573
1783604594910 0.1508968323469162 3574
1783604595048 0.3534126281738281 3575
1783604595208 0.13036729395389557 3576
1783604595349 0.19799453020095825 3577
1783604595503 0.22489547729492188 3578
1783604595706 0.35931846499443054 3579
1783604595878 0.3397204577922821 3580
1783604596004 0.2389298677444458 3581
1783604596109 0.7924714088439941 3582
1783604596263 0.300800621509552 3583
1783604596400 0.3577776253223419 3584
1783604596538 0.477397620677948 3585
1783604596700 0.22631731629371643 3586
1783604596789 0.16367487609386444 3587
1783604597098 0.5450201034545898 3588
1783604597237 0.3330501616001129 3589
1783604597394 0.2381172627210617 3590
1783604597539 0.08745478838682175 3591
1783604597672 0.45231127738952637 3592
1783604597830 0.5241879224777222 3593
1783604597984 0.2149607539176941 3594
1783604598139 0.20661072432994843 3595
1783604598317 0.1908356249332428 3596
1783604598459 0.30645912885665894 3597
1783604598602 0.3914278447628021 3598
1783604598743 0.8401064276695251 3599
1783604598915 0.43785345554351807 3600
1783604599066 0.3903625011444092 3601
1783604599209 0.37241795659065247 3602
1783604599369 0.32310721278190613 3603
1783604599665 0.48958441615104675 3604
1783604599799 0.3146357238292694 3605
1783604599945 0.5919216871261597 3606
1783604600101 0.1934066116809845 3607
1783604600253 0.13497814536094666 3608
1783604600370 0.2192237824201584 3609
1783604600523 0.2321014255285263 3610
1783604600670 0.4974123239517212 3611
1783604600913 0.3544161915779114 3612
1783604601038 0.6593897938728333 3613
1783604601187 0.3302161991596222 3614
1783604601316 0.271841824054718 3615
1783604601423 0.14344532787799835 3616
1783604601559 0.163557767868042 3617
1783604601707 0.3766288161277771 3618
1783604601859 0.3929550051689148 3619
1783604602021 0.8950356245040894 3620
1783604602335 0.3102913200855255 3621
1783604602488 0.42449358105659485 3622
1783604602644 0.4113568365573883 3623
1783604602800 0.12033671140670776 3624
1783604602932 0.10676854848861694 3625
1783604603095 0.32786133885383606 3626
1783604603233 0.30479928851127625 3627
1783604603433 0.7187017202377319 3628
1783604603587 0.6990509629249573 3629
1783604603724 0.30760714411735535 3630
1783604603882 0.4718358814716339 3631
1783604604026 0.5401696562767029 3632
1783604604196 0.3863685429096222 3633
1783604604355 0.31890004873275757 3634
1783604604521 0.28523439168930054 3635
1783604604655 0.14323562383651733 3636
1783604604811 0.2195650339126587 3637
1783604604972 0.4732573628425598 3638
1783604605143 0.27565521001815796 3639
1783604605277 0.34522268176078796 3640
1783604605462 0.3053826689720154 3641
1783604605631 0.3152269721031189 3642
1783604605768 0.1852411925792694 3643
1783604605976 0.36774903535842896 3644
1783604606275 0.2656676173210144 3645
1783604606427 0.286423921585083 3646
1783604606565 0.3574458062648773 3647
1783604606748 0.17769506573677063 3648
1783604606849 0.5267015695571899 3649
1783604606974 0.1466936320066452 3650
1783604607128 0.2842983603477478 3651
1783604607267 0.24286219477653503 3652
1783604607473 0.6928216814994812 3653
1783604607643 0.3925429582595825 3654
1783604607820 0.11359922587871552 3655
1783604607917 0.1336822360754013 3656
1783604608027 0.43540072441101074 3657
1783604608182 1.0722991228103638 3658
1783604608318 0.5158273577690125 3659
1783604608462 0.3559693694114685 3660
1783604608745 0.15508054196834564 3661
1783604608879 0.09952835738658905 3662
1783604609023 1.0485872030258179 3663
1783604609153 0.3054845333099365 3664
1783604609294 0.14131014049053192 3665
1783604609499 0.18156184256076813 3666
1783604609629 0.493018239736557 3667
1783604609792 0.3337196707725525 3668
1783604610064 0.3518097698688507 3669
1783604610214 0.501427948474884 3670
1783604610380 0.3056633770465851 3671
1783604610559 0.3836844563484192 3672
1783604610697 0.3298076391220093 3673
1783604610886 0.6794850826263428 3674
1783604610997 0.22632086277008057 3675
1783604611388 0.3170526921749115 3676
1783604611512 0.1603923738002777 3677
1783604611683 0.36076903343200684 3678
1783604611841 0.6235128045082092 3679
1783604612007 0.2558774948120117 3680
1783604612179 0.17417769134044647 3681
1783604612284 0.12113786488771439 3682
1783604612439 0.40988144278526306 3683
1783604612727 0.4146493673324585 3684
1783604612897 0.12687435746192932 3685
1783604613073 0.208318293094635 3686
1783604613254 0.5645672678947449 3687
1783604613374 0.31347447633743286 3688
1783604613531 0.3873978555202484 3689
1783604613690 0.23003359138965607 3690
1783604613920 0.1807895302772522 3691
1783604614071 0.25228846073150635 3692
1783604614229 0.19367574155330658 3693
1783604614387 0.1985301971435547 3694
1783604614517 0.5225264430046082 3695
1783604614675 0.3504158556461334 3696
1783604614835 0.27702605724334717 3697
1783604615151 0.32205432653427124 3698
1783604615367 0.276651531457901 3699
1783604615505 0.5216651558876038 3700
1783604615651 0.5330167412757874 3701
1783604615802 0.45387858152389526 3702
1783604615952 0.49881720542907715 3703
1783604616110 0.31016674637794495 3704
1783604616261 0.07696498930454254 3705
1783604616438 0.12971165776252747 3706
1783604616581 0.21192564070224762 3707
1783604616712 0.4024467468261719 3708
1783604616805 0.2230353206396103 3709
1783604616966 0.09399611502885818 3710
1783604617137 0.2317606657743454 3711
1783604617292 0.1783512979745865 3712
1783604617460 0.4459535777568817 3713
1783604617603 0.37247103452682495 3714
1783604617825 0.4819231927394867 3715
1783604617933 0.15122540295124054 3716
1783604618068 0.37384217977523804 3717
1783604618215 0.06938270479440689 3718
1783604618351 0.12281853705644608 3719
1783604618498 0.5932765603065491 3720
1783604618643 0.06071708723902702 3721
1783604618805 0.45051562786102295 3722
1783604618932 0.34112489223480225 3723
1783604619077 0.39870697259902954 3724
1783604619260 0.08886530250310898 3725
1783604619412 0.2906619906425476 3726
1783604619554 0.30962517857551575 3727
1783604619698 0.3936997950077057 3728
1783604619846 0.16604112088680267 3729
1783604619993 0.165793314576149 3730
1783604620271 0.423106849193573 3731
1783604620413 1.0925498008728027 3732
1783604620516 0.2046649158000946 3733
1783604620671 0.1373564898967743 3734
1783604620818 0.46563422679901123 3735
1783604620960 0.3294202387332916 3736
1783604621103 0.3137238323688507 3737
1783604621266 0.21940574049949646 3738
1783604621430 0.31351929903030396 3739
1783604621735 0.18668566644191742 3740
1783604621892 0.03980336710810661 3741
1783604622046 0.11681193113327026 3742
1783604622160 0.18417662382125854 3743
1783604622307 0.24527668952941895 3744
1783604622455 0.34063929319381714 3745
1783604622616 0.14266450703144073 3746
1783604622745 0.2650001347064972 3747
1783604623028 0.07676632702350616 3748
1783604623148 0.11546610295772552 3749
1783604623837 0.8114387392997742 3750
1783604623974 0.13573592901229858 3751
1783604624142 0.21552202105522156 3752
1783604624356 0.2038707435131073 3753
1783604624514 0.263436496257782 3754
1783604624678 0.17031320929527283 3755
1783604624825 0.16629475355148315 3756
1783604624974 0.39223581552505493 3757
1783604625126 0.09009411185979843 3758
1783604625275 0.12736251950263977 3759
1783604625451 0.5042967796325684 3760
1783604625669 0.14244039356708527 3761
1783604625803 0.1222359910607338 3762
1783604625965 0.5939309597015381 3763
1783604626127 0.16190242767333984 3764
1783604626273 0.16658499836921692 3765
1783604626391 0.27733319997787476 3766
1783604626514 0.19076699018478394 3767
1783604626707 0.05723664164543152 3768
1783604626808 0.2799631655216217 3769
1783604627000 0.11511999368667603 3770
1783604627166 0.49887964129447937 3771
1783604627315 0.13869282603263855 3772
1783604627450 0.9094841480255127 3773
1783604627589 0.10391157865524292 3774
1783604627714 0.2945813834667206 3775
1783604627871 0.4469977915287018 3776
1783604628226 0.17182977497577667 3777
1783604628346 0.1369728147983551 3778
1783604628486 0.21469350159168243 3779
1783604628611 0.2643599808216095 3780
1783604628814 0.3237829804420471 3781
1783604628968 0.46073615550994873 3782
1783604629123 0.16348697245121002 3783
1783604629270 0.2945144474506378 3784
1783604629425 0.6964696049690247 3785
1783604629587 0.5762539505958557 3786
1783604629723 0.17915767431259155 3787
1783604629859 0.2200404852628708 3788
1783604630018 0.49202635884284973 3789
1783604630170 0.8906192779541016 3790
1783604630322 0.09872643649578094 3791
1783604630496 0.1501300036907196 3792
1783604630655 0.2118755280971527 3793
1783604630761 0.28657934069633484 3794
1783604630945 0.18827717006206512 3795
1783604631054 0.33937281370162964 3796
1783604631213 0.3893469274044037 3797
1783604631396 0.22889572381973267 3798
1783604631547 0.13691024482250214 3799
1783604631701 0.6142244338989258 3800
1783604631826 0.30295926332473755 3801
1783604631999 0.1429949253797531 3802
1783604632176 0.40398022532463074 3803
1783604632335 0.5984722971916199 3804
1783604632495 0.20016556978225708 3805
1783604632645 0.26528167724609375 3806
1783604632807 0.15643200278282166 3807
1783604632927 0.1344086080789566 3808
1783604633069 0.5059586763381958 3809
1783604633277 0.3068810701370239 3810
1783604633425 0.4161362051963806 3811
1783604633583 0.09270987659692764 3812
1783604633742 0.17305076122283936 3813
1783604633872 0.18640634417533875 3814
1783604634010 0.5764463543891907 3815
1783604634137 0.31684285402297974 3816
1783604634313 0.29746079444885254 3817
1783604634597 0.26225343346595764 3818
1783604634769 0.20534835755825043 3819
1783604634925 0.42569735646247864 3820
1783604635067 0.3324548304080963 3821
1783604635222 0.5836254358291626 3822
1783604635356 0.3220776915550232 3823
1783604635512 0.2583743631839752 3824
1783604635678 0.8928727507591248 3825
1783604635927 0.24814970791339874 3826
1783604636061 0.27988460659980774 3827
1783604636198 0.16359876096248627 3828
1783604636349 0.21763983368873596 3829
1783604636513 0.08189092576503754 3830
1783604636717 0.3734731376171112 3831
1783604636809 0.37145617604255676 3832
1783604636965 0.279792457818985 3833
1783604637197 0.22376221418380737 3834
1783604637361 0.2296169549226761 3835
1783604637521 0.34800344705581665 3836
1783604637672 0.5175652503967285 3837
1783604637874 0.19260013103485107 3838
1783604638012 0.3223296105861664 3839
1783604638185 0.4976033866405487 3840
1783604638338 0.23920992016792297 3841
1783604638484 0.42730703949928284 3842
1783604638713 0.5700554251670837 3843
1783604638886 0.19568726420402527 3844
1783604639048 0.26031413674354553 3845
1783604639196 0.11167982965707779 3846
1783604639347 0.106491319835186 3847
1783604639477 0.6425462365150452 3848
1783604639610 0.18715772032737732 3849
1783604639772 0.6583795547485352 3850
1783604639925 0.468107134103775 3851
1783604640094 0.08599664270877838 3852
1783604640236 0.30283719301223755 3853
1783604640440 0.31532782316207886 3854
1783604640590 0.4050372242927551 3855
1783604640736 0.231409952044487 3856
1783604640914 0.23151104152202606 3857
1783604641035 0.16787290573120117 3858
1783604641193 0.2766585052013397 3859
1783604641390 0.28700003027915955 3860
1783604641553 0.10544425249099731 3861
1783604641695 0.22280508279800415 3862
1783604641860 0.35447612404823303 3863
1783604642019 0.21969304978847504 3864
1783604642154 0.1188577190041542 3865
1783604642339 0.15351854264736176 3866
1783604642573 0.21522973477840424 3867
1783604642703 0.3133239150047302 3868
1783604642870 0.21544358134269714 3869
1783604643031 0.3971322774887085 3870
1783604643178 0.2335088700056076 3871
1783604643348 0.1900617778301239 3872
1783604643520 0.40066036581993103 3873
1783604643662 0.12369876354932785 3874
1783604643794 0.19761775434017181 3875
1783604643990 0.4403133690357208 3876
1783604644133 0.6512948870658875 3877
1783604644292 0.2639652490615845 3878
1783604644446 0.19645144045352936 3879
1783604644589 0.6052190065383911 3880
1783604644751 0.3500869572162628 3881
1783604644879 0.588148832321167 3882
1783604645150 0.24982424080371857 3883
1783604645304 0.468744695186615 3884
1783604645478 0.2715565860271454 3885
1783604645635 0.51167231798172 3886
1783604645786 0.0986214280128479 3887
1783604645917 0.25408047437667847 3888
1783604646068 0.2195381224155426 3889
1783604646206 0.23480454087257385 3890
1783604646360 0.1495431810617447 3891
1783604646524 0.5697566270828247 3892
1783604646727 0.22727467119693756 3893
1783604646855 0.40111565589904785 3894
1783604647008 0.325094997882843 3895
1783604647195 0.16206635534763336 3896
1783604647362 0.1832374483346939 3897
1783604647542 0.29402175545692444 3898
1783604647739 0.2739088833332062 3899
1783604647828 0.2985643744468689 3900
1783604647909 0.6598601937294006 3901
1783604648001 0.23995418846607208 3902
1783604648092 0.30033543705940247 3903
1783604648199 0.26436156034469604 3904
1783604648324 0.4336836636066437 3905
1783604648447 0.23110400140285492 3906
1783604648626 0.114830881357193 3907
1783604648819 0.7796316146850586 3908
1783604649020 0.0498574897646904 3909
1783604649136 0.35572975873947144 3910
1783604649267 0.1444825530052185 3911
1783604649433 0.2374388724565506 3912
1783604649588 0.2855744957923889 3913
1783604649765 0.40878358483314514 3914
1783604649934 0.18632778525352478 3915
1783604650094 0.23956796526908875 3916
1783604650244 0.4569021761417389 3917
1783604650392 0.10634993761777878 3918
1783604650562 0.21737432479858398 3919
1783604650717 0.4623613953590393 3920
1783604650851 0.3354869782924652 3921
1783604650963 0.3718482553958893 3922
1783604651078 0.10997170209884644 3923
1783604651264 0.23129239678382874 3924
1783604651435 0.5240679979324341 3925
1783604651592 0.24651290476322174 3926
1783604651730 0.7128596901893616 3927
1783604651916 0.15036265552043915 3928
1783604652099 0.4515191614627838 3929
1783604652250 0.49127039313316345 3930
1783604652377 0.43440261483192444 3931
1783604652530 0.10600315034389496 3932
1783604652706 0.3277943432331085 3933
1783604652904 0.11702442914247513 3934
1783604653043 0.43662509322166443 3935
1783604653186 0.17345644533634186 3936
1783604653320 0.3227975070476532 3937
1783604653456 0.39727088809013367 3938
1783604653597 0.14814847707748413 3939
1783604653745 0.1429695039987564 3940
1783604653911 0.11253178864717484 3941
1783604654086 0.1429872363805771 3942
1783604654223 0.6949496865272522 3943
1783604654368 0.18655388057231903 3944
1783604654528 0.6038744449615479 3945
1783604654661 0.38037362694740295 3946
1783604654839 0.31193825602531433 3947
1783604654972 0.45052266120910645 3948
1783604655136 0.06479591131210327 3949
1783604655309 0.5786688327789307 3950
1783604655476 0.18669314682483673 3951
1783604655585 0.315512478351593 3952
1783604655724 0.2972853481769562 3953
1783604655876 0.5514340996742249 3954
1783604656008 0.31998974084854126 3955
1783604656178 0.30714526772499084 3956
1783604656324 0.31927576661109924 3957
1783604656457 0.438472718000412 3958
1783604656704 0.21686707437038422 3959
1783604656808 0.16628414392471313 3960
1783604656909 0.48684778809547424 3961
1783604657106 0.4134023189544678 3962
1783604657252 0.12672176957130432 3963
1783604657400 1.0067899227142334 3964
1783604657558 0.6025340557098389 3965
1783604657693 0.4545436203479767 3966
1783604657841 0.0814310610294342 3967
1783604657987 0.589240312576294 3968
1783604658133 0.6212871074676514 3969
1783604658309 0.23326639831066132 3970
1783604658427 0.3737327456474304 3971
1783604658559 0.39712899923324585 3972
1783604658703 0.3574081361293793 3973
1783604658878 0.389283686876297 3974
1783604659009 0.159009650349617 3975
1783604659271 0.10941687226295471 3976
1783604659424 0.7101501822471619 3977
1783604659622 0.33069637417793274 3978
1783604659796 0.23106245696544647 3979
1783604659970 0.5687503218650818 3980
1783604660158 0.38896825909614563 3981
1783604660321 0.06139238178730011 3982
1783604660470 0.27683308720588684 3983
1783604660684 0.1294456124305725 3984
1783604660823 0.3745580315589905 3985
1783604660949 0.17842116951942444 3986
1783604661042 0.1686190366744995 3987
1783604661166 0.30706867575645447 3988
1783604661322 0.35284191370010376 3989
1783604661497 0.5841379761695862 3990
1783604661910 0.18697290122509003 3991
1783604662031 0.3915998041629791 3992
1783604662161 0.15952862799167633 3993
1783604662293 0.3784964680671692 3994
1783604662442 0.5747913122177124 3995
1783604662599 0.26673951745033264 3996
1783604662743 0.11388081312179565 3997
1783604662898 0.17589539289474487 3998
1783604663293 0.19888383150100708 3999
1783604663451 0.1328321099281311 4000
1783604663626 0.2779236137866974 4001
1783604663789 0.33311450481414795 4002
1783604663944 0.3743235170841217 4003
1783604664108 0.11777838319540024 4004
1783604664271 0.3876556158065796 4005
1783604664588 0.17053376138210297 4006
1783604664736 0.3024531602859497 4007
1783604664901 0.215895876288414 4008
1783604665050 0.21434351801872253 4009
1783604665205 0.15380044281482697 4010
1783604665370 0.26687508821487427 4011
1783604665509 0.4191873371601105 4012
1783604665645 0.586594820022583 4013
1783604665941 0.18327943980693817 4014
1783604666107 0.09403251856565475 4015
1783604666258 0.2670445740222931 4016
1783604666416 0.5795029997825623 4017
1783604666547 0.1340537965297699 4018
1783604666711 0.3448476791381836 4019
1783604666820 0.111756332218647 4020
1783604667089 0.6055944561958313 4021
1783604667267 0.08682900667190552 4022
1783604667424 0.24339644610881805 4023
1783604667581 0.14976558089256287 4024
1783604667734 0.397929847240448 4025
1783604667867 0.15160509943962097 4026
1783604668027 0.39596059918403625 4027
1783604668186 0.18995805084705353 4028
1783604668348 0.24561907351016998 4029
1783604668489 0.2896265983581543 4030
1783604668641 0.29626214504241943 4031
1783604668739 0.15408886969089508 4032
1783604668914 0.2599394917488098 4033
1783604669053 0.3284333050251007 4034
1783604669205 0.7265732884407043 4035
1783604669380 0.15482813119888306 4036
1783604669526 0.3807518184185028 4037
1783604669676 0.2933361530303955 4038
1783604669868 0.6947223544120789 4039
1783604670026 0.5798906087875366 4040
1783604670177 0.23287411034107208 4041
1783604670345 0.30881351232528687 4042
1783604670483 0.15932917594909668 4043
1783604670650 0.2503373920917511 4044
1783604670798 0.4209889769554138 4045
1783604670956 0.6835249066352844 4046
1783604671107 0.2377491444349289 4047
1783604671248 0.33927714824676514 4048
1783604671413 0.201964870095253 4049
1783604671575 0.38873594999313354 4050
1783604671725 0.16365128755569458 4051
1783604671894 0.2876778542995453 4052
1783604672042 0.4023891091346741 4053
1783604672239 0.20108075439929962 4054
1783604672428 0.5555235743522644 4055
1783604672569 0.2206554114818573 4056
1783604672747 0.4744701385498047 4057
1783604672896 0.6230531930923462 4058
1783604673061 0.17753265798091888 4059
1783604673193 0.1549195647239685 4060
1783604673344 0.28170230984687805 4061
1783604673755 0.21953141689300537 4062
1783604673924 0.5373507738113403 4063
1783604674096 0.12150882184505463 4064
1783604674245 0.14220565557479858 4065
1783604674419 0.17897294461727142 4066
1783604674572 0.4385620355606079 4067
1783604674950 0.6050305962562561 4068
1783604675084 0.563206672668457 4069
1783604675243 0.3818274736404419 4070
1783604675395 0.5838983654975891 4071
1783604675560 0.13399748504161835 4072
1783604675701 0.22627055644989014 4073
1783604675867 0.13274629414081573 4074
1783604676015 0.30178573727607727 4075
1783604676358 0.3847862184047699 4076
1783604676498 0.7470664978027344 4077
1783604676656 0.2347593456506729 4078
1783604676800 0.27231666445732117 4079
1783604676894 0.4827496409416199 4080
1783604677090 0.6465755105018616 4081
1783604677251 0.22015705704689026 4082
1783604677390 0.17352603375911713 4083
1783604677532 0.21656854450702667 4084
1783604677768 0.27029502391815186 4085
1783604677915 0.16244758665561676 4086
1783604678072 0.28955671191215515 4087
1783604678223 0.825516939163208 4088
1783604678371 0.07090334594249725 4089
1783604678500 0.15803419053554535 4090
1783604678630 0.22314052283763885 4091
1783604678885 0.22873538732528687 4092
1783604679012 0.2157536894083023 4093
1783604679180 0.21213296055793762 4094
1783604679352 0.2331956923007965 4095
1783604679494 0.6746569275856018 4096
1783604679614 0.14970506727695465 4097
1783604679765 0.11015012860298157 4098
1783604679919 0.04216940328478813 4099
1783604680069 0.3023465573787689 4100
1783604680366 0.3158566951751709 4101
1783604680532 0.15870212018489838 4102
1783604680674 0.2633151412010193 4103
1783604680812 0.40922650694847107 4104
1783604680988 0.25136658549308777 4105
1783604681113 0.8707160949707031 4106
1783604681269 0.23950380086898804 4107
1783604681441 0.4662477672100067 4108
1783604681592 0.2783389091491699 4109
1783604681726 0.13701044023036957 4110
1783604681889 0.1324722021818161 4111
1783604682099 0.3763841688632965 4112
1783604682244 0.29195812344551086 4113
1783604682394 0.34631308913230896 4114
1783604682560 0.597491443157196 4115
1783604682871 0.18836309015750885 4116
1783604683013 0.21549208462238312 4117
1783604683162 0.3875768184661865 4118
1783604683337 0.14292584359645844 4119
1783604683496 0.09912095963954926 4120
1783604683650 0.2533681094646454 4121
1783604683790 0.3689335882663727 4122
1783604684232 0.18121610581874847 4123
1783604684391 1.1186822652816772 4124
1783604684544 0.36380860209465027 4125
1783604684696 0.11594215035438538 4126
1783604684865 0.4322076737880707 4127
1783604684999 0.36450186371803284 4128
1783604685144 0.2808041274547577 4129
1783604685391 0.15244607627391815 4130
1783604685536 0.35457345843315125 4131
1783604685684 0.2327953726053238 4132
1783604685821 0.13031986355781555 4133
1783604685976 0.10752033442258835 4134
1783604686113 0.3905985653400421 4135
1783604686272 0.7608774900436401 4136
1783604686424 0.7108538150787354 4137
1783604686603 0.20758190751075745 4138
1783604686765 0.09330852329730988 4139
1783604686859 0.43127596378326416 4140
1783604686999 0.34389862418174744 4141
1783604687152 0.20669734477996826 4142
1783604687260 0.15680190920829773 4143
1783604687393 0.3106692135334015 4144
1783604687554 0.5839641094207764 4145
1783604687711 0.40152499079704285 4146
1783604688025 0.23551782965660095 4147
1783604688118 0.5055849552154541 4148
1783604688273 0.4802267849445343 4149
1783604688397 0.15839748084545135 4150
1783604688547 0.4298802316188812 4151
1783604688715 0.4327928125858307 4152
1783604688933 0.27501052618026733 4153
1783604689214 0.42157265543937683 4154
1783604689335 0.18120330572128296 4155
1783604689449 0.3890807032585144 4156
1783604689608 0.29566246271133423 4157
1783604689792 0.6015294194221497 4158
1783604689955 0.42278221249580383 4159
1783604690107 0.3367518186569214 4160
1783604690270 0.20990826189517975 4161
1783604690455 0.358857661485672 4162
1783604690592 0.4873655140399933 4163
1783604690722 0.44238656759262085 4164
1783604690891 0.4379585087299347 4165
1783604691009 0.3313334882259369 4166
1783604691147 0.37953445315361023 4167
1783604691287 0.4968237578868866 4168
1783604691462 0.22440119087696075 4169
1783604691607 0.5609844326972961 4170
1783604691777 0.16222012042999268 4171
1783604691913 0.15406614542007446 4172
1783604692077 0.3182716369628906 4173
1783604692229 0.14246468245983124 4174
1783604692400 0.15218134224414825 4175
1783604692559 0.7903727889060974 4176
1783604692698 0.10934238880872726 4177
1783604692867 0.3971288502216339 4178
1783604693185 0.1683359295129776 4179
1783604693316 0.1653054803609848 4180
1783604693439 0.1856616735458374 4181
1783604693582 0.2553108036518097 4182
1783604693715 0.12060360610485077 4183
1783604693872 0.4239175319671631 4184
1783604694039 0.23275168240070343 4185
1783604694193 0.12877339124679565 4186
1783604694425 0.4097892642021179 4187
1783604694572 0.5678166747093201 4188
1783604694712 0.2542559504508972 4189
1783604694847 0.13823920488357544 4190
1783604694999 0.1542474627494812 4191
1783604695165 0.47277748584747314 4192
1783604695306 0.5323920249938965 4193
1783604695451 0.26987919211387634 4194
1783604695714 0.17332646250724792 4195
1783604695833 0.2735134959220886 4196
1783604695967 0.43795451521873474 4197
1783604696108 0.42766743898391724 4198
1783604696255 0.5557429790496826 4199
1783604696417 0.450534462928772 4200
1783604696575 0.16858544945716858 4201
1783604696801 0.23356133699417114 4202
1783604696899 0.22936101257801056 4203
1783604697109 0.30145028233528137 4204
1783604697289 0.2267511487007141 4205
1783604697434 0.4313185513019562 4206
1783604697612 0.11217831075191498 4207
1783604697768 0.4004071354866028 4208
1783604697933 0.6576058268547058 4209
1783604698222 0.3386560082435608 4210
1783604698386 0.4770832657814026 4211
1783604698528 0.07536562532186508 4212
1783604698674 0.21505989134311676 4213
1783604698838 0.29335305094718933 4214
1783604698958 0.44602343440055847 4215
1783604699098 0.4709916114807129 4216
1783604699230 0.6393388509750366 4217
1783604699564 0.3464066684246063 4218
1783604699701 0.11657390743494034 4219
1783604699861 0.1873198300600052 4220
1783604700041 0.1914377510547638 4221
1783604700193 0.20075897872447968 4222
1783604700347 0.2032535970211029 4223
1783604700484 0.2080926150083542 4224
1783604700644 0.42576926946640015 4225
1783604700808 0.2437262088060379 4226
1783604701004 0.3783339560031891 4227
1783604701124 0.4294275939464569 4228
1783604701279 0.1834070086479187 4229
1783604701393 0.45836305618286133 4230
1783604701556 0.044533856213092804 4231
1783604701725 0.5321343541145325 4232
1783604701891 0.6839301586151123 4233
1783604702305 0.28205469250679016 4234
1783604702443 0.2635062634944916 4235
1783604702621 0.2716735005378723 4236
1783604702758 0.3134455978870392 4237
1783604702923 0.6913570165634155 4238
1783604703091 0.4793815016746521 4239
1783604703249 0.17755810916423798 4240
1783604703431 0.15323437750339508 4241
1783604703566 0.5355204939842224 4242
1783604703729 0.4650651216506958 4243
1783604703869 0.489824116230011 4244
1783604704020 0.4372877776622772 4245
1783604704170 0.3065124452114105 4246
1783604704305 0.2624550461769104 4247
1783604704479 0.8055301904678345 4248
1783604704720 0.32264670729637146 4249
1783604704873 0.3424292504787445 4250
1783604705033 0.20336705446243286 4251
1783604705187 0.49249327182769775 4252
1783604705331 0.4546738266944885 4253
1783604705484 0.08830033242702484 4254
1783604705616 0.22396866977214813 4255
1783604705753 0.34768322110176086 4256
1783604705934 0.21597398817539215 4257
1783604706121 0.21114537119865417 4258
1783604706279 0.27165544033050537 4259
1783604706428 0.13822637498378754 4260
1783604706580 0.2942490577697754 4261
1783604706780 0.33188390731811523 4262
1783604706874 0.08932942152023315 4263
1783604707035 0.3279631435871124 4264
1783604707335 0.21733689308166504 4265
1783604707489 0.28656789660453796 4266
1783604707641 0.2648581266403198 4267
1783604707807 0.5451748371124268 4268
1783604707954 0.5103031992912292 4269
1783604708089 0.13928204774856567 4270
1783604708254 0.1559169441461563 4271
1783604708423 0.5418723225593567 4272
1783604708589 0.22049707174301147 4273
1783604708804 0.19298934936523438 4274
1783604708924 0.1883661299943924 4275
1783604709061 0.42259907722473145 4276
1783604709218 0.110109843313694 4277
1783604709336 0.17273569107055664 4278
1783604709494 0.388092964887619 4279
1783604709646 0.3697146773338318 4280
1783604709805 0.376505583524704 4281
1783604710049 0.21393924951553345 4282
1783604710189 0.3166809678077698 4283
1783604710342 0.09240664541721344 4284
1783604710493 0.21627797186374664 4285
1783604710654 0.21268709003925323 4286
1783604710812 0.1233074814081192 4287
1783604710990 0.6980820298194885 4288
1783604711081 0.1188494935631752 4289
1783604711292 0.4304206371307373 4290
1783604711439 0.6530057191848755 4291
1783604711591 0.5514111518859863 4292
1783604711726 0.09394226223230362 4293
1783604711901 0.19165408611297607 4294
1783604712088 0.5584982633590698 4295
1783604712262 0.5198449492454529 4296
1783604712429 0.3174879848957062 4297
1783604712706 0.680070161819458 4298
1783604712855 0.39137762784957886 4299
1783604713002 0.3985415995121002 4300
1783604713160 0.1629231721162796 4301
1783604713266 0.09207203984260559 4302
1783604713400 0.12546053528785706 4303
1783604713555 0.45439472794532776 4304
1783604713701 0.15578526258468628 4305
1783604713894 0.350690096616745 4306
1783604714080 0.19396960735321045 4307
1783604714264 0.18340344727039337 4308
1783604714427 0.3914094567298889 4309
1783604714594 0.203380286693573 4310
1783604714734 0.17336808145046234 4311
1783604714894 0.3865737020969391 4312
1783604715038 0.21859511733055115 4313
1783604715280 0.2214704155921936 4314
1783604715442 0.1545790731906891 4315
1783604715594 0.21890518069267273 4316
1783604715763 0.185678631067276 4317
1783604715894 0.20283444225788116 4318
1783604716030 0.2780490815639496 4319
1783604716189 0.22391508519649506 4320
1783604716333 0.15363124012947083 4321
1783604716470 0.2773191034793854 4322
1783604716647 0.32007715106010437 4323
1783604716837 0.19760340452194214 4324
1783604716984 0.368815541267395 4325
1783604717133 0.20940138399600983 4326
1783604717276 0.3447905480861664 4327
1783604717413 0.2957230508327484 4328
1783604717558 0.40253251791000366 4329
1783604717697 0.2090497761964798 4330
1783604717853 0.14840374886989594 4331
1783604717992 0.4157125651836395 4332
1783604718167 0.08580218255519867 4333
1783604718315 0.3191421329975128 4334
1783604718476 0.13138237595558167 4335
1783604718633 0.5697141885757446 4336
1783604718778 0.6667258739471436 4337
1783604718983 0.5007023811340332 4338
1783604719112 0.4498148560523987 4339
1783604719270 0.19211047887802124 4340
1783604719419 0.1406191736459732 4341
1783604719584 0.2674961984157562 4342
1783604719738 0.13103815913200378 4343
1783604719882 0.24188397824764252 4344
1783604720016 0.4425293803215027 4345
1783604720159 0.5243778228759766 4346
1783604720428 0.19396354258060455 4347
1783604720571 0.62958824634552 4348
1783604720731 0.5318994522094727 4349
1783604720871 0.19206660985946655 4350
1783604720981 0.24622300267219543 4351
1783604721108 0.28250494599342346 4352
1783604721258 0.23787429928779602 4353
1783604721396 0.3829391300678253 4354
1783604721814 0.44031646847724915 4355
1783604721940 0.28518804907798767 4356
1783604722127 0.16096331179141998 4357
1783604722284 0.10316526889801025 4358
1783604722431 0.2915210723876953 4359
1783604722606 0.15849126875400543 4360
1783604722743 0.514521598815918 4361
1783604723071 0.5007408857345581 4362
1783604723211 0.38290244340896606 4363
1783604723367 0.29652225971221924 4364
1783604723508 0.48433545231819153 4365
1783604723671 0.09955625981092453 4366
1783604723818 0.1577346920967102 4367
1783604723975 0.27048182487487793 4368
1783604724098 0.21866221725940704 4369
1783604724254 0.2170874923467636 4370
1783604724495 0.22445791959762573 4371
1783604724644 0.365813285112381 4372
1783604724807 0.19313476979732513 4373
1783604724943 0.2558668255805969 4374
1783604725116 0.4760558605194092 4375
1783604725261 0.09777585417032242 4376
1783604725407 0.34615716338157654 4377
1783604725525 0.3457397520542145 4378
1783604725679 0.07573863118886948 4379
1783604725828 0.374195396900177 4380
1783604725988 0.09324035793542862 4381
1783604726124 0.29471734166145325 4382
1783604726253 0.23585861921310425 4383
1783604726404 0.18292899429798126 4384
1783604726546 0.2225600928068161 4385
1783604726697 0.3225610554218292 4386
1783604726833 0.5892608761787415 4387
1783604726955 0.3050634264945984 4388
1783604727073 0.20596030354499817 4389
1783604727245 0.11210974305868149 4390
1783604727372 0.6002066731452942 4391
1783604727518 0.2642535865306854 4392
1783604727680 0.16841363906860352 4393
1783604727846 0.3805176019668579 4394
1783604727999 0.22437705099582672 4395
1783604728140 0.2502477169036865 4396
1783604728309 0.7957921028137207 4397
1783604728422 0.07234372943639755 4398
1783604728517 0.3192242681980133 4399
1783604728678 0.15375320613384247 4400
1783604728825 0.1211283877491951 4401
1783604728997 0.16853493452072144 4402
1783604729139 0.4178520739078522 4403
1783604729290 0.23263177275657654 4404
1783604729466 0.25042882561683655 4405
1783604729618 0.033660177141427994 4406
1783604729743 0.4143216013908386 4407
1783604729906 0.18931333720684052 4408
1783604730060 0.31424805521965027 4409
1783604730196 0.13409391045570374 4410
1783604730357 0.21657244861125946 4411
1783604730503 0.46341636776924133 4412
1783604730760 0.40535521507263184 4413
1783604730886 0.2868824303150177 4414
1783604731032 0.2095014750957489 4415
1783604731179 0.18618306517601013 4416
1783604731332 0.41708821058273315 4417
1783604731479 0.2537606358528137 4418
1783604731646 0.2564318776130676 4419
1783604731805 0.18324077129364014 4420
1783604732097 0.42994368076324463 4421
1783604732240 0.6254684925079346 4422
1783604732399 0.4368518590927124 4423
1783604732550 0.20285765826702118 4424
1783604732713 0.08594520390033722 4425
1783604732804 0.7003929018974304 4426
1783604732958 0.28892719745635986 4427
1783604733113 0.3607531487941742 4428
1783604733313 0.25980234146118164 4429
1783604733473 0.1969020813703537 4430
1783604733611 0.15535752475261688 4431
1783604733741 0.5211709141731262 4432
1783604733858 0.08053822070360184 4433
1783604734004 0.2140641212463379 4434
1783604734146 0.29238104820251465 4435
1783604734283 0.19842687249183655 4436
1783604734443 0.531156599521637 4437
1783604734637 0.27158716320991516 4438
1783604734757 0.17343930900096893 4439
1783604734906 0.553887128829956 4440
1783604735052 0.5038182735443115 4441
1783604735200 0.7547774910926819 4442
1783604735339 0.06811733543872833 4443
1783604735486 0.4003121554851532 4444
1783604735620 0.1386214643716812 4445
1783604735770 0.36937856674194336 4446
1783604735924 0.47156843543052673 4447
1783604736087 0.2689376473426819 4448
1783604736228 0.4393289387226105 4449
1783604736369 0.10931603610515594 4450
1783604736520 0.18595409393310547 4451
1783604736669 0.3601463735103607 4452
1783604736836 0.5133578181266785 4453
1783604736939 0.15518753230571747 4454
1783604737083 0.06971202790737152 4455
1783604737235 0.3540269136428833 4456
1783604737438 0.14705219864845276 4457
1783604737576 0.4823707044124603 4458
1783604737716 0.2914970815181732 4459
1783604737874 0.28554514050483704 4460
1783604738018 0.6604129672050476 4461
1783604738157 0.21637751162052155 4462
1783604738307 0.3667945861816406 4463
1783604738454 0.8080193996429443 4464
1783604738697 0.27227577567100525 4465
1783604738856 0.1582641750574112 4466
1783604739014 0.13783316314220428 4467
1783604739168 0.44741174578666687 4468
1783604739309 0.275957852602005 4469
1783604739446 0.18233422935009003 4470
1783604739581 0.28935834765434265 4471
1783604739731 0.261159211397171 4472
1783604739957 0.6228351593017578 4473
1783604740117 0.5324660539627075 4474
1783604740308 0.07573113590478897 4475
1783604740452 0.5308568477630615 4476
1783604740601 0.2558881938457489 4477
1783604740740 0.33145827054977417 4478
1783604740910 0.5287109017372131 4479
1783604741016 0.25167497992515564 4480
1783604741142 0.5900435447692871 4481
1783604741294 0.45191648602485657 4482
1783604741440 0.22951531410217285 4483
1783604741568 0.30843716859817505 4484
1783604741736 0.28219074010849 4485
1783604741888 0.27866920828819275 4486
1783604742082 0.49217379093170166 4487
1783604742251 0.22395728528499603 4488
1783604742431 0.4636099338531494 4489
1783604742552 0.5285090804100037 4490
1783604742702 0.341094970703125 4491
1783604742837 0.08531060814857483 4492
1783604742976 0.4546910226345062 4493
1783604743132 0.7002168893814087 4494
1783604743266 0.06801874190568924 4495
1783604743406 0.18843276798725128 4496
1783604743550 0.24283133447170258 4497
1783604743665 0.20675048232078552 4498
1783604743862 0.2848854660987854 4499
1783604744014 0.3837955892086029 4500
1783604744155 0.14804446697235107 4501
1783604744321 0.1909780204296112 4502
1783604744450 0.24092838168144226 4503
1783604744587 0.2846067547798157 4504
1783604744715 0.3403748571872711 4505
1783604744836 0.3122600317001343 4506
1783604744994 0.326999694108963 4507
1783604745174 0.4377811551094055 4508
1783604745321 0.3932225704193115 4509
1783604745462 0.24961058795452118 4510
1783604745602 0.18772004544734955 4511
1783604745726 0.5132172703742981 4512
1783604745852 0.1898304969072342 4513
1783604746008 0.17264941334724426 4514
1783604746306 0.27927130460739136 4515
1783604746533 0.2695543169975281 4516
1783604746661 0.20365436375141144 4517
1783604746817 0.14139176905155182 4518
1783604746909 0.42713990807533264 4519
1783604747053 0.23369328677654266 4520
1783604747205 0.12512467801570892 4521
1783604747363 0.2228945791721344 4522
1783604747511 0.3675249516963959 4523
1783604747741 0.7176265120506287 4524
1783604747881 0.03830442577600479 4525
1783604748022 0.2863076329231262 4526
1783604748191 0.3258039355278015 4527
1783604748348 0.5488794445991516 4528
1783604748514 0.4245641827583313 4529
1783604748653 0.4309779107570648 4530
1783604748793 0.23816613852977753 4531
1783604749075 0.49828970432281494 4532
1783604749201 0.4761877655982971 4533
1783604749362 0.21806858479976654 4534
1783604749511 0.19448265433311462 4535
1783604749670 0.2023807168006897 4536
1783604749806 0.15321773290634155 4537
1783604749951 0.3427201509475708 4538
1783604750083 0.6325384974479675 4539
1783604750248 0.3154061734676361 4540
1783604750410 0.3752877712249756 4541
1783604750539 0.14246541261672974 4542
1783604750680 0.33752164244651794 4543
1783604750837 0.1523553729057312 4544
1783604750995 0.1719033420085907 4545
1783604751164 0.6275785565376282 4546
1783604751300 0.41835668683052063 4547
1783604751460 0.3724866509437561 4548
1783604751643 0.126598060131073 4549
1783604751783 0.3921924829483032 4550
1783604751961 0.7142637968063354 4551
1783604752130 0.37512969970703125 4552
1783604752262 0.4779452681541443 4553
1783604752413 0.5959753394126892 4554
1783604752564 0.1828509420156479 4555
1783604752865 0.19011135399341583 4556
1783604753077 0.5209711194038391 4557
1783604753216 0.8068110346794128 4558
1783604753341 0.33155685663223267 4559
1783604753483 0.44839078187942505 4560
1783604753627 0.16762207448482513 4561
1783604753770 0.38440439105033875 4562
1783604753917 0.2829459607601166 4563
1783604754070 0.21200765669345856 4564
1783604754272 0.19245532155036926 4565
1783604754409 0.22067926824092865 4566
1783604754545 0.2656807601451874 4567
1783604754690 0.48052042722702026 4568
1783604754822 0.40368929505348206 4569
1783604754955 0.19712747633457184 4570
1783604755101 0.070750392973423 4571
1783604755271 0.18686755001544952 4572
1783604755487 0.16779451072216034 4573
1783604755604 0.3792494237422943 4574
1783604755710 0.2721748650074005 4575
1783604755848 0.15823855996131897 4576
1783604756017 0.29070350527763367 4577
1783604756162 0.13738004863262177 4578
1783604756310 0.3058522939682007 4579
1783604756451 0.4098547399044037 4580
1783604756724 0.1730102151632309 4581
1783604756840 0.3229805529117584 4582
1783604756957 0.28152403235435486 4583
1783604757115 0.4076220691204071 4584
1783604757275 0.31896400451660156 4585
1783604757415 0.2122320830821991 4586
1783604757532 0.418102502822876 4587
1783604757673 0.4633910059928894 4588
1783604757787 0.5273258090019226 4589
1783604757955 0.1265830546617508 4590
1783604758104 0.3423735499382019 4591
1783604758245 0.2913035452365875 4592
1783604758406 0.5008024573326111 4593
1783604758546 0.21362149715423584 4594
1783604758710 0.27607569098472595 4595
1783604758837 0.544558584690094 4596
1783604759006 0.38947710394859314 4597
1783604759225 0.30570125579833984 4598
1783604759445 0.22215279936790466 4599
1783604759581 0.20718945562839508 4600
1783604759719 0.21205934882164001 4601
1783604759850 0.31053218245506287 4602
1783604759968 0.287624329328537 4603
1783604760124 0.34389153122901917 4604
1783604760263 0.15622703731060028 4605
1783604760421 0.5225929021835327 4606
1783604760631 0.46881943941116333 4607
1783604760784 0.6252805590629578 4608
1783604760917 0.5622813105583191 4609
1783604761027 0.25833001732826233 4610
1783604761156 0.24793298542499542 4611
1783604761318 0.617039144039154 4612
1783604761464 0.25044527649879456 4613
1783604761615 0.43645378947257996 4614
1783604761757 0.4196773171424866 4615
1783604762046 0.7103371620178223 4616
1783604762178 0.44184407591819763 4617
1783604762318 0.04530839994549751 4618
1783604762472 0.1812606304883957 4619
1783604762614 0.4577080309391022 4620
1783604762759 0.33717456459999084 4621
1783604762919 0.3682578504085541 4622
1783604763128 0.22098639607429504 4623
1783604763257 0.43286651372909546 4624
1783604763368 0.6753448843955994 4625
1783604763496 0.27316737174987793 4626
1783604763646 0.21694301068782806 4627
1783604763792 0.28895339369773865 4628
1783604763943 0.5093352198600769 4629
1783604764081 0.2029508501291275 4630
1783604764198 0.20102863013744354 4631
1783604764320 0.13400529325008392 4632
1783604764512 0.14187635481357574 4633
1783604764662 0.07036073505878448 4634
1783604764806 0.34103843569755554 4635
1783604764940 0.3354080617427826 4636
1783604765080 0.26012998819351196 4637
1783604765219 0.19907847046852112 4638
1783604765347 0.18766194581985474 4639
1783604765515 0.43876367807388306 4640
1783604765681 0.5205174088478088 4641
1783604765801 0.25286492705345154 4642
1783604765957 0.046637605875730515 4643
1783604766111 0.3609830141067505 4644
1783604766272 0.1087227538228035 4645
1783604766396 0.24016642570495605 4646
1783604766522 0.3785861134529114 4647
1783604766693 0.288522332906723 4648
1783604766854 0.22344768047332764 4649
1783604766952 0.10771659761667252 4650
1783604767133 0.2670053541660309 4651
1783604767280 0.13129054009914398 4652
1783604767415 0.2508864104747772 4653
1783604767540 0.45305711030960083 4654
1783604767701 0.06593864411115646 4655
1783604767872 0.3578813672065735 4656
1783604768007 0.14544521272182465 4657
1783604768155 0.14174367487430573 4658
1783604768385 0.07093271613121033 4659
1783604768543 0.19124269485473633 4660
1783604768679 0.4502473771572113 4661
1783604768805 0.2956085503101349 4662
1783604768930 0.18515202403068542 4663
1783604769076 0.43286943435668945 4664
1783604769226 0.18027590215206146 4665
1783604769344 0.14267581701278687 4666
1783604769567 0.3357805609703064 4667
1783604769683 0.302776962518692 4668
1783604769807 0.49023836851119995 4669
1783604769957 0.34277281165122986 4670
1783604770086 0.5661248564720154 4671
1783604770216 0.3846256136894226 4672
1783604770379 0.36705175042152405 4673
1783604770534 0.3182438611984253 4674
1783604770853 0.7915182709693909 4675
1783604770982 0.29450052976608276 4676
1783604771119 0.5458236932754517 4677
1783604771255 0.380095899105072 4678
1783604771416 0.17951615154743195 4679
1783604771559 0.19037333130836487 4680
1783604771723 0.45448824763298035 4681
1783604771857 0.19044822454452515 4682
1783604772004 0.1764635592699051 4683
1783604772144 0.06643766164779663 4684
1783604772255 0.1412878781557083 4685
1783604772393 0.433078408241272 4686
1783604772563 0.30623430013656616 4687
1783604772696 0.33916449546813965 4688
1783604772848 0.4327661991119385 4689
1783604772960 0.6545282006263733 4690
1783604773105 0.17809438705444336 4691
1783604773346 0.2607058882713318 4692
1783604773491 0.20281833410263062 4693
1783604773659 0.08053608238697052 4694
1783604773803 0.5541107058525085 4695
1783604773942 0.23074547946453094 4696
1783604774057 0.17189031839370728 4697
1783604774190 0.5375574231147766 4698
1783604774329 0.4808964431285858 4699
1783604774483 0.2843485176563263 4700
1783604774717 0.22792290151119232 4701
1783604774863 0.27548539638519287 4702
1783604775014 0.1852560043334961 4703
1783604775150 0.6412652134895325 4704
1783604775281 0.5269049406051636 4705
1783604775436 0.204720139503479 4706
1783604775575 0.16616731882095337 4707
1783604775723 0.4886128902435303 4708
1783604775883 0.3093777298927307 4709
1783604776123 0.3172355592250824 4710
1783604776260 0.24426987767219543 4711
1783604776390 0.20897941291332245 4712
1783604776547 0.31416448950767517 4713
1783604776683 0.1961267590522766 4714
1783604776844 0.19204866886138916 4715
1783604776936 0.07863749563694 4716
1783604777091 0.30614471435546875 4717
1783604777259 0.3327268362045288 4718
1783604777413 0.27590417861938477 4719
1783604777506 0.7799322605133057 4720
1783604777601 0.3181767165660858 4721
1783604777695 0.2918846309185028 4722
1783604777793 0.16871246695518494 4723
1783604777868 0.2534390687942505 4724
1783604778007 0.4439968764781952 4725
1783604778141 0.06993725895881653 4726
1783604778239 0.6354220509529114 4727
1783604778340 0.2166241556406021 4728
1783604778435 0.12995143234729767 4729
1783604778535 0.26325127482414246 4730
1783604778623 0.26284292340278625 4731
1783604778668 0.30658209323883057 4732
1783604778709 0.26616421341896057 4733
1783604778747 0.18012188374996185 4734
1783604778787 0.3374711573123932 4735
1783604778826 0.18283559381961823 4736
1783604778874 0.4740113615989685 4737
1783604778980 0.17274320125579834 4738
1783604779060 0.3426559269428253 4739
1783604779126 0.14158527553081512 4740
1783604779185 0.2980000972747803 4741
1783604779245 0.08950062841176987 4742
1783604779315 0.29174211621284485 4743
1783604779366 0.37120378017425537 4744
1783604779423 0.21295467019081116 4745
1783604779478 0.12355806678533554 4746
1783604779531 0.5578197836875916 4747
1783604779588 0.34191763401031494 4748
1783604779645 0.16083171963691711 4749
1783604779703 0.1613783985376358 4750
1783604779784 0.5551603436470032 4751
1783604779837 0.4427759051322937 4752
1783604779893 0.25452378392219543 4753
1783604779945 0.31598469614982605 4754
1783604780008 0.33006319403648376 4755
1783604780064 0.14834438264369965 4756
1783604780126 0.5365333557128906 4757
1783604780187 0.18836598098278046 4758
1783604780245 0.2994258999824524 4759
1783604780310 0.15303665399551392 4760
1783604780389 0.28280895948410034 4761
1783604780435 0.16027924418449402 4762
1783604780481 0.11763284355401993 4763
1783604780528 0.14669930934906006 4764
1783604780572 0.5462938547134399 4765
1783604780615 0.42413419485092163 4766
1783604780659 0.10296530276536942 4767
1783604780728 0.30021578073501587 4768
1783604780808 0.19732213020324707 4769
1783604780876 0.09652496129274368 4770
1783604780932 0.3439924120903015 4771
1783604780997 0.253215491771698 4772
1783604781059 0.18183711171150208 4773
1783604781110 0.3748761713504791 4774
1783604781160 0.3920363485813141 4775
1783604781214 0.21634763479232788 4776
1783604781267 0.34436532855033875 4777
1783604781322 0.13395200669765472 4778
1783604781372 0.512180745601654 4779
1783604781416 0.08483809232711792 4780
1783604781519 0.32622230052948 4781
1783604781573 0.08018919080495834 4782
1783604781620 0.03915464133024216 4783
1783604781663 0.2882993221282959 4784
1783604781710 0.6473392844200134 4785
1783604781760 0.5081833004951477 4786
1783604781816 0.174361914396286 4787
1783604781866 0.2206389158964157 4788
1783604781915 0.11902233958244324 4789
1783604781960 0.32787302136421204 4790
1783604782003 0.19104650616645813 4791
1783604782055 0.5936535000801086 4792
1783604782114 0.4697340130805969 4793
1783604782171 0.2055284082889557 4794
1783604782215 0.27626436948776245 4795
1783604782262 0.5298194289207458 4796
1783604782328 0.18861138820648193 4797
1783604782386 0.4404074251651764 4798
1783604782436 0.0992412269115448 4799
1783604782510 1.2946401834487915 4800
1783604782565 0.3356594145298004 4801
1783604782619 0.236492320895195 4802
1783604782682 0.11287732422351837 4803
1783604782737 0.22372639179229736 4804
1783604782780 0.19712711870670319 4805
1783604782825 0.08482691645622253 4806
1783604782871 0.4268091320991516 4807
1783604782917 0.3396098017692566 4808
1783604782963 0.27215275168418884 4809
1783604783009 0.2444620281457901 4810
1783604783055 0.24895480275154114 4811
1783604783106 0.1793460249900818 4812
1783604783157 0.5153954029083252 4813
1783604783217 0.1574057787656784 4814
1783604783278 0.23562677204608917 4815
1783604783340 0.19837386906147003 4816
1783604783397 0.33794018626213074 4817
1783604783448 0.4028622508049011 4818
1783604783496 0.1740628033876419 4819
1783604783546 0.14136257767677307 4820
1783604783651 0.3851998448371887 4821
1783604783767 0.6412853002548218 4822
1783604783896 0.2843593657016754 4823
1783604784038 0.22016490995883942 4824
1783604784190 0.5623819231987 4825
1783604784322 0.6768364906311035 4826
1783604784474 0.42521756887435913 4827
1783604784696 0.3981986343860626 4828
1783604784834 0.23746368288993835 4829
1783604784962 0.13964985311031342 4830
1783604785104 0.14380274713039398 4831
1783604785237 0.5196475982666016 4832
1783604785378 0.4274788796901703 4833
1783604785498 0.4139644503593445 4834
1783604785649 0.4385891854763031 4835
1783604785822 0.18630024790763855 4836
1783604785984 0.2110125869512558 4837
1783604786106 0.5068130493164062 4838
1783604786250 0.3331359624862671 4839
1783604786368 0.24948863685131073 4840
1783604786516 0.16155537962913513 4841
1783604786654 0.07982226461172104 4842
1783604786823 0.2316182255744934 4843
1783604786927 0.2943747043609619 4844
1783604787047 0.0862225890159607 4845
1783604787234 0.2605803310871124 4846
1783604787369 0.24984943866729736 4847
1783604787503 0.2677801847457886 4848
1783604787643 0.22518551349639893 4849
1783604787796 0.27029678225517273 4850
1783604787992 0.32797008752822876 4851
1783604788101 0.31719207763671875 4852
1783604788208 0.20448905229568481 4853
1783604788407 0.336696982383728 4854
1783604788595 0.2248101532459259 4855
1783604788738 0.13360334932804108 4856
1783604788847 0.6306326985359192 4857
1783604789018 0.39808180928230286 4858
1783604789136 0.21279504895210266 4859
1783604789264 0.21969297528266907 4860
1783604789408 0.197658509016037 4861
1783604789551 0.3410607874393463 4862
1783604789789 0.1851416528224945 4863
1783604789936 0.478193998336792 4864
1783604790092 0.24180278182029724 4865
1783604790223 0.4134661555290222 4866
1783604790335 0.6956060528755188 4867
1783604790494 0.42119646072387695 4868
1783604790638 0.21897682547569275 4869
1783604790784 0.3918030858039856 4870
1783604790906 0.08517836034297943 4871
1783604791054 0.3390330374240875 4872
1783604791165 0.6971092820167542 4873
1783604791305 0.5831929445266724 4874
1783604791420 0.40009188652038574 4875
1783604791544 0.44925305247306824 4876
1783604791692 0.6646906733512878 4877
1783604791823 0.24563618004322052 4878
1783604791970 0.47367703914642334 4879
1783604792132 0.10861817002296448 4880
1783604792316 0.5083314776420593 4881
1783604792444 0.1942741870880127 4882
1783604792573 0.22259747982025146 4883
1783604792721 0.20583032071590424 4884
1783604792864 0.3690800368785858 4885
1783604793005 0.18565094470977783 4886
1783604793174 0.08643805980682373 4887
1783604793337 0.10653860121965408 4888
1783604793458 0.17602142691612244 4889
1783604793582 0.25414395332336426 4890
1783604793722 0.2725312113761902 4891
1783604793857 0.3903196454048157 4892
1783604793998 0.5516785383224487 4893
1783604794140 0.14866045117378235 4894
1783604794274 0.2431073635816574 4895
1783604794424 0.2992194890975952 4896
1783604794544 0.21505756676197052 4897
1783604794674 0.5287849307060242 4898
1783604794828 0.44746699929237366 4899
1783604795004 0.37621185183525085 4900
1783604795140 0.3854660093784332 4901
1783604795288 0.43261316418647766 4902
1783604795427 0.20708917081356049 4903
1783604795565 0.42587196826934814 4904
1783604795675 0.5784429907798767 4905
1783604795808 0.524074375629425 4906
1783604795962 0.30592238903045654 4907
1783604796208 0.24532517790794373 4908
1783604796349 0.486242413520813 4909
1783604796501 0.3866056501865387 4910
1783604796618 0.958071768283844 4911
1783604796749 0.24738778173923492 4912
1783604796875 0.15327730774879456 4913
1783604796971 0.4570392072200775 4914
1783604797126 0.26110756397247314 4915
1783604797353 0.07275315374135971 4916
1783604797522 0.3749067783355713 4917
1783604797655 0.3650279939174652 4918
1783604797767 0.4605177044868469 4919
1783604797926 0.2401500940322876 4920
1783604798082 0.4779747724533081 4921
1783604798219 0.43333202600479126 4922
1783604798358 0.36456048488616943 4923
1783604798516 0.1320618987083435 4924
1783604798772 0.43831127882003784 4925
1783604798892 0.25139370560646057 4926
1783604799011 0.2919365465641022 4927
1783604799160 0.537117600440979 4928
1783604799310 0.215948224067688 4929
1783604799438 0.07459089159965515 4930
1783604799559 0.2897297441959381 4931
1783604799716 0.3331793248653412 4932
1783604799984 0.20508138835430145 4933
1783604800137 0.16824541985988617 4934
1783604800287 0.07823717594146729 4935
1783604800438 0.6015797257423401 4936
1783604800576 0.30646541714668274 4937
1783604800716 0.22903864085674286 4938
1783604800857 0.12876421213150024 4939
1783604800971 0.12473130226135254 4940
1783604801104 0.13825824856758118 4941
1783604801240 0.1284743696451187 4942
1783604801411 0.43427056074142456 4943
1783604801563 0.44026660919189453 4944
1783604801699 0.25735411047935486 4945
1783604801815 0.47242602705955505 4946
1783604801965 0.4407731592655182 4947
1783604802119 0.1139296367764473 4948
1783604802217 0.3415462374687195 4949
1783604802356 0.17583519220352173 4950
1783604802751 0.3532835841178894 4951
1783604802925 0.16664035618305206 4952
1783604803043 0.312518835067749 4953
1783604803195 0.09679540246725082 4954
1783604803320 0.9178004264831543 4955
1783604803457 0.26379624009132385 4956
1783604803611 0.2299429178237915 4957
1783604803769 0.23316064476966858 4958
1783604804021 0.27006739377975464 4959
1783604804147 0.24338772892951965 4960
1783604804285 0.4333518445491791 4961
1783604804421 0.6622992157936096 4962
1783604804593 0.5358937978744507 4963
1783604804695 0.15025828778743744 4964
1783604804842 0.15634432435035706 4965
1783604804997 0.17320846021175385 4966
1783604805172 0.3021770119667053 4967
1783604805369 0.3698899745941162 4968
1783604805507 0.4282195270061493 4969
1783604805650 0.18346956372261047 4970
1783604805803 0.25927087664604187 4971
1783604805942 0.17150257527828217 4972
1783604806087 0.24480345845222473 4973
1783604806224 0.25822269916534424 4974
1783604806390 0.18013793230056763 4975
1783604806523 0.20967499911785126 4976
1783604806688 0.40713101625442505 4977
1783604806870 0.22477364540100098 4978
1783604806954 0.4817928075790405 4979
1783604807098 0.12025909125804901 4980
1783604807254 0.5247690081596375 4981
1783604807396 0.23333564400672913 4982
1783604807534 0.549673318862915 4983
1783604807841 0.200147345662117 4984
1783604807991 0.2663080394268036 4985
1783604808126 0.2812066078186035 4986
1783604808266 0.1870409995317459 4987
1783604808398 0.5789126753807068 4988
1783604808531 0.1420237123966217 4989
1783604808645 0.34253552556037903 4990
1783604808747 0.28447702527046204 4991
1783604808887 0.27995115518569946 4992
1783604809046 0.4534735381603241 4993
1783604809218 0.1025860607624054 4994
1783604809371 0.14317411184310913 4995
1783604809512 0.6266292929649353 4996
1783604809649 0.19820815324783325 4997
1783604809758 0.34792035818099976 4998
1783604809895 0.5282295346260071 4999
1783604810029 0.24925217032432556 5000
1783604810133 0.6313110589981079 5001
1783604810300 0.3370956480503082 5002
1783604810476 0.930886447429657 5003
1783604810634 0.16741704940795898 5004
1783604810770 0.2613837420940399 5005
1783604810888 0.2161547839641571 5006
1783604811008 0.25440675020217896 5007
1783604811121 0.2215190827846527 5008
1783604811251 0.8072177767753601 5009
1783604811410 0.247703418135643 5010
1783604811557 0.6173614859580994 5011
1783604811850 0.15972301363945007 5012
1783604811972 0.3690360486507416 5013
1783604812122 0.23440289497375488 5014
1783604812270 0.5455004572868347 5015
1783604812418 0.12367086112499237 5016
1783604812552 0.17804518342018127 5017
1783604812670 0.09868326783180237 5018
1783604812828 0.21988719701766968 5019
1783604812948 0.23892679810523987 5020
1783604813090 0.3967048227787018 5021
1783604813251 0.16897045075893402 5022
1783604813429 0.49596941471099854 5023
1783604813608 0.3298393487930298 5024
1783604813855 0.23058286309242249 5025
1783604814018 0.5093140602111816 5026
1783604814149 0.19829167425632477 5027
1783604814401 0.21292944252490997 5028
1783604814533 0.29423823952674866 5029
1783604814692 0.20274092257022858 5030
1783604814872 0.23801079392433167 5031
1783604815033 0.5391329526901245 5032
1783604815158 0.17571792006492615 5033
1783604815303 0.16877812147140503 5034
1783604815448 0.21342650055885315 5035
1783604815721 0.3245205879211426 5036
1783604815851 0.3136424124240875 5037
1783604815981 0.15435467660427094 5038
1783604816114 0.3497062027454376 5039
1783604816203 0.337297260761261 5040
1783604816351 0.4257541000843048 5041
1783604816484 0.19724366068840027 5042
1783604816834 0.2813262641429901 5043
1783604816934 0.12302164733409882 5044
1783604817060 0.13020317256450653 5045
1783604817212 0.40911582112312317 5046
1783604817344 0.5144636631011963 5047
1783604817502 0.40368762612342834 5048
1783604817652 0.48723214864730835 5049
1783604817791 0.42568689584732056 5050
1783604817961 0.19079890847206116 5051
1783604818179 0.3979305028915405 5052
1783604818307 0.29711416363716125 5053
1783604818423 0.09915168583393097 5054
1783604818576 0.7267520427703857 5055
1783604818731 0.3324773907661438 5056
1783604818868 0.15282125771045685 5057
1783604819039 0.17470119893550873 5058
1783604819396 0.3564562499523163 5059
1783604819568 0.25822773575782776 5060
1783604819730 0.8602380752563477 5061
1783604819879 0.4353574514389038 5062
1783604820031 0.24174778163433075 5063
1783604820198 0.3666532635688782 5064
1783604820343 0.3616434931755066 5065
1783604820486 0.4242551326751709 5066
1783604820666 0.6588535308837891 5067
1783604820852 0.47703465819358826 5068
1783604820985 0.4249956011772156 5069
1783604821123 0.40874385833740234 5070
1783604821243 0.31804901361465454 5071
1783604821389 0.17686733603477478 5072
1783604821540 0.31609609723091125 5073
1783604821673 0.13988903164863586 5074
1783604821839 0.37676334381103516 5075
1783604822004 0.20881737768650055 5076
1783604822149 0.34848326444625854 5077
1783604822259 0.41707542538642883 5078
1783604822397 0.8950244188308716 5079
1783604822547 0.23266945779323578 5080
1783604822662 0.6676151156425476 5081
1783604822809 0.22614018619060516 5082
1783604822937 0.39511555433273315 5083
1783604823065 0.3625008463859558 5084
1783604823230 0.4111730456352234 5085
1783604823354 0.171664759516716 5086
1783604823478 0.5185965895652771 5087
1783604823639 0.33557718992233276 5088
1783604823739 0.4214726984500885 5089
1783604823855 0.272919237613678 5090
1783604824003 0.2444600760936737 5091
1783604824154 0.24858956038951874 5092
1783604824285 0.2345639169216156 5093
1783604824437 0.09128139168024063 5094
1783604824719 0.40089279413223267 5095
1783604824840 0.2429811656475067 5096
1783604824984 0.3901115357875824 5097
1783604825122 0.141399085521698 5098
1783604825249 0.27573397755622864 5099
1783604825402 0.27554646134376526 5100
1783604825528 0.376274973154068 5101
1783604825666 0.16363756358623505 5102
1783604825891 0.1661054491996765 5103
1783604826021 0.3961678743362427 5104
1783604826189 0.688281774520874 5105
1783604826319 0.4281587600708008 5106
1783604826433 0.29221728444099426 5107
1783604826587 0.3863248825073242 5108
1783604826718 0.3830714523792267 5109
1783604826879 0.2357724905014038 5110
1783604826975 0.17179271578788757 5111
1783604827119 0.3053515553474426 5112
1783604827257 0.43239742517471313 5113
1783604827393 0.30169472098350525 5114
1783604827524 0.5291030406951904 5115
1783604827673 0.24103888869285583 5116
1783604827788 0.23431141674518585 5117
1783604827908 0.5779286026954651 5118
1783604828047 0.49636900424957275 5119
1783604828170 0.38275983929634094 5120
1783604828314 0.2227368950843811 5121
1783604828454 0.2913479506969452 5122
1783604828553 0.30155158042907715 5123
1783604828692 0.21012963354587555 5124
1783604828846 0.25761866569519043 5125
1783604828959 0.5332972407341003 5126
1783604829104 0.4044565260410309 5127
1783604829231 0.442448228597641 5128
1783604829369 0.472515732049942 5129
1783604829514 0.3331354856491089 5130
1783604829754 0.48089444637298584 5131
1783604829920 0.15727482736110687 5132
1783604830071 0.17762745916843414 5133
1783604830218 0.3025006353855133 5134
1783604830371 0.40832042694091797 5135
1783604830528 0.20397481322288513 5136
1783604830671 0.47781288623809814 5137
1783604830780 0.22751480340957642 5138
1783604831083 0.23225152492523193 5139
1783604831195 0.33916786313056946 5140
1783604831339 0.26789581775665283 5141
1783604831469 0.35180342197418213 5142
1783604831608 0.26000526547431946 5143
1783604831712 0.2708579897880554 5144
1783604831846 0.34986239671707153 5145
1783604831997 0.2485315501689911 5146
1783604832153 0.17067070305347443 5147
1783604832304 0.26879364252090454 5148
1783604832437 0.09865044802427292 5149
1783604832590 0.43846091628074646 5150
1783604832741 0.6755891442298889 5151
1783604832895 0.1408746987581253 5152
1783604833040 0.533832311630249 5153
1783604833192 0.25198161602020264 5154
1783604833299 0.3541734218597412 5155
1783604833421 0.2547704577445984 5156
1783604833604 0.25549837946891785 5157
1783604833763 0.5461750030517578 5158
1783604833908 0.7399017810821533 5159
1783604834027 0.12071884423494339 5160
1783604834176 0.19448772072792053 5161
1783604834312 0.0495024174451828 5162
1783604834464 0.4551199674606323 5163
1783604834563 0.2914772629737854 5164
1783604834790 0.5197732448577881 5165
1783604834971 0.5767532587051392 5166
1783604835111 0.24169576168060303 5167
1783604835254 0.5583854913711548 5168
1783604835398 0.3883340060710907 5169
1783604835535 0.367911696434021 5170
1783604835650 0.2687712609767914 5171
1783604835795 0.3374619781970978 5172
1783604835919 0.6496121287345886 5173
1783604836149 0.43851661682128906 5174
1783604836294 0.2714579701423645 5175
1783604836426 0.06542888283729553 5176
1783604836537 0.24913278222084045 5177
1783604836641 0.1974426656961441 5178
1783604836736 0.16727977991104126 5179
1783604836836 0.4165131151676178 5180
1783604836928 0.4280984699726105 5181
1783604837030 0.11647383868694305 5182
1783604837127 0.11051657795906067 5183
1783604837224 0.47487837076187134 5184
1783604837304 0.31620725989341736 5185
1783604837435 0.1627199351787567 5186
1783604837559 0.3045426309108734 5187
1783604837672 0.49207165837287903 5188
1783604837768 0.4694512188434601 5189
1783604837866 0.7469630241394043 5190
1783604837960 0.22863909602165222 5191
1783604838057 0.12311920523643494 5192
1783604838135 0.22784920036792755 5193
1783604838220 0.3851003050804138 5194
1783604838304 0.306242436170578 5195
1783604838402 0.3844103217124939 5196
1783604838494 0.8331414461135864 5197
1783604838606 0.20170527696609497 5198
1783604838704 0.19905465841293335 5199
1783604838816 0.2147918939590454 5200
1783604838943 0.279136598110199 5201
1783604839049 0.22084613144397736 5202
1783604839147 0.41939282417297363 5203
1783604839241 0.3142874240875244 5204
1783604839344 0.0774359479546547 5205
1783604839445 0.38334351778030396 5206
1783604839563 0.135681614279747 5207
1783604839660 0.33819103240966797 5208
1783604839764 0.43625038862228394 5209
1783604839873 0.8475077152252197 5210
1783604840021 0.7218090891838074 5211
1783604840127 0.25315526127815247 5212
1783604840220 0.545087993144989 5213
1783604840317 0.20292171835899353 5214
1783604840432 0.5092957019805908 5215
1783604840523 0.3739176392555237 5216
1783604840633 0.1530330926179886 5217
1783604840734 0.21580374240875244 5218
1783604840836 0.10331995040178299 5219
1783604840932 0.45442700386047363 5220
1783604841033 0.5217209458351135 5221
1783604841130 0.5606964230537415 5222
1783604841224 0.3568918704986572 5223
1783604841316 0.31548357009887695 5224
1783604841408 0.08138993382453918 5225
1783604841517 0.17246335744857788 5226
1783604841629 0.19375403225421906 5227
1783604841750 0.23753072321414948 5228
1783604841841 0.27374210953712463 5229
1783604841934 1.1825544834136963 5230
1783604842043 0.344315767288208 5231
1783604842138 0.30012160539627075 5232
1783604842239 0.4227294325828552 5233
1783604842336 0.397663950920105 5234
1783604842429 0.1340368688106537 5235
1783604842531 0.09753121435642242 5236
1783604842623 0.2729986011981964 5237
1783604842713 0.5515364408493042 5238
1783604842811 0.33780694007873535 5239
1783604842910 0.451120525598526 5240
1783604843013 0.19048623740673065 5241
1783604843136 0.2803454101085663 5242
1783604843234 0.06403402239084244 5243
1783604843350 0.05588408559560776 5244
1783604843597 0.3571110665798187 5245
1783604843714 0.9325869679450989 5246
1783604843869 0.19055840373039246 5247
1783604844022 0.10499408096075058 5248
1783604844174 0.3741297423839569 5249
1783604844285 0.18452835083007812 5250
1783604844438 0.21676765382289886 5251
1783604844541 0.48229044675827026 5252
1783604844643 0.4337215721607208 5253
1783604844743 0.5241950154304504 5254
1783604844860 0.2465810924768448 5255
1783604845019 0.5295628905296326 5256
1783604845183 0.1791563481092453 5257
1783604845310 0.4745835065841675 5258
1783604845427 0.5705077052116394 5259
1783604845579 0.3777618706226349 5260
1783604845763 0.20997390151023865 5261
1783604845903 0.25181204080581665 5262
1783604846031 0.16541221737861633 5263
1783604846330 0.32448074221611023 5264
1783604846487 0.3449876308441162 5265
1783604846651 0.29151850938796997 5266
1783604846759 0.22804872691631317 5267
1783604846879 0.2839008569717407 5268
1783604846960 0.36990660429000854 5269
1783604847065 0.18725953996181488 5270
1783604847229 0.09899340569972992 5271
1783604847639 0.40395793318748474 5272
1783604847788 0.11343208700418472 5273
1783604847908 0.6688081622123718 5274
1783604848027 0.13672056794166565 5275
1783604848186 0.06234302744269371 5276
1783604848322 0.3867345452308655 5277
1783604848453 0.1927676647901535 5278
1783604848617 0.280582070350647 5279
1783604848745 0.29200729727745056 5280
1783604848928 0.5952610969543457 5281
1783604849046 0.2911897599697113 5282
1783604849160 0.13721558451652527 5283
1783604849311 0.16938640177249908 5284
1783604849454 0.1114281564950943 5285
1783604849613 0.2306450456380844 5286
1783604849751 0.25936228036880493 5287
1783604849902 0.5293225646018982 5288
1783604850055 0.15282943844795227 5289
1783604850221 0.4146498143672943 5290
1783604850364 0.2215038239955902 5291
1783604850490 0.3717176020145416 5292
1783604850665 0.3228455185890198 5293
1783604850806 0.5468454360961914 5294
1783604850939 0.13364017009735107 5295
1783604851088 0.3273487985134125 5296
1783604851185 0.22572027146816254 5297
1783604851302 0.2740340530872345 5298
1783604851434 0.36625927686691284 5299
1783604851607 0.41754990816116333 5300
1783604851736 0.23333975672721863 5301
1783604851866 0.6715577840805054 5302
1783604852020 0.23359368741512299 5303
1783604852173 0.12514935433864594 5304
1783604852316 0.3949296772480011 5305
1783604852448 0.10101456940174103 5306
1783604852594 0.5871014595031738 5307
1783604852789 0.5225327610969543 5308
1783604852930 0.1376260668039322 5309
1783604853043 0.19477500021457672 5310
1783604853181 0.21672366559505463 5311
1783604853338 0.32003894448280334 5312
1783604853459 0.48166412115097046 5313
1783604853608 0.30680376291275024 5314
1783604853760 0.44890108704566956 5315
1783604853884 0.08618242293596268 5316
1783604854028 0.19788382947444916 5317
1783604854163 0.1729881316423416 5318
1783604854337 0.1931387484073639 5319
1783604854481 0.08151841163635254 5320
1783604854599 0.12496547400951385 5321
1783604854745 0.4205596446990967 5322
1783604854888 0.09776321798563004 5323
1783604855028 0.3492581248283386 5324
1783604855197 0.06939741969108582 5325
1783604855397 0.1806471049785614 5326
1783604855542 0.2003292441368103 5327
1783604855686 0.08581375330686569 5328
1783604855819 0.18996532261371613 5329
1783604855964 0.16229848563671112 5330
1783604856119 0.2844683527946472 5331
1783604856286 0.06692536920309067 5332
1783604856434 0.16683419048786163 5333
1783604856577 0.27466827630996704 5334
1783604856723 0.28891703486442566 5335
1783604856921 0.3632122874259949 5336
1783604857014 0.08105781674385071 5337
1783604857155 0.2370702177286148 5338
1783604857306 0.18139414489269257 5339
1783604857455 0.3515617847442627 5340
1783604857590 0.1698509305715561 5341
1783604857686 0.09137508273124695 5342
1783604857851 0.28235673904418945 5343
1783604858069 0.42860472202301025 5344
1783604858193 0.11667261272668839 5345
1783604858339 0.29564207792282104 5346
1783604858474 0.27871811389923096 5347
1783604858620 0.09149155765771866 5348
1783604858733 0.15297168493270874 5349
1783604858840 0.33660024404525757 5350
1783604858987 0.5316286683082581 5351
1783604859214 0.3351302444934845 5352
1783604859394 0.2899920642375946 5353
1783604859537 0.478442519903183 5354
1783604859667 0.27673467993736267 5355
1783604859806 0.6815897822380066 5356
1783604859936 0.22442352771759033 5357
1783604860103 0.6787771582603455 5358
1783604860255 0.2136402577161789 5359
1783604860438 0.2564202845096588 5360
1783604860572 0.17154079675674438 5361
1783604860679 0.4022221565246582 5362
1783604860781 0.13476063311100006 5363
1783604860899 0.1905880868434906 5364
1783604861007 0.2171257883310318 5365
1783604861115 0.9284948706626892 5366
1783604861208 0.13812504708766937 5367
1783604861318 0.3533308804035187 5368
1783604861418 0.3219171464443207 5369
1783604861525 0.1907137781381607 5370
1783604861618 0.14435060322284698 5371
1783604861715 0.33298271894454956 5372
1783604861869 0.327968031167984 5373
1783604861983 0.2347128987312317 5374
1783604862097 0.11444678902626038 5375
1783604862202 0.2223747819662094 5376
1783604862319 0.3278258740901947 5377
1783604862410 0.3248465359210968 5378
1783604862500 0.4902195930480957 5379
1783604862592 0.2752007842063904 5380
1783604862699 0.15562868118286133 5381
1783604862811 0.10732202976942062 5382
1783604862944 0.29650822281837463 5383
1783604863082 0.41515854001045227 5384
1783604863192 0.1710980385541916 5385
1783604863306 0.28923916816711426 5386
1783604863411 0.21732917428016663 5387
1783604863522 0.19143670797348022 5388
1783604863629 0.1293453723192215 5389
1783604863736 0.23916016519069672 5390
1783604863829 0.12661980092525482 5391
1783604863946 0.4546647369861603 5392
1783604864053 0.1497613787651062 5393
1783604864161 0.3295349180698395 5394
1783604864332 0.20559173822402954 5395
1783604864439 0.281279981136322 5396
1783604864537 0.3718404173851013 5397
1783604864650 0.22474531829357147 5398
1783604864747 0.17268092930316925 5399
1783604864840 0.46550604701042175 5400
1783604864931 0.11721478402614594 5401
1783604865032 0.4308944046497345 5402
1783604865121 0.45648661255836487 5403
1783604865228 0.18339890241622925 5404
1783604865316 0.3844454288482666 5405
1783604865421 0.3403269052505493 5406
1783604865545 0.5235148668289185 5407
1783604865666 0.34761154651641846 5408
1783604865806 0.22888846695423126 5409
1783604865961 0.4462088644504547 5410
1783604866092 0.6370811462402344 5411
1783604866223 0.43938297033309937 5412
1783604866379 0.5498372912406921 5413
1783604866526 0.4533011019229889 5414
1783604866665 0.12715452909469604 5415
1783604866804 0.3095521330833435 5416
1783604866945 0.7255656719207764 5417
1783604867048 0.3515889346599579 5418
1783604867207 0.32990750670433044 5419
1783604867329 0.39634940028190613 5420
1783604867502 0.06819919496774673 5421
1783604867648 0.37823912501335144 5422
1783604867762 0.21594178676605225 5423
1783604867899 0.20546986162662506 5424
1783604868282 0.5610151886940002 5425
1783604868446 0.1294994354248047 5426
1783604868604 0.3129768967628479 5427
1783604868759 0.17798855900764465 5428
1783604868886 0.19591006636619568 5429
1783604869067 0.372028112411499 5430
1783604869218 0.3320963978767395 5431
1783604869431 0.43808749318122864 5432
1783604869564 0.4808363914489746 5433
1783604869732 0.5509310960769653 5434
1783604869864 0.11557504534721375 5435
1783604870006 0.08639852702617645 5436
1783604870148 0.16788367927074432 5437
1783604870258 0.339058518409729 5438
1783604870382 0.3471420705318451 5439
1783604870599 0.22620753943920135 5440
1783604870724 0.13281701505184174 5441
1783604870874 0.3104785978794098 5442
1783604870965 0.3955618441104889 5443
1783604871068 0.12631186842918396 5444
1783604871164 0.3134916424751282 5445
1783604871270 0.2078273892402649 5446
1783604871380 0.06167997419834137 5447
1783604871470 0.22680829465389252 5448
1783604871572 0.46768978238105774 5449
1783604871656 0.7000276446342468 5450
1783604871748 0.9271946549415588 5451
1783604871831 0.05306874215602875 5452
1783604871922 0.31497272849082947 5453
1783604872074 0.47963249683380127 5454
1783604872155 0.21334265172481537 5455
1783604872241 0.30568307638168335 5456
1783604872333 0.2604126036167145 5457
1783604872427 0.2621118724346161 5458
1783604872533 0.3271541893482208 5459
1783604872638 0.2799922227859497 5460
1783604872745 0.07277359068393707 5461
1783604872854 0.12497685849666595 5462
1783604872953 0.14266818761825562 5463
1783604873051 0.3524223566055298 5464
1783604873157 0.16965626180171967 5465
1783604873258 0.1768435686826706 5466
1783604873339 0.37817418575286865 5467
1783604873429 0.08458773046731949 5468
1783604873541 0.700536847114563 5469
1783604873670 0.33305785059928894 5470
1783604873778 0.20954148471355438 5471
1783604873892 0.2931070327758789 5472
1783604874000 0.2983427345752716 5473
1783604874107 0.6921930313110352 5474
1783604874201 0.43161529302597046 5475
1783604874287 0.20272035896778107 5476
1783604874383 0.24401453137397766 5477
1783604874527 0.3829771876335144 5478
1783604874630 0.3383774161338806 5479
1783604874734 0.42211055755615234 5480
1783604874827 0.1905365139245987 5481
1783604874929 0.35810598731040955 5482
1783604875010 0.08242812007665634 5483
1783604875096 0.22893497347831726 5484
1783604875182 0.22359685599803925 5485
1783604875267 0.16575375199317932 5486
1783604875379 0.16985709965229034 5487
1783604875484 0.14826162159442902 5488
1783604875658 0.14514590799808502 5489
1783604875791 0.45227494835853577 5490
1783604875932 0.34117671847343445 5491
1783604876056 0.15041068196296692 5492
1783604876207 0.30664172768592834 5493
1783604876324 0.2360910028219223 5494
1783604876486 0.3968690037727356 5495
1783604876634 0.13666796684265137 5496
1783604876760 0.23182006180286407 5497
1783604876951 0.4973788559436798 5498
1783604877051 0.3415386974811554 5499
1783604877202 0.5725686550140381 5500
1783604877366 0.1199713945388794 5501
1783604877498 0.26133498549461365 5502
1783604877672 0.33101192116737366 5503
1783604877833 0.7210537791252136 5504
1783604877960 0.25891152024269104 5505
1783604878118 0.22814573347568512 5506
1783604878348 0.5543879866600037 5507
1783604878502 0.11073627322912216 5508
1783604878636 0.157858744263649 5509
1783604878763 0.21813733875751495 5510
1783604878874 0.30444395542144775 5511
1783604878970 0.3521610200405121 5512
1783604879073 0.45910128951072693 5513
1783604879198 0.3987177014350891 5514
1783604879311 0.1951018124818802 5515
1783604879425 0.33880770206451416 5516
1783604879534 0.4181918501853943 5517
1783604879633 0.10241428762674332 5518
1783604879731 0.4069203734397888 5519
1783604879869 0.15401729941368103 5520
1783604880014 0.46062830090522766 5521
1783604880170 0.3732394576072693 5522
1783604880334 0.12200052291154861 5523
1783604880473 0.08774308115243912 5524
1783604880755 0.4715390205383301 5525
1783604880875 0.4357069134712219 5526
1783604880979 0.3133561909198761 5527
1783604881082 0.476804256439209 5528
1783604881180 0.2753046154975891 5529
1783604881276 0.19023235142230988 5530
1783604881379 0.4914313852787018 5531
1783604881484 0.16081736981868744 5532
1783604881580 0.6494645476341248 5533
1783604881683 0.30373960733413696 5534
1783604881778 0.11818701773881912 5535
1783604881876 0.11106212437152863 5536
1783604882080 0.21063277125358582 5537
1783604882250 0.4737914502620697 5538
1783604882380 0.17366446554660797 5539
1783604882528 0.17769671976566315 5540
1783604882657 0.3563450276851654 5541
1783604882783 0.18568676710128784 5542
1783604882921 0.22712206840515137 5543
1783604883066 0.8313301205635071 5544
1783604883236 0.3901345431804657 5545
1783604883367 0.4427553713321686 5546
1783604883518 0.20662528276443481 5547
1783604883671 0.22213231027126312 5548
1783604883823 0.5397364497184753 5549
1783604883978 0.39349454641342163 5550
1783604884115 0.28581416606903076 5551
1783604884274 0.4119877815246582 5552
1783604884399 0.15397539734840393 5553
1783604884513 0.0653139129281044 5554
1783604884744 0.48541802167892456 5555
1783604884872 0.42914333939552307 5556
1783604884974 0.21146470308303833 5557
1783604885085 0.528083860874176 5558
1783604885177 0.2246292382478714 5559
1783604885288 0.21933767199516296 5560
1783604885386 0.5389800071716309 5561
1783604885487 0.19769935309886932 5562
1783604885580 0.2850152850151062 5563
1783604885681 0.1616581380367279 5564
1783604885775 0.4284645915031433 5565
1783604885896 0.33048373460769653 5566
1783604886007 0.5706621408462524 5567
1783604886130 0.664256751537323 5568
1783604886249 0.18552538752555847 5569
1783604886342 0.06408209353685379 5570
1783604886452 0.5474767088890076 5571
1783604886567 0.2355705052614212 5572
1783604886673 0.19081394374370575 5573
1783604886773 0.12100067734718323 5574
1783604886883 0.10008656233549118 5575
1783604886969 0.14267271757125854 5576
1783604887074 0.3015212118625641 5577
1783604887178 0.14457720518112183 5578
1783604887265 0.12967562675476074 5579
1783604887349 0.41837626695632935 5580
1783604887455 0.19291579723358154 5581
1783604887566 0.17655909061431885 5582
1783604887690 0.5134859085083008 5583
1783604887789 0.07257216423749924 5584
1783604887890 0.21786274015903473 5585
1783604887976 0.4362083077430725 5586
1783604888083 0.49124351143836975 5587
1783604888182 0.10576905310153961 5588
1783604888320 0.2628583014011383 5589
1783604888466 0.5053133964538574 5590
1783604888579 0.3243001699447632 5591
1783604888688 0.1831720471382141 5592
1783604888796 0.26711347699165344 5593
1783604888907 0.26563915610313416 5594
1783604889011 0.5637574791908264 5595
1783604889117 0.2667505145072937 5596
1783604889216 0.3044603168964386 5597
1783604889321 0.15418927371501923 5598
1783604889433 0.14875943958759308 5599
1783604889584 0.22138072550296783 5600
1783604889718 0.1582089364528656 5601
1783604889824 0.20117484033107758 5602
1783604889918 0.049319200217723846 5603
1783604890017 0.4009964168071747 5604
1783604890111 0.15301896631717682 5605
1783604890215 0.31273719668388367 5606
1783604890308 0.1986164003610611 5607
1783604890411 0.13333138823509216 5608
1783604890496 0.7853699326515198 5609
1783604890590 0.8704153299331665 5610
1783604890682 0.5081217288970947 5611
1783604890777 0.1601337343454361 5612
1783604890917 0.4830581545829773 5613
1783604891073 0.2988646328449249 5614
1783604891206 0.5522984266281128 5615
1783604891336 0.37725186347961426 5616
1783604891491 0.27202656865119934 5617
1783604891644 0.0961482897400856 5618
1783604891774 0.40151235461235046 5619
1783604891931 0.2314213067293167 5620
1783604892102 0.09743428975343704 5621
1783604892291 0.3340403139591217 5622
1783604892436 0.19078591465950012 5623
1783604892600 0.42609530687332153 5624
1783604893192 0.217502161860466 5625
1783604893337 0.31906235218048096 5626
1783604893638 0.26744458079338074 5627
1783604893781 0.1824367642402649 5628
1783604893917 0.05467991158366203 5629
1783604894070 0.42795029282569885 5630
1783604894217 0.3241788148880005 5631
1783604894375 0.7676201462745667 5632
1783604894502 0.22994814813137054 5633
1783604894654 0.5913341045379639 5634
1783604894999 0.2158435583114624 5635
1783604895136 0.2452712059020996 5636
1783604895284 0.3198513686656952 5637
1783604895410 0.1783166527748108 5638
1783604895531 0.4490993022918701 5639
1783604895633 0.09804154932498932 5640
1783604895787 0.24239733815193176 5641
1783604895927 0.2458907961845398 5642
1783604896295 0.29897284507751465 5643
1783604896451 0.346977174282074 5644
1783604896599 0.17394353449344635 5645
1783604896734 0.29356348514556885 5646
1783604896923 0.2312389612197876 5647
1783604897009 0.07729500532150269 5648
1783604897094 0.39722388982772827 5649
1783604897195 0.3229256868362427 5650
1783604897296 0.13355398178100586 5651
1783604897408 0.5011540651321411 5652
1783604897504 0.22349600493907928 5653
1783604897614 0.28174465894699097 5654
1783604897717 0.24656282365322113 5655
1783604897818 0.16186751425266266 5656
1783604897914 0.27274832129478455 5657
1783604898048 0.3500463366508484 5658
1783604898141 0.2110334038734436 5659
1783604898228 0.14350195229053497 5660
1783604898312 0.17390523850917816 5661
1783604898418 0.435834139585495 5662
1783604898512 0.10759541392326355 5663
1783604898593 0.10138476639986038 5664
1783604898702 0.5923300385475159 5665
1783604898860 0.14624936878681183 5666
1783604898962 0.24708952009677887 5667
1783604899052 0.5818904042243958 5668
1783604899158 0.6138164401054382 5669
1783604899259 0.42714694142341614 5670
1783604899362 0.20265957713127136 5671
1783604899464 0.1180276870727539 5672
1783604899558 0.4498218595981598 5673
1783604899662 0.1207335814833641 5674
1783604899764 0.5174899101257324 5675
1783604899860 0.4725891947746277 5676
1783604899957 0.21785733103752136 5677
1783604900074 0.3032554090023041 5678
1783604900190 0.3624899685382843 5679
1783604900293 0.27042093873023987 5680
1783604900405 0.3829812705516815 5681
1783604900510 0.41201797127723694 5682
1783604900620 0.33127719163894653 5683
1783604900713 0.19868379831314087 5684
1783604900814 0.38832762837409973 5685
1783604900919 0.44844168424606323 5686
1783604901005 0.2714528441429138 5687
1783604901099 0.13460607826709747 5688
1783604901196 0.1371186226606369 5689
1783604901309 0.6552309393882751 5690
1783604901421 0.1615772396326065 5691
1783604901540 0.12319139391183853 5692
1783604901650 0.09102460741996765 5693
1783604901751 0.12055688351392746 5694
1783604901854 0.19736972451210022 5695
1783604901964 0.523409366607666 5696
1783604902071 0.21027395129203796 5697
1783604902185 0.7094189524650574 5698
1783604902301 0.11427397280931473 5699
1783604902411 0.15210196375846863 5700
1783604902520 0.2440568059682846 5701
1783604902630 0.63880854845047 5702
1783604902739 0.30696901679039 5703
1783604902862 0.6046303510665894 5704
1783604902978 0.2860458791255951 5705
1783604903091 0.3029537498950958 5706
1783604903202 0.12660884857177734 5707
1783604903317 0.33606985211372375 5708
1783604903426 0.28112345933914185 5709
1783604903534 0.5656266212463379 5710
1783604903648 1.1114697456359863 5711
1783604903782 0.6122286319732666 5712
1783604903891 0.12604328989982605 5713
1783604903991 0.29405084252357483 5714
1783604904126 0.11206655204296112 5715
1783604904282 0.2745480239391327 5716
1783604904434 0.2822120189666748 5717
1783604904583 0.32060012221336365 5718
1783604904728 0.5918151140213013 5719
1783604904876 0.1515297144651413 5720
1783604905147 0.22893550992012024 5721
1783604905279 0.13264042139053345 5722
1783604905447 0.2493857890367508 5723
1783604905587 0.09485253691673279 5724
1783604905717 0.5722443461418152 5725
1783604905873 0.5562092661857605 5726
1783604905999 0.4269469976425171 5727
1783604906142 0.2528145909309387 5728
1783604906381 0.3023945987224579 5729
1783604906530 0.28599756956100464 5730
1783604906669 1.071555256843567 5731
1783604906804 0.26950785517692566 5732
1783604906967 0.09667916595935822 5733
1783604907051 0.34950897097587585 5734
1783604907167 0.41097450256347656 5735
1783604907295 0.385111927986145 5736
1783604907405 0.3497104048728943 5737
1783604907695 0.3527558743953705 5738
1783604907831 0.16271230578422546 5739
1783604907957 0.15109959244728088 5740
1783604908117 0.19784097373485565 5741
1783604908265 0.255016028881073 5742
1783604908394 0.7736497521400452 5743
1783604908548 0.30940166115760803 5744
1783604908698 0.7621873021125793 5745
1783604908950 0.5558897852897644 5746
1783604909055 0.30172857642173767 5747
1783604909164 0.1396753489971161 5748
1783604909251 0.4397447407245636 5749
1783604909344 0.48727133870124817 5750
1783604909445 0.40776070952415466 5751
1783604909537 0.24387428164482117 5752
1783604909632 0.35955289006233215 5753
1783604909722 0.13058608770370483 5754
1783604909830 0.45370978116989136 5755
1783604909938 0.30146777629852295 5756
1783604910066 0.4839459955692291 5757
1783604910212 0.47097453474998474 5758
1783604910348 0.23490522801876068 5759
1783604910453 0.3288092613220215 5760
1783604910580 0.4670991003513336 5761
1783604910669 0.16699762642383575 5762
1783604910751 0.13311319053173065 5763
1783604910831 0.21796578168869019 5764
1783604910916 0.6458287835121155 5765
1783604911005 0.09951530396938324 5766
1783604911119 0.18365539610385895 5767
1783604911215 0.10186461359262466 5768
1783604911319 0.5881006717681885 5769
1783604911424 0.22616171836853027 5770
1783604911527 0.17567706108093262 5771
1783604911619 0.49348077178001404 5772
1783604911747 0.2601618468761444 5773
1783604911845 0.19809746742248535 5774
1783604911959 0.0920596793293953 5775
1783604912053 0.34497639536857605 5776
1783604912162 0.2792874276638031 5777
1783604912272 0.32173535227775574 5778
1783604912370 0.16237963736057281 5779
1783604912471 0.14498944580554962 5780
1783604912562 0.427401065826416 5781
1783604912684 0.19942143559455872 5782
1783604912812 0.3854661285877228 5783
1783604912905 0.8451470136642456 5784
1783604913005 0.06502002477645874 5785
1783604913082 0.08846563845872879 5786
1783604913187 0.053169820457696915 5787
1783604913292 0.16427798569202423 5788
1783604913375 0.4454382359981537 5789
1783604913480 0.15177439153194427 5790
1783604913585 0.30188077688217163 5791
1783604913686 0.16582529246807098 5792
1783604913764 0.08179391920566559 5793
1783604913888 0.10989802330732346 5794
1783604914000 0.12519077956676483 5795
1783604914097 0.14655523002147675 5796
1783604914177 0.3590015769004822 5797
1783604914262 0.15535828471183777 5798
1783604914361 0.1614016741514206 5799
1783604914452 0.17737014591693878 5800
1783604914569 0.4037821292877197 5801
1783604914669 0.16006983816623688 5802
1783604914781 0.4926808476448059 5803
1783604914873 0.18576759099960327 5804
1783604914971 0.17682655155658722 5805
1783604915068 0.304690957069397 5806
1783604915173 0.055056117475032806 5807
1783604915282 0.2362750917673111 5808
1783604915405 0.14738045632839203 5809
1783604915526 0.27302542328834534 5810
1783604915635 0.24339453876018524 5811
1783604915724 0.34072136878967285 5812
1783604915812 0.2689248323440552 5813
1783604915909 0.1656721979379654 5814
1783604916010 0.3347100615501404 5815
1783604916134 0.13588280975818634 5816
1783604916264 0.3973815441131592 5817
1783604916503 0.3971131145954132 5818
1783604916676 0.1352948546409607 5819
1783604916815 0.44018256664276123 5820
1783604916971 0.1391853541135788 5821
1783604917060 0.26722773909568787 5822
1783604917215 0.37436649203300476 5823
1783604917371 0.1559351235628128 5824
1783604917480 0.16025109589099884 5825
1783604917636 0.3037717640399933 5826
1783604917899 0.181644007563591 5827
1783604917996 0.35176342725753784 5828
1783604918097 0.1874380111694336 5829
1783604918232 0.39505183696746826 5830
1783604918373 0.31332117319107056 5831
1783604918514 0.5072014331817627 5832
1783604918624 0.22586995363235474 5833
1783604918768 0.28165820240974426 5834
1783604918917 0.2813507318496704 5835
1783604919068 0.1704612672328949 5836
1783604919261 0.30481821298599243 5837
1783604919406 0.2209920585155487 5838
1783604919556 0.26791438460350037 5839
1783604919716 0.19622188806533813 5840
1783604919865 0.1285884827375412 5841
1783604920004 0.36058709025382996 5842
1783604920148 0.1536870300769806 5843
1783604920411 0.23567014932632446 5844
1783604920552 0.17944341897964478 5845
1783604920717 0.28140750527381897 5846
1783604920857 0.6062272191047668 5847
1783604921025 0.5276668667793274 5848
1783604921163 0.3379737436771393 5849
1783604921252 0.2921075224876404 5850
1783604921357 0.4370537996292114 5851
1783604921454 0.29791557788848877 5852
1783604921549 0.4456998407840729 5853
1783604921711 0.5011404752731323 5854
1783604921828 0.09028418362140656 5855
1783604921942 0.29474660754203796 5856
1783604922054 0.31601572036743164 5857
1783604922166 0.09130379557609558 5858
1783604922295 0.22930161654949188 5859
1783604922387 0.3822820484638214 5860
1783604922484 0.4172973036766052 5861
1783604922593 0.25282973051071167 5862
1783604922694 0.2874939739704132 5863
1783604922792 0.12325896322727203 5864
1783604922898 0.7432117462158203 5865
1783604923018 0.20897354185581207 5866
1783604923111 0.25675100088119507 5867
1783604923205 0.2547125816345215 5868
1783604923295 0.16505740582942963 5869
1783604923396 0.15226136147975922 5870
1783604923487 0.3167322874069214 5871
1783604923569 0.13405156135559082 5872
1783604923671 0.2501797080039978 5873
1783604923747 0.24015775322914124 5874
1783604923874 0.2312937080860138 5875
1783604923969 0.22813987731933594 5876
1783604924091 0.19510945677757263 5877
1783604924241 0.23844625055789948 5878
1783604924368 0.1770375519990921 5879
1783604924460 0.126350998878479 5880
1783604924567 0.05463897064328194 5881
1783604924672 0.10378631949424744 5882
1783604924769 0.33573117852211 5883
1783604924858 0.5205514430999756 5884
1783604924940 0.1368536502122879 5885
1783604925035 0.2653776705265045 5886
1783604925127 0.1792479157447815 5887
1783604925238 0.13621929287910461 5888
1783604925349 0.3501357436180115 5889
1783604925506 0.24097593128681183 5890
1783604925655 0.43203893303871155 5891
1783604925747 0.2991510331630707 5892
1783604925852 0.5863516926765442 5893
1783604925953 0.2356223315000534 5894
1783604926060 0.06289259344339371 5895
1783604926151 0.46525639295578003 5896
1783604926238 0.5730348825454712 5897
1783604926334 0.8957036733627319 5898
1783604926431 0.11745652556419373 5899
1783604926515 0.31614091992378235 5900
1783604926831 0.3378680944442749 5901
1783604926954 0.5324345827102661 5902
1783604927039 0.5849071741104126 5903
1783604927118 0.5805542469024658 5904
1783604927193 0.24320973455905914 5905
1783604927294 0.578067421913147 5906
1783604927380 0.34739163517951965 5907
1783604927473 0.1461915224790573 5908
1783604927595 0.5017826557159424 5909
1783604927701 0.2568671703338623 5910
1783604927803 0.22488577663898468 5911
1783604927906 0.19523634016513824 5912
1783604928012 0.354883074760437 5913
1783604928198 0.6952672004699707 5914
1783604928333 0.4154185652732849 5915
1783604928446 0.33109062910079956 5916
1783604928563 0.26278746128082275 5917
1783604928677 0.0771169662475586 5918
1783604928777 0.13376271724700928 5919
1783604928861 0.10439885407686234 5920
1783604928963 0.4169842600822449 5921
1783604929052 0.26702287793159485 5922
1783604929156 0.4000150263309479 5923
1783604929343 0.09257863461971283 5924
1783604929503 0.2080516666173935 5925
1783604929653 0.3934732973575592 5926
1783604929782 0.3780269920825958 5927
1783604929929 0.9462659955024719 5928
1783604930083 0.3340698182582855 5929
1783604930196 0.2859741151332855 5930
1783604930358 0.16780392825603485 5931
1783604930500 0.4445001482963562 5932
1783604930664 0.2767874598503113 5933
1783604930800 0.12536543607711792 5934
1783604930948 0.15379057824611664 5935
1783604931099 0.209380105137825 5936
1783604931216 0.2697886526584625 5937
1783604931348 0.19134646654129028 5938
1783604931473 0.3168618381023407 5939
1783604931614 0.6753382682800293 5940
1783604931781 0.13041983544826508 5941
1783604932008 0.3823793828487396 5942
1783604932180 0.685687243938446 5943
1783604932317 0.13049189746379852 5944
1783604932464 0.5798445343971252 5945
1783604932589 0.161031574010849 5946
1783604932739 0.3250819444656372 5947
1783604932866 0.5577956438064575 5948
1783604932992 0.33667245507240295 5949
1783604933227 0.3869273364543915 5950
1783604933383 0.19751465320587158 5951
1783604933546 0.28189048171043396 5952
1783604933739 0.16081924736499786 5953
1783604933858 0.4608529806137085 5954
1783604934009 0.39628615975379944 5955
1783604934180 0.159701406955719 5956
1783604934511 0.43285298347473145 5957
1783604934615 0.21220682561397552 5958
1783604934762 0.2854651212692261 5959
1783604934912 0.18647411465644836 5960
1783604935074 0.2627427577972412 5961
1783604935222 0.700006365776062 5962
1783604935342 0.2192949503660202 5963
1783604935462 0.3877880275249481 5964
1783604935694 0.5056516528129578 5965
1783604935798 0.30835846066474915 5966
1783604935890 0.2426411360502243 5967
1783604935986 0.432073712348938 5968
1783604936086 0.17715755105018616 5969
1783604936190 0.35992690920829773 5970
1783604936288 0.13201861083507538 5971
1783604936381 0.11628472805023193 5972
1783604936481 0.4583442211151123 5973
1783604936582 0.4853230118751526 5974
1783604936671 0.4691183269023895 5975
1783604936774 0.10203229635953903 5976
1783604936997 0.07438220083713531 5977
1783604937100 0.5945327281951904 5978
1783604937205 0.6300671100616455 5979
1783604937307 0.20242425799369812 5980
1783604937415 0.39999160170555115 5981
1783604937533 0.25423309206962585 5982
1783604937631 0.09185723215341568 5983
1783604937739 0.3727017343044281 5984
1783604937837 0.16140322387218475 5985
1783604937954 0.31847867369651794 5986
1783604938072 0.38511908054351807 5987
1783604938224 0.3120087683200836 5988
1783604938341 0.3341921865940094 5989
1783604938456 0.305898517370224 5990
1783604938570 0.32678380608558655 5991
1783604938681 0.14225511252880096 5992
1783604938783 0.34773150086402893 5993
1783604938906 0.29967814683914185 5994
1783604939025 0.4241125285625458 5995
1783604939145 0.42406779527664185 5996
1783604939253 0.19232897460460663 5997
1783604939338 0.1772581785917282 5998
1783604939476 0.484196275472641 5999
1783604939592 0.14589065313339233 6000
1783604939699 0.4988424777984619 6001
1783604939815 0.25508779287338257 6002
1783604939912 0.215425506234169 6003
1783604940005 0.6916850805282593 6004
1783604940127 0.29335418343544006 6005
1783604940222 0.3298547863960266 6006
1783604940317 0.466898113489151 6007
1783604940423 0.13139702379703522 6008
1783604940535 0.3723541796207428 6009
1783604940684 0.4358585774898529 6010
1783604940835 0.2805585563182831 6011
1783604940918 0.3805440366268158 6012
1783604940998 0.23969945311546326 6013
1783604941090 0.32421523332595825 6014
1783604941182 0.8066160678863525 6015
1783604941274 0.289995402097702 6016
1783604941418 0.2032681107521057 6017
1783604941542 0.12437331676483154 6018
1783604941715 0.0695735439658165 6019
1783604941885 0.2291613668203354 6020
1783604942051 0.3570232391357422 6021
1783604942196 0.13128063082695007 6022
1783604942328 0.2610110938549042 6023
1783604942445 0.09511939436197281 6024
1783604942542 0.3025226593017578 6025
1783604942635 0.39505085349082947 6026
1783604942745 0.31860941648483276 6027
1783604942857 0.29333433508872986 6028
1783604942956 0.15235358476638794 6029
1783604943045 0.21218350529670715 6030
1783604943151 0.11140402406454086 6031
1783604943278 0.2612881362438202 6032
1783604943417 0.09324231743812561 6033
1783604943554 0.14353635907173157 6034
1783604943716 0.17691011726856232 6035
1783604943843 0.1987907886505127 6036
1783604944001 0.4215160608291626 6037
1783604944147 0.21582891047000885 6038
1783604944309 0.26438039541244507 6039
1783604944677 0.18092042207717896 6040
1783604944802 0.28819379210472107 6041
1783604944920 0.3680797517299652 6042
1783604945057 0.13294139504432678 6043
1783604945206 0.49338090419769287 6044
1783604945359 0.4239649772644043 6045
1783604945515 0.3365519642829895 6046
1783604945642 0.5042694807052612 6047
1783604945960 0.29967841506004333 6048
1783604946082 0.2118382602930069 6049
1783604946251 0.1530081182718277 6050
1783604946356 0.7511090636253357 6051
1783604946478 0.3262128531932831 6052
1783604946580 0.16891427338123322 6053
1783604946678 0.175547257065773 6054
1783604946809 0.4416400194168091 6055
1783604946917 0.5960084199905396 6056
1783604947024 0.2318001687526703 6057
1783604947199 0.17306196689605713 6058
1783604947304 0.26590943336486816 6059
1783604947422 0.3883102238178253 6060
1783604947525 0.20709773898124695 6061
1783604947640 0.23502622544765472 6062
1783604947740 0.12059243768453598 6063
1783604947850 0.369787335395813 6064
1783604947954 0.632244884967804 6065
1783604948063 0.5307649970054626 6066
1783604948160 0.2526359558105469 6067
1783604948245 0.5202834606170654 6068
1783604948481 0.27549105882644653 6069
1783604948591 0.3522648811340332 6070
1783604948698 0.13918669521808624 6071
1783604948808 0.2422412484884262 6072
1783604948915 0.5369600653648376 6073
1783604949025 0.34138697385787964 6074
1783604949117 0.5410770177841187 6075
1783604949212 0.41055992245674133 6076
1783604949298 0.25749072432518005 6077
1783604949415 0.5892012119293213 6078
1783604949527 0.09790025651454926 6079
1783604949700 0.22073394060134888 6080
1783604949812 0.2738584280014038 6081
1783604949903 0.20782729983329773 6082
1783604950008 0.3417682349681854 6083
1783604950107 0.24196594953536987 6084
1783604950209 0.4073479473590851 6085
1783604950309 0.34495672583580017 6086
1783604950416 0.5049517750740051 6087
1783604950517 0.20080676674842834 6088
1783604950619 0.49999481439590454 6089
1783604950714 0.2992197275161743 6090
1783604950819 0.19306908547878265 6091
1783604950931 0.3224776089191437 6092
1783604951055 0.3128396272659302 6093
1783604951152 0.27043798565864563 6094
1783604951249 0.6348356008529663 6095
1783604951347 0.7155574560165405 6096
1783604951460 0.29105594754219055 6097
1783604951575 0.4444034695625305 6098
1783604951684 0.13653796911239624 6099
1783604951791 0.18270549178123474 6100
1783604951902 0.4327515661716461 6101
1783604952018 0.2112918198108673 6102
1783604952136 0.3244025707244873 6103
1783604952268 0.16302929818630219 6104
1783604952374 0.13194258511066437 6105
1783604952478 0.313310831785202 6106
1783604952577 0.7588990330696106 6107
1783604952664 0.1766875833272934 6108
1783604952768 0.30384019017219543 6109
1783604952880 0.21810555458068848 6110
1783604952977 0.2352842390537262 6111
1783604953088 0.4193477928638458 6112
1783604953163 0.1537579894065857 6113
1783604953266 0.138249009847641 6114
1783604953377 0.33801859617233276 6115
1783604953562 0.24177978932857513 6116
1783604953674 0.08273380249738693 6117
1783604953823 0.0913856029510498 6118
1783604953936 0.6955813765525818 6119
1783604954085 0.31873786449432373 6120
1783604954231 0.1531246155500412 6121
1783604954365 0.12810292840003967 6122
1783604954533 0.35732442140579224 6123
1783604954682 0.27736732363700867 6124
1783604954878 0.276435524225235 6125
1783604954973 0.09825228154659271 6126
1783604955068 0.49626624584198 6127
1783604955217 0.6058163642883301 6128
1783604955370 0.14438973367214203 6129
1783604955519 0.20065757632255554 6130
1783604955651 0.5218023657798767 6131
1783604955815 0.3109005391597748 6132
1783604955977 0.3398067057132721 6133
1783604956211 0.15176045894622803 6134
1783604956364 0.5420190691947937 6135
1783604956505 0.2939050793647766 6136
1783604956666 0.1495920568704605 6137
1783604956835 0.35858389735221863 6138
1783604956978 0.2848023772239685 6139
1783604957071 0.38587233424186707 6140
1783604957202 0.186722069978714 6141
1783604957342 0.2120797485113144 6142
1783604957513 0.26127728819847107 6143
1783604957679 0.40145277976989746 6144
1783604957827 0.13377390801906586 6145
1783604957992 0.7241900563240051 6146
1783604958135 0.1820889115333557 6147
1783604958257 0.5091687440872192 6148
1783604958392 0.2305310219526291 6149
1783604958544 0.21558816730976105 6150
1783604958665 0.2398390769958496 6151
1783604958793 0.42073726654052734 6152
1783604958888 0.26547640562057495 6153
1783604958991 0.14196358621120453 6154
1783604959085 0.3345949053764343 6155
1783604959201 0.302045077085495 6156
1783604959289 0.25169000029563904 6157
1783604959393 0.5527663826942444 6158
1783604959496 0.10179916769266129 6159
1783604959628 0.3541732728481293 6160
1783604959723 0.5403298139572144 6161
1783604959893 0.29177311062812805 6162
1783604960015 0.37934330105781555 6163
1783604960106 0.3228793740272522 6164
1783604960214 0.4712632894515991 6165
1783604960320 0.1967424750328064 6166
1783604960412 0.20253555476665497 6167
1783604960529 0.48886775970458984 6168
1783604960629 0.134628564119339 6169
1783604960759 0.2582336366176605 6170
1783604960890 0.3524359166622162 6171
1783604961069 0.3229975402355194 6172
1783604961179 0.2815994322299957 6173
1783604961274 0.5410308241844177 6174
1783604961395 0.6466642022132874 6175
1783604961510 0.327449232339859 6176
1783604961614 0.25518912076950073 6177
1783604961716 0.22548943758010864 6178
1783604961806 0.031217684969305992 6179
1783604961892 0.3023779094219208 6180
1783604961988 0.14646796882152557 6181
1783604962073 0.5015655159950256 6182
1783604962167 0.31641629338264465 6183
1783604962266 0.3104756474494934 6184
1783604962383 0.28004851937294006 6185
1783604962511 0.3601928651332855 6186
1783604962623 0.33584532141685486 6187
1783604962748 0.35348474979400635 6188
1783604962857 0.14852648973464966 6189
1783604962962 0.13421595096588135 6190
1783604963077 0.17902204394340515 6191
1783604963182 0.5631675720214844 6192
1783604963274 0.4833846092224121 6193
1783604963377 0.19331316649913788 6194
1783604963473 0.05505702272057533 6195
1783604963623 0.29311442375183105 6196
1783604963804 0.22003845870494843 6197
1783604963932 0.12953554093837738 6198
1783604964091 0.26479387283325195 6199
1783604964233 0.26799383759498596 6200
1783604964361 0.19965948164463043 6201
1783604964514 0.5223784446716309 6202
1783604964647 0.4658733308315277 6203
1783604964799 0.41071146726608276 6204
1783604964994 0.20775295794010162 6205
1783604965097 0.33280596137046814 6206
1783604965244 0.3328075706958771 6207
1783604965397 0.3776029348373413 6208
1783604965551 0.1624893844127655 6209
1783604965696 0.4068569242954254 6210
1783604965840 0.4497344195842743 6211
1783604965995 0.09087415039539337 6212
1783604966173 0.35460346937179565 6213
1783604966464 0.04705001041293144 6214
1783604966631 0.08139199018478394 6215
1783604966785 0.073667511343956 6216
1783604966993 0.23690231144428253 6217
1783604967082 0.05288318172097206 6218
1783604967191 0.305646151304245 6219
1783604967340 0.13176952302455902 6220
1783604967606 0.1962370127439499 6221
1783604967744 0.6007323861122131 6222
1783604967912 0.18259289860725403 6223
1783604968038 0.45811572670936584 6224
1783604968177 0.4117225408554077 6225
1783604968282 0.4414353370666504 6226
1783604968426 0.32891133427619934 6227
1783604968526 0.3747336268424988 6228
1783604968640 0.2719649374485016 6229
1783604968757 0.763357937335968 6230
1783604968861 0.37889301776885986 6231
1783604968957 0.3701828122138977 6232
1783604969052 0.07922860234975815 6233
1783604969156 0.4222298860549927 6234
1783604969243 0.15270884335041046 6235
1783604969332 0.14450718462467194 6236
1783604969410 0.4096207022666931 6237
1783604969499 0.34796538949012756 6238
1783604969603 0.07373524457216263 6239
1783604969707 0.14692191779613495 6240
1783604969823 0.2279154658317566 6241
1783604969932 0.15836496651172638 6242
1783604970048 0.24078166484832764 6243
1783604970157 0.3345114290714264 6244
1783604970244 0.5072604417800903 6245
1783604970335 0.44189053773880005 6246
1783604970438 0.47731608152389526 6247
1783604970527 0.23276133835315704 6248
1783604970632 0.19187301397323608 6249
1783604970745 0.22462689876556396 6250
1783604970862 0.5413453578948975 6251
1783604970969 0.24261078238487244 6252
1783604971079 0.1915997564792633 6253
1783604971190 0.4014497399330139 6254
1783604971288 0.23142041265964508 6255
1783604971390 0.3825925588607788 6256
1783604971487 0.09672922641038895 6257
1783604971577 0.3310156464576721 6258
1783604971661 0.20754483342170715 6259
1783604971755 0.29612383246421814 6260
1783604971837 0.13064593076705933 6261
1783604971925 0.4259432852268219 6262
1783604972015 0.31229686737060547 6263
1783604972122 0.16440163552761078 6264
1783604972210 0.566152036190033 6265
1783604972298 0.12684117257595062 6266
1783604972376 0.46293801069259644 6267
1783604972491 0.452360600233078 6268
1783604972597 0.3706817030906677 6269
1783604972702 0.17570525407791138 6270
1783604972792 0.1242823451757431 6271
1783604972894 0.25682133436203003 6272
1783604972985 0.31959307193756104 6273
1783604973088 0.28502586483955383 6274
1783604973187 0.27442875504493713 6275
1783604973282 0.09362082928419113 6276
1783604973388 0.29564258456230164 6277
1783604973505 0.19454292953014374 6278
1783604973612 0.17713403701782227 6279
1783604973743 0.5965237021446228 6280
1783604973837 0.3307323753833771 6281
1783604973947 0.4415867328643799 6282
1783604974053 0.13892892003059387 6283
1783604974164 0.39255279302597046 6284
1783604974280 0.17193888127803802 6285
1783604974382 0.4186036288738251 6286
1783604974497 0.43083444237709045 6287
1783604974587 0.19273826479911804 6288
1783604974678 0.4120709002017975 6289
1783604974794 0.21595905721187592 6290
1783604974912 0.37478581070899963 6291
1783604975017 0.32753103971481323 6292
1783604975121 0.24064484238624573 6293
1783604975235 0.2620031535625458 6294
1783604975331 0.39504656195640564 6295
1783604975444 0.2080266922712326 6296
1783604975553 0.39418184757232666 6297
1783604975684 0.06824423372745514 6298
1783604975820 0.3405829966068268 6299
1783604975963 0.5591098666191101 6300
1783604976110 0.27590620517730713 6301
1783604976220 0.4000820219516754 6302
1783604976386 0.11131007224321365 6303
1783604976571 0.07285919785499573 6304
1783604976713 0.7404966950416565 6305
1783604976845 0.29019513726234436 6306
1783604976967 0.34673765301704407 6307
1783604977060 0.49310776591300964 6308
1783604977161 0.5019031763076782 6309
1783604977296 0.2852088212966919 6310
1783604977406 0.20164650678634644 6311
1783604977564 0.348623663187027 6312
1783604977849 0.3675177991390228 6313
1783604977969 0.26381105184555054 6314
1783604978125 0.06733068078756332 6315
1783604978264 0.1128334254026413 6316
1783604978391 0.23318682610988617 6317
1783604978534 0.04162293300032616 6318
1783604978642 0.15161685645580292 6319
1783604978796 0.32185256481170654 6320
1783604978977 0.2800242602825165 6321
1783604979148 0.13811974227428436 6322
1783604979302 0.31161680817604065 6323
1783604979440 0.3686247766017914 6324
1783604979583 0.20891804993152618 6325
1783604979713 0.3589828312397003 6326
1783604979843 0.15123969316482544 6327
1783604979972 0.33567148447036743 6328
1783604980117 0.14595341682434082 6329
1783604980262 0.19324475526809692 6330
1783604980512 0.19664296507835388 6331
1783604980644 0.07649259269237518 6332
1783604980793 0.2787676155567169 6333
1783604980932 0.1893443465232849 6334
1783604981065 0.21215519309043884 6335
1783604981230 0.4543280601501465 6336
1783604981369 0.427245557308197 6337
1783604981513 0.23875856399536133 6338
1783604981624 0.3095831573009491 6339
1783604981733 0.12989278137683868 6340
1783604981833 0.1752597838640213 6341
1783604981929 0.17378050088882446 6342
1783604982009 0.4355809986591339 6343
1783604982104 0.11324967443943024 6344
1783604982185 0.2408364713191986 6345
1783604982289 0.2359045296907425 6346
1783604982417 0.38948923349380493 6347
1783604982530 0.24070194363594055 6348
1783604982636 0.23308122158050537 6349
1783604982737 0.13191847503185272 6350
1783604982832 0.6333026885986328 6351
1783604982984 0.3050916790962219 6352
1783604983109 0.29041075706481934 6353
1783604983201 0.2665349841117859 6354
1783604983295 0.5101428627967834 6355
1783604983392 0.16699470579624176 6356
1783604983494 0.4671114385128021 6357
1783604983589 0.06877674162387848 6358
1783604983712 0.23358821868896484 6359
1783604983824 0.9092770218849182 6360
1783604983917 0.28852617740631104 6361
1783604984015 0.6272060871124268 6362
1783604984247 0.2045496702194214 6363
1783604984376 0.22885918617248535 6364
1783604984479 0.23447881639003754 6365
1783604984582 0.3653576672077179 6366
1783604984698 0.4110088348388672 6367
1783604984805 0.2912835478782654 6368
1783604984896 0.21160168945789337 6369
1783604984978 0.7167249321937561 6370
1783604985065 0.1679437756538391 6371
1783604985158 0.6165037751197815 6372
1783604985256 0.13993898034095764 6373
1783604985339 0.14433343708515167 6374
1783604985436 0.5109357833862305 6375
1783604985577 0.18839150667190552 6376
1783604985680 0.3791963458061218 6377
1783604985774 0.5174212455749512 6378
1783604985863 0.393541544675827 6379
1783604985969 0.2115156203508377 6380
1783604986058 0.11590076237916946 6381
1783604986148 0.27635154128074646 6382
1783604986243 0.6893007159233093 6383
1783604986334 0.5507441163063049 6384
1783604986438 0.16598421335220337 6385
1783604986542 0.2559070587158203 6386
1783604986635 0.126224547624588 6387
1783604986732 0.5464093685150146 6388
1783604986861 0.1730503886938095 6389
1783604986966 0.48015302419662476 6390
1783604987057 0.24797485768795013 6391
1783604987148 0.28967341780662537 6392
1783604987245 0.4508439600467682 6393
1783604987345 0.05334915965795517 6394
1783604987447 0.3085509240627289 6395
1783604987530 0.11714326590299606 6396
1783604987622 0.519828200340271 6397
1783604987712 0.6809037923812866 6398
1783604987821 0.7211583852767944 6399
1783604987924 0.638992190361023 6400
1783604988041 0.43873026967048645 6401
1783604988147 0.146369069814682 6402
1783604988260 0.7747118473052979 6403
1783604988363 0.3747195601463318 6404
1783604988447 0.22548802196979523 6405
1783604988548 0.4090680778026581 6406
1783604988657 0.3067423403263092 6407
1783604988776 0.12904416024684906 6408
1783604988891 0.4267647862434387 6409
1783604989000 0.1793016642332077 6410
1783604989106 0.2264540046453476 6411
1783604989235 0.6113429069519043 6412
1783604989344 0.18112465739250183 6413
1783604989438 0.6522248983383179 6414
1783604989526 0.21016763150691986 6415
1783604989620 0.28719326853752136 6416
1783604989719 0.31683510541915894 6417
1783604989828 0.3215758204460144 6418
1783604989951 0.2765390872955322 6419
1783604990048 0.27906808257102966 6420
1783604990145 0.28663843870162964 6421
1783604990252 0.17441360652446747 6422
1783604990362 0.2928314208984375 6423
1783604990475 0.27519866824150085 6424
1783604990590 0.1977294236421585 6425
1783604990691 0.33715999126434326 6426
1783604990817 0.47615256905555725 6427
1783604990947 0.20939955115318298 6428
1783604991110 0.24696044623851776 6429
1783604991256 0.27248483896255493 6430
1783604991352 0.37424689531326294 6431
1783604991496 0.09119793027639389 6432
1783604991606 0.4935603141784668 6433
1783604991957 0.19660204648971558 6434
1783604992082 0.37270528078079224 6435
1783604992226 0.19679485261440277 6436
1783604992362 0.1867356151342392 6437
1783604992495 0.4211021363735199 6438
1783604992636 0.12932685017585754 6439
1783604992778 0.8985552787780762 6440
1783604992917 0.29812878370285034 6441
1783604993243 0.08571652323007584 6442
1783604993414 0.1759757548570633 6443
1783604993581 0.6043575406074524 6444
1783604993761 0.19440025091171265 6445
1783604993925 0.33951786160469055 6446
1783604994079 0.16372878849506378 6447
1783604994194 0.6564690470695496 6448
1783604994445 0.22670912742614746 6449
1783604994589 0.15835468471050262 6450
1783604994708 0.3373872637748718 6451
1783604994862 0.9685718417167664 6452
1783604995019 0.3595525920391083 6453
1783604995151 0.28771522641181946 6454
1783604995262 0.1573091447353363 6455
1783604995432 0.2943727672100067 6456
1783604995571 0.25835710763931274 6457
1783604995702 0.1103626936674118 6458
1783604995852 0.2194795459508896 6459
1783604995954 0.08793053030967712 6460
1783604996050 0.31549349427223206 6461
1783604996158 0.36865711212158203 6462
1783604996257 0.15132081508636475 6463
1783604996348 0.221064031124115 6464
1783604996447 0.31603577733039856 6465
1783604996525 0.18260756134986877 6466
1783604996613 0.20924517512321472 6467
1783604996697 0.15662403404712677 6468
1783604996803 0.22684690356254578 6469
1783604996908 0.3700055480003357 6470
1783604997016 0.11048533022403717 6471
1783604997109 0.30584630370140076 6472
1783604997191 0.457895427942276 6473
1783604997295 0.27372264862060547 6474
1783604997406 0.28197264671325684 6475
1783604997511 0.5122077465057373 6476
1783604997609 0.12705013155937195 6477
1783604997711 0.13080385327339172 6478
1783604997812 0.20531688630580902 6479
1783604997927 0.34340646862983704 6480
1783604998041 0.23731085658073425 6481
1783604998167 0.24416539072990417 6482
1783604998282 0.20600813627243042 6483
1783604998384 0.3294728994369507 6484
1783604998473 0.41269537806510925 6485
1783604998566 0.30439478158950806 6486
1783604998669 0.2225039303302765 6487
1783604998763 0.2825068235397339 6488
1783604998857 0.23077218234539032 6489
1783604998951 0.30431461334228516 6490
1783604999038 0.23415212333202362 6491
1783604999122 0.12709634006023407 6492
1783604999213 0.10083097964525223 6493
1783604999303 0.22328586876392365 6494
1783604999394 0.26480862498283386 6495
1783604999490 0.30834725499153137 6496
1783604999589 0.2040354162454605 6497
1783604999680 0.40022483468055725 6498
1783604999770 0.22374844551086426 6499
1783604999850 0.16778980195522308 6500
1783604999968 0.31897997856140137 6501
1783605000070 0.45255246758461 6502
1783605000163 0.26526540517807007 6503
1783605000243 0.3918110132217407 6504
1783605000341 0.35655108094215393 6505
1783605000446 0.17889489233493805 6506
1783605000553 0.37140583992004395 6507
1783605000677 0.2295496016740799 6508
1783605000791 0.24770493805408478 6509
1783605000897 0.7355486154556274 6510
1783605000993 0.3454197347164154 6511
1783605001110 0.11301805824041367 6512
1783605001219 0.39899665117263794 6513
1783605001310 0.38675999641418457 6514
1783605001394 0.7108457088470459 6515
1783605001486 0.34417328238487244 6516
1783605001590 0.4773889183998108 6517
1783605001691 0.11206771433353424 6518
1783605001807 0.3348899483680725 6519
1783605001949 0.54986172914505 6520
1783605002117 0.2934027314186096 6521
1783605002271 0.23548659682273865 6522
1783605002431 0.17411379516124725 6523
1783605002597 0.13572920858860016 6524
1783605002743 0.4260933995246887 6525
1783605002881 0.33927202224731445 6526
1783605003036 0.21018777787685394 6527
1783605003178 0.15322794020175934 6528
1783605003385 0.3917933702468872 6529
1783605003528 0.09917442500591278 6530
1783605003697 0.141754612326622 6531
1783605003845 0.1622665673494339 6532
1783605003968 0.2749750018119812 6533
1783605004086 0.4753713309764862 6534
1783605004241 0.4343646764755249 6535
1783605004395 0.5671605467796326 6536
1783605004512 0.35363298654556274 6537
1783605004877 0.13857309520244598 6538
1783605004972 0.4251628518104553 6539
1783605005132 0.2542803883552551 6540
1783605005259 0.4459706246852875 6541
1783605005359 0.2549493908882141 6542
1783605005521 0.09367050230503082 6543
1783605005661 0.27649909257888794 6544
1783605005805 0.09485878795385361 6545
1783605006150 0.23388922214508057 6546
1783605006298 0.11247528344392776 6547
1783605006430 0.23320481181144714 6548
1783605006579 0.18787014484405518 6549
1783605006720 0.22590605914592743 6550
1783605006823 0.28295156359672546 6551
1783605006915 0.07713262736797333 6552
1783605007032 0.13749398291110992 6553
1783605007112 0.3661945164203644 6554
1783605007203 0.26504895091056824 6555
1783605007310 0.19110029935836792 6556
1783605007402 0.07583381235599518 6557
1783605007495 0.3727627396583557 6558
1783605007578 0.2180270552635193 6559
1783605007661 0.09263047575950623 6560
1783605007753 0.24601402878761292 6561
1783605007849 0.3410298526287079 6562
1783605007948 0.27836698293685913 6563
1783605008043 0.4345858693122864 6564
1783605008136 0.46447044610977173 6565
1783605008234 0.41065433621406555 6566
1783605008334 0.23238998651504517 6567
1783605008431 0.4688943028450012 6568
1783605008539 0.2081284523010254 6569
1783605008655 0.16507387161254883 6570
1783605008765 0.5299062728881836 6571
1783605008876 0.4781866669654846 6572
1783605008991 0.2337779402732849 6573
1783605009116 0.19436006247997284 6574
1783605009230 0.29186731576919556 6575
1783605009334 0.1638491153717041 6576
1783605009440 0.5074388384819031 6577
1783605009545 0.21901148557662964 6578
1783605009638 0.21229834854602814 6579
1783605009720 0.3331899642944336 6580
1783605009900 0.3361525237560272 6581
1783605010005 0.43932870030403137 6582
1783605010103 0.8100268840789795 6583
1783605010193 0.39884278178215027 6584
1783605010263 0.22669291496276855 6585
1783605010350 0.3131939172744751 6586
1783605010452 0.2354099303483963 6587
1783605010563 0.16885337233543396 6588
1783605010655 0.2772185802459717 6589
1783605010769 0.18956702947616577 6590
1783605010879 0.17099915444850922 6591
1783605010989 0.396290123462677 6592
1783605011106 0.1453237682580948 6593
1783605011215 0.24055224657058716 6594
1783605011306 0.2448839247226715 6595
1783605011395 0.45211294293403625 6596
1783605011507 0.20319333672523499 6597
1783605011615 0.1111922636628151 6598
1783605011729 0.6888231039047241 6599
1783605011845 0.24881480634212494 6600
1783605011957 0.08827381581068039 6601
1783605012052 0.12983904778957367 6602
1783605012146 0.298743337392807 6603
1783605012248 0.44858866930007935 6604
1783605012353 0.312112420797348 6605
1783605012454 0.17324526607990265 6606
1783605012554 0.19841210544109344 6607
1783605012654 0.1395198404788971 6608
1783605012779 0.156159445643425 6609
1783605012892 0.22506503760814667 6610
1783605013011 0.4968518018722534 6611
1783605013130 0.374090313911438 6612
1783605013226 0.11147019267082214 6613
1783605013321 0.28065645694732666 6614
1783605013409 0.26022765040397644 6615
1783605013503 0.15324684977531433 6616
1783605013628 0.1828020215034485 6617
1783605013761 0.27671000361442566 6618
1783605013898 0.228385329246521 6619
1783605014025 0.19052761793136597 6620
1783605014135 0.47545096278190613 6621
1783605014278 0.2251240462064743 6622
1783605014398 0.41654539108276367 6623
1783605014557 0.22121472656726837 6624
1783605014713 0.15736739337444305 6625
1783605014878 0.1333257257938385 6626
1783605015071 0.33614087104797363 6627
1783605015188 0.10978851467370987 6628
1783605015331 0.16976280510425568 6629
1783605015451 0.26702001690864563 6630
1783605015614 0.21164512634277344 6631
1783605015781 0.30989590287208557 6632
1783605015926 0.28551730513572693 6633
1783605016081 0.13504499197006226 6634
1783605016209 0.3352079689502716 6635
1783605016325 1.1561198234558105 6636
1783605016443 0.43516698479652405 6637
1783605016579 0.5588505268096924 6638
1783605016715 0.084434874355793 6639
1783605016842 0.08273002505302429 6640
1783605017022 0.2349407970905304 6641
1783605017118 1.1519747972488403 6642
1783605017256 0.4972166121006012 6643
1783605017412 0.33857259154319763 6644
1783605017623 0.39535266160964966 6645
1783605017775 0.4004400372505188 6646
1783605017922 0.5000234842300415 6647
1783605018067 0.4492630660533905 6648
1783605018212 0.11483924090862274 6649
1783605018367 0.26377618312835693 6650
1783605018477 0.07898321747779846 6651
1783605018624 0.5312469601631165 6652
1783605018815 0.13338905572891235 6653
1783605018940 0.286764919757843 6654
1783605019091 0.2013685256242752 6655
1783605019226 0.6103338003158569 6656
1783605019388 0.31918784976005554 6657
1783605019536 0.5431867837905884 6658
1783605019675 0.1043476089835167 6659
1783605019805 0.15433989465236664 6660
1783605019901 0.12435432523488998 6661
1783605020207 0.161748006939888 6662
1783605020285 0.3672023415565491 6663
1783605020375 0.30208301544189453 6664
1783605020471 0.1987246572971344 6665
1783605020571 0.2053939402103424 6666
1783605020670 0.4724707007408142 6667
1783605020763 0.37632712721824646 6668
1783605020861 0.06654299795627594 6669
1783605020944 0.49710914492607117 6670
1783605021048 0.05136169493198395 6671
1783605021154 0.7668057084083557 6672
1783605021273 0.26992037892341614 6673
1783605021379 0.31715258955955505 6674
1783605021487 0.3430154025554657 6675
1783605021589 0.5154067277908325 6676
1783605021673 0.3109912872314453 6677
1783605021772 0.23151804506778717 6678
1783605021873 0.20445963740348816 6679
1783605021983 0.2959327697753906 6680
1783605022085 0.34778648614883423 6681
1783605022187 0.12097137421369553 6682
1783605022272 0.3419736921787262 6683
1783605022366 0.4904366433620453 6684
1783605022448 0.2862966060638428 6685
1783605022556 0.5407084226608276 6686
1783605022695 0.12218360602855682 6687
1783605022806 0.2842940390110016 6688
1783605022896 0.20486566424369812 6689
1783605022974 0.09303557872772217 6690
1783605023064 0.24813948571681976 6691
1783605023164 0.2802555561065674 6692
1783605023253 0.2113126963376999 6693
1783605023366 0.7825522422790527 6694
1783605023472 0.057012300938367844 6695
1783605023564 0.05785148963332176 6696
1783605023667 0.2604508101940155 6697
1783605023784 0.26964887976646423 6698
1783605023920 0.4011358320713043 6699
1783605024073 0.33830562233924866 6700
1783605024179 0.3206494152545929 6701
1783605024288 0.3493950068950653 6702
1783605024384 0.13835398852825165 6703
1783605024483 0.2654428482055664 6704
1783605024584 0.5193919539451599 6705
1783605024671 0.8119982481002808 6706
1783605024769 0.2912389934062958 6707
1783605024876 0.12462140619754791 6708
1783605024964 0.2986099123954773 6709
1783605025049 0.4847716987133026 6710
1783605025164 0.5011087656021118 6711
1783605025286 0.22662580013275146 6712
1783605025388 0.18768809735774994 6713
1783605025494 0.25067138671875 6714
1783605025597 0.505406379699707 6715
1783605025706 0.19824139773845673 6716
1783605025802 0.3817659616470337 6717
1783605025886 0.34731313586235046 6718
1783605025993 0.37497416138648987 6719
1783605026087 0.6065607070922852 6720
1783605026177 0.11372386664152145 6721
1783605026285 0.397970974445343 6722
1783605026394 0.17651385068893433 6723
1783605026513 0.5098316073417664 6724
1783605026621 0.11906720697879791 6725
1783605026729 0.6188759207725525 6726
1783605026828 0.35935503244400024 6727
1783605026927 0.17734795808792114 6728
1783605027065 0.22216542065143585 6729
1783605027146 0.13279053568840027 6730
1783605027250 0.38820329308509827 6731
1783605027357 0.25879546999931335 6732
1783605027474 0.19937731325626373 6733
1783605027705 0.12986873090267181 6734
1783605027852 0.13551273941993713 6735
1783605027961 0.6781347990036011 6736
1783605028071 0.4458683729171753 6737
1783605028168 0.3514925539493561 6738
1783605028271 0.20042119920253754 6739
1783605028376 0.8142384886741638 6740
1783605028491 0.11116708815097809 6741
1783605028599 0.32210683822631836 6742
1783605028695 0.26383742690086365 6743
1783605028782 0.8819022178649902 6744
1783605028897 0.048972420394420624 6745
1783605029018 0.39895257353782654 6746
1783605029136 0.3885961174964905 6747
1783605029227 0.15491804480552673 6748
1783605029321 0.3313989043235779 6749
1783605029423 0.18041054904460907 6750
1783605029541 0.24015241861343384 6751
1783605029651 0.12025225907564163 6752
1783605029770 0.25560206174850464 6753
1783605029888 0.29716429114341736 6754
1783605030027 0.09987213462591171 6755
1783605030151 0.3670908212661743 6756
1783605030313 0.3629649877548218 6757
1783605030477 0.16975116729736328 6758
1783605030644 0.8721883893013 6759
1783605030798 0.23863087594509125 6760
1783605030942 0.18232972919940948 6761
1783605031091 0.3857763111591339 6762
1783605031202 0.29996663331985474 6763
1783605031333 0.1277630776166916 6764
1783605031559 0.41322430968284607 6765
1783605031704 0.20102298259735107 6766
1783605031823 0.31211182475090027 6767
1783605031956 0.22695322334766388 6768
1783605032111 0.13166140019893646 6769
1783605032236 0.5133835673332214 6770
1783605032368 0.25719282031059265 6771
1783605032507 0.11502726376056671 6772
1783605032648 0.6633867621421814 6773
1783605032784 0.2188228964805603 6774
1783605033009 0.12227946519851685 6775
1783605033141 0.10869049280881882 6776
1783605033273 0.30026426911354065 6777
1783605033405 0.3635728359222412 6778
1783605033574 0.1414341777563095 6779
1783605033740 0.22668084502220154 6780
1783605033879 0.23598353564739227 6781
1783605034195 0.3508482575416565 6782
1783605034345 0.0819254219532013 6783
1783605034475 0.5905420780181885 6784
1783605034608 0.45664575695991516 6785
1783605034752 0.11522570997476578 6786
1783605034885 0.2709793150424957 6787
1783605035011 0.18850567936897278 6788
1783605035142 0.2214002162218094 6789
1783605035286 0.6044247150421143 6790
1783605035526 1.1420964002609253 6791
1783605035635 0.12945438921451569 6792
1783605035784 0.14563116431236267 6793
1783605035908 0.3393121063709259 6794
1783605036021 0.3573284149169922 6795
1783605036135 0.313544362783432 6796
1783605036223 0.07280196994543076 6797
1783605036309 0.18943503499031067 6798
1783605036411 0.1309421956539154 6799
1783605036514 0.41496542096138 6800
1783605036601 0.22158658504486084 6801
1783605036719 0.34220555424690247 6802
1783605036835 0.5256365537643433 6803
1783605036959 0.11559279263019562 6804
1783605037068 0.27535393834114075 6805
1783605037161 0.2928343713283539 6806
1783605037272 0.38501909375190735 6807
1783605037389 0.156138613820076 6808
1783605037494 0.19301091134548187 6809
1783605037607 0.2942231297492981 6810
1783605037729 0.29684212803840637 6811
1783605037851 0.3311946988105774 6812
1783605037992 0.15564492344856262 6813
1783605038112 0.29196277260780334 6814
1783605038218 0.15115612745285034 6815
1783605038317 0.33083441853523254 6816
1783605038415 0.44086870551109314 6817
1783605038516 0.1059735119342804 6818
1783605038607 0.1331472396850586 6819
1783605038726 0.24008765816688538 6820
1783605038841 0.10881241410970688 6821
1783605038931 0.2883565127849579 6822
1783605039031 0.40941107273101807 6823
1783605039259 0.32473674416542053 6824
1783605039357 0.2382553666830063 6825
1783605039443 0.6240618824958801 6826
1783605039542 0.32687997817993164 6827
1783605039648 0.11850570887327194 6828
1783605039735 0.31555986404418945 6829
1783605039836 0.1618889719247818 6830
1783605039918 0.2003115564584732 6831
1783605040013 0.322508305311203 6832
1783605040106 0.2963084578514099 6833
1783605040226 0.21368633210659027 6834
1783605040339 0.5950769782066345 6835
1783605040451 0.29861536622047424 6836
1783605040568 0.1371474266052246 6837
1783605040670 0.7333441376686096 6838
1783605040766 0.3200507164001465 6839
1783605040862 0.32773324847221375 6840
1783605040962 0.13827815651893616 6841
1783605041055 0.507914662361145 6842
1783605041161 0.06260556727647781 6843
1783605041265 0.06674698740243912 6844
1783605041362 0.1699303388595581 6845
1783605041460 0.2202713042497635 6846
1783605041546 0.6098690032958984 6847
1783605041639 0.15056122839450836 6848
1783605041742 0.28885021805763245 6849
1783605041878 0.3530377149581909 6850
1783605041987 0.3938610553741455 6851
1783605042084 0.13026748597621918 6852
1783605042182 0.3671412467956543 6853
1783605042268 0.4738749861717224 6854
1783605042379 0.19209374487400055 6855
1783605042475 0.4727557599544525 6856
1783605042578 0.2546524107456207 6857
1783605042671 0.18345172703266144 6858
1783605042757 0.5042632222175598 6859
1783605042851 0.289377361536026 6860
1783605042952 0.16614073514938354 6861
1783605043083 0.9306206107139587 6862
1783605043183 0.5490447282791138 6863
1783605043277 0.4121260941028595 6864
1783605043376 0.379121333360672 6865
1783605043472 0.32562440633773804 6866
1783605043560 0.2585892081260681 6867
1783605043663 0.16547173261642456 6868
1783605043752 0.4497527480125427 6869
1783605043849 0.14576934278011322 6870
1783605043948 0.07220131903886795 6871
1783605044027 0.7727146744728088 6872
1783605044108 0.16168123483657837 6873
1783605044208 0.3019906282424927 6874
1783605044340 0.3228742182254791 6875
1783605044421 0.23031431436538696 6876
1783605044521 0.2540165185928345 6877
1783605044624 0.15015415847301483 6878
1783605044720 0.33444032073020935 6879
1783605044820 0.4581792950630188 6880
1783605044917 0.38800495862960815 6881
1783605044990 0.28948965668678284 6882
1783605045072 0.14003247022628784 6883
1783605045176 0.07267073541879654 6884
1783605045311 0.4042098820209503 6885
1783605045628 0.22145269811153412 6886
1783605045758 0.31318679451942444 6887
1783605045857 0.15248045325279236 6888
1783605046012 0.15667741000652313 6889
1783605046167 0.5899052023887634 6890
1783605046296 0.29988694190979004 6891
1783605046408 0.4887172281742096 6892
1783605046553 0.4953899383544922 6893
1783605046694 0.21418175101280212 6894
1783605046829 0.10463263094425201 6895
1783605046994 0.18010811507701874 6896
1783605047101 0.35814741253852844 6897
1783605047198 0.2789178490638733 6898
1783605047306 0.31496110558509827 6899
1783605047427 0.21030627191066742 6900
1783605047538 0.18195071816444397 6901
1783605047640 0.21929699182510376 6902
1783605047743 0.6078178882598877 6903
1783605047858 0.2700756788253784 6904
1783605047949 0.18299931287765503 6905
1783605048055 0.372388631105423 6906
1783605048185 0.5425947308540344 6907
1783605048340 0.1492169201374054 6908
1783605048496 0.30462032556533813 6909
1783605048628 0.23008427023887634 6910
1783605048761 0.30435875058174133 6911
1783605048893 0.2519470751285553 6912
1783605049028 0.24776384234428406 6913
1783605049148 0.426411509513855 6914
1783605049393 0.43229079246520996 6915
1783605049526 0.1262713521718979 6916
1783605049677 0.17269361019134521 6917
1783605049808 0.2542216181755066 6918
1783605049947 0.5275182723999023 6919
1783605050108 0.45827457308769226 6920
1783605050249 0.5086683034896851 6921
1783605050391 0.39082425832748413 6922
1783605050542 0.5649793148040771 6923
1783605050765 0.5411866307258606 6924
1783605050910 0.4376503825187683 6925
1783605051031 0.5604571104049683 6926
1783605051146 0.23184053599834442 6927
1783605051273 0.1185438260436058 6928
1783605051361 0.3104286193847656 6929
1783605051454 0.11648561805486679 6930
1783605051564 0.3936004042625427 6931
1783605051661 0.4937862455844879 6932
1783605051773 0.13401833176612854 6933
1783605051914 0.2591490149497986 6934
1783605052031 0.2055627703666687 6935
1783605052143 0.16969256103038788 6936
1783605052233 0.3138999938964844 6937
1783605052341 0.2665051817893982 6938
1783605052430 0.29674747586250305 6939
1783605052527 0.23985297977924347 6940
1783605052638 0.18439516425132751 6941
1783605052730 0.5719721913337708 6942
1783605052843 0.41574573516845703 6943
1783605052934 0.23507998883724213 6944
1783605053198 0.4348747730255127 6945
1783605053323 0.3706187903881073 6946
1783605053426 0.21965846419334412 6947
1783605053522 0.10363157093524933 6948
1783605053619 0.6803220510482788 6949
1783605053721 0.14455483853816986 6950
1783605053826 0.3109329044818878 6951
1783605053932 0.5808584094047546 6952
1783605054007 0.4728686213493347 6953
1783605054099 0.3385336995124817 6954
1783605054196 0.6716804504394531 6955
1783605054297 0.1729830652475357 6956
1783605054598 0.35289883613586426 6957
1783605054709 0.46175089478492737 6958
1783605054817 0.6689780950546265 6959
1783605054923 0.568558394908905 6960
1783605055009 0.06507576256990433 6961
1783605055105 0.3165542483329773 6962
1783605055228 0.2963147461414337 6963
1783605055377 0.22304785251617432 6964
1783605055509 0.12788398563861847 6965
1783605055664 0.18624578416347504 6966
1783605055890 0.4038185775279999 6967
1783605056036 0.4002823233604431 6968
1783605056217 0.513270914554596 6969
1783605056392 0.19441232085227966 6970
1783605056727 0.10863299667835236 6971
1783605056958 0.15768714249134064 6972
1783605057104 0.058537017554044724 6973
1783605057202 0.45310619473457336 6974
1783605057295 0.1556854397058487 6975
1783605057420 0.34683215618133545 6976
1783605057535 0.3755668103694916 6977
1783605057660 0.3000567853450775 6978
1783605057786 0.6307831406593323 6979
1783605057895 0.45119380950927734 6980
1783605057999 0.42337900400161743 6981
1783605058099 0.0788521096110344 6982
1783605058242 0.3309890329837799 6983
1783605058339 0.20870350301265717 6984
1783605058459 0.3540427088737488 6985
1783605058578 0.14152029156684875 6986
1783605058707 0.1621362417936325 6987
1783605058812 0.3208760619163513 6988
1783605058911 0.16240699589252472 6989
1783605059024 0.5675004124641418 6990
1783605059158 0.777469277381897 6991
1783605059271 0.09289204329252243 6992
1783605059368 0.1777966320514679 6993
1783605059515 0.14691534638404846 6994
1783605059633 0.3697560131549835 6995
1783605059756 0.23636910319328308 6996
1783605059873 0.15262842178344727 6997
1783605059978 0.17467471957206726 6998
1783605060093 0.19356074929237366 6999
1783605060221 0.22987206280231476 7000
1783605060349 0.3067971467971802 7001
1783605060506 0.5421494245529175 7002
1783605060751 0.09507767111063004 7003
1783605060910 0.2878844439983368 7004
1783605061043 0.19291257858276367 7005
1783605061166 0.16449804604053497 7006
1783605061307 0.4009706377983093 7007
1783605061413 0.26982492208480835 7008
1783605061526 0.2952266037464142 7009
1783605061633 0.28151094913482666 7010
1783605061740 0.20834161341190338 7011
1783605061850 0.10520230978727341 7012
1783605061950 0.17573808133602142 7013
1783605062082 0.6659757494926453 7014
1783605062212 0.15319126844406128 7015
1783605062380 0.2465895712375641 7016
1783605062491 0.09432161599397659 7017
1783605062613 0.35523951053619385 7018
1783605062740 0.1809404492378235 7019
1783605062887 0.2241971492767334 7020
1783605063040 0.713334858417511 7021
1783605063332 0.8039425015449524 7022
1783605063499 0.35563915967941284 7023
1783605063646 0.4867430031299591 7024
1783605063821 0.11049049347639084 7025
1783605063976 0.056474801152944565 7026
1783605064109 0.18672117590904236 7027
1783605064255 0.357616662979126 7028
1783605064395 0.14904290437698364 7029
1783605064669 0.28883782029151917 7030
1783605064814 0.410930871963501 7031
1783605064957 0.045178622007369995 7032
1783605065075 0.09372515231370926 7033
1783605065170 0.12842684984207153 7034
1783605065275 0.1523931473493576 7035
1783605065399 0.1502203792333603 7036
1783605065515 0.2983664274215698 7037
1783605065605 0.2345786988735199 7038
1783605065722 0.10243389755487442 7039
1783605065837 0.36291736364364624 7040
1783605065954 0.07777326554059982 7041
1783605066071 0.43633535504341125 7042
1783605066190 0.15079864859580994 7043
1783605066297 0.2960584759712219 7044
1783605066392 0.31816402077674866 7045
1783605066480 0.12604010105133057 7046
1783605066584 0.15957993268966675 7047
1783605066683 0.27350178360939026 7048
1783605066774 0.4182778298854828 7049
1783605066886 0.30986782908439636 7050
1783605066986 0.5401516556739807 7051
1783605067105 0.34689778089523315 7052
1783605067227 0.2255125641822815 7053
1783605067343 0.15652300417423248 7054
1783605067470 0.3198310434818268 7055
1783605067579 0.0606699176132679 7056
1783605067692 0.3689490258693695 7057
1783605067824 0.19840194284915924 7058
1783605067933 0.5315693616867065 7059
1783605068039 0.08571295440196991 7060
1783605068133 0.4218275845050812 7061
1783605068428 0.20705440640449524 7062
1783605068531 0.514595091342926 7063
1783605068638 0.2426760047674179 7064
1783605068764 0.7560500502586365 7065
1783605068879 0.4821934401988983 7066
1783605068976 0.31223228573799133 7067
1783605069086 0.1553613543510437 7068
1783605069192 0.8826301693916321 7069
1783605069292 0.535415530204773 7070
1783605069404 0.1822112798690796 7071
1783605069643 0.3265945613384247 7072
1783605069774 0.6878913044929504 7073
1783605069889 0.18768605589866638 7074
1783605070015 0.2833504378795624 7075
1783605070144 0.21393455564975739 7076
1783605070260 0.31111693382263184 7077
1783605070378 0.2898712456226349 7078
1783605070483 0.23512351512908936 7079
1783605070611 0.47089263796806335 7080
1783605070886 0.23815171420574188 7081
1783605070996 0.3198191523551941 7082
1783605071104 0.2793213129043579 7083
1783605071220 0.21965719759464264 7084
1783605071333 0.8405855298042297 7085
1783605071434 0.05947371572256088 7086
1783605071535 0.4201725423336029 7087
1783605071642 0.2031271606683731 7088
1783605071767 0.565280556678772 7089
1783605071902 0.3405154049396515 7090
1783605072024 0.2581084072589874 7091
1783605072124 0.38303443789482117 7092
1783605072256 0.1597251445055008 7093
1783605072476 0.11264090240001678 7094
1783605072637 0.4997163712978363 7095
1783605072781 0.44697967171669006 7096
1783605072930 0.1224556490778923 7097
1783605073085 0.24461103975772858 7098
1783605073363 0.10823298990726471 7099
1783605073505 0.14328107237815857 7100
1783605073657 0.23835980892181396 7101
1783605073791 0.2783372104167938 7102
1783605073921 0.14291779696941376 7103
1783605074078 0.2742045521736145 7104
1783605074221 0.5023559927940369 7105
1783605074347 0.2899165451526642 7106
1783605074659 0.20186051726341248 7107
1783605074811 0.10081463307142258 7108
1783605074934 0.7040860652923584 7109
1783605075077 0.4365077614784241 7110
1783605075241 0.3267021179199219 7111
1783605075382 0.27194568514823914 7112
1783605075548 0.1158195286989212 7113
1783605075697 0.10030547529459 7114
1783605075934 0.1567731648683548 7115
1783605076078 0.3856604993343353 7116
1783605076234 0.28612688183784485 7117
1783605076364 0.23674243688583374 7118
1783605076496 0.2546721398830414 7119
1783605076643 0.27215591073036194 7120
1783605076817 0.1988736242055893 7121
1783605076952 0.36294791102409363 7122
1783605077138 0.5873478055000305 7123
1783605077262 0.3373901844024658 7124
1783605077429 0.2629752457141876 7125
1783605077574 0.2220974713563919 7126
1783605077739 0.3257027566432953 7127
1783605077879 0.48823970556259155 7128
1783605078026 0.41081008315086365 7129
1783605078190 0.1587134301662445 7130
1783605078328 0.2879256308078766 7131
1783605078479 0.25162169337272644 7132
1783605078580 0.09356041252613068 7133
1783605078703 0.23998583853244781 7134
1783605078825 0.09365189075469971 7135
1783605078941 0.2569277286529541 7136
1783605079052 0.11877617985010147 7137
1783605079166 0.3368369936943054 7138
1783605079270 0.26707231998443604 7139
1783605079384 0.4278911054134369 7140
1783605079538 0.1476810872554779 7141
1783605079669 0.39070650935173035 7142
1783605079782 0.2181853950023651 7143
1783605079895 0.37752699851989746 7144
1783605080017 0.5926271677017212 7145
1783605080140 0.23940297961235046 7146
1783605080257 0.2095227986574173 7147
1783605080357 0.14377239346504211 7148
1783605080472 0.45600005984306335 7149
1783605080590 0.31052494049072266 7150
1783605080709 0.5174983143806458 7151
1783605080900 0.3558935523033142 7152
1783605081034 0.43815284967422485 7153
1783605081155 0.22954779863357544 7154
1783605081271 0.4920250475406647 7155
1783605081377 0.3411329686641693 7156
1783605081489 0.08369287848472595 7157
1783605081602 0.1760624796152115 7158
1783605081712 0.4679673910140991 7159
1783605081820 0.2114412784576416 7160
1783605081925 0.34818655252456665 7161
1783605082036 0.3753387928009033 7162
1783605082186 0.18128620088100433 7163
1783605082298 0.6426766514778137 7164
1783605082421 0.51875901222229 7165
1783605082540 0.27420637011528015 7166
1783605082647 0.3065681457519531 7167
1783605082758 0.2887435555458069 7168
1783605082856 0.1165771558880806 7169
1783605082958 0.2877538800239563 7170
1783605083056 0.2010052502155304 7171
1783605083171 0.14890065789222717 7172
1783605083276 0.19965727627277374 7173
1783605083411 0.24827533960342407 7174
1783605083513 0.1122058779001236 7175
1783605083610 0.599026083946228 7176
1783605083720 0.36249107122421265 7177
1783605083838 0.3487916886806488 7178
1783605083928 0.2352260947227478 7179
1783605084042 0.5220222473144531 7180
1783605084156 0.6021919846534729 7181
1783605084269 0.60000079870224 7182
1783605084370 0.12986096739768982 7183
1783605084472 0.16234110295772552 7184
1783605084571 0.18694624304771423 7185
1783605084743 0.2405114769935608 7186
1783605084864 0.5706378817558289 7187
1783605084969 0.19457454979419708 7188
1783605085078 0.5808268785476685 7189
1783605085187 0.36303040385246277 7190
1783605085308 0.17440535128116608 7191
1783605085412 0.27948999404907227 7192
1783605085524 0.302094042301178 7193
1783605085633 0.10943560302257538 7194
1783605085731 0.563829243183136 7195
1783605085911 0.03559629246592522 7196
1783605086041 0.3722918927669525 7197
1783605086156 0.2914896607398987 7198
1783605086274 0.4640441834926605 7199
1783605086382 0.3270569443702698 7200
1783605086494 0.21734057366847992 7201
1783605086614 0.18681354820728302 7202
1783605086725 0.26356241106987 7203
1783605086839 0.6751669645309448 7204
1783605086948 0.21197368204593658 7205
1783605087083 0.3025892972946167 7206
1783605087182 0.42676833271980286 7207
1783605087290 0.33343034982681274 7208
1783605087428 0.30560699105262756 7209
1783605087582 0.5468310117721558 7210
1783605087732 0.13036803901195526 7211
1783605087859 0.04243486747145653 7212
1783605088029 0.29349765181541443 7213
1783605088189 0.18725533783435822 7214
1783605088514 0.07083907723426819 7215
1783605088629 0.2933792173862457 7216
1783605088772 0.389898419380188 7217
1783605088891 0.23802067339420319 7218
1783605089008 0.36907875537872314 7219
1783605089122 0.16342273354530334 7220
1783605089233 0.36507776379585266 7221
1783605089359 0.5030685663223267 7222
1783605089466 0.15641744434833527 7223
1783605089576 0.40823453664779663 7224
1783605089699 0.2594953179359436 7225
1783605089811 0.0813751146197319 7226
1783605089918 0.261482298374176 7227
1783605090029 0.09995613992214203 7228
1783605090150 0.3371847867965698 7229
1783605090272 0.31009772419929504 7230
1783605090410 0.224162757396698 7231
1783605090576 0.18899813294410706 7232
1783605090691 0.21128219366073608 7233
1783605090843 0.4551496207714081 7234
1783605091048 0.4379468560218811 7235
1783605091186 0.06657171994447708 7236
1783605091325 0.3953820765018463 7237
1783605091475 0.27009737491607666 7238
1783605091617 0.18239900469779968 7239
1783605091757 0.4315322935581207 7240
1783605091905 0.35797712206840515 7241
1783605092155 0.08940909802913666 7242
1783605092375 0.4431582987308502 7243
1783605092557 0.09775541722774506 7244
1783605092755 0.4142085909843445 7245
1783605092898 0.3724519610404968 7246
1783605093041 0.4704144597053528 7247
1783605093192 0.35636988282203674 7248
1783605093338 0.04910725727677345 7249
1783605093463 0.5539700388908386 7250
1783605093610 0.5547789335250854 7251
1783605093712 0.43607887625694275 7252
1783605093799 0.12058964371681213 7253
1783605093898 0.3765447735786438 7254
1783605094010 0.36793139576911926 7255
1783605094138 0.13169458508491516 7256
1783605094259 0.11096629500389099 7257
1783605094359 0.21233190596103668 7258
1783605094468 0.18505315482616425 7259
1783605094591 0.4487714171409607 7260
1783605094783 0.3777126371860504 7261
1783605094896 0.45772311091423035 7262
1783605095013 0.3518425226211548 7263
1783605095122 0.269241064786911 7264
1783605095229 0.19891712069511414 7265
1783605095336 0.3119993805885315 7266
1783605095438 0.2250923216342926 7267
1783605095551 0.5749900937080383 7268
1783605095664 0.4959734380245209 7269
1783605095771 0.21436792612075806 7270
1783605095889 0.5400906801223755 7271
1783605096005 0.20849251747131348 7272
1783605096136 0.2655426859855652 7273
1783605096239 0.7901912927627563 7274
1783605096336 0.10978100448846817 7275
1783605096449 0.16546720266342163 7276
1783605096575 0.4956749677658081 7277
1783605096691 0.32701975107192993 7278
1783605096799 0.30126792192459106 7279
1783605096906 0.06136342138051987 7280
1783605097016 0.1756206601858139 7281
1783605097136 0.18297907710075378 7282
1783605097237 0.23561899363994598 7283
1783605097358 0.5509653687477112 7284
1783605097490 0.20428285002708435 7285
1783605097597 0.057502709329128265 7286
1783605097724 0.27182868123054504 7287
1783605097841 0.5899043679237366 7288
1783605097967 0.18947453796863556 7289
1783605098086 0.3504277169704437 7290
1783605098207 0.21111400425434113 7291
1783605098316 0.3679330348968506 7292
1783605098522 0.5398553609848022 7293
1783605098635 0.191865935921669 7294
1783605098735 0.19144779443740845 7295
1783605098825 0.12536445260047913 7296
1783605098947 0.1406906396150589 7297
1783605099070 0.2993426024913788 7298
1783605099188 0.11565838754177094 7299
1783605099306 0.22109633684158325 7300
1783605099414 0.26226088404655457 7301
1783605099524 0.40491777658462524 7302
1783605099623 0.8304843306541443 7303
1783605099751 0.15026406943798065 7304
1783605099900 0.10601536184549332 7305
1783605100020 0.09709338843822479 7306
1783605100135 0.08408250659704208 7307
1783605100250 0.312900573015213 7308
1783605100375 0.4416235089302063 7309
1783605100510 0.20930539071559906 7310
1783605100651 0.17177478969097137 7311
1783605100806 0.11662209779024124 7312
1783605101091 0.16159580647945404 7313
1783605101271 0.0846637487411499 7314
1783605101391 0.28222203254699707 7315
1783605101558 0.39502015709877014 7316
1783605101702 0.18175190687179565 7317
1783605101844 0.38181957602500916 7318
1783605101998 0.7970020174980164 7319
1783605102144 0.40851855278015137 7320
1783605102402 0.32494688034057617 7321
1783605102563 0.41055071353912354 7322
1783605102750 0.22440718114376068 7323
1783605102920 0.22908513247966766 7324
1783605103058 0.5263359546661377 7325
1783605103227 0.29306909441947937 7326
1783605103409 0.05133764445781708 7327
1783605103703 0.19055666029453278 7328
1783605103852 0.2607845067977905 7329
1783605104024 0.2877119481563568 7330
1783605104159 0.23050697147846222 7331
1783605104310 0.19195669889450073 7332
1783605104459 0.24560657143592834 7333
1783605104628 0.19909289479255676 7334
1783605104900 0.23675943911075592 7335
1783605105058 0.11481780558824539 7336
1783605105200 0.29696205258369446 7337
1783605105412 0.09342288970947266 7338
1783605105542 0.31462493538856506 7339
1783605105669 0.4704704284667969 7340
1783605105792 0.19237534701824188 7341
1783605105910 0.3409443199634552 7342
1783605106033 0.7052536010742188 7343
1783605106155 0.6982003450393677 7344
1783605106272 0.2947430908679962 7345
1783605106393 0.3329230546951294 7346
1783605106503 0.5015893578529358 7347
1783605106613 0.21033787727355957 7348
1783605106742 0.13123922049999237 7349
1783605106866 0.2511921525001526 7350
1783605106992 0.4777301847934723 7351
1783605107114 0.09459653496742249 7352
1783605107212 0.22069741785526276 7353
1783605107320 0.2481505423784256 7354
1783605107430 0.524888277053833 7355
1783605107535 0.1589992791414261 7356
1783605107645 0.2586333453655243 7357
1783605107749 0.08898894488811493 7358
1783605107852 0.3183020353317261 7359
1783605107954 0.06992415338754654 7360
1783605108060 0.2145674079656601 7361
1783605108158 0.16290712356567383 7362
1783605108260 0.2656482458114624 7363
1783605108371 0.16988594830036163 7364
1783605108481 0.0711909830570221 7365
1783605108589 0.316421240568161 7366
1783605108701 0.08452986180782318 7367
1783605108823 0.5509167313575745 7368
1783605108929 0.4163021445274353 7369
1783605109033 0.8800153136253357 7370
1783605109133 0.5062979459762573 7371
1783605109233 0.09772887080907822 7372
1783605109334 0.2665996551513672 7373
1783605109435 0.68179851770401 7374
1783605109538 0.25033485889434814 7375
1783605109630 0.19916774332523346 7376
1783605109744 0.1356283575296402 7377
1783605109856 0.4417096674442291 7378
1783605109964 0.23631900548934937 7379
1783605110076 0.20452003180980682 7380
1783605110191 0.03782607987523079 7381
1783605110316 0.22214275598526 7382
1783605110449 0.2922394573688507 7383
1783605110567 0.3765741288661957 7384
1783605110695 0.3039076626300812 7385
1783605110859 0.9907817244529724 7386
1783605111064 0.19528956711292267 7387
1783605111265 0.31996846199035645 7388
1783605111379 0.22133980691432953 7389
1783605111546 0.28589752316474915 7390
1783605111754 0.30519625544548035 7391
1783605111860 0.3181457221508026 7392
1783605111976 0.670529305934906 7393
1783605112085 0.27527695894241333 7394
1783605112228 0.45904889702796936 7395
1783605112385 0.2518444359302521 7396
1783605112541 0.4628390371799469 7397
1783605112692 0.6610915064811707 7398
1783605112846 0.8463082909584045 7399
1783605113006 0.22726546227931976 7400
1783605113170 0.11354471743106842 7401
1783605113276 0.2432338148355484 7402
1783605113401 0.41809695959091187 7403
1783605113518 0.16943074762821198 7404
1783605113646 0.22624066472053528 7405
1783605113796 0.34535887837409973 7406
1783605113924 0.1708463877439499 7407
1783605114080 0.1558942198753357 7408
1783605114224 0.29381364583969116 7409
1783605114353 0.14371410012245178 7410
1783605114447 0.18214736878871918 7411
1783605114593 0.19643725454807281 7412
1783605114732 0.32356780767440796 7413
1783605114875 0.32786113023757935 7414
1783605115104 0.4099832773208618 7415
1783605115264 0.3502216935157776 7416
1783605115423 0.20882561802864075 7417
1783605115559 0.26968663930892944 7418
1783605115724 0.2838774621486664 7419
1783605115875 0.2684582769870758 7420
1783605116036 0.2629483640193939 7421
1783605116168 0.43936365842819214 7422
1783605116323 0.13875146210193634 7423
1783605116476 0.3389222323894501 7424
1783605116621 0.15194901823997498 7425
1783605116771 0.17570894956588745 7426
1783605116932 0.6353538036346436 7427
1783605117031 0.24554748833179474 7428
1783605117148 0.5680811405181885 7429
1783605117243 0.2383790910243988 7430
1783605117359 0.31923237442970276 7431
1783605117504 0.32231345772743225 7432
1783605117612 0.40247559547424316 7433
1783605117733 0.24142153561115265 7434
1783605117866 0.6017366647720337 7435
1783605118007 0.08004964143037796 7436
1783605118124 0.20934748649597168 7437
1783605118246 0.39025816321372986 7438
1783605118390 0.2900170683860779 7439
1783605118556 0.635185956954956 7440
1783605118674 0.05317046493291855 7441
1783605118835 0.22536242008209229 7442
1783605118961 0.3846814036369324 7443
1783605119094 0.32168105244636536 7444
1783605119262 0.0979514792561531 7445
1783605119413 0.3340749442577362 7446
1783605119576 0.4504360854625702 7447
1783605119727 0.24487169086933136 7448
1783605120092 0.21584059298038483 7449
1783605120222 0.2387070208787918 7450
1783605120391 0.1684398055076599 7451
1783605120525 0.5522592067718506 7452
1783605120673 0.43378540873527527 7453
1783605120807 0.14563900232315063 7454
1783605120958 0.6489735841751099 7455
1783605121108 0.3672793209552765 7456
1783605121265 0.20015987753868103 7457
1783605121397 0.2589063048362732 7458
1783605121507 0.19190971553325653 7459
1783605121642 0.3267822861671448 7460
1783605121761 0.20794446766376495 7461
1783605121908 0.33321627974510193 7462
1783605122069 0.5203129649162292 7463
1783605122206 0.31505948305130005 7464
1783605122327 0.7667726278305054 7465
1783605122476 0.26882418990135193 7466
1783605122597 0.11174623668193817 7467
1783605122715 0.1803165078163147 7468
1783605122869 0.23665714263916016 7469
1783605123043 0.17170993983745575 7470
1783605123145 0.3227306604385376 7471
1783605123292 0.20650222897529602 7472
1783605123469 0.22801709175109863 7473
1783605123624 0.15031728148460388 7474
1783605123745 0.17292238771915436 7475
1783605123889 0.5606091618537903 7476
1783605124015 0.31256839632987976 7477
1783605124153 0.30100759863853455 7478
1783605124260 0.2399846464395523 7479
1783605124415 0.2770612835884094 7480
1783605124622 0.26851603388786316 7481
1783605124756 0.23045077919960022 7482
1783605124889 0.16465483605861664 7483
1783605125022 0.16398173570632935 7484
1783605125134 0.19765639305114746 7485
1783605125233 0.4074670076370239 7486
1783605125327 0.18320350348949432 7487
1783605125432 0.15059685707092285 7488
1783605125595 0.7408781051635742 7489
1783605125740 0.08744880557060242 7490
1783605125867 0.060753557831048965 7491
1783605126002 0.38460758328437805 7492
1783605126157 0.40636253356933594 7493
1783605126321 0.06870272010564804 7494
1783605126496 0.2563723623752594 7495
1783605126657 0.22781991958618164 7496
1783605126822 0.39304083585739136 7497
1783605126956 0.2955853343009949 7498
1783605127140 0.17143984138965607 7499
1783605128052 0.2979547083377838 7500
1783605128197 0.09928172081708908 7501
1783605128336 1.0168153047561646 7502
1783605128482 0.25959911942481995 7503
1783605128616 0.18917907774448395 7504
1783605128873 0.21502189338207245 7505
1783605129004 0.3137753903865814 7506
1783605129142 0.2532249391078949 7507
1783605129252 0.09361322969198227 7508
1783605129378 0.4173852503299713 7509
1783605129558 0.13794878125190735 7510
1783605129752 0.1167769655585289 7511
1783605129916 0.6408827304840088 7512
1783605130136 0.3331107795238495 7513
1783605130274 0.32465624809265137 7514
1783605130447 0.3413641154766083 7515
1783605130610 0.5680066347122192 7516
1783605130768 0.2694028913974762 7517
1783605130919 0.13045451045036316 7518
1783605131097 0.12172302603721619 7519
1783605131277 0.1561013013124466 7520
1783605131401 0.39500707387924194 7521
1783605131543 0.17596040666103363 7522
1783605131714 0.5594871640205383 7523
1783605131850 0.07171258330345154 7524
1783605131997 0.11934421956539154 7525
1783605132183 0.1413578987121582 7526
1783605132391 0.1365884691476822 7527
1783605132710 0.5462356209754944 7528
1783605132913 0.23394790291786194 7529
1783605133069 0.2203361690044403 7530
1783605133270 0.17828138172626495 7531
1783605133438 0.5562663674354553 7532
1783605133620 0.10208939760923386 7533
1783605133792 0.2661280035972595 7534
1783605134089 0.17846032977104187 7535
1783605134307 0.24499014019966125 7536
1783605134457 0.2259359061717987 7537
1783605134596 0.2601177990436554 7538
1783605134769 0.2867974638938904 7539
1783605134921 0.4152710437774658 7540
1783605135098 0.1199658140540123 7541
1783605135309 0.2588515877723694 7542
1783605135472 0.07793983817100525 7543
1783605135624 0.21728798747062683 7544
1783605135760 0.05857664346694946 7545
1783605135911 0.42862552404403687 7546
1783605136073 0.22608593106269836 7547
1783605136274 0.12262808531522751 7548
1783605136559 0.43637382984161377 7549
1783605136711 0.37785929441452026 7550
1783605136845 0.3381912112236023 7551
1783605136992 0.4989228844642639 7552
1783605137151 0.30089133977890015 7553
1783605137249 0.22498154640197754 7554
1783605137411 0.33283549547195435 7555
1783605137591 0.17277002334594727 7556
1783605137870 0.17635256052017212 7557
1783605138009 0.15197910368442535 7558
1783605138194 0.2963167428970337 7559
1783605138373 0.40273210406303406 7560
1783605138540 0.45420166850090027 7561
1783605138696 0.3206889033317566 7562
1783605138834 0.07717420905828476 7563
1783605139155 0.1872626096010208 7564
1783605139307 0.10691525787115097 7565
1783605139463 0.08511040359735489 7566
1783605139654 0.16436772048473358 7567
1783605139804 0.28765812516212463 7568
1783605139997 0.5220992565155029 7569
1783605140098 0.5232640504837036 7570
1783605140204 0.26981860399246216 7571
1783605140384 0.28151771426200867 7572
1783605140564 0.07947799563407898 7573
1783605140722 0.4327003061771393 7574
1783605140878 0.29575252532958984 7575
1783605141041 0.4879037141799927 7576
1783605141202 0.18260931968688965 7577
1783605141372 0.4440475106239319 7578
1783605141488 0.4428189992904663 7579
1783605141720 0.12963087856769562 7580
1783605141907 0.23405788838863373 7581
1783605142089 0.06192738935351372 7582
1783605142226 0.08888193219900131 7583
1783605142401 0.3268081545829773 7584
1783605142553 0.09095678478479385 7585
1783605142686 0.15260550379753113 7586
1783605142857 0.244630828499794 7587
1783605142993 0.1846819967031479 7588
1783605143186 0.20418241620063782 7589
1783605143318 0.1461344063282013 7590
1783605143480 0.27289775013923645 7591
1783605143664 0.10903101414442062 7592
1783605143856 0.41883400082588196 7593
1783605144004 0.24802635610103607 7594
1783605144191 0.34831637144088745 7595
1783605144339 0.20772749185562134 7596
1783605144461 0.24195019900798798 7597
1783605144626 0.1800449788570404 7598
1783605144801 0.17550788819789886 7599
1783605144965 0.20491288602352142 7600
1783605145126 0.4655536711215973 7601
1783605145295 0.42081061005592346 7602
1783605145456 0.5379481315612793 7603
1783605145739 0.24648000299930573 7604
1783605145905 0.39193814992904663 7605
1783605146081 0.21374401450157166 7606
1783605146215 0.28387144207954407 7607
1783605146373 0.3390178382396698 7608
1783605146522 0.09449222683906555 7609
1783605146678 0.3204256594181061 7610
1783605146945 0.36002033948898315 7611
1783605147142 0.21611686050891876 7612
1783605147243 0.3595297038555145 7613
1783605147418 0.21322791278362274 7614
1783605147564 0.33329010009765625 7615
1783605147722 0.31237566471099854 7616
1783605147864 0.2997486889362335 7617
1783605148012 0.09470520913600922 7618
1783605148200 0.10888926684856415 7619
1783605148341 0.12168747186660767 7620
1783605148494 0.23517635464668274 7621
1783605148627 0.5359129905700684 7622
1783605148756 0.06488537788391113 7623
1783605148868 0.35489538311958313 7624
1783605148995 0.4795985817909241 7625
1783605149111 0.6162511110305786 7626
1783605149240 0.12895703315734863 7627
1783605149375 0.21805384755134583 7628
1783605149491 0.13814648985862732 7629
1783605149603 0.451036661863327 7630
1783605149713 0.23161105811595917 7631
1783605149831 0.3283114731311798 7632
1783605149940 0.12039908766746521 7633
1783605150105 0.7430859208106995 7634
1783605150259 0.19138012826442719 7635
1783605150420 0.33365166187286377 7636
1783605150746 0.40675246715545654 7637
1783605150866 0.16145238280296326 7638
1783605151021 0.3219662308692932 7639
1783605151189 0.16852709650993347 7640
1783605151366 0.4224705100059509 7641
1783605151491 0.1873134821653366 7642
1783605151653 0.1439140886068344 7643
1783605151788 0.44762635231018066 7644
1783605152018 0.41799136996269226 7645
1783605152161 0.17589427530765533 7646
1783605152322 0.42536869645118713 7647
1783605152493 0.13863635063171387 7648
1783605152646 0.5012524127960205 7649
1783605152784 0.7008650302886963 7650
1783605152897 0.29606154561042786 7651
1783605153019 0.1814834624528885 7652
1783605153233 0.3555833697319031 7653
1783605153375 0.2039896845817566 7654
1783605153494 0.07535343617200851 7655
1783605153613 0.07749505341053009 7656
1783605153745 0.2509896755218506 7657
1783605153840 0.3646906316280365 7658
1783605153934 0.6064043641090393 7659
1783605154011 0.33235037326812744 7660
1783605154107 0.33439168334007263 7661
1783605154212 0.40083712339401245 7662
1783605154427 0.3932638168334961 7663
1783605154565 0.32248663902282715 7664
1783605154686 0.26668351888656616 7665
1783605154800 1.0619010925292969 7666
1783605154903 0.16414104402065277 7667
1783605155007 0.13731837272644043 7668
1783605155134 0.3461473882198334 7669
1783605155240 0.4649920165538788 7670
1783605155354 0.4028570055961609 7671
1783605155469 0.22540417313575745 7672
1783605155593 0.14762826263904572 7673
1783605155723 0.24259476363658905 7674
1783605155851 0.1088365986943245 7675
1783605155969 0.39592063426971436 7676
1783605156074 0.4392671585083008 7677
1783605156166 0.2669394910335541 7678
1783605156288 0.24255035817623138 7679
1783605156382 0.2704853117465973 7680
1783605156509 0.36245062947273254 7681
1783605156628 0.1278521567583084 7682
1783605156736 0.3834325075149536 7683
1783605156851 0.4010154902935028 7684
1783605156971 0.0643666610121727 7685
1783605157091 0.26753267645835876 7686
1783605157191 0.5919253826141357 7687
1783605157296 0.28106579184532166 7688
1783605157412 0.16875912249088287 7689
1783605157508 0.40506717562675476 7690
1783605157599 0.269522488117218 7691
1783605157711 0.4463169276714325 7692
1783605157832 0.4230611324310303 7693
1783605157955 0.27411189675331116 7694
1783605158085 0.32796403765678406 7695
1783605158199 0.24855126440525055 7696
1783605158321 0.37595853209495544 7697
1783605158448 0.23104429244995117 7698
1783605158575 0.16052590310573578 7699
1783605158703 0.5501595139503479 7700
1783605158802 0.33624714612960815 7701
1783605158930 0.22059719264507294 7702
1783605159037 0.5103088617324829 7703
1783605159142 0.45162904262542725 7704
1783605159247 0.48727869987487793 7705
1783605159590 0.22377640008926392 7706
1783605159697 0.4812631905078888 7707
1783605159806 0.2418988198041916 7708
1783605159916 0.29559388756752014 7709
1783605160047 0.10526358336210251 7710
1783605160185 0.23044314980506897 7711
1783605160325 0.18834984302520752 7712
1783605160452 0.24571116268634796 7713
1783605160584 0.34100329875946045 7714
1783605160739 0.403504878282547 7715
1783605160876 0.5109611749649048 7716
1783605160983 0.27898362278938293 7717
1783605161088 0.36836865544319153 7718
1783605161225 0.21111616492271423 7719
1783605161340 0.12985579669475555 7720
1783605161442 0.2392190843820572 7721
1783605161591 0.1069662943482399 7722
1783605161745 0.12926055490970612 7723
1783605161966 0.09699487686157227 7724
1783605162092 0.26248714327812195 7725
1783605162236 0.16778551042079926 7726
1783605162392 0.18708574771881104 7727
1783605162541 0.19577573239803314 7728
1783605162689 0.5368608236312866 7729
1783605162856 0.2793138027191162 7730
1783605163002 0.32956525683403015 7731
1783605163111 0.7424784302711487 7732
1783605163321 0.3548416495323181 7733
1783605163519 0.1885523945093155 7734
1783605163707 0.3925308883190155 7735
1783605163914 0.25835728645324707 7736
1783605164075 0.12112530320882797 7737
1783605164225 0.16288551688194275 7738
1783605164368 0.2509513795375824 7739
1783605164559 0.1939796656370163 7740
1783605164665 0.3941751718521118 7741
1783605164802 0.218836709856987 7742
1783605164912 0.14168988168239594 7743
1783605165071 0.10372310131788254 7744
1783605165215 0.16987615823745728 7745
1783605165354 0.5455541014671326 7746
1783605165522 0.2437843680381775 7747
1783605165675 0.18039944767951965 7748
1783605165833 0.14212051033973694 7749
1783605165977 0.06802304089069366 7750
1783605166142 0.3560289740562439 7751
1783605166295 0.3177174925804138 7752
1783605166420 0.1556360274553299 7753
1783605166550 0.5537647008895874 7754
1783605166689 0.1806889772415161 7755
1783605166853 0.3070323169231415 7756
1783605167025 0.06835994124412537 7757
1783605167171 0.307481974363327 7758
1783605167260 0.4421598017215729 7759
1783605167351 0.40681320428848267 7760
1783605167505 0.5394269227981567 7761
1783605167663 0.2386479377746582 7762
1783605167822 0.20793093740940094 7763
1783605168050 0.16127218306064606 7764
1783605168302 0.14682702720165253 7765
1783605168458 0.1883591115474701 7766
1783605168597 0.21244630217552185 7767
1783605168760 0.26701825857162476 7768
1783605168915 0.5800886750221252 7769
1783605169069 0.0917721539735794 7770
1783605169197 0.38339659571647644 7771
1783605169350 0.6158411502838135 7772
1783605169672 0.24111589789390564 7773
1783605169882 0.4497400224208832 7774
1783605169995 0.11686836183071136 7775
1783605170109 0.244591623544693 7776
1783605170208 0.46332085132598877 7777
1783605170305 0.1899692416191101 7778
1783605170420 0.5774049162864685 7779
1783605170537 0.28529560565948486 7780
1783605170651 0.36909550428390503 7781
1783605170759 0.2021760791540146 7782
1783605170868 0.20137010514736176 7783
1783605170990 0.3883010149002075 7784
1783605171107 0.70283043384552 7785
1783605171220 0.4817970395088196 7786
1783605171352 0.18480350077152252 7787
1783605171493 0.2690906524658203 7788
1783605171630 0.13545389473438263 7789
1783605171769 0.48092812299728394 7790
1783605171887 0.1323302537202835 7791
1783605172024 0.33272355794906616 7792
1783605172153 0.3705610930919647 7793
1783605172300 0.6253589391708374 7794
1783605172420 0.19029682874679565 7795
1783605172537 0.22965505719184875 7796
1783605172646 0.0936790257692337 7797
1783605172767 0.19046182930469513 7798
1783605172874 0.1417897641658783 7799
1783605172988 0.16252416372299194 7800
1783605173111 0.06961683928966522 7801
1783605173248 0.12534292042255402 7802
1783605173363 0.1658409833908081 7803
1783605173478 0.41356319189071655 7804
1783605173590 0.2856373190879822 7805
1783605173694 0.2798408269882202 7806
1783605173815 0.12468452751636505 7807
1783605173930 0.0753868967294693 7808
1783605174045 0.17611759901046753 7809
1783605174162 0.3271457552909851 7810
1783605174284 0.06736975163221359 7811
1783605174399 0.28035101294517517 7812
1783605174511 0.2853384017944336 7813
1783605174638 0.18088987469673157 7814
1783605174803 0.36873361468315125 7815
1783605174931 0.15244969725608826 7816
1783605175048 0.2699403464794159 7817
1783605175147 0.13305416703224182 7818
1783605175238 0.3917624354362488 7819
1783605175335 0.3173690140247345 7820
1783605175439 1.0092434883117676 7821
1783605175548 0.07918773591518402 7822
1783605175656 0.1542397141456604 7823
1783605175766 0.34146013855934143 7824
1783605175876 0.1730697751045227 7825
1783605175993 0.39473241567611694 7826
1783605176101 0.14715386927127838 7827
1783605176226 0.133195698261261 7828
1783605176349 0.35301870107650757 7829
1783605176476 0.2870483696460724 7830
1783605176624 0.4204091727733612 7831
1783605176774 0.7150209546089172 7832
1783605176910 0.250514417886734 7833
1783605177037 0.06486175209283829 7834
1783605177184 0.1428736448287964 7835
1783605177288 0.32277777791023254 7836
1783605177393 0.30247440934181213 7837
1783605177524 0.4734436571598053 7838
1783605177674 0.12406697124242783 7839
1783605177811 0.7077896595001221 7840
1783605177976 0.12808749079704285 7841
1783605178120 0.39255213737487793 7842
1783605178278 0.1635478138923645 7843
1783605178558 0.33178821206092834 7844
1783605178704 0.3510533571243286 7845
1783605178869 0.5595923662185669 7846
1783605179007 0.10955604910850525 7847
1783605179255 0.25876349210739136 7848
1783605179407 0.4193171560764313 7849
1783605179541 0.33469364047050476 7850
1783605179669 0.1871257722377777 7851
1783605179935 0.10146339982748032 7852
1783605180074 0.5699324011802673 7853
1783605180219 0.27127498388290405 7854
1783605180370 0.11861129850149155 7855
1783605180505 0.1419745534658432 7856
1783605180631 0.5218337178230286 7857
1783605180764 0.22549518942832947 7858
1783605180887 0.2813422679901123 7859
1783605181014 0.32996946573257446 7860
1783605181125 0.3038567900657654 7861
1783605181242 0.06014601141214371 7862
1783605181357 0.33528560400009155 7863
1783605181455 0.3941413462162018 7864
1783605181566 0.17555288970470428 7865
1783605181672 0.19716548919677734 7866
1783605181795 0.4570504426956177 7867
1783605181898 0.4986717104911804 7868
1783605182010 0.2142835408449173 7869
1783605182171 0.29607051610946655 7870
1783605182471 0.8117836713790894 7871
1783605182616 0.5003005266189575 7872
1783605182769 0.2579877972602844 7873
1783605182923 0.33276206254959106 7874
1783605183084 0.46925708651542664 7875
1783605183247 0.30696848034858704 7876
1783605183369 0.11797234416007996 7877
1783605183571 0.26440420746803284 7878
1783605183765 0.2717178761959076 7879
1783605183933 0.2753795385360718 7880
1783605184077 0.17979635298252106 7881
1783605184242 0.11160539835691452 7882
1783605184408 0.6913018226623535 7883
1783605184571 0.27845457196235657 7884
1783605184707 0.2426467090845108 7885
1783605184989 0.12432026118040085 7886
1783605185125 0.19046489894390106 7887
1783605185288 0.3822796642780304 7888
1783605185453 0.42455366253852844 7889
1783605185599 0.187333345413208 7890
1783605185735 0.26035311818122864 7891
1783605185886 0.6711462140083313 7892
1783605186036 0.15975993871688843 7893
1783605186322 0.40357300639152527 7894
1783605186460 0.23756861686706543 7895
1783605186621 0.21158179640769958 7896
1783605186774 0.17836952209472656 7897
1783605186931 0.3991009593009949 7898
1783605187074 0.292746365070343 7899
1783605187191 0.6083700060844421 7900
1783605187289 0.2995957136154175 7901
1783605187413 0.3235749304294586 7902
1783605187533 0.3510352671146393 7903
1783605187652 0.1031094565987587 7904
1783605187754 0.2557370662689209 7905
1783605187867 0.2655617594718933 7906
1783605187980 0.3501138985157013 7907
1783605188103 0.24591630697250366 7908
1783605188220 0.3799683153629303 7909
1783605188313 0.34400275349617004 7910
1783605188408 0.6914178729057312 7911
1783605188517 0.2538583278656006 7912
1783605188842 0.8634570837020874 7913
1783605188953 0.27741798758506775 7914
1783605189047 0.27670159935951233 7915
1783605189172 0.0856548622250557 7916
1783605189293 0.28720760345458984 7917
1783605189406 0.7460164427757263 7918
1783605189518 0.1185731440782547 7919
1783605189640 0.2706221044063568 7920
1783605189745 0.12134794890880585 7921
1783605189862 0.33002135157585144 7922
1783605190095 0.18293139338493347 7923
1783605190265 0.3460676074028015 7924
1783605190397 0.06906740367412567 7925
1783605190520 0.16402092576026917 7926
1783605190638 0.39088568091392517 7927
1783605190750 0.10599016398191452 7928
1783605190870 0.3656924068927765 7929
1783605190973 0.2688222825527191 7930
1783605191071 0.3853590190410614 7931
1783605191166 0.2677760422229767 7932
1783605191280 0.872957706451416 7933
1783605191409 0.28494104743003845 7934
1783605191511 0.3030034303665161 7935
1783605191608 0.338916540145874 7936
1783605191729 0.5074992179870605 7937
1783605191842 0.31536194682121277 7938
1783605191936 0.11693307757377625 7939
1783605192040 0.2944980561733246 7940
1783605192142 0.28520068526268005 7941
1783605192296 0.26502180099487305 7942
1783605192451 0.14632435142993927 7943
1783605192669 0.1489042490720749 7944
1783605192803 0.37740015983581543 7945
1783605192929 0.409408301115036 7946
1783605193070 0.31009429693222046 7947
1783605193206 0.33756282925605774 7948
1783605193374 0.6172522902488708 7949
1783605193541 0.23348386585712433 7950
1783605193738 0.10173282772302628 7951
1783605193889 0.13400310277938843 7952
1783605194007 0.2913391590118408 7953
1783605194180 0.35883915424346924 7954
1783605194347 0.4922066926956177 7955
1783605194505 0.20672288537025452 7956
1783605194668 0.09209340065717697 7957
1783605194824 0.474362313747406 7958
1783605194990 0.43319085240364075 7959
1783605195339 0.22461986541748047 7960
1783605195490 0.2628212869167328 7961
1783605195653 0.492289662361145 7962
1783605195799 0.14266565442085266 7963
1783605195930 0.5635536909103394 7964
1783605196142 0.2644236981868744 7965
1783605196241 0.4043557941913605 7966
1783605196356 0.3028821647167206 7967
1783605196537 0.35365357995033264 7968
1783605196650 0.259583443403244 7969
1783605196755 0.14599305391311646 7970
1783605196879 0.22815075516700745 7971
1783605196994 0.37825629115104675 7972
1783605197132 0.1430642157793045 7973
1783605197233 0.3341648578643799 7974
1783605197344 0.1291579306125641 7975
1783605197468 0.6221737861633301 7976
1783605197588 0.15189605951309204 7977
1783605197826 0.2157321274280548 7978
1783605197950 0.31086474657058716 7979
1783605198046 0.25917428731918335 7980
1783605198142 0.3101091980934143 7981
1783605198277 0.3850906789302826 7982
1783605198402 0.19323912262916565 7983
1783605198518 0.0814887136220932 7984
1783605198632 0.3063223958015442 7985
1783605198738 0.04453810304403305 7986
1783605198829 0.09212717413902283 7987
1783605198948 0.17702797055244446 7988
1783605199128 0.18450015783309937 7989
1783605199234 0.37678179144859314 7990
1783605199321 0.7878196835517883 7991
1783605199450 0.22796112298965454 7992
1783605199572 0.38158562779426575 7993
1783605199702 0.26057249307632446 7994
1783605199817 0.1012018695473671 7995
1783605199956 0.42482060194015503 7996
1783605200083 0.5214730501174927 7997
1783605200318 0.3255772888660431 7998
1783605200454 0.4023217558860779 7999
1783605200543 0.4518173635005951 8000
1783605200655 0.23999741673469543 8001
1783605200815 0.6464019417762756 8002
1783605200940 0.30520713329315186 8003
1783605201068 0.24485787749290466 8004
1783605201199 0.5113685131072998 8005
1783605201313 0.5834410786628723 8006
1783605201464 0.5276862382888794 8007
1783605201633 0.5538660287857056 8008
1783605201753 0.06590861082077026 8009
1783605201884 0.19789692759513855 8010
1783605202008 0.06882559508085251 8011
1783605202115 0.28083890676498413 8012
1783605202213 0.4958610534667969 8013
1783605202317 0.1762915402650833 8014
1783605202429 0.5059906244277954 8015
1783605202548 0.27163374423980713 8016
1783605202652 0.16457723081111908 8017
1783605202822 0.3919927477836609 8018
1783605202943 0.27411580085754395 8019
1783605203072 0.14485593140125275 8020
1783605203197 0.0492791011929512 8021
1783605203343 0.3067110776901245 8022
1783605203545 0.18081241846084595 8023
1783605203720 0.4778602421283722 8024
1783605203871 0.6742334961891174 8025
1783605204239 0.41847676038742065 8026
1783605204346 0.4273894727230072 8027
1783605204452 0.12316541373729706 8028
1783605204570 0.15665701031684875 8029
1783605204692 0.21323426067829132 8030
1783605204812 0.09581731259822845 8031
1783605204922 0.7662794589996338 8032
1783605205049 0.1579894721508026 8033
1783605205139 0.04847671091556549 8034
1783605205240 0.21641187369823456 8035
1783605205338 0.323518842458725 8036
1783605205484 0.24842232465744019 8037
1783605205634 0.20415718853473663 8038
1783605205811 0.2020666003227234 8039
1783605205961 0.6089231967926025 8040
1783605206120 0.4575333893299103 8041
1783605206280 0.18888436257839203 8042
1783605206402 0.3788372576236725 8043
1783605206712 0.3695525527000427 8044
1783605206894 0.36649584770202637 8045
1783605207058 0.17845554649829865 8046
1783605207249 0.2594195008277893 8047
1783605207391 0.23687629401683807 8048
1783605207534 0.1293858289718628 8049
1783605207689 0.23965099453926086 8050
1783605207834 0.44249528646469116 8051
1783605208035 0.40270692110061646 8052
1783605208181 0.29435375332832336 8053
1783605208335 0.3046722412109375 8054
1783605208483 0.3871716260910034 8055
1783605208579 0.4244508743286133 8056
1783605208727 0.19353967905044556 8057
1783605208900 0.24863667786121368 8058
1783605209034 0.18951521813869476 8059
1783605209316 0.1907324194908142 8060
1783605209428 0.19598230719566345 8061
1783605209547 0.2785015106201172 8062
1783605209677 0.29517096281051636 8063
1783605209782 0.34939858317375183 8064
1783605209904 0.10573635250329971 8065
1783605210014 0.3887476623058319 8066
1783605210135 0.2575203478336334 8067
1783605210254 0.3451898396015167 8068
1783605210346 0.2707228660583496 8069
1783605210511 0.2324402928352356 8070
1783605210651 0.3007023334503174 8071
1783605210747 0.20925863087177277 8072
1783605210868 0.2611352801322937 8073
1783605210961 0.07410261780023575 8074
1783605211072 0.40257057547569275 8075
1783605211178 0.283840537071228 8076
1783605211292 0.31270360946655273 8077
1783605211431 0.3360675275325775 8078
1783605211538 0.23825572431087494 8079
1783605211648 0.3555922508239746 8080
1783605211823 0.5900753736495972 8081
1783605211949 0.12009584903717041 8082
1783605212064 0.15282504260540009 8083
1783605212200 0.10577844083309174 8084
1783605212302 0.09999433159828186 8085
1783605212413 0.08824016153812408 8086
1783605212522 0.10892004519701004 8087
1783605212624 0.267448753118515 8088
1783605212737 0.3355955183506012 8089
1783605212863 0.44614094495773315 8090
1783605212990 0.3016113042831421 8091
1783605213112 0.24357624351978302 8092
1783605213224 0.5165769457817078 8093
1783605213335 0.4454716444015503 8094
1783605213446 0.4357188940048218 8095
1783605213564 0.3271130323410034 8096
1783605213667 0.12338069826364517 8097
1783605213777 0.6038998961448669 8098
1783605213918 0.35015439987182617 8099
1783605214033 0.1094653457403183 8100
1783605214133 0.22034092247486115 8101
1783605214248 0.6129864454269409 8102
1783605214363 0.13000723719596863 8103
1783605214469 0.2785164415836334 8104
1783605214581 0.18683291971683502 8105
1783605214685 0.1626194566488266 8106
1783605214788 0.2690299451351166 8107
1783605214900 0.16189560294151306 8108
1783605215028 0.3869069218635559 8109
1783605215138 0.2443927377462387 8110
1783605215232 0.2299957573413849 8111
1783605215350 0.606563925743103 8112
1783605215512 0.30910736322402954 8113
1783605215624 0.6734428405761719 8114
1783605215752 0.2236151546239853 8115
1783605215862 0.1972416192293167 8116
1783605215984 0.3968823552131653 8117
1783605216083 0.32176172733306885 8118
1783605216188 0.34581258893013 8119
1783605216300 0.2871139645576477 8120
1783605216428 0.25425398349761963 8121
1783605216531 0.6640284061431885 8122
1783605216645 0.3200860619544983 8123
1783605216767 0.0861542671918869 8124
1783605216891 0.22261369228363037 8125
1783605216982 0.25773072242736816 8126
1783605217080 0.5008233189582825 8127
1783605217218 0.14053219556808472 8128
1783605217307 0.4240230619907379 8129
1783605217418 0.34199798107147217 8130
1783605217535 0.2518509328365326 8131
1783605217646 0.553661584854126 8132
1783605217757 0.23970501124858856 8133
1783605217868 0.07637922465801239 8134
1783605217979 0.255670964717865 8135
1783605218108 0.3081441819667816 8136
1783605218217 0.4446543753147125 8137
1783605218320 0.2243797779083252 8138
1783605218401 0.8823894262313843 8139
1783605218534 0.7667645215988159 8140
1783605218671 0.3631642460823059 8141
1783605218818 0.1681537926197052 8142
1783605218956 0.3494374454021454 8143
1783605219087 0.08946690708398819 8144
1783605219278 0.30726829171180725 8145
1783605219536 0.4649706184864044 8146
1783605219678 0.16384285688400269 8147
1783605219830 0.46022266149520874 8148
1783605219981 0.2863202691078186 8149
1783605220119 0.20882520079612732 8150
1783605220279 0.13574472069740295 8151
1783605220408 0.20118148624897003 8152
1783605220741 0.649226725101471 8153
1783605220905 0.3169090449810028 8154
1783605221036 0.49971804022789 8155
1783605221186 0.21416915953159332 8156
1783605221296 0.28383541107177734 8157
1783605221453 0.17118652164936066 8158
1783605221568 0.19552376866340637 8159
1783605221718 0.4267323613166809 8160
1783605222054 0.8002582788467407 8161
1783605222178 0.1892855316400528 8162
1783605222354 0.2408963143825531 8163
1783605222506 0.3187679946422577 8164
1783605222670 0.2285812348127365 8165
1783605222804 0.5878026485443115 8166
1783605222930 0.33525484800338745 8167
1783605223076 0.209641695022583 8168
1783605223437 0.24441130459308624 8169
1783605223577 0.21351541578769684 8170
1783605223743 0.19520655274391174 8171
1783605223886 0.13679930567741394 8172
1783605224029 0.28915220499038696 8173
1783605224173 0.3189730942249298 8174
1783605224318 0.20756788551807404 8175
1783605224429 0.28096717596054077 8176
1783605224720 0.2871362268924713 8177
1783605224829 0.23709021508693695 8178
1783605224947 0.2642279863357544 8179
1783605225069 0.3594472408294678 8180
1783605225167 0.3209586441516876 8181
1783605225268 0.15750937163829803 8182
1783605225375 0.043287888169288635 8183
1783605225482 0.12313999980688095 8184
1783605225588 0.23669274151325226 8185
1783605225698 0.3619866669178009 8186
1783605225813 0.07664550095796585 8187
1783605225932 0.43994662165641785 8188
1783605226021 0.23491567373275757 8189
1783605226129 0.09735938906669617 8190
1783605226236 0.1674928218126297 8191
1783605226316 0.26708704233169556 8192
1783605226410 0.1800536960363388 8193
1783605226515 0.27835074067115784 8194
1783605226624 0.4203205406665802 8195
1783605226737 0.1451423317193985 8196
1783605226834 0.22937405109405518 8197
1783605226944 0.45851758122444153 8198
1783605227048 0.729901909828186 8199
1783605227197 0.2798028290271759 8200
1783605227286 0.5161781907081604 8201
1783605227385 0.20796185731887817 8202
1783605227478 0.36842966079711914 8203
1783605227601 0.2033677101135254 8204
1783605227716 0.15726207196712494 8205
1783605227831 0.30311882495880127 8206
1783605227929 0.8524158596992493 8207
1783605228034 0.37148359417915344 8208
1783605228132 0.2126253843307495 8209
1783605228261 0.5395737886428833 8210
1783605228382 0.5048343539237976 8211
1783605228506 0.2588243782520294 8212
1783605228621 0.2556988596916199 8213
1783605228740 1.0919615030288696 8214
1783605228863 0.3676988482475281 8215
1783605228973 0.1957699954509735 8216
1783605229102 0.23812149465084076 8217
1783605229217 0.20092558860778809 8218
1783605229341 0.3032587170600891 8219
1783605229445 0.4687016010284424 8220
1783605229593 0.0855722427368164 8221
1783605229702 0.29326292872428894 8222
1783605229794 0.6367158889770508 8223
1783605229913 0.57963627576828 8224
1783605230019 0.1824103742837906 8225
1783605230116 0.3422856330871582 8226
1783605230225 0.07709574699401855 8227
1783605230342 0.13530148565769196 8228
1783605230447 0.43545424938201904 8229
1783605230566 0.07673370838165283 8230
1783605230674 0.33846431970596313 8231
1783605230788 0.2848553955554962 8232
1783605230934 0.7109410762786865 8233
1783605231031 0.12403301894664764 8234
1783605231143 0.2167789340019226 8235
1783605231237 0.25974616408348083 8236
1783605231334 0.3890114724636078 8237
1783605231444 0.24452762305736542 8238
1783605231551 0.143611341714859 8239
1783605231699 0.2764263153076172 8240
1783605231864 0.6695075035095215 8241
1783605232031 0.14937350153923035 8242
1783605232308 0.3289257884025574 8243
1783605232448 0.11988618224859238 8244
1783605232564 0.20867040753364563 8245
1783605232717 0.2736886739730835 8246
1783605232919 0.35797423124313354 8247
1783605233074 0.29834991693496704 8248
1783605233218 0.5317274928092957 8249
1783605233466 0.21244576573371887 8250
1783605233622 0.3665545582771301 8251
1783605233771 0.3095645606517792 8252
1783605233969 0.1768551468849182 8253
1783605234127 0.2148599773645401 8254
1783605234281 0.2876228392124176 8255
1783605234453 0.416731059551239 8256
1783605234588 0.21597181260585785 8257
1783605234802 0.221540629863739 8258
1783605234931 0.28700271248817444 8259
1783605235100 0.3120426535606384 8260
1783605235260 0.5143940448760986 8261
1783605235388 0.47213852405548096 8262
1783605235516 0.2481546550989151 8263
1783605235636 0.12080454081296921 8264
1783605235751 0.20339125394821167 8265
1783605235880 0.08158966153860092 8266
1783605235992 0.18363149464130402 8267
1783605236141 0.16095846891403198 8268
1783605236258 0.2378838211297989 8269
1783605236383 0.2687080204486847 8270
1783605236501 0.5048330426216125 8271
1783605236604 0.335275262594223 8272
1783605236705 0.12352056056261063 8273
1783605236815 0.7344383001327515 8274
1783605236925 0.20233550667762756 8275
1783605237050 0.1805262565612793 8276
1783605237152 0.10122127085924149 8277
1783605237259 0.2409467250108719 8278
1783605237373 0.5476773977279663 8279
1783605237492 0.3113637864589691 8280
1783605237599 0.49403199553489685 8281
1783605237710 0.31133678555488586 8282
1783605237819 0.13122643530368805 8283
1783605237915 0.6417186856269836 8284
1783605238005 0.6706148386001587 8285
1783605238108 0.32209235429763794 8286
1783605238206 0.5269654989242554 8287
1783605238301 0.456072062253952 8288
1783605238412 0.5999854803085327 8289
1783605238585 0.6638696193695068 8290
1783605238699 0.7295697927474976 8291
1783605238816 0.4842319190502167 8292
1783605238935 0.3369203209877014 8293
1783605239050 0.14138993620872498 8294
1783605239146 0.3736717998981476 8295
1783605239261 0.36569464206695557 8296
1783605239389 0.41958025097846985 8297
1783605239497 0.3759322464466095 8298
1783605239608 0.3314002752304077 8299
1783605239706 0.3692699074745178 8300
1783605239834 0.5610398650169373 8301
1783605239957 0.49860286712646484 8302
1783605240065 0.4545990824699402 8303
1783605240165 0.37940454483032227 8304
1783605240255 0.41993725299835205 8305
1783605240339 0.6202816963195801 8306
1783605240422 0.37314340472221375 8307
1783605240528 0.23511305451393127 8308
1783605240676 0.6848500370979309 8309
1783605240818 0.07877562195062637 8310
1783605241168 0.5234872102737427 8311
1783605241321 0.2317761480808258 8312
1783605241466 0.33082398772239685 8313
1783605241569 0.22229920327663422 8314
1783605241671 0.2437979280948639 8315
1783605241772 0.10300704836845398 8316
1783605241873 0.31448063254356384 8317
1783605242009 0.22925187647342682 8318
1783605242129 0.3601050078868866 8319
1783605242267 0.4176574945449829 8320
1783605242448 0.2681002914905548 8321
1783605242565 0.389434278011322 8322
1783605242697 0.04522236809134483 8323
1783605242837 0.6639465093612671 8324
1783605243017 0.22953709959983826 8325
1783605243152 0.2778109908103943 8326
1783605243319 0.2525985836982727 8327
1783605243455 0.3551334738731384 8328
1783605243617 0.28555065393447876 8329
1783605243753 0.3215648829936981 8330
1783605243864 0.10841209441423416 8331
1783605244014 0.46589386463165283 8332
1783605244154 0.058311738073825836 8333
1783605244301 0.29224586486816406 8334
1783605244470 0.26404258608818054 8335
1783605244618 0.17084331810474396 8336
1783605244747 0.4545748829841614 8337
1783605244886 0.29499509930610657 8338
1783605245126 0.8067919015884399 8339
1783605245285 0.5197703838348389 8340
1783605245451 0.424479603767395 8341
1783605245585 0.30989038944244385 8342
1783605245734 0.2910916805267334 8343
1783605245857 0.2896113991737366 8344
1783605246012 0.45043691992759705 8345
1783605246282 0.35116511583328247 8346
1783605246477 0.5928819179534912 8347
1783605246574 0.15722723305225372 8348
1783605246667 0.3219466507434845 8349
1783605246785 0.402823269367218 8350
1783605246896 0.11154879629611969 8351
1783605247004 0.5509428977966309 8352
1783605247119 0.6541800498962402 8353
1783605247245 0.25347286462783813 8354
1783605247367 0.07882347702980042 8355
1783605247566 0.12081122398376465 8356
1783605247708 0.537858247756958 8357
1783605247843 0.40604016184806824 8358
1783605247961 0.283344566822052 8359
1783605248063 0.2630577087402344 8360
1783605248169 0.18511135876178741 8361
1783605248265 0.3294452130794525 8362
1783605248387 0.20984181761741638 8363
1783605248508 0.1544642299413681 8364
1783605248621 0.3373095691204071 8365
1783605248724 0.08627080917358398 8366
1783605248888 0.38023021817207336 8367
1783605248993 0.17324420809745789 8368
1783605249102 0.1934288889169693 8369
1783605249199 0.41487249732017517 8370
1783605249285 0.3116043508052826 8371
1783605249405 0.150894433259964 8372
1783605249497 0.13752461969852448 8373
1783605249618 0.28543657064437866 8374
1783605249694 0.36146053671836853 8375
1783605249789 0.1600957214832306 8376
1783605249910 0.2817188799381256 8377
1783605250169 0.11443314701318741 8378
1783605250318 0.12104993313550949 8379
1783605250454 0.14074033498764038 8380
1783605250565 0.21562594175338745 8381
1783605250701 0.2211146354675293 8382
1783605250812 0.2168070375919342 8383
1783605250935 0.4974694848060608 8384
1783605251054 0.20251218974590302 8385
1783605251169 0.17149025201797485 8386
1783605251271 0.28110045194625854 8387
1783605251386 0.29644477367401123 8388
1783605251492 0.2415827512741089 8389
1783605251594 0.18313148617744446 8390
1783605251707 0.17512477934360504 8391
1783605251814 0.6451482772827148 8392
1783605251912 0.3383330702781677 8393
1783605252051 0.2038242071866989 8394
1783605252168 0.08485261350870132 8395
1783605252284 0.17891550064086914 8396
1783605252414 0.6568841934204102 8397
1783605252518 0.061778474599123 8398
1783605252602 0.1807219386100769 8399
1783605252766 0.4680156707763672 8400
1783605252873 0.5475791096687317 8401
1783605252968 0.16913704574108124 8402
1783605253041 0.5987939834594727 8403
1783605253154 0.17912885546684265 8404
1783605253265 0.32817715406417847 8405
1783605253393 0.44449424743652344 8406
1783605253547 0.18455053865909576 8407
1783605253665 0.34980636835098267 8408
1783605253933 0.41379356384277344 8409
1783605254074 0.2699581980705261 8410
1783605254193 0.2159985601902008 8411
1783605254313 0.17651492357254028 8412
1783605254420 0.356810986995697 8413
1783605254516 1.0542283058166504 8414
1783605254664 0.2375684380531311 8415
1783605254838 0.2542104125022888 8416
1783605254966 0.20670466125011444 8417
1783605255140 0.22398486733436584 8418
1783605255365 0.3917430341243744 8419
1783605255517 0.4028931260108948 8420
1783605255633 0.09461785852909088 8421
1783605255764 0.4381994605064392 8422
1783605255886 0.4745764136314392 8423
1783605256017 0.20111355185508728 8424
1783605256115 0.5385711193084717 8425
1783605256202 0.5023207664489746 8426
1783605256319 0.2282559871673584 8427
1783605256451 0.07480199635028839 8428
1783605256595 0.3115155100822449 8429
1783605256730 0.29095906019210815 8430
1783605256890 0.11260765790939331 8431
1783605257031 0.17515799403190613 8432
1783605257188 0.1795055866241455 8433
1783605257290 0.10293775796890259 8434
1783605257363 0.27624186873435974 8435
1783605257537 0.40183329582214355 8436
1783605257682 0.303509384393692 8437
1783605257806 0.17913922667503357 8438
1783605257915 0.3149915337562561 8439
1783605258019 0.3618898391723633 8440
1783605258126 0.27875685691833496 8441
1783605258246 0.283700555562973 8442
1783605258347 0.3190727233886719 8443
1783605258484 0.3962516188621521 8444
1783605258633 0.3054696321487427 8445
1783605258809 0.2171235829591751 8446
1783605258930 0.13622340559959412 8447
1783605259197 0.10528883337974548 8448
1783605259380 0.11952818930149078 8449
1783605259468 0.18881072103977203 8450
1783605259608 0.3076188564300537 8451
1783605259750 0.4793904423713684 8452
1783605259919 0.1860080063343048 8453
1783605260071 0.24120654165744781 8454
1783605260235 0.16244575381278992 8455
1783605260424 0.5163440108299255 8456
1783605260548 0.12234579771757126 8457
1783605260717 0.35557398200035095 8458
1783605260865 0.2538830041885376 8459
1783605261045 0.2901400327682495 8460
1783605261205 0.10857802629470825 8461
1783605261382 0.17779013514518738 8462
1783605261565 0.4567575454711914 8463
1783605261730 0.22265076637268066 8464
1783605261867 0.5062559843063354 8465
1783605262020 0.471940815448761 8466
1783605262182 0.2628290057182312 8467
1783605262480 0.5901352167129517 8468
1783605262642 0.201564759016037 8469
1783605262860 0.13256748020648956 8470
1783605263103 0.2276199609041214 8471
1783605263247 0.4103681147098541 8472
1783605263385 0.12378884106874466 8473
1783605263544 0.215212881565094 8474
1783605263695 0.28019678592681885 8475
1783605263823 0.26673397421836853 8476
1783605263970 0.2650385797023773 8477
1783605264217 0.1722419112920761 8478
1783605264416 0.13329970836639404 8479
1783605264560 0.11986292153596878 8480
1783605264699 0.27159401774406433 8481
1783605264835 0.494053453207016 8482
1783605264975 0.5969778299331665 8483
1783605265131 0.08159130066633224 8484
1783605265281 0.24615734815597534 8485
1783605265605 0.3121276795864105 8486
1783605265741 0.37971025705337524 8487
1783605265866 0.32791492342948914 8488
1783605266008 0.12551012635231018 8489
1783605266128 0.10612886399030685 8490
1783605266248 0.24743561446666718 8491
1783605266381 0.31016334891319275 8492
1783605266510 0.2542020380496979 8493
1783605266630 0.31205615401268005 8494
1783605266813 0.18814018368721008 8495
1783605266953 0.25944066047668457 8496
1783605267077 0.5328147411346436 8497
1783605267206 0.32932308316230774 8498
1783605267292 0.6411141753196716 8499
1783605267403 0.25418493151664734 8500
1783605267518 0.6725181341171265 8501
1783605267644 0.04336981102824211 8502
1783605267766 0.24403521418571472 8503
1783605267899 0.229364275932312 8504
1783605268024 0.5208222270011902 8505
1783605268167 0.05362803488969803 8506
1783605268272 0.5238642692565918 8507
1783605268382 0.5431235432624817 8508
1783605268516 0.29131239652633667 8509
1783605268627 0.3923839330673218 8510
1783605268747 0.6999084949493408 8511
1783605268864 0.33862045407295227 8512
1783605268994 0.21245944499969482 8513
1783605269110 0.2418079674243927 8514
1783605269232 0.24956990778446198 8515
1783605269379 0.12097764015197754 8516
1783605269501 0.5512099266052246 8517
1783605269615 0.1340627521276474 8518
1783605269732 0.36348628997802734 8519
1783605269842 0.15832003951072693 8520
1783605269981 0.38991519808769226 8521
1783605270150 0.2709505558013916 8522
1783605270275 0.4160018861293793 8523
1783605270391 0.0943850502371788 8524
1783605270524 0.27852851152420044 8525
1783605270710 0.5916239619255066 8526
1783605270828 0.2763514816761017 8527
1783605270950 0.2515849769115448 8528
1783605271060 0.05141817405819893 8529
1783605271183 0.15194210410118103 8530
1783605271304 0.7006372809410095 8531
1783605271419 0.1803862750530243 8532
1783605271530 0.2597261071205139 8533
1783605271655 0.4997296929359436 8534
1783605271783 0.37680062651634216 8535
1783605271960 0.4574883282184601 8536
1783605272099 0.3801060914993286 8537
1783605272210 0.1528150588274002 8538
1783605272323 0.10085361450910568 8539
1783605272458 0.4916200339794159 8540
1783605272549 0.3336617350578308 8541
1783605272644 0.38930466771125793 8542
1783605272767 0.24589040875434875 8543
1783605272898 0.37715110182762146 8544
1783605273036 0.7368894815444946 8545
1783605273336 0.43711376190185547 8546
1783605273488 0.1250007003545761 8547
1783605273631 0.46074584126472473 8548
1783605273819 0.11893973499536514 8549
1783605273943 0.18227419257164001 8550
1783605274109 0.21649298071861267 8551
1783605274248 0.35794076323509216 8552
1783605274517 0.4867689907550812 8553
1783605274677 0.4729873239994049 8554
1783605274801 0.11910600960254669 8555
1783605274949 0.5516683459281921 8556
1783605275097 0.6682620048522949 8557
1783605275236 0.3525385856628418 8558
1783605275404 0.11834749579429626 8559
1783605275557 0.14109021425247192 8560
1783605275778 0.40775570273399353 8561
1783605275938 0.3069080412387848 8562
1783605276043 0.4290555417537689 8563
1783605276175 0.2568800449371338 8564
1783605276318 0.2209930568933487 8565
1783605276466 0.3644942045211792 8566
1783605276622 0.29571592807769775 8567
1783605276738 0.23880065977573395 8568
1783605276861 0.2703153192996979 8569
1783605276982 0.13425138592720032 8570
1783605277190 0.05597364529967308 8571
1783605277283 0.0938052237033844 8572
1783605277395 0.13656361401081085 8573
1783605277540 0.22360293567180634 8574
1783605277670 0.2086116522550583 8575
1783605277785 0.16844722628593445 8576
1783605277899 0.3545832335948944 8577
1783605278021 0.1676461547613144 8578
1783605278148 0.2980460822582245 8579
1783605278300 0.33710557222366333 8580
1783605278446 0.2590135633945465 8581
1783605278561 0.22688455879688263 8582
1783605278687 0.2797880470752716 8583
1783605278801 0.333046019077301 8584
1783605278933 0.2599780261516571 8585
1783605279049 0.2717576324939728 8586
1783605279161 0.12497694790363312 8587
1783605279290 0.337889164686203 8588
1783605279407 0.5030997395515442 8589
1783605279532 0.14675569534301758 8590
1783605279658 0.31175312399864197 8591
1783605279790 0.13585692644119263 8592
1783605279926 0.1040988638997078 8593
1783605280084 0.4604036808013916 8594
1783605280230 0.3998088538646698 8595
1783605280359 0.5112274885177612 8596
1783605280512 0.47394004464149475 8597
1783605280662 0.15667694807052612 8598
1783605280813 0.4439275562763214 8599
1783605280956 0.4389205873012543 8600
1783605281071 0.17662744224071503 8601
1783605281202 0.29658252000808716 8602
1783605281358 0.6174826622009277 8603
1783605281496 0.1439630091190338 8604
1783605281600 0.9943140745162964 8605
1783605281735 0.10987857729196548 8606
1783605281846 0.31542378664016724 8607
1783605281961 0.24523578584194183 8608
1783605282115 0.15480729937553406 8609
1783605282251 0.2949124276638031 8610
1783605282366 0.5298429727554321 8611
1783605282490 0.1599704921245575 8612
1783605282633 0.08919426053762436 8613
1783605282757 0.05813302844762802 8614
1783605282884 0.2001376450061798 8615
1783605282994 0.5531767010688782 8616
1783605283089 0.06638604402542114 8617
1783605283209 0.46625813841819763 8618
1783605283450 0.19858792424201965 8619
1783605283626 0.12350224703550339 8620
1783605283780 0.3685762584209442 8621
1783605283933 0.7608351707458496 8622
1783605284067 0.42246294021606445 8623
1783605284219 0.16762925684452057 8624
1783605284368 0.35914742946624756 8625
1783605284530 0.1166466623544693 8626
1783605284687 0.1174372062087059 8627
1783605284853 0.07945132255554199 8628
1783605284989 0.1644270122051239 8629
1783605285139 0.12062516063451767 8630
1783605285268 0.41528910398483276 8631
1783605285423 0.09743234515190125 8632
1783605285584 0.18321409821510315 8633
1783605285723 0.20011775195598602 8634
1783605285889 0.18878905475139618 8635
1783605286150 0.6624094843864441 8636
1783605286288 0.2879045605659485 8637
1783605286454 0.4858936369419098 8638
1783605286604 0.4413546323776245 8639
1783605286754 0.3492322862148285 8640
1783605286943 0.16808708012104034 8641
1783605287095 0.16929693520069122 8642
1783605287230 0.7896126508712769 8643
1783605287331 0.5249955654144287 8644
1783605287457 0.1670611947774887 8645
1783605287610 0.5973818898200989 8646
1783605287752 0.16178061068058014 8647
1783605287898 0.3313502073287964 8648
1783605288045 0.2738099694252014 8649
1783605288187 0.4041675627231598 8650
1783605288296 0.3842233717441559 8651
1783605288446 0.1033511683344841 8652
1783605288799 0.329713374376297 8653
1783605288944 0.2040419578552246 8654
1783605289077 0.11522678285837173 8655
1783605289215 0.2647099196910858 8656
1783605289365 0.49220946431159973 8657
1783605289497 0.2539304196834564 8658
1783605289647 0.2816089689731598 8659
1783605289783 0.26901599764823914 8660
1783605289976 0.2309783399105072 8661
1783605290173 0.3257228434085846 8662
1783605290304 0.3111830949783325 8663
1783605290447 0.30965951085090637 8664
1783605290616 0.45124009251594543 8665
1783605290783 0.41413190960884094 8666
1783605290932 0.6195728778839111 8667
1783605291085 0.43128523230552673 8668
1783605291336 0.2833246886730194 8669
1783605291479 0.4671667814254761 8670
1783605291584 0.1622278392314911 8671
1783605291747 0.3971797525882721 8672
1783605291910 0.09511841088533401 8673
1783605292045 0.32558777928352356 8674
1783605292181 0.09176590293645859 8675
1783605292329 0.14317966997623444 8676
1783605292556 0.17282812297344208 8677
1783605292725 0.16821366548538208 8678
1783605292864 0.5283449292182922 8679
1783605293019 0.3536228537559509 8680
1783605293168 0.4225417971611023 8681
1783605293309 0.06746374815702438 8682
1783605293466 0.7660120725631714 8683
1783605293617 0.30962032079696655 8684
1783605293763 0.20876696705818176 8685
1783605293917 0.23805341124534607 8686
1783605294031 0.3766430616378784 8687
1783605294162 0.5985001921653748 8688
1783605294265 0.14504185318946838 8689
1783605294364 0.5362763404846191 8690
1783605294446 0.3744856119155884 8691
1783605294550 0.11875569820404053 8692
1783605294666 0.460757315158844 8693
1783605294770 0.56968754529953 8694
1783605294870 0.09551811218261719 8695
1783605294982 0.42394718527793884 8696
1783605295103 0.24719665944576263 8697
1783605295229 0.2177717685699463 8698
1783605295363 0.18046395480632782 8699
1783605295479 0.05084214359521866 8700
1783605295594 0.2491326481103897 8701
1783605295701 0.2021155059337616 8702
1783605295816 0.2243361920118332 8703
1783605295943 0.6621521711349487 8704
1783605296055 0.49345484375953674 8705
1783605296181 0.17618326842784882 8706
1783605296268 0.15953819453716278 8707
1783605296547 0.4788479506969452 8708
1783605296675 0.34821245074272156 8709
1783605296772 0.14727233350276947 8710
1783605296891 0.08166071027517319 8711
1783605297014 0.14301495254039764 8712
1783605297130 0.2614118754863739 8713
1783605297251 0.21662698686122894 8714
1783605297350 0.20165547728538513 8715
1783605297463 0.5585485696792603 8716
1783605297580 0.2501639127731323 8717
1783605297715 0.25563210248947144 8718
1783605297830 0.6372820734977722 8719
1783605297936 0.24707843363285065 8720
1783605298062 0.10588618367910385 8721
1783605298184 0.04898322373628616 8722
1783605298297 0.20145361125469208 8723
1783605298411 0.5417179465293884 8724
1783605298530 0.3536938428878784 8725
1783605298636 0.22550976276397705 8726
1783605298753 0.5007884502410889 8727
1783605298900 0.3575213849544525 8728
1783605299063 0.16269192099571228 8729
1783605299187 0.4460892081260681 8730
1783605299304 0.388855904340744 8731
1783605299419 0.8401309251785278 8732
1783605299529 0.26952287554740906 8733
1783605299649 0.5365473628044128 8734
1783605299771 0.24578499794006348 8735
1783605299896 0.06558877974748611 8736
1783605300014 0.16177861392498016 8737
1783605300313 0.31154292821884155 8738
1783605300448 0.40220534801483154 8739
1783605300556 0.2686878740787506 8740
1783605300678 0.3525151014328003 8741
1783605300793 0.0939098671078682 8742
1783605300912 0.13109634816646576 8743
1783605301024 0.16740277409553528 8744
1783605301163 0.20047393441200256 8745
1783605301296 0.2189023345708847 8746
1783605301441 0.19899588823318481 8747
1783605301575 0.7504794597625732 8748
1783605301716 0.6290740966796875 8749
1783605301843 0.475614070892334 8750
1783605301966 0.38434329628944397 8751
1783605302072 0.350178986787796 8752
1783605302171 0.45812758803367615 8753
1783605302289 0.11071675270795822 8754
1783605302399 0.3358888030052185 8755
1783605302502 0.17474469542503357 8756
1783605302620 0.31246230006217957 8757
1783605302738 0.2646220922470093 8758
1783605302843 0.40171149373054504 8759
1783605302970 0.25561556220054626 8760
1783605303058 0.283344030380249 8761
1783605303160 0.2503761053085327 8762
1783605303271 0.36536848545074463 8763
1783605303382 0.16624251008033752 8764
1783605303496 0.15558893978595734 8765
1783605303604 0.2887677252292633 8766
1783605303714 0.32365894317626953 8767
1783605303824 0.40980783104896545 8768
1783605303929 0.24775484204292297 8769
1783605304034 0.4395233988761902 8770
1783605304135 0.17182201147079468 8771
1783605304241 0.20915941894054413 8772
1783605304329 0.3995485007762909 8773
1783605304437 0.6147617101669312 8774
1783605304539 0.08191978186368942 8775
1783605304648 0.16889210045337677 8776
1783605304779 0.3597451150417328 8777
1783605304901 0.2299463301897049 8778
1783605305001 0.18211697041988373 8779
1783605305130 0.20778773725032806 8780
1783605305264 0.4083922803401947 8781
1783605305389 0.8250816464424133 8782
1783605305595 0.4938623309135437 8783
1783605305746 0.12185072153806686 8784
1783605305882 0.2733713984489441 8785
1783605306015 0.28402724862098694 8786
1783605306149 0.1833501011133194 8787
1783605306310 0.16216909885406494 8788
1783605306451 0.1935209333896637 8789
1783605306676 0.10283210873603821 8790
1783605306806 0.20727555453777313 8791
1783605306922 0.37753790616989136 8792
1783605307063 0.17339180409908295 8793
1783605307248 0.18135637044906616 8794
1783605307367 0.4248700737953186 8795
1783605307454 0.18986965715885162 8796
1783605307568 0.3888223469257355 8797
1783605307675 0.42872464656829834 8798
1783605307792 0.0845760852098465 8799
1783605307890 0.5615091323852539 8800
1783605308001 0.1367138773202896 8801
1783605308132 0.10896918922662735 8802
1783605308243 0.256934255361557 8803
1783605308383 0.1121009960770607 8804
1783605308531 0.22401905059814453 8805
1783605308699 0.49637651443481445 8806
1783605308848 0.15596194565296173 8807
1783605308980 0.3316265046596527 8808
1783605309103 0.47222283482551575 8809
1783605309330 0.3566270172595978 8810
1783605309479 0.5252035856246948 8811
1783605309637 0.07206842303276062 8812
1783605309789 0.4685789942741394 8813
1783605309954 0.39133965969085693 8814
1783605310102 0.2672274112701416 8815
1783605310214 0.15648062527179718 8816
1783605310336 0.2401990443468094 8817
1783605310515 0.1108410507440567 8818
1783605310670 0.4362905025482178 8819
1783605310866 0.029895160347223282 8820
1783605311004 0.17199145257472992 8821
1783605311160 0.1947634071111679 8822
1783605311318 0.38448989391326904 8823
1783605311453 0.28105592727661133 8824
1783605311594 0.22473981976509094 8825
1783605311914 0.38417571783065796 8826
1783605312068 0.32535338401794434 8827
1783605312235 0.12492135167121887 8828
1783605312399 0.2652176022529602 8829
1783605312550 0.21934273838996887 8830
1783605312708 0.40372374653816223 8831
1783605312867 0.43295010924339294 8832
1783605313005 0.1278974413871765 8833
1783605313131 0.1830853372812271 8834
1783605313249 0.09010457247495651 8835
1783605313374 0.3904882073402405 8836
1783605313496 0.3582667112350464 8837
1783605313593 0.23778362572193146 8838
1783605313704 0.045854613184928894 8839
1783605313802 0.19905467331409454 8840
1783605313917 0.23281466960906982 8841
1783605314027 0.40021300315856934 8842
1783605314135 0.14008936285972595 8843
1783605314265 0.15390938520431519 8844
1783605314380 0.5167589783668518 8845
1783605314500 0.29183754324913025 8846
1783605314619 0.0977443978190422 8847
1783605314739 0.22435949742794037 8848
1783605314865 0.46591460704803467 8849
1783605315016 0.36710602045059204 8850
1783605315121 0.3642914891242981 8851
1783605315250 0.4978574514389038 8852
1783605315362 0.28707894682884216 8853
1783605315475 0.2566843628883362 8854
1783605315600 0.07129719853401184 8855
1783605315717 0.26633012294769287 8856
1783605315850 0.1486613154411316 8857
1783605315961 0.09909243136644363 8858
1783605316107 0.40417876839637756 8859
1783605316191 0.4404677152633667 8860
1783605316298 0.3748844861984253 8861
1783605316404 0.08047409355640411 8862
1783605316557 0.15639862418174744 8863
1783605316700 0.6043725609779358 8864
1783605316865 0.1479569524526596 8865
1783605316973 0.3910249173641205 8866
1783605317088 0.12145686894655228 8867
1783605317204 0.05850101634860039 8868
1783605317302 0.4219755232334137 8869
1783605317405 0.11933629959821701 8870
1783605317526 0.22736164927482605 8871
1783605317653 0.6656028628349304 8872
1783605317781 0.23955486714839935 8873
1783605317890 0.5343639850616455 8874
1783605318001 0.4569140076637268 8875
1783605318117 0.763207733631134 8876
1783605318244 0.21957211196422577 8877
1783605318368 0.1541234701871872 8878
1783605318494 0.16712254285812378 8879
1783605318613 0.252776175737381 8880
1783605318736 0.3225943148136139 8881
1783605318845 0.3627909719944 8882
1783605318968 0.32628440856933594 8883
1783605319081 0.33356449007987976 8884
1783605319239 0.37053507566452026 8885
1783605319373 0.5890207886695862 8886
1783605319498 0.20885857939720154 8887
1783605319664 0.178255096077919 8888
1783605319801 0.2629396319389343 8889
1783605319940 0.10987561196088791 8890
1783605320062 0.0946226418018341 8891
1783605320198 0.43876489996910095 8892
1783605320334 0.30776476860046387 8893
1783605320495 0.11346428096294403 8894
1783605320683 0.29470035433769226 8895
1783605320841 0.4193651080131531 8896
1783605320957 0.20088405907154083 8897
1783605321084 0.19681361317634583 8898
1783605321200 0.09256981313228607 8899
1783605321319 0.5578376650810242 8900
1783605321465 0.40072259306907654 8901
1783605321578 0.23541484773159027 8902
1783605321716 0.23416371643543243 8903
1783605321877 0.1553361415863037 8904
1783605322004 0.18050850927829742 8905
1783605322105 0.15582917630672455 8906
1783605322224 0.13114051520824432 8907
1783605322338 0.13637730479240417 8908
1783605322484 0.2591026723384857 8909
1783605322620 0.24276621639728546 8910
1783605322735 0.1184336319565773 8911
1783605322894 0.41276854276657104 8912
1783605323051 0.16571497917175293 8913
1783605323192 0.2691309452056885 8914
1783605323329 0.5957757830619812 8915
1783605323462 0.37805458903312683 8916
1783605323597 0.39469993114471436 8917
1783605323714 0.1201610416173935 8918
1783605323837 0.32948845624923706 8919
1783605323995 0.5188400745391846 8920
1783605324146 0.09324070066213608 8921
1783605324281 0.06281282007694244 8922
1783605324446 0.3041743338108063 8923
1783605324605 0.28001585602760315 8924
1783605324741 0.3079952895641327 8925
1783605324879 0.16220015287399292 8926
1783605324992 0.20451027154922485 8927
1783605325120 0.41071733832359314 8928
1783605325232 0.21570874750614166 8929
1783605325383 0.3869173526763916 8930
1783605325519 0.2968434691429138 8931
1783605325666 0.828208327293396 8932
1783605325833 0.2830045521259308 8933
1783605325970 0.2739396095275879 8934
1783605326126 0.270527720451355 8935
1783605326276 0.3223534822463989 8936
1783605326430 0.19585436582565308 8937
1783605326555 0.6135062575340271 8938
1783605326697 0.5277225375175476 8939
1783605326848 0.42871761322021484 8940
1783605327045 0.32166531682014465 8941
1783605327243 0.2676319479942322 8942
1783605327343 0.22097642719745636 8943
1783605327463 0.43165290355682373 8944
1783605327603 0.2911731004714966 8945
1783605327734 0.4074254631996155 8946
1783605327916 0.4498051702976227 8947
1783605328062 0.6661310195922852 8948
1783605328199 0.687597930431366 8949
1783605328390 0.3536128103733063 8950
1783605328514 0.35444706678390503 8951
1783605328644 0.16537360846996307 8952
1783605328774 0.13717657327651978 8953
1783605328956 0.4231750965118408 8954
1783605329133 0.3153283894062042 8955
1783605329241 0.19915756583213806 8956
1783605329430 0.1728866994380951 8957
1783605329778 0.1942291408777237 8958
1783605329900 0.2015780657529831 8959
1783605330068 0.2662312090396881 8960
1783605330213 0.2983459234237671 8961
1783605330371 0.36801159381866455 8962
1783605330513 0.5368832945823669 8963
1783605330656 0.22593872249126434 8964
1783605330998 0.22591939568519592 8965
1783605331163 0.2710127830505371 8966
1783605331310 0.285910964012146 8967
1783605331468 0.09893349558115005 8968
1783605331608 0.32190635800361633 8969
1783605331757 0.13582812249660492 8970
1783605331879 0.3804526925086975 8971
1783605331997 0.08011851459741592 8972
1783605332188 0.40521615743637085 8973
1783605332322 0.5110427737236023 8974
1783605332483 0.20019987225532532 8975
1783605332653 0.2494068145751953 8976
1783605332832 0.3536531627178192 8977
1783605332977 0.18715406954288483 8978
1783605333124 0.31248781085014343 8979
1783605333279 0.3939371705055237 8980
1783605333453 0.42079585790634155 8981
1783605333631 0.4518941342830658 8982
1783605333791 0.12794514000415802 8983
1783605333950 0.34805354475975037 8984
1783605334096 0.16292740404605865 8985
1783605334220 0.2978880703449249 8986
1783605334370 0.15992940962314606 8987
1783605334535 0.1780160516500473 8988
1783605334673 0.09511667490005493 8989
1783605334832 0.21404944360256195 8990
1783605334974 0.19940130412578583 8991
1783605335128 0.16538532078266144 8992
1783605335283 0.07910212129354477 8993
1783605335447 0.08643700927495956 8994
1783605335591 0.7477468848228455 8995
1783605335734 0.5806048512458801 8996
1783605335900 0.3818974494934082 8997
1783605336181 0.16110768914222717 8998
1783605336316 0.27604421973228455 8999
1783605336464 0.5077280402183533 9000
1783605336625 0.193080335855484 9001
1783605336782 0.28347158432006836 9002
1783605336960 0.43069204688072205 9003
1783605337129 0.403868705034256 9004
1783605337312 0.2391289323568344 9005
1783605337416 0.42327648401260376 9006
1783605337552 0.30675008893013 9007
1783605337712 0.18209442496299744 9008
1783605337934 0.2994188964366913 9009
1783605338109 0.16925986111164093 9010
1783605338262 0.8087022304534912 9011
1783605338418 0.24106909334659576 9012
1783605338655 0.11457326263189316 9013
1783605338813 0.3206937313079834 9014
1783605338962 0.13578931987285614 9015
1783605339144 0.3237256109714508 9016
1783605339315 0.4782268702983856 9017
1783605339462 0.1774328052997589 9018
1783605339601 0.04952585697174072 9019
1783605339747 0.11394186317920685 9020
1783605339951 0.1270284354686737 9021
1783605340164 0.16726434230804443 9022
1783605340282 0.2993285357952118 9023
1783605340449 0.2375044971704483 9024
1783605340582 0.25999659299850464 9025
1783605340736 0.17654962837696075 9026
1783605340889 0.8013303279876709 9027
1783605341034 0.6191785335540771 9028
1783605341515 0.16058388352394104 9029
1783605341621 0.14841987192630768 9030
1783605341723 0.27797216176986694 9031
1783605341879 0.19002863764762878 9032
1783605342020 0.22627636790275574 9033
1783605342174 0.4960622787475586 9034
1783605342332 0.17007474601268768 9035
1783605342484 0.2726909816265106 9036
1783605342658 0.20354671776294708 9037
1783605342794 0.4811628460884094 9038
1783605342947 0.25838541984558105 9039
1783605343077 0.7162220478057861 9040
1783605343228 0.28901198506355286 9041
1783605343377 0.08295685052871704 9042
1783605343535 0.32045549154281616 9043
1783605343695 0.14675016701221466 9044
1783605343842 0.25827521085739136 9045
1783605343997 0.2701885998249054 9046
1783605344151 0.18995161354541779 9047
1783605344301 0.06873540580272675 9048
1783605344463 0.10172374546527863 9049
1783605344631 0.2046806812286377 9050
1783605344815 0.22292397916316986 9051
1783605344936 0.19508032500743866 9052
1783605345272 0.18245141208171844 9053
1783605345433 0.10422876477241516 9054
1783605345599 0.22277309000492096 9055
1783605345762 0.5234741568565369 9056
1783605345915 0.1675925999879837 9057
1783605346059 0.11655957251787186 9058
1783605346215 0.3188285529613495 9059
1783605346569 0.13731645047664642 9060
1783605346723 0.234944149851799 9061
1783605346871 0.2854103446006775 9062
1783605347014 0.1699647307395935 9063
1783605347148 0.5685277581214905 9064
1783605347323 0.2242392897605896 9065
1783605347459 0.3363274037837982 9066
1783605347590 0.2694191038608551 9067
1783605347855 0.3540506660938263 9068
1783605348012 0.25666123628616333 9069
1783605348136 0.326124906539917 9070
1783605348291 0.5575122833251953 9071
1783605348443 0.18582198023796082 9072
1783605348616 0.19287115335464478 9073
1783605348779 0.44571250677108765 9074
1783605348944 0.6547773480415344 9075
1783605349198 0.19996808469295502 9076
1783605349341 0.12641945481300354 9077
1783605349499 0.2943783104419708 9078
1783605349660 0.29931068420410156 9079
1783605349823 0.2746832072734833 9080
1783605349980 0.40584734082221985 9081
1783605350115 0.4212139844894409 9082
1783605350262 0.43682846426963806 9083
1783605350364 0.2747553288936615 9084
1783605350490 0.16534870862960815 9085
1783605350613 0.13220718502998352 9086
1783605350744 0.3405775725841522 9087
1783605350846 0.281527578830719 9088
1783605350953 0.21248412132263184 9089
1783605351062 0.21215365827083588 9090
1783605351188 0.23638668656349182 9091
1783605351308 0.2014305293560028 9092
1783605351409 0.14291711151599884 9093
1783605351567 0.17818059027194977 9094
1783605351685 0.22619517147541046 9095
1783605351792 0.1682957261800766 9096
1783605351884 0.10179221630096436 9097
1783605352001 0.40419837832450867 9098
1783605352100 0.11946690082550049 9099
1783605352215 0.09490808844566345 9100
1783605352341 0.22950799763202667 9101
1783605352437 0.6010810136795044 9102
1783605352542 0.1382591873407364 9103
1783605352629 0.193191260099411 9104
1783605352727 0.12229654937982559 9105
1783605352837 0.41470974683761597 9106
1783605352960 0.08631598204374313 9107
1783605353062 0.17172537744045258 9108
1783605353180 0.11188500374555588 9109
1783605353291 0.1293480396270752 9110
1783605353390 0.1884431391954422 9111
1783605353499 0.8222159147262573 9112
1783605353589 0.2885057330131531 9113
1783605353682 0.5321900844573975 9114
1783605353784 0.38228633999824524 9115
1783605353875 0.09541856497526169 9116
1783605353992 0.06725484877824783 9117
1783605354126 0.35676297545433044 9118
1783605354308 0.21815969049930573 9119
1783605354406 0.09044722467660904 9120
1783605354519 0.23048515617847443 9121
1783605354628 0.6493997573852539 9122
1783605354736 0.3568101227283478 9123
1783605354851 0.2946661114692688 9124
1783605354960 0.14842458069324493 9125
1783605355070 0.18651242554187775 9126
1783605355186 0.1567036211490631 9127
1783605355294 0.3994158208370209 9128
1783605355421 0.2657895088195801 9129
1783605355528 0.37503454089164734 9130
1783605355623 0.14432884752750397 9131
1783605355731 0.40116819739341736 9132
1783605355860 0.19948112964630127 9133
1783605355977 0.20191074907779694 9134
1783605356094 0.044404368847608566 9135
1783605356211 0.19973771274089813 9136
1783605356317 0.173715740442276 9137
1783605356422 0.2266763150691986 9138
1783605356843 0.1419430524110794 9139
1783605356933 0.1657862365245819 9140
1783605357027 0.10795935988426208 9141
1783605357134 0.6759732365608215 9142
1783605357262 0.3145321309566498 9143
1783605357360 0.17393375933170319 9144
1783605357485 0.1962141990661621 9145
1783605357646 0.29045265913009644 9146
1783605357785 0.12097462266683578 9147
1783605358096 0.1790715754032135 9148
1783605358245 0.045469168573617935 9149
1783605358371 0.24284124374389648 9150
1783605358477 0.6066840887069702 9151
1783605358566 0.29344865679740906 9152
1783605358670 0.4875919818878174 9153
1783605358794 0.3597075343132019 9154
1783605358909 0.23625095188617706 9155
1783605359035 0.15526431798934937 9156
1783605359171 0.2074485719203949 9157
1783605359285 0.10442035645246506 9158
1783605359388 0.5225677490234375 9159
1783605359494 0.2539062201976776 9160
1783605359587 0.22481679916381836 9161
1783605359693 0.1645151823759079 9162
1783605359777 0.4827331602573395 9163
1783605359869 0.1980937272310257 9164
1783605359995 0.2720341682434082 9165
1783605360109 0.403827041387558 9166
1783605360212 0.43476638197898865 9167
1783605360314 0.27069297432899475 9168
1783605360442 0.1429804414510727 9169
1783605360649 0.20327462255954742 9170
1783605360796 0.40791261196136475 9171
1783605360956 0.09422153979539871 9172
1783605361084 0.37099266052246094 9173
1783605361204 0.2807466983795166 9174
1783605361350 0.8955618739128113 9175
1783605361493 0.3402338922023773 9176
1783605361718 0.5696035027503967 9177
1783605361927 0.5806124806404114 9178
1783605362095 0.2463836818933487 9179
1783605362230 0.17619697749614716 9180
1783605362382 0.10612387210130692 9181
1783605362526 0.6194767355918884 9182
1783605362668 0.17217715084552765 9183
1783605362811 0.04840630292892456 9184
1783605363016 0.6082280874252319 9185
1783605363196 0.20481690764427185 9186
1783605363369 0.4318746328353882 9187
1783605363527 0.6534250378608704 9188
1783605363720 0.3602018654346466 9189
1783605363907 0.2912742793560028 9190
1783605364061 0.16828122735023499 9191
1783605364227 0.09501522779464722 9192
1783605364423 0.5394030213356018 9193
1783605364563 0.7371826767921448 9194
1783605364710 1.0426738262176514 9195
1783605364851 0.14636407792568207 9196
1783605364998 0.3290928304195404 9197
1783605365176 1.116913914680481 9198
1783605365343 0.16513410210609436 9199
1783605365497 0.07199431955814362 9200
1783605365725 0.3538508415222168 9201
1783605365943 0.07304907590150833 9202
1783605366070 0.11959332227706909 9203
1783605366229 0.31247764825820923 9204
1783605366361 0.26902997493743896 9205
1783605366477 0.33372384309768677 9206
1783605366586 0.2835462987422943 9207
1783605366693 0.27337855100631714 9208
1783605366838 0.5100904107093811 9209
1783605366942 0.31732574105262756 9210
1783605367053 0.5307575464248657 9211
1783605367168 0.3133918046951294 9212
1783605367294 0.3592667579650879 9213
1783605367384 0.7476528882980347 9214
1783605367512 0.1446714997291565 9215
1783605367629 0.6733300685882568 9216
1783605367746 0.23314544558525085 9217
1783605367866 0.1493348926305771 9218
1783605367975 0.23932987451553345 9219
1783605368075 0.3695112466812134 9220
1783605368183 0.5501499772071838 9221
1783605368277 0.17507748305797577 9222
1783605368368 0.0971275046467781 9223
1783605368464 0.439527690410614 9224
1783605368565 0.08039833605289459 9225
1783605368668 0.3625609576702118 9226
1783605368764 0.7188948392868042 9227
1783605368853 0.30465173721313477 9228
1783605368944 0.4378623068332672 9229
1783605369042 0.6566883325576782 9230
1783605369143 0.2562887966632843 9231
1783605369245 0.17700105905532837 9232
1783605369366 0.12757508456707 9233
1783605369486 0.4058171808719635 9234
1783605369592 0.3401446044445038 9235
1783605369721 0.14501723647117615 9236
1783605369838 0.651395320892334 9237
1783605369960 0.31100714206695557 9238
1783605370088 0.12548500299453735 9239
1783605370200 0.13143372535705566 9240
1783605370312 0.2566027343273163 9241
1783605370418 0.2593025267124176 9242
1783605370523 0.3340795636177063 9243
1783605370649 0.37805432081222534 9244
1783605370778 0.1916159987449646 9245
1783605370912 0.26343002915382385 9246
1783605371070 0.150871142745018 9247
1783605371203 0.22679555416107178 9248
1783605371347 0.16363632678985596 9249
1783605371505 0.16722428798675537 9250
1783605371629 0.49296122789382935 9251
1783605371722 0.17074640095233917 9252
1783605372012 0.3373301923274994 9253
1783605372181 0.4335760176181793 9254
1783605372376 0.05931038782000542 9255
1783605372534 0.21761667728424072 9256
1783605372704 0.14956364035606384 9257
1783605372846 0.2932986617088318 9258
1783605372992 0.39141353964805603 9259
1783605373156 0.3456694185733795 9260
1783605373326 0.1717483103275299 9261
1783605373462 0.15103411674499512 9262
1783605373629 0.18144693970680237 9263
1783605373768 0.17116697132587433 9264
1783605373910 0.0967557281255722 9265
1783605374071 0.20420967042446136 9266
1783605374259 0.31367236375808716 9267
1783605374417 0.09574255347251892 9268
1783605374580 0.4624347388744354 9269
1783605374696 0.1077946126461029 9270
1783605374802 0.239145427942276 9271
1783605374913 0.1773994415998459 9272
1783605375027 0.2182321846485138 9273
1783605375130 0.2565161883831024 9274
1783605375232 0.6921692490577698 9275
1783605375359 0.3657572865486145 9276
1783605375477 0.6936284899711609 9277
1783605375585 0.26812654733657837 9278
1783605375738 0.3710857927799225 9279
1783605375856 0.3052911162376404 9280
1783605375973 0.04320918023586273 9281
1783605376095 0.2153138667345047 9282
1783605376201 0.10826100409030914 9283
1783605376329 0.1713215708732605 9284
1783605376445 0.23521673679351807 9285
1783605376560 0.14258736371994019 9286
1783605376674 0.2875855565071106 9287
1783605376808 0.6198840737342834 9288
1783605376943 0.15242654085159302 9289
1783605377128 0.3376317322254181 9290
1783605377229 0.2348184436559677 9291
1783605377341 0.8352571129798889 9292
1783605377433 0.2944243550300598 9293
1783605377567 0.2484036237001419 9294
1783605377665 0.3596939146518707 9295
1783605377774 0.6016141176223755 9296
1783605377906 0.6815935969352722 9297
1783605378017 0.22327424585819244 9298
1783605378126 0.2137763947248459 9299
1783605378242 0.25173985958099365 9300
1783605378462 0.2529979348182678 9301
1783605378554 0.15995365381240845 9302
1783605378673 0.3526325225830078 9303
1783605378809 0.08073069155216217 9304
1783605378928 0.44535449147224426 9305
1783605379050 0.3259560465812683 9306
1783605379159 0.25550952553749084 9307
1783605379286 0.17178009450435638 9308
1783605379393 0.3099190890789032 9309
1783605379497 0.5511413216590881 9310
1783605379619 0.2928427755832672 9311
1783605379743 0.32357367873191833 9312
1783605379863 0.4888909161090851 9313
1783605379972 0.5911933779716492 9314
1783605380108 0.2517956793308258 9315
1783605380209 0.26561692357063293 9316
1783605380338 0.32989901304244995 9317
1783605380452 0.25581780076026917 9318
1783605380574 0.2097630351781845 9319
1783605380710 0.5022121667861938 9320
1783605380858 0.23974017798900604 9321
1783605380978 0.2614336609840393 9322
1783605381089 0.382933646440506 9323
1783605381230 0.2136390507221222 9324
1783605381390 0.23436546325683594 9325
1783605381545 0.11494871228933334 9326
1783605381640 0.6542329788208008 9327
1783605381751 0.2701171040534973 9328
1783605381887 0.38857007026672363 9329
1783605382007 0.21341536939144135 9330
1783605382148 0.17653194069862366 9331
1783605382291 0.11898355185985565 9332
1783605382409 0.5645136833190918 9333
1783605382540 0.5607613325119019 9334
1783605382634 0.59410560131073 9335
1783605382740 0.2005009949207306 9336
1783605382847 0.1478085070848465 9337
1783605382977 0.20843058824539185 9338
1783605383099 0.2415713667869568 9339
1783605383203 0.21799245476722717 9340
1783605383326 0.32281655073165894 9341
1783605383485 0.35506343841552734 9342
1783605383596 0.37831321358680725 9343
1783605383707 0.1306009292602539 9344
1783605383837 0.21800142526626587 9345
1783605383952 0.23251213133335114 9346
1783605384048 0.35239332914352417 9347
1783605384135 0.13299469649791718 9348
1783605384238 0.17848461866378784 9349
1783605384362 0.3652205169200897 9350
1783605384477 0.26725074648857117 9351
1783605384638 0.7687179446220398 9352
1783605384752 0.2904510796070099 9353
1783605384865 0.3056431710720062 9354
1783605384986 0.4168057441711426 9355
1783605385115 0.20476040244102478 9356
1783605385253 0.1746579110622406 9357
1783605385376 0.2681298553943634 9358
1783605385478 0.47256559133529663 9359
1783605385629 0.47720345854759216 9360
1783605385745 0.26813310384750366 9361
1783605385868 0.3986125886440277 9362
1783605386002 0.23973128199577332 9363
1783605386104 0.12680372595787048 9364
1783605386227 0.09142528474330902 9365
1783605386347 0.07537610828876495 9366
1783605386454 0.21736331284046173 9367
1783605386598 0.28706011176109314 9368
1783605386796 0.2931041717529297 9369
1783605386943 0.5250142812728882 9370
1783605387309 0.17036612331867218 9371
1783605387401 0.28914013504981995 9372
1783605387522 0.31731554865837097 9373
1783605387680 0.07890387624502182 9374
