1783610150682 14.970887184143066 0
1783610150836 6.973299026489258 1
1783610150981 0.946875274181366 2
1783610151121 1.047964096069336 3
1783610151231 1.1040596961975098 4
1783610151395 1.1730073690414429 5
1783610151560 1.2154908180236816 6
1783610151699 1.2257493734359741 7
1783610151811 1.2194337844848633 8
1783610151983 1.2410790920257568 9
1783610152174 1.255226969718933 10
1783610152321 1.2526419162750244 11
1783610152512 1.0824408531188965 12
1783610152671 1.1005510091781616 13
1783610152800 1.1982395648956299 14
1783610152965 1.0607469081878662 15
1783610153118 0.9908005595207214 16
1783610153272 0.9972484111785889 17
1783610153442 1.0117921829223633 18
1783610153599 0.9263270497322083 19
1783610153752 0.9074242115020752 20
1783610154016 0.8763835430145264 21
1783610154203 0.8397490978240967 22
1783610154386 0.8863580822944641 23
1783610154575 0.7711207866668701 24
1783610154729 0.7515366077423096 25
1783610154879 0.7323014140129089 26
1783610155030 0.7085155844688416 27
1783610155253 0.664006769657135 28
1783610155378 0.5978814959526062 29
1783610155516 0.6520557999610901 30
1783610155683 0.5418094992637634 31
1783610155801 0.551634669303894 32
1783610155966 0.5249292254447937 33
1783610156093 0.4634934365749359 34
1783610156234 0.5077537298202515 35
1783610156380 0.4064267873764038 36
1783610156566 0.4122236967086792 37
1783610156701 0.3706836998462677 38
1783610156868 0.36632028222084045 39
1783610157018 0.31398674845695496 40
1783610157179 0.3381004333496094 41
1783610157318 0.3351583182811737 42
1783610157486 0.3168019950389862 43
1783610157647 0.35556095838546753 44
1783610157823 0.35451608896255493 45
1783610158001 0.3453253209590912 46
1783610158183 0.37331482768058777 47
1783610158358 0.33910879492759705 48
1783610158532 0.3485463857650757 49
1783610158715 0.3275325894355774 50
1783610158887 0.34789276123046875 51
1783610159031 0.3254847526550293 52
1783610159351 0.3368721306324005 53
1783610159501 0.31729134917259216 54
1783610159678 0.2990567982196808 55
1783610159852 0.31590431928634644 56
1783610160026 0.3054943382740021 57
1783610160182 0.3374112546443939 58
1783610160351 0.30726683139801025 59
1783610160513 0.29226502776145935 60
1783610160665 0.35088106989860535 61
1783610160832 0.28700149059295654 62
1783610160977 0.29368117451667786 63
1783610161131 0.3234499394893646 64
1783610161278 0.288345068693161 65
1783610161453 0.35131120681762695 66
1783610161613 0.2929248511791229 67
1783610161771 0.3831773102283478 68
1783610161899 0.3778515160083771 69
1783610162096 0.31166619062423706 70
1783610162223 0.3235546350479126 71
1783610162402 0.3245157301425934 72
1783610162567 0.3240756094455719 73
1783610162715 0.32028910517692566 74
1783610162874 0.2935638129711151 75
1783610163139 0.34757161140441895 76
1783610163281 0.35929569602012634 77
1783610163450 0.2579295337200165 78
1783610163616 0.3034234941005707 79
1783610163751 0.3065353333950043 80
1783610163926 0.3036486506462097 81
1783610164084 0.31221646070480347 82
1783610164301 0.2795667350292206 83
1783610164518 0.3434561789035797 84
1783610164668 0.33859533071517944 85
1783610164838 0.2818402349948883 86
1783610165018 0.29378148913383484 87
1783610165167 0.3041172921657562 88
1783610165291 0.29032525420188904 89
1783610165468 0.34682053327560425 90
1783610165638 0.31597399711608887 91
1783610165761 0.3204379379749298 92
1783610165871 0.3439931571483612 93
1783610166017 0.2678554952144623 94
1783610166194 0.32960790395736694 95
1783610166345 0.28981631994247437 96
1783610166515 0.3186851739883423 97
1783610166688 0.33384376764297485 98
1783610166927 0.26953035593032837 99
1783610167055 0.31127315759658813 100
1783610167206 0.2798200249671936 101
1783610167365 0.3228684365749359 102
1783610167534 0.2918553650379181 103
1783610167720 0.3178446888923645 104
1783610167912 0.31415504217147827 105
1783610168062 0.3115040063858032 106
1783610168200 0.2982356548309326 107
1783610168405 0.28161582350730896 108
1783610168564 0.2991146445274353 109
1783610168750 0.28391584753990173 110
1783610168898 0.2702443301677704 111
1783610169050 0.2753849923610687 112
1783610169209 0.288015216588974 113
1783610169368 0.2773815989494324 114
1783610169580 0.2638920247554779 115
1783610169751 0.27771100401878357 116
1783610169897 0.28183454275131226 117
1783610170078 0.2558659613132477 118
1783610170212 0.2838040888309479 119
1783610170373 0.2655966281890869 120
1783610170548 0.2827525734901428 121
1783610170757 0.2813708484172821 122
1783610171049 0.26532885432243347 123
1783610171199 0.27534016966819763 124
1783610171337 0.2954055666923523 125
1783610171523 0.2575461268424988 126
1783610171674 0.28551802039146423 127
1783610171812 0.27279800176620483 128
1783610171951 0.2515072822570801 129
1783610172112 0.27451422810554504 130
1783610172296 0.2710598409175873 131
1783610172482 0.29002833366394043 132
1783610172665 0.24911245703697205 133
1783610172832 0.2710607349872589 134
1783610173015 0.2580965757369995 135
1783610173193 0.28965261578559875 136
1783610173363 0.258342981338501 137
1783610173565 0.27968066930770874 138
1783610173705 0.29972100257873535 139
1783610173842 0.2581862211227417 140
1783610173986 0.3232020437717438 141
1783610174150 0.3286448121070862 142
1783610174300 0.2768716812133789 143
1783610174483 0.3160291910171509 144
1783610174630 0.25387638807296753 145
1783610174847 0.32101330161094666 146
1783610174993 0.32520854473114014 147
1783610175115 0.2762242257595062 148
1783610175297 0.3602442145347595 149
1783610175448 0.3498604893684387 150
1783610175605 0.281241774559021 151
1783610175738 0.380014032125473 152
1783610175859 0.43022459745407104 153
1783610176148 0.41018396615982056 154
1783610176306 0.3098752498626709 155
1783610176462 0.33399084210395813 156
1783610176604 0.39215391874313354 157
1783610176736 0.3486698269844055 158
1783610176912 0.27378684282302856 159
1783610177087 0.3411715626716614 160
1783610177254 0.3820362389087677 161
1783610177429 0.3709856867790222 162
1783610177610 0.2874453365802765 163
1783610177785 0.3470688760280609 164
1783610177947 0.38873839378356934 165
1783610178088 0.3650595247745514 166
1783610178202 0.2793234884738922 167
1783610178314 0.35093560814857483 168
1783610178473 0.38224324584007263 169
1783610178611 0.3623371422290802 170
1783610178764 0.29617732763290405 171
1783610178949 0.31589022278785706 172
1783610179137 0.3778550326824188 173
1783610179301 0.36228787899017334 174
1783610179430 0.29482150077819824 175
1783610179593 0.3342900276184082 176
1783610179750 0.3474268615245819 177
1783610179895 0.3505645990371704 178
1783610180249 0.2895638644695282 179
1783610180429 0.3029702305793762 180
1783610180626 0.3549042046070099 181
1783610180876 0.3161402940750122 182
1783610181026 0.2868026793003082 183
1783610181143 0.30516013503074646 184
1783610181481 0.3332691192626953 185
1783610181611 0.3054106831550598 186
1783610181764 0.27838432788848877 187
1783610181896 0.3060387074947357 188
1783610182088 0.2887793481349945 189
1783610182193 0.2558283507823944 190
1783610182297 0.2782891094684601 191
1783610182449 0.2809556722640991 192
1783610182624 0.28937241435050964 193
1783610182737 0.3095112442970276 194
1783610182890 0.253549724817276 195
1783610183037 0.2854124903678894 196
1783610183212 0.2916863262653351 197
1783610183337 0.2636592388153076 198
1783610183481 0.31043851375579834 199
1783610183632 0.298077791929245 200
1783610183876 0.26777493953704834 201
1783610184021 0.29489758610725403 202
1783610184151 0.31703832745552063 203
1783610184299 0.306026816368103 204
1783610184448 0.2863529324531555 205
1783610184581 0.28937360644340515 206
1783610184716 0.2577022314071655 207
1783610184862 0.28878483176231384 208
1783610184989 0.2928025424480438 209
1783610185105 0.26482897996902466 210
1783610185228 0.2999728322029114 211
1783610185326 0.30105453729629517 212
1783610185425 0.2801992893218994 213
1783610185529 0.26142001152038574 214
1783610185669 0.2634088695049286 215
1783610185779 0.2788071632385254 216
1783610185912 0.2560325562953949 217
1783610186025 0.2726270258426666 218
1783610186134 0.2570188045501709 219
1783610186272 0.2861191928386688 220
1783610186390 0.25184524059295654 221
1783610186496 0.2645299732685089 222
1783610186598 0.28437137603759766 223
1783610186712 0.23908288776874542 224
1783610186840 0.2620549201965332 225
1783610186985 0.2655777335166931 226
1783610187103 0.28001266717910767 227
1783610187220 0.2844817638397217 228
1783610187355 0.2611018121242523 229
1783610187470 0.25848260521888733 230
1783610187578 0.25717711448669434 231
1783610187707 0.2666149437427521 232
1783610187822 0.25053903460502625 233
1783610187987 0.26563164591789246 234
1783610188117 0.2657831609249115 235
1783610188248 0.268288791179657 236
1783610188354 0.27195262908935547 237
1783610188487 0.2732088267803192 238
1783610188594 0.2747873067855835 239
1783610188733 0.27729693055152893 240
1783610188850 0.26825788617134094 241
1783610188996 0.2749158442020416 242
1783610189109 0.2726076543331146 243
1783610189221 0.2554559111595154 244
1783610189368 0.276544451713562 245
1783610189505 0.26702770590782166 246
1783610189622 0.27518028020858765 247
1783610189730 0.2605225145816803 248
1783610189864 0.2753181457519531 249
1783610190034 0.2638583481311798 250
1783610190202 0.2679996192455292 251
1783610190317 0.26396262645721436 252
1783610190438 0.26299452781677246 253
1783610190553 0.26166364550590515 254
1783610190730 0.28027454018592834 255
1783610190884 0.261902779340744 256
1783610191068 0.2779923975467682 257
1783610191235 0.28591030836105347 258
1783610191415 0.26827630400657654 259
1783610191610 0.27768784761428833 260
1783610191733 0.26377904415130615 261
1783610191859 0.3080665171146393 262
1783610192018 0.2898890972137451 263
1783610192205 0.2438441514968872 264
1783610192375 0.3087543249130249 265
1783610192535 0.3092549741268158 266
1783610192717 0.2698507010936737 267
1783610192926 0.2977374792098999 268
1783610193056 0.314591646194458 269
1783610193228 0.2991364300251007 270
1783610193416 0.2734490931034088 271
1783610193598 0.3232666850090027 272
1783610193767 0.31282883882522583 273
1783610193939 0.27806317806243896 274
1783610194107 0.3057054281234741 275
1783610194269 0.3025020956993103 276
1783610194419 0.3111339509487152 277
1783610194601 0.2780420780181885 278
1783610194797 0.31716522574424744 279
1783610194963 0.32322683930397034 280
1783610195100 0.27645236253738403 281
1783610195248 0.3018280863761902 282
1783610195448 0.3056483566761017 283
1783610195584 0.31147947907447815 284
1783610195747 0.25845107436180115 285
1783610195869 0.2814834415912628 286
1783610196030 0.28087741136550903 287
1783610196169 0.25189009308815 288
1783610196314 0.29350394010543823 289
1783610196465 0.3060521185398102 290
1783610196634 0.25923946499824524 291
1783610196782 0.2793322801589966 292
1783610196931 0.2669140696525574 293
1783610197119 0.2680179178714752 294
1783610197263 0.2771407663822174 295
1783610197418 0.26054200530052185 296
1783610197580 0.26000329852104187 297
1783610197743 0.26890483498573303 298
1783610197881 0.2686372399330139 299
1783610198058 0.25092029571533203 300
1783610198247 0.277559369802475 301
1783610198397 0.2534633278846741 302
1783610198534 0.25159013271331787 303
1783610198703 0.27782517671585083 304
1783610198884 0.2580417990684509 305
1783610199061 0.2675914466381073 306
1783610199263 0.2710157632827759 307
1783610199394 0.2635137140750885 308
1783610199540 0.26556164026260376 309
1783610199699 0.24114830791950226 310
1783610199861 0.26784321665763855 311
1783610200011 0.262996643781662 312
1783610200166 0.27488017082214355 313
1783610200335 0.2596622705459595 314
1783610200510 0.24416467547416687 315
1783610200663 0.2839162051677704 316
1783610200879 0.26855453848838806 317
1783610201053 0.26919251680374146 318
1783610201214 0.28384193778038025 319
1783610201400 0.28821754455566406 320
1783610201609 0.2808901071548462 321
1783610201725 0.26506420969963074 322
1783610201855 0.2838335335254669 323
1783610201965 0.27307194471359253 324
1783610202112 0.27595254778862 325
1783610202282 0.2892289161682129 326
1783610202435 0.2804887890815735 327
1783610202599 0.2900603711605072 328
1783610202744 0.2742621898651123 329
1783610202930 0.24804984033107758 330
1783610203119 0.302182674407959 331
1783610203286 0.28619831800460815 332
1783610203460 0.2685132622718811 333
1783610203616 0.27409547567367554 334
1783610203746 0.24893108010292053 335
1783610203879 0.28529471158981323 336
1783610204044 0.2954851984977722 337
1783610204175 0.25011417269706726 338
1783610204387 0.2792910039424896 339
1783610204533 0.289406955242157 340
1783610204695 0.28013545274734497 341
1783610204841 0.28786003589630127 342
1783610204955 0.2582341730594635 343
1783610205126 0.2666228413581848 344
1783610205309 0.28661447763442993 345
1783610205486 0.2951955199241638 346
1783610205712 0.2910900115966797 347
1783610205816 0.2703542411327362 348
1783610205948 0.28604307770729065 349
1783610206065 0.28150689601898193 350
1783610206232 0.2659973204135895 351
1783610206417 0.28840187191963196 352
1783610206571 0.2970692813396454 353
1783610206749 0.2985493540763855 354
1783610206929 0.2747620940208435 355
1783610207058 0.2920170724391937 356
1783610207178 0.2636081874370575 357
1783610207333 0.28391751646995544 358
1783610207482 0.3091985285282135 359
1783610207631 0.28559884428977966 360
1783610207781 0.27268242835998535 361
1783610207930 0.3142225742340088 362
1783610208073 0.25526589155197144 363
1783610208201 0.2868725061416626 364
1783610208349 0.2956479489803314 365
1783610208528 0.29361218214035034 366
1783610208689 0.27936887741088867 367
1783610208848 0.2850128412246704 368
1783610209017 0.27894991636276245 369
1783610209190 0.2608030438423157 370
1783610209413 0.2930091321468353 371
1783610209573 0.25933778285980225 372
1783610209744 0.2765487730503082 373
1783610209898 0.2814769446849823 374
1783610210078 0.269446462392807 375
1783610210213 0.2743688225746155 376
1783610210383 0.2542291581630707 377
1783610210530 0.26669591665267944 378
1783610210744 0.26527735590934753 379
1783610210921 0.26851004362106323 380
1783610211072 0.27661553025245667 381
1783610211232 0.26275673508644104 382
1783610211393 0.27777841687202454 383
1783610211567 0.2616040110588074 384
1783610211706 0.2748386561870575 385
1783610211826 0.2611508369445801 386
1783610211959 0.2582184076309204 387
1783610212120 0.25461792945861816 388
1783610212304 0.2616738975048065 389
1783610212458 0.27041205763816833 390
1783610212607 0.2641044855117798 391
1783610212783 0.24783937633037567 392
1783610212944 0.250292032957077 393
1783610213285 0.27946504950523376 394
1783610213449 0.2498476207256317 395
1783610213634 0.2585982084274292 396
1783610213799 0.26581811904907227 397
1783610213975 0.263626366853714 398
1783610214110 0.2513165771961212 399
1783610214260 0.2647145390510559 400
1783610214461 0.2629683017730713 401
1783610214619 0.27676987648010254 402
1783610214830 0.2601431906223297 403
1783610214983 0.28163251280784607 404
1783610215149 0.2698361277580261 405
1783610215285 0.25171613693237305 406
1783610215451 0.2663134038448334 407
1783610215612 0.2708100974559784 408
1783610215758 0.2758173644542694 409
1783610215895 0.25177425146102905 410
1783610216047 0.28482043743133545 411
1783610216234 0.26470088958740234 412
1783610216377 0.26418212056159973 413
1783610216546 0.2722538709640503 414
1783610216696 0.28228503465652466 415
1783610216840 0.2729264497756958 416
1783610217024 0.2580677270889282 417
1783610217297 0.25377580523490906 418
1783610217481 0.2728303074836731 419
1783610217625 0.2544284462928772 420
1783610217814 0.28026270866394043 421
1783610217940 0.2891516089439392 422
1783610218092 0.2810014486312866 423
1783610218257 0.26072394847869873 424
1783610218379 0.26611968874931335 425
1783610218537 0.24544265866279602 426
1783610218760 0.26105964183807373 427
1783610218892 0.2549760341644287 428
1783610219029 0.26266759634017944 429
1783610219209 0.2565106451511383 430
1783610219378 0.27030426263809204 431
1783610219562 0.2525412440299988 432
1783610219730 0.27072057127952576 433
1783610219974 0.2705310583114624 434
1783610220114 0.2591114044189453 435
1783610220292 0.2744753360748291 436
1783610220436 0.2472001612186432 437
1783610220608 0.2688952088356018 438
1783610220777 0.28172534704208374 439
1783610220946 0.27017006278038025 440
1783610221142 0.2898404002189636 441
1783610221294 0.2437332272529602 442
1783610221464 0.27853214740753174 443
1783610221638 0.25835108757019043 444
1783610221762 0.289399117231369 445
1783610221899 0.26245373487472534 446
1783610222057 0.2698674499988556 447
1783610222385 0.2738000154495239 448
1783610222562 0.27941668033599854 449
1783610222742 0.2633145749568939 450
1783610222899 0.2794048488140106 451
1783610223062 0.27741536498069763 452
1783610223231 0.2650741934776306 453
1783610223384 0.26918527483940125 454
1783610223545 0.2521718740463257 455
1783610223720 0.27612489461898804 456
1783610223862 0.2502596378326416 457
1783610224007 0.2683652639389038 458
1783610224161 0.27821239829063416 459
1783610224311 0.2660336494445801 460
1783610224440 0.28323546051979065 461
1783610224598 0.2553008198738098 462
1783610224759 0.2592683434486389 463
1783610225085 0.2533372640609741 464
1783610225228 0.26579323410987854 465
1783610225350 0.27015140652656555 466
1783610225517 0.2650628983974457 467
1783610225679 0.2586113214492798 468
1783610225822 0.2644682824611664 469
1783610225959 0.26178082823753357 470
1783610226123 0.2851161062717438 471
1783610226321 0.26021355390548706 472
1783610226480 0.2734392583370209 473
1783610226632 0.27586662769317627 474
1783610226800 0.2609564960002899 475
1783610226943 0.26109495759010315 476
1783610227098 0.2756483852863312 477
1783610227249 0.2506760060787201 478
1783610227679 0.259573757648468 479
1783610227874 0.2741992473602295 480
1783610228038 0.2864026427268982 481
1783610228174 0.2743399143218994 482
1783610228304 0.27052780985832214 483
1783610228462 0.2669180631637573 484
1783610228614 0.2528545558452606 485
1783610228860 0.25926679372787476 486
1783610229023 0.2834948003292084 487
1783610229194 0.25623345375061035 488
1783610229360 0.26679742336273193 489
1783610229549 0.2594105303287506 490
1783610229749 0.2558332681655884 491
1783610229886 0.2718186378479004 492
1783610230133 0.2542441487312317 493
1783610230282 0.2536222040653229 494
1783610230430 0.27354326844215393 495
1783610230588 0.27133750915527344 496
1783610230752 0.27741190791130066 497
1783610230901 0.2702874541282654 498
1783610231063 0.27176740765571594 499
1783610231382 0.27642589807510376 500
1783610231545 0.2722398638725281 501
1783610231690 0.2726879417896271 502
1783610231828 0.23832033574581146 503
1783610231934 0.2689603269100189 504
1783610232050 0.24830903112888336 505
1783610232244 0.27481094002723694 506
1783610232421 0.2559444010257721 507
1783610232670 0.2482728809118271 508
1783610232807 0.2550438940525055 509
1783610232982 0.25466108322143555 510
1783610233138 0.24954427778720856 511
1783610233319 0.25994399189949036 512
1783610233463 0.25217658281326294 513
1783610233616 0.2631511390209198 514
1783610233795 0.2709810733795166 515
1783610233990 0.27099546790122986 516
1783610234129 0.22972925007343292 517
1783610234311 0.24483533203601837 518
1783610234482 0.26018959283828735 519
1783610234634 0.2798246443271637 520
1783610234785 0.2473815232515335 521
1783610234944 0.23581646382808685 522
1783610235100 0.2597423493862152 523
1783610235346 0.2665012776851654 524
1783610235504 0.2581412196159363 525
1783610235679 0.24014098942279816 526
1783610235829 0.2534395456314087 527
1783610235977 0.2628563940525055 528
1783610236142 0.274191677570343 529
1783610236264 0.2638806402683258 530
1783610236605 0.28111666440963745 531
1783610236769 0.2467353641986847 532
1783610236908 0.2452586442232132 533
1783610237067 0.2653595805168152 534
1783610237237 0.28018417954444885 535
1783610237358 0.2588634192943573 536
1783610237475 0.2717423737049103 537
1783610237593 0.26123547554016113 538
1783610237711 0.26066678762435913 539
1783610237832 0.25025302171707153 540
1783610237936 0.2512323260307312 541
1783610238028 0.27511066198349 542
1783610238133 0.2518347203731537 543
1783610238266 0.24104245007038116 544
1783610238434 0.2598817050457001 545
1783610238597 0.2733370065689087 546
1783610238760 0.27881839871406555 547
1783610238912 0.23958729207515717 548
1783610239059 0.28998348116874695 549
1783610239163 0.2645925283432007 550
1783610239307 0.2577248811721802 551
1783610239474 0.27407440543174744 552
1783610239627 0.2634872794151306 553
1783610239795 0.27660974860191345 554
1783610239966 0.25230902433395386 555
1783610240127 0.2649325132369995 556
1783610240410 0.28188878297805786 557
1783610240536 0.262087345123291 558
1783610240684 0.2712075114250183 559
1783610240855 0.24732425808906555 560
1783610241014 0.27022889256477356 561
1783610241191 0.2691318690776825 562
1783610241335 0.2810850441455841 563
1783610241507 0.29114097356796265 564
1783610241636 0.2645180821418762 565
1783610241739 0.2888340950012207 566
1783610241841 0.28358545899391174 567
1783610241995 0.27143800258636475 568
1783610242183 0.30093640089035034 569
1783610242358 0.3003895878791809 570
1783610242523 0.2709142863750458 571
1783610242678 0.2655242085456848 572
1783610242816 0.301178514957428 573
1783610242996 0.26801395416259766 574
1783610243225 0.2821118235588074 575
1783610243466 0.30844709277153015 576
1783610243649 0.2828814387321472 577
1783610243809 0.26724496483802795 578
1783610243925 0.2978503108024597 579
1783610244081 0.2631486654281616 580
1783610244222 0.27413538098335266 581
1783610244337 0.25907108187675476 582
1783610244477 0.24774189293384552 583
1783610244621 0.2666029930114746 584
1783610244801 0.25653544068336487 585
1783610244910 0.28144240379333496 586
1783610245043 0.29702985286712646 587
1783610245215 0.2572532892227173 588
1783610245320 0.29130181670188904 589
1783610245421 0.28266844153404236 590
1783610245542 0.2685220539569855 591
1783610245672 0.2730569541454315 592
1783610245790 0.2775108814239502 593
1783610245892 0.26201459765434265 594
1783610246012 0.26001524925231934 595
1783610246137 0.26599830389022827 596
1783610246301 0.26920124888420105 597
1783610246441 0.26854726672172546 598
1783610246595 0.28447651863098145 599
1783610246757 0.2653746008872986 600
1783610246911 0.24923904240131378 601
1783610247041 0.2580004632472992 602
1783610247140 0.27870774269104004 603
1783610247275 0.2549465000629425 604
1783610247422 0.2663065791130066 605
1783610247595 0.2519097626209259 606
1783610247764 0.2781049907207489 607
1783610247926 0.2788814604282379 608
1783610248111 0.2702072262763977 609
1783610248259 0.2623274028301239 610
1783610248444 0.2746993899345398 611
1783610248639 0.2693241834640503 612
1783610248832 0.26861342787742615 613
1783610248994 0.27483347058296204 614
1783610249148 0.24264775216579437 615
1783610249276 0.27655768394470215 616
1783610249511 0.2848098576068878 617
1783610249765 0.2845550775527954 618
1783610249928 0.27697011828422546 619
1783610250080 0.27392032742500305 620
1783610250226 0.2722327411174774 621
1783610250346 0.26119306683540344 622
1783610250522 0.2737303674221039 623
1783610250661 0.2433018982410431 624
1783610251038 0.2711487412452698 625
1783610251177 0.257472962141037 626
1783610251326 0.29192736744880676 627
1783610251453 0.2685093879699707 628
1783610251613 0.27378350496292114 629
1783610251749 0.2882464528083801 630
1783610251891 0.2586306035518646 631
1783610252056 0.26909351348876953 632
1783610252304 0.25106874108314514 633
1783610252433 0.2664387822151184 634
1783610252565 0.26693594455718994 635
1783610252757 0.24129466712474823 636
1783610252867 0.2805345058441162 637
1783610253065 0.26737114787101746 638
1783610253239 0.28014808893203735 639
1783610253468 0.25919798016548157 640
1783610253591 0.27860262989997864 641
1783610253801 0.28056231141090393 642
1783610253965 0.26218193769454956 643
1783610254097 0.25992828607559204 644
1783610254241 0.2655599117279053 645
1783610254394 0.2614438831806183 646
1783610254546 0.2812504172325134 647
1783610254694 0.26316148042678833 648
1783610254898 0.27692848443984985 649
1783610255047 0.2771603763103485 650
1783610255206 0.2662937343120575 651
1783610255350 0.27677980065345764 652
1783610255560 0.2658197283744812 653
1783610255706 0.27921801805496216 654
1783610255822 0.277060866355896 655
1783610255954 0.26235198974609375 656
1783610256141 0.2616744041442871 657
1783610256320 0.2828831672668457 658
1783610256484 0.28646618127822876 659
1783610256627 0.25873351097106934 660
1783610256804 0.258431613445282 661
1783610256959 0.26217612624168396 662
1783610257126 0.24813653528690338 663
1783610257282 0.2723459005355835 664
1783610257537 0.26381534337997437 665
1783610257700 0.26405203342437744 666
1783610257838 0.28804782032966614 667
1783610257955 0.25447919964790344 668
1783610258119 0.2644725441932678 669
1783610258273 0.28541427850723267 670
1783610258426 0.25590991973876953 671
1783610258580 0.2744041383266449 672
1783610258766 0.2669668197631836 673
1783610258923 0.26789140701293945 674
1783610259077 0.268571138381958 675
1783610259226 0.2549305260181427 676
1783610259382 0.26217132806777954 677
1783610259560 0.2639319896697998 678
1783610259716 0.25719502568244934 679
1783610259882 0.29092952609062195 680
1783610260075 0.2689942717552185 681
1783610260217 0.274773508310318 682
1783610260377 0.2500108480453491 683
1783610260537 0.2694309651851654 684
1783610260695 0.26697030663490295 685
1783610260848 0.26390981674194336 686
1783610261010 0.25461333990097046 687
1783610261174 0.27137404680252075 688
1783610261345 0.2552509605884552 689
1783610261556 0.2788948714733124 690
1783610261666 0.2637660801410675 691
1783610261805 0.2698078453540802 692
1783610261945 0.27197375893592834 693
1783610262115 0.2613510489463806 694
1783610262258 0.2656230032444 695
1783610262408 0.2658337950706482 696
1783610262566 0.26409655809402466 697
1783610262737 0.2763844430446625 698
1783610262912 0.28858938813209534 699
1783610263083 0.26057925820350647 700
1783610263237 0.25341546535491943 701
1783610263362 0.26746097207069397 702
1783610263516 0.2721550166606903 703
1783610263678 0.2924657464027405 704
1783610263860 0.26467835903167725 705
1783610264111 0.26530367136001587 706
1783610264277 0.2662492096424103 707
1783610264411 0.2548559606075287 708
1783610264583 0.2645699977874756 709
1783610264741 0.26621946692466736 710
1783610264895 0.256457656621933 711
1783610265043 0.2759212851524353 712
1783610265196 0.26045241951942444 713
1783610265392 0.27851995825767517 714
1783610265522 0.2627949118614197 715
1783610265698 0.2637895941734314 716
1783610265829 0.2702113091945648 717
1783610265960 0.2576654255390167 718
1783610266114 0.2653031349182129 719
1783610266279 0.28264304995536804 720
1783610266446 0.2592812478542328 721
1783610266601 0.26537713408470154 722
1783610266743 0.26839277148246765 723
1783610266876 0.2825961709022522 724
1783610267049 0.262108713388443 725
1783610267200 0.2807629704475403 726
1783610267363 0.27849501371383667 727
1783610267507 0.2526478171348572 728
1783610267644 0.25434964895248413 729
1783610267821 0.25025123357772827 730
1783610267978 0.2508982717990875 731
1783610268125 0.28899917006492615 732
1783610268290 0.2672998011112213 733
1783610268446 0.25183120369911194 734
1783610268625 0.253589004278183 735
1783610268778 0.2692405879497528 736
1783610268946 0.25741928815841675 737
1783610269296 0.2653405964374542 738
1783610269455 0.2709011137485504 739
1783610269627 0.2536345422267914 740
1783610269779 0.257787823677063 741
1783610269931 0.26318037509918213 742
1783610270092 0.287759006023407 743
1783610270241 0.2610933184623718 744
1783610270398 0.2477741241455078 745
1783610270613 0.24691180884838104 746
1783610270775 0.2609572112560272 747
1783610270923 0.25400710105895996 748
1783610271077 0.2547804117202759 749
1783610271241 0.2646937072277069 750
1783610271409 0.2639169991016388 751
1783610271579 0.25276219844818115 752
1783610271694 0.24822410941123962 753
1783610271846 0.26003581285476685 754
1783610271948 0.2583779990673065 755
1783610272088 0.26509320735931396 756
1783610272247 0.24230480194091797 757
1783610272414 0.2601037621498108 758
1783610272572 0.26288488507270813 759
1783610272731 0.25855016708374023 760
1783610272880 0.2734648287296295 761
1783610272992 0.26424890756607056 762
1783610273314 0.27836740016937256 763
1783610273477 0.2668042480945587 764
1783610273620 0.2679576873779297 765
1783610273742 0.2835996150970459 766
1783610273911 0.24559219181537628 767
1783610274034 0.2736988365650177 768
1783610274159 0.26361629366874695 769
1783610274299 0.2600586414337158 770
1783610274542 0.2571622431278229 771
1783610274697 0.25241991877555847 772
1783610274868 0.2676105797290802 773
1783610275010 0.27103593945503235 774
1783610275153 0.2628526985645294 775
1783610275272 0.256858229637146 776
1783610275445 0.26788997650146484 777
1783610275605 0.2439408004283905 778
1783610275806 0.2638349235057831 779
1783610275928 0.2574080526828766 780
1783610276076 0.25460153818130493 781
1783610276226 0.24670955538749695 782
1783610276377 0.24084652960300446 783
1783610276534 0.24697424471378326 784
1783610276684 0.25322580337524414 785
1783610276834 0.2506794035434723 786
1783610277039 0.2609513998031616 787
1783610277199 0.25947484374046326 788
1783610277331 0.2783433496952057 789
1783610277494 0.2486068606376648 790
1783610277674 0.2600008547306061 791
1783610277836 0.2993425130844116 792
1783610278013 0.2458055466413498 793
1783610278195 0.28747808933258057 794
1783610278405 0.28696298599243164 795
1783610278584 0.24893857538700104 796
1783610278723 0.28320297598838806 797
1783610278881 0.3051910102367401 798
1783610279059 0.2779296040534973 799
1783610279210 0.2760116755962372 800
1783610279366 0.306061327457428 801
1783610279490 0.2693760097026825 802
1783610279761 0.27726101875305176 803
1783610279910 0.30780211091041565 804
1783610280090 0.29203471541404724 805
1783610280216 0.2875730097293854 806
1783610280389 0.291019082069397 807
1783610280540 0.26251280307769775 808
1783610280674 0.2815145254135132 809
1783610280853 0.2818211019039154 810
1783610281048 0.2610277831554413 811
1783610281253 0.28627264499664307 812
1783610281420 0.3006012439727783 813
1783610281653 0.243551105260849 814
1783610281765 0.2931576073169708 815
1783610281893 0.2847536504268646 816
1783610282007 0.28423845767974854 817
1783610282156 0.2843054234981537 818
1783610282312 0.2949385344982147 819
1783610282560 0.2539176046848297 820
1783610282709 0.2759995758533478 821
1783610282863 0.28964707255363464 822
1783610283006 0.2756091058254242 823
1783610283162 0.26104068756103516 824
1783610283323 0.2843274772167206 825
1783610283475 0.2549715042114258 826
1783610283677 0.27797701954841614 827
1783610283824 0.2810082733631134 828
1783610283948 0.2654533088207245 829
1783610284107 0.28648290038108826 830
1783610284243 0.2821507751941681 831
1783610284394 0.25720059871673584 832
1783610284545 0.2761244475841522 833
1783610284691 0.2685048580169678 834
1783610284961 0.26555153727531433 835
1783610285099 0.2864166498184204 836
1783610285273 0.26321104168891907 837
1783610285448 0.2637457251548767 838
1783610285606 0.27179110050201416 839
1783610285779 0.2613585293292999 840
1783610285902 0.2420855313539505 841
1783610286013 0.24164390563964844 842
1783610286183 0.25378885865211487 843
1783610286392 0.2488531619310379 844
1783610286572 0.24157652258872986 845
1783610286735 0.25617069005966187 846
1783610286899 0.24928638339042664 847
1783610287058 0.26767706871032715 848
1783610287185 0.26488301157951355 849
1783610287361 0.25656601786613464 850
1783610287528 0.2649943232536316 851
1783610287689 0.2448037564754486 852
1783610287850 0.24534103274345398 853
1783610288024 0.246164470911026 854
1783610288131 0.26203590631484985 855
1783610288252 0.2725059688091278 856
1783610288429 0.2686440348625183 857
1783610288594 0.252128005027771 858
1783610288820 0.27427834272384644 859
1783610289002 0.24996301531791687 860
1783610289159 0.2586762011051178 861
1783610289326 0.24993667006492615 862
1783610289476 0.2510887086391449 863
1783610289632 0.24573057889938354 864
1783610289808 0.25383463501930237 865
1783610289983 0.2346298098564148 866
1783610290132 0.25630128383636475 867
1783610290318 0.24872495234012604 868
1783610290461 0.2662404477596283 869
1783610290610 0.2546456754207611 870
1783610290773 0.2609442472457886 871
1783610290941 0.24581322073936462 872
1783610291093 0.2756379246711731 873
1783610291263 0.25705504417419434 874
1783610291403 0.25307705998420715 875
1783610291604 0.24420008063316345 876
1783610291740 0.2777106761932373 877
1783610291875 0.25683000683784485 878
1783610292014 0.2472974956035614 879
1783610292165 0.26215922832489014 880
1783610292321 0.2441500574350357 881
1783610292459 0.24776571989059448 882
1783610292581 0.25205475091934204 883
1783610292808 0.2647796869277954 884
1783610292946 0.24788837134838104 885
1783610293099 0.2544368803501129 886
1783610293267 0.26628366112709045 887
1783610293430 0.25106051564216614 888
1783610293574 0.24399977922439575 889
1783610293707 0.26391345262527466 890
1783610293879 0.26576319336891174 891
1783610294059 0.24519705772399902 892
1783610294230 0.2575380504131317 893
1783610294396 0.25713586807250977 894
1783610294568 0.2866607904434204 895
1783610294714 0.28552937507629395 896
1783610294861 0.25925877690315247 897
1783610295019 0.2849656045436859 898
1783610295164 0.25607576966285706 899
1783610295435 0.26649370789527893 900
1783610295622 0.2618821859359741 901
1783610295775 0.25447535514831543 902
1783610295878 0.2667640745639801 903
1783610296035 0.2500094473361969 904
1783610296177 0.2672562599182129 905
1783610296329 0.2607724070549011 906
1783610296506 0.2665499150753021 907
1783610296669 0.289834588766098 908
1783610296839 0.24557219445705414 909
1783610296993 0.28320732712745667 910
1783610297149 0.2731040120124817 911
1783610297409 0.27402395009994507 912
1783610297573 0.27471500635147095 913
1783610297725 0.2604577839374542 914
1783610297872 0.27713504433631897 915
1783610298020 0.259110689163208 916
1783610298173 0.24873007833957672 917
1783610298345 0.25775229930877686 918
1783610298513 0.26606059074401855 919
1783610298642 0.26239562034606934 920
1783610298928 0.2589651942253113 921
1783610299075 0.2610396444797516 922
1783610299334 0.25383448600769043 923
1783610299466 0.26041510701179504 924
1783610299609 0.2639175355434418 925
1783610299790 0.2562985420227051 926
1783610299938 0.2504104971885681 927
1783610300085 0.24916081130504608 928
1783610300206 0.24481143057346344 929
1783610300377 0.25665634870529175 930
1783610300747 0.2696102559566498 931
1783610300908 0.2522036135196686 932
1783610301076 0.24438363313674927 933
1783610301201 0.25569429993629456 934
1783610301362 0.25376391410827637 935
1783610301523 0.251231849193573 936
1783610302277 0.2543129026889801 937
1783610302413 0.2642638683319092 938
1783610302572 0.25772154331207275 939
1783610302729 0.25523605942726135 940
1783610302878 0.2618967890739441 941
1783610303035 0.28109049797058105 942
1783610303181 0.2759721279144287 943
1783610303327 0.2608247399330139 944
1783610303463 0.28389665484428406 945
1783610303703 0.2446119338274002 946
1783610303860 0.2620985805988312 947
1783610303995 0.26430490612983704 948
1783610304127 0.27444344758987427 949
1783610304285 0.26702573895454407 950
1783610304537 0.24901385605335236 951
1783610304671 0.2621140480041504 952
1783610304854 0.24518904089927673 953
1783610305018 0.2861570715904236 954
1783610305158 0.2602316737174988 955
1783610305309 0.2726955711841583 956
1783610305450 0.2765497863292694 957
1783610305581 0.2683686316013336 958
1783610305859 0.285917192697525 959
1783610305957 0.2680509388446808 960
1783610306113 0.2555660307407379 961
1783610306263 0.2697203755378723 962
1783610306408 0.28910693526268005 963
1783610306522 0.25142958760261536 964
1783610306638 0.2929595112800598 965
1783610306829 0.2643287181854248 966
1783610307173 0.27465537190437317 967
1783610307317 0.2646419107913971 968
1783610307479 0.2559216618537903 969
1783610307599 0.2678917944431305 970
1783610307725 0.27266955375671387 971
1783610307888 0.2659212648868561 972
1783610308064 0.2766360342502594 973
1783610308292 0.26570871472358704 974
1783610308446 0.2651430666446686 975
1783610308596 0.26572346687316895 976
1783610308760 0.24854698777198792 977
1783610308902 0.2602061331272125 978
1783610309066 0.265255868434906 979
1783610309211 0.2462133914232254 980
1783610309380 0.24833908677101135 981
1783610309534 0.2626152038574219 982
1783610309708 0.2522111237049103 983
1783610309822 0.25642964243888855 984
1783610309974 0.26377636194229126 985
1783610310156 0.2589486837387085 986
1783610310296 0.2548183798789978 987
1783610310468 0.26170605421066284 988
1783610310610 0.268056720495224 989
1783610310782 0.25747695565223694 990
1783610311010 0.2566647529602051 991
1783610311175 0.2661473751068115 992
1783610311337 0.2408740371465683 993
1783610311490 0.2690303921699524 994
1783610311663 0.24811580777168274 995
1783610311793 0.25833284854888916 996
1783610311923 0.26810187101364136 997
1783610312052 0.26329946517944336 998
1783610312403 0.27660971879959106 999
1783610312571 0.273802250623703 1000
1783610312708 0.2548702657222748 1001
1783610312874 0.2780585289001465 1002
1783610313036 0.2541534900665283 1003
1783610313169 0.26201027631759644 1004
1783610313341 0.25551652908325195 1005
1783610313505 0.276324063539505 1006
1783610313682 0.28622719645500183 1007
1783610313828 0.2478356659412384 1008
1783610313962 0.27679091691970825 1009
1783610314108 0.2686937153339386 1010
1783610314246 0.27628201246261597 1011
1783610314420 0.25848379731178284 1012
1783610314580 0.26266011595726013 1013
1783610314714 0.25964775681495667 1014
1783610314964 0.25227415561676025 1015
1783610315116 0.2489185333251953 1016
1783610315259 0.25902146100997925 1017
1783610315407 0.2663430869579315 1018
1783610315577 0.2570107877254486 1019
1783610315725 0.2598477303981781 1020
1783610315861 0.24751846492290497 1021
1783610315970 0.2790166437625885 1022
1783610316197 0.2450178861618042 1023
1783610316318 0.27655360102653503 1024
1783610316456 0.28547203540802 1025
1783610316616 0.2682815492153168 1026
1783610316760 0.24433597922325134 1027
1783610316928 0.26712000370025635 1028
1783610317066 0.28361621499061584 1029
1783610317224 0.24856314063072205 1030
1783610317415 0.25778210163116455 1031
1783610317559 0.282195508480072 1032
1783610317726 0.26365238428115845 1033
1783610317885 0.2458019256591797 1034
1783610318041 0.26331624388694763 1035
1783610318202 0.2568846642971039 1036
1783610318360 0.2705302834510803 1037
1783610318495 0.24872352182865143 1038
1783610318642 0.26633742451667786 1039
1783610318812 0.25076478719711304 1040
1783610318954 0.25215139985084534 1041
1783610319109 0.28125080466270447 1042
1783610319310 0.26481276750564575 1043
1783610319448 0.2735995948314667 1044
1783610319602 0.26454323530197144 1045
1783610319757 0.26529544591903687 1046
1783610319912 0.28363367915153503 1047
1783610320174 0.2470363825559616 1048
1783610320355 0.2576825022697449 1049
1783610320472 0.25946444272994995 1050
1783610320641 0.2485499083995819 1051
1783610320778 0.25456833839416504 1052
1783610320922 0.249959796667099 1053
1783610321092 0.2670215368270874 1054
1783610321262 0.24576719105243683 1055
1783610321508 0.2521919310092926 1056
1783610321653 0.27641579508781433 1057
1783610321785 0.2754661738872528 1058
1783610321898 0.2687874138355255 1059
1783610322015 0.26436811685562134 1060
1783610322181 0.26742473244667053 1061
1783610322327 0.2587941884994507 1062
1783610322492 0.25767362117767334 1063
1783610322662 0.2713203728199005 1064
1783610322838 0.2633190453052521 1065
1783610322969 0.24848726391792297 1066
1783610323126 0.27050960063934326 1067
1783610323292 0.2666778862476349 1068
1783610323448 0.25521546602249146 1069
1783610323610 0.25048235058784485 1070
1783610323776 0.24860140681266785 1071
1783610323914 0.24989330768585205 1072
1783610324057 0.2483436018228531 1073
1783610324334 0.2577040493488312 1074
1783610324456 0.24385526776313782 1075
1783610324626 0.26834842562675476 1076
1783610324770 0.2590772211551666 1077
1783610324906 0.26122307777404785 1078
1783610325018 0.2503257691860199 1079
1783610325156 0.2654624879360199 1080
1783610325309 0.26443079113960266 1081
1783610325551 0.2609400451183319 1082
1783610325692 0.2645130753517151 1083
1783610325871 0.24708257615566254 1084
1783610325983 0.2533004581928253 1085
1783610326110 0.2545272409915924 1086
1783610326228 0.23497071862220764 1087
1783610326406 0.25629445910453796 1088
1783610326559 0.26041150093078613 1089
1783610326754 0.25373730063438416 1090
1783610326920 0.23858405649662018 1091
1783610327046 0.2648525536060333 1092
1783610327186 0.24475835263729095 1093
1783610327346 0.25095662474632263 1094
1783610327513 0.25548526644706726 1095
1783610327684 0.2697201073169708 1096
1783610327856 0.25794127583503723 1097
1783610328030 0.2615244388580322 1098
1783610328199 0.2728738486766815 1099
1783610328324 0.26262959837913513 1100
1783610328478 0.27052024006843567 1101
1783610328640 0.27326303720474243 1102
1783610328821 0.25565800070762634 1103
1783610328984 0.2525840401649475 1104
1783610329111 0.2742614448070526 1105
1783610329272 0.26393601298332214 1106
1783610329451 0.2676362693309784 1107
1783610329638 0.25154009461402893 1108
1783610329793 0.265932559967041 1109
1783610329956 0.2487902194261551 1110
1783610330141 0.26659440994262695 1111
1783610330290 0.26813286542892456 1112
1783610330439 0.2670705318450928 1113
1783610330571 0.27332353591918945 1114
1783610330801 0.2657839059829712 1115
1783610330947 0.2685738205909729 1116
1783610331113 0.24671609699726105 1117
1783610331266 0.25650420784950256 1118
1783610331440 0.2706472873687744 1119
1783610331578 0.2780454456806183 1120
1783610331740 0.2751898467540741 1121
1783610331881 0.25401902198791504 1122
1783610332023 0.2631530463695526 1123
1783610332175 0.2651706337928772 1124
1783610332336 0.26121294498443604 1125
1783610332506 0.2708369493484497 1126
1783610332639 0.25614091753959656 1127
1783610332796 0.2671450674533844 1128
1783610332958 0.2767954170703888 1129
1783610333110 0.2525556981563568 1130
1783610333416 0.27161362767219543 1131
1783610333586 0.27326709032058716 1132
1783610333741 0.27107876539230347 1133
1783610333906 0.2870306372642517 1134
1783610334069 0.25969967246055603 1135
1783610334221 0.2740035653114319 1136
1783610334384 0.26288092136383057 1137
1783610334541 0.264192670583725 1138
1783610334805 0.26159757375717163 1139
1783610334939 0.2534880042076111 1140
1783610335091 0.2737713158130646 1141
1783610335223 0.2593603730201721 1142
1783610335387 0.2671639323234558 1143
1783610335533 0.25965064764022827 1144
1783610335689 0.25575557351112366 1145
1783610335834 0.25034165382385254 1146
1783610335939 0.26612335443496704 1147
1783610336092 0.252225399017334 1148
1783610336254 0.2569112181663513 1149
1783610336385 0.23609085381031036 1150
1783610336530 0.24163934588432312 1151
1783610336706 0.2508729100227356 1152
1783610336871 0.2701147496700287 1153
1783610337026 0.2649165391921997 1154
1783610337194 0.2614268660545349 1155
1783610337403 0.260803759098053 1156
1783610337539 0.2510493993759155 1157
1783610337692 0.2521458864212036 1158
1783610337874 0.248421311378479 1159
1783610337995 0.27273690700531006 1160
1783610338117 0.24348577857017517 1161
1783610338252 0.2545180022716522 1162
1783610338387 0.26641735434532166 1163
1783610338735 0.27364346385002136 1164
1783610338864 0.2707439363002777 1165
1783610339021 0.27577003836631775 1166
1783610339167 0.2687112092971802 1167
1783610339318 0.2688441872596741 1168
1783610339454 0.2640620768070221 1169
1783610339593 0.2604826092720032 1170
1783610339784 0.2592213749885559 1171
1783610339920 0.2722143828868866 1172
1783610340062 0.25434744358062744 1173
1783610340177 0.26312580704689026 1174
1783610340326 0.25811174511909485 1175
1783610340474 0.2755682170391083 1176
1783610340595 0.2644742727279663 1177
1783610340771 0.26718631386756897 1178
1783610340940 0.25710269808769226 1179
1783610341077 0.27032336592674255 1180
1783610341234 0.25154614448547363 1181
1783610341355 0.2639569938182831 1182
1783610341522 0.27408459782600403 1183
1783610341693 0.26276999711990356 1184
1783610341822 0.27918902039527893 1185
1783610341944 0.2574231028556824 1186
1783610342065 0.2612278163433075 1187
1783610342244 0.24931810796260834 1188
1783610342522 0.2605682611465454 1189
1783610342660 0.2748074531555176 1190
1783610342823 0.2644590735435486 1191
1783610342977 0.27366968989372253 1192
1783610343151 0.27971354126930237 1193
1783610343314 0.27219411730766296 1194
1783610343451 0.2617480754852295 1195
1783610343605 0.2830386757850647 1196
1783610343838 0.2622673213481903 1197
1783610343974 0.2556682527065277 1198
1783610344158 0.25454962253570557 1199
1783610344340 0.243353009223938 1200
1783610344470 0.25582996010780334 1201
1783610344626 0.26817551255226135 1202
1783610344773 0.258881539106369 1203
1783610344933 0.274107426404953 1204
1783610345182 0.25410130620002747 1205
1783610345298 0.2741924524307251 1206
1783610345466 0.28095343708992004 1207
1783610345607 0.2549534738063812 1208
1783610345761 0.2707275152206421 1209
1783610345920 0.2698349356651306 1210
1783610346057 0.2661020755767822 1211
1783610346226 0.26393425464630127 1212
1783610346420 0.24878381192684174 1213
1783610346581 0.2763814330101013 1214
1783610346692 0.2569068670272827 1215
1783610346851 0.2795226573944092 1216
1783610347007 0.2583465576171875 1217
1783610347143 0.26538801193237305 1218
1783610347299 0.26129406690597534 1219
1783610347473 0.28340432047843933 1220
1783610347626 0.26335182785987854 1221
1783610347822 0.26873546838760376 1222
1783610347982 0.2731763422489166 1223
1783610348186 0.2782368063926697 1224
1783610348373 0.2680607736110687 1225
1783610348573 0.27373814582824707 1226
1783610348721 0.272718608379364 1227
1783610348956 0.266279399394989 1228
1783610349110 0.25183025002479553 1229
1783610349282 0.28185921907424927 1230
1783610349456 0.2721197307109833 1231
1783610349605 0.2706041932106018 1232
1783610349777 0.2787383198738098 1233
1783610349923 0.2623310089111328 1234
1783610350082 0.2885439693927765 1235
1783610350373 0.2601638734340668 1236
1783610350510 0.25204065442085266 1237
1783610350680 0.2783811092376709 1238
1783610350839 0.2595515847206116 1239
1783610350979 0.2934182286262512 1240
1783610351140 0.25600913166999817 1241
1783610351290 0.2647440433502197 1242
1783610351488 0.26195043325424194 1243
1783610351645 0.26771295070648193 1244
1783610351781 0.27847954630851746 1245
1783610351926 0.2516711354255676 1246
1783610352027 0.26595887541770935 1247
1783610352210 0.2612674832344055 1248
1783610352371 0.2579266428947449 1249
1783610352510 0.26871272921562195 1250
1783610352659 0.2664705514907837 1251
1783610352858 0.2588650584220886 1252
1783610353001 0.27434220910072327 1253
1783610353107 0.25609326362609863 1254
1783610353243 0.26467135548591614 1255
1783610353394 0.25989651679992676 1256
1783610353526 0.2676178812980652 1257
1783610353678 0.27914535999298096 1258
1783610353845 0.27071940898895264 1259
1783610354016 0.2689361870288849 1260
1783610354186 0.2562386989593506 1261
1783610354342 0.2538566291332245 1262
1783610354508 0.24901460111141205 1263
1783610354655 0.2449577897787094 1264
1783610354843 0.2746936082839966 1265
1783610355004 0.2549995481967926 1266
1783610355142 0.2798624336719513 1267
1783610355301 0.2728932797908783 1268
1783610355472 0.25655612349510193 1269
1783610355630 0.2679480016231537 1270
1783610355780 0.27881622314453125 1271
1783610355922 0.27351468801498413 1272
1783610356049 0.27932506799697876 1273
1783610356211 0.25791415572166443 1274
1783610356354 0.27798330783843994 1275
1783610356502 0.2692761719226837 1276
1783610356877 0.28318023681640625 1277
1783610357036 0.2583727240562439 1278
1783610357191 0.27724552154541016 1279
1783610357364 0.2691096365451813 1280
1783610357488 0.2559300363063812 1281
1783610357674 0.26868894696235657 1282
1783610357836 0.286451131105423 1283
1783610358007 0.24454371631145477 1284
1783610358172 0.2689789831638336 1285
1783610358307 0.2712983787059784 1286
1783610358457 0.2618010342121124 1287
1783610358604 0.2658070921897888 1288
1783610358773 0.2826710641384125 1289
1783610358939 0.2701529264450073 1290
1783610359092 0.2740180194377899 1291
1783610359232 0.2795383036136627 1292
1783610359435 0.25426021218299866 1293
1783610359561 0.26861777901649475 1294
1783610359688 0.2531915009021759 1295
1783610359862 0.25879254937171936 1296
1783610360033 0.2652904689311981 1297
1783610360191 0.2561945617198944 1298
1783610360359 0.2566887140274048 1299
1783610360522 0.25281527638435364 1300
1783610360768 0.2586560547351837 1301
1783610360905 0.26183226704597473 1302
1783610361069 0.2746155261993408 1303
1783610361238 0.2681025266647339 1304
1783610361411 0.24382583796977997 1305
1783610361571 0.2552123963832855 1306
1783610361753 0.2639065086841583 1307
1783610361857 0.2416641116142273 1308
1783610361988 0.25890180468559265 1309
1783610362126 0.25188276171684265 1310
1783610362308 0.26740413904190063 1311
1783610362479 0.2598619759082794 1312
1783610362633 0.26331910490989685 1313
1783610362768 0.25602737069129944 1314
1783610362933 0.26959744095802307 1315
1783610363106 0.26808685064315796 1316
1783610363470 0.2562531530857086 1317
1783610363612 0.2880212068557739 1318
1783610363766 0.24625369906425476 1319
1783610363910 0.282413512468338 1320
1783610364032 0.2521331310272217 1321
1783610364196 0.26749056577682495 1322
1783610364360 0.26289448142051697 1323
1783610364522 0.2737872004508972 1324
1783610364768 0.2753553092479706 1325
1783610364923 0.25516775250434875 1326
1783610365059 0.26800790429115295 1327
1783610365228 0.24142521619796753 1328
1783610365360 0.24675297737121582 1329
1783610365561 0.2590680718421936 1330
1783610365719 0.25570204854011536 1331
1783610365853 0.2746395468711853 1332
1783610365983 0.26701176166534424 1333
1783610366106 0.2837907671928406 1334
1783610366227 0.25442057847976685 1335
1783610366391 0.2571576237678528 1336
1783610366540 0.2754696011543274 1337
1783610366694 0.26431742310523987 1338
1783610366896 0.2704325318336487 1339
1783610367063 0.23647156357765198 1340
1783610367215 0.2577827572822571 1341
1783610367379 0.2809688150882721 1342
1783610367577 0.26270776987075806 1343
1783610367739 0.2804076671600342 1344
1783610367963 0.2502920627593994 1345
1783610368108 0.2694846987724304 1346
1783610368231 0.25368449091911316 1347
1783610368371 0.2867780923843384 1348
1783610368671 0.2768933176994324 1349
1783610368823 0.266998291015625 1350
1783610368974 0.2701197564601898 1351
1783610369124 0.2619563639163971 1352
1783610369289 0.26622530817985535 1353
1783610369452 0.2628907561302185 1354
1783610369633 0.2747395932674408 1355
1783610369938 0.2449987828731537 1356
1783610370088 0.24074479937553406 1357
1783610370256 0.26752209663391113 1358
1783610370425 0.26980745792388916 1359
1783610370554 0.2735083997249603 1360
1783610370723 0.28346166014671326 1361
1783610370895 0.2634214162826538 1362
1783610371060 0.26946231722831726 1363
1783610371403 0.26051878929138184 1364
1783610371538 0.2699791193008423 1365
1783610371681 0.26570725440979004 1366
1783610371835 0.2501084804534912 1367
1783610371954 0.2849363684654236 1368
1783610372061 0.2651527225971222 1369
1783610372184 0.26091769337654114 1370
1783610372338 0.27647313475608826 1371
1783610372556 0.24662865698337555 1372
1783610372709 0.25810810923576355 1373
1783610372893 0.2596493065357208 1374
1783610373037 0.2819370627403259 1375
1783610373190 0.2669253349304199 1376
1783610373360 0.2692986726760864 1377
1783610373630 0.27582114934921265 1378
1783610373786 0.25224676728248596 1379
1783610373925 0.2809847891330719 1380
1783610374041 0.2841632664203644 1381
1783610374159 0.2599245309829712 1382
1783610374322 0.284130334854126 1383
1783610374472 0.29320308566093445 1384
1783610374624 0.28620144724845886 1385
1783610374763 0.27563124895095825 1386
1783610374910 0.30269956588745117 1387
1783610375194 0.26585105061531067 1388
1783610375336 0.2822698950767517 1389
1783610375504 0.26478561758995056 1390
1783610375680 0.2531011998653412 1391
1783610375852 0.2855374813079834 1392
1783610375953 0.26049256324768066 1393
1783610376128 0.24397042393684387 1394
1783610376400 0.26981595158576965 1395
1783610376592 0.24983476102352142 1396
1783610376747 0.2575855255126953 1397
1783610376901 0.2649748921394348 1398
1783610377045 0.2519069314002991 1399
1783610377187 0.2612363398075104 1400
1783610377339 0.25715988874435425 1401
1783610377519 0.27458441257476807 1402
1783610377746 0.2609793245792389 1403
1783610377912 0.2846539616584778 1404
1783610378056 0.2624330222606659 1405
1783610378183 0.27520281076431274 1406
1783610378335 0.25948435068130493 1407
1783610378504 0.25627195835113525 1408
1783610378655 0.25413668155670166 1409
1783610378812 0.2580451965332031 1410
1783610379050 0.2640529274940491 1411
1783610379173 0.26051557064056396 1412
1783610379342 0.2454332560300827 1413
1783610379500 0.282822847366333 1414
1783610379658 0.26658719778060913 1415
1783610379829 0.28609606623649597 1416
1783610379984 0.25011301040649414 1417
1783610380140 0.2608729302883148 1418
1783610380286 0.2803173363208771 1419
1783610380424 0.2591208219528198 1420
1783610380584 0.2764664590358734 1421
1783610380737 0.2618139982223511 1422
1783610380884 0.249566450715065 1423
1783610381074 0.25385358929634094 1424
1783610381233 0.2542901039123535 1425
1783610381371 0.27159422636032104 1426
1783610381735 0.27971208095550537 1427
1783610381851 0.2518806457519531 1428
1783610382004 0.2690044939517975 1429
1783610382140 0.27845779061317444 1430
1783610382308 0.2642737329006195 1431
1783610382451 0.259459912776947 1432
1783610382608 0.25207898020744324 1433
1783610382894 0.24872136116027832 1434
1783610383061 0.2706986367702484 1435
1783610383221 0.2638281285762787 1436
1783610383373 0.26295986771583557 1437
1783610383529 0.28553882241249084 1438
1783610383687 0.2713344395160675 1439
1783610383867 0.2535412013530731 1440
1783610384042 0.2426290363073349 1441
1783610384229 0.26774153113365173 1442
1783610384376 0.26940977573394775 1443
1783610384504 0.27545666694641113 1444
1783610384621 0.262148380279541 1445
1783610384793 0.267657071352005 1446
1783610384941 0.2679537236690521 1447
1783610385107 0.2506786584854126 1448
1783610385226 0.26005819439888 1449
1783610385454 0.26402419805526733 1450
1783610385594 0.2596982717514038 1451
1783610385746 0.2543255090713501 1452
1783610385919 0.2457209974527359 1453
1783610386024 0.26629137992858887 1454
1783610386220 0.2465713620185852 1455
1783610386370 0.2642427682876587 1456
1783610386521 0.2579781115055084 1457
1783610386790 0.27031633257865906 1458
1783610386944 0.27409636974334717 1459
1783610387070 0.2726461589336395 1460
1783610387211 0.2698078453540802 1461
1783610387368 0.27566513419151306 1462
1783610387507 0.26221317052841187 1463
1783610387684 0.2589787542819977 1464
1783610387825 0.25487765669822693 1465
1783610388039 0.27612534165382385 1466
1783610388222 0.2656993269920349 1467
1783610388368 0.26641592383384705 1468
1783610388499 0.26179948449134827 1469
1783610388652 0.24660491943359375 1470
1783610388800 0.25537094473838806 1471
1783610388939 0.25199493765830994 1472
1783610389107 0.27483421564102173 1473
1783610389267 0.2586543560028076 1474
1783610389478 0.25722748041152954 1475
1783610389641 0.2744215726852417 1476
1783610389786 0.26321345567703247 1477
1783610389915 0.26154300570487976 1478
1783610390038 0.2489059567451477 1479
1783610390202 0.26704251766204834 1480
1783610390369 0.27298542857170105 1481
1783610390504 0.2506628930568695 1482
1783610390630 0.2783660888671875 1483
1783610390764 0.26646551489830017 1484
1783610390904 0.26790210604667664 1485
1783610391075 0.27035218477249146 1486
1783610391232 0.26471275091171265 1487
1783610391381 0.27039262652397156 1488
1783610391534 0.261540949344635 1489
1783610391737 0.2734014093875885 1490
1783610391877 0.2648311257362366 1491
1783610392001 0.27714803814888 1492
1783610392116 0.2684118449687958 1493
1783610392269 0.2566145956516266 1494
1783610392419 0.2693497836589813 1495
1783610392565 0.25790998339653015 1496
1783610392699 0.2716299295425415 1497
1783610392858 0.27217936515808105 1498
1783610393021 0.2658475637435913 1499
1783610393158 0.2698407471179962 1500
1783610393391 0.26027026772499084 1501
1783610393520 0.2859775722026825 1502
1783610393651 0.26111987233161926 1503
1783610393820 0.27140021324157715 1504
1783610393974 0.25232407450675964 1505
1783610394137 0.2625315487384796 1506
1783610394268 0.2602359652519226 1507
1783610394396 0.2589220702648163 1508
1783610394567 0.270566463470459 1509
1783610394690 0.25423625111579895 1510
1783610394841 0.24988797307014465 1511
1783610394993 0.2809638977050781 1512
1783610395151 0.25744959712028503 1513
1783610395314 0.2631717026233673 1514
1783610395491 0.2719956338405609 1515
1783610395636 0.2613154947757721 1516
1783610395778 0.2569638788700104 1517
1783610395937 0.26520758867263794 1518
1783610396103 0.26157471537590027 1519
1783610396273 0.26283541321754456 1520
1783610396393 0.25170207023620605 1521
1783610396521 0.2537895441055298 1522
1783610396690 0.2854559123516083 1523
1783610396871 0.26359206438064575 1524
1783610397050 0.24707698822021484 1525
1783610397450 0.27938544750213623 1526
1783610397603 0.27828359603881836 1527
1783610397752 0.2634424865245819 1528
1783610397933 0.25785526633262634 1529
1783610398104 0.267107218503952 1530
1783610398248 0.26918962597846985 1531
1783610398372 0.25296199321746826 1532
1783610398560 0.2682326138019562 1533
1783610398683 0.24645459651947021 1534
1783610398821 0.25552719831466675 1535
1783610398988 0.2530844509601593 1536
1783610399163 0.26961979269981384 1537
1783610399319 0.2580919861793518 1538
1783610399475 0.24802137911319733 1539
1783610399610 0.27616143226623535 1540
1783610399858 0.2898053526878357 1541
1783610400062 0.2674444019794464 1542
1783610400187 0.25090980529785156 1543
1783610400353 0.2770965099334717 1544
1783610400498 0.2900375723838806 1545
1783610400639 0.25880876183509827 1546
1783610400768 0.28298503160476685 1547
1783610400906 0.2796742618083954 1548
1783610401220 0.2673273980617523 1549
1783610401371 0.26975539326667786 1550
1783610401539 0.28690558671951294 1551
1783610401743 0.2553049325942993 1552
1783610401843 0.29636111855506897 1553
1783610401991 0.30287352204322815 1554
1783610402108 0.2816128134727478 1555
1783610402277 0.2540152370929718 1556
1783610402482 0.28502410650253296 1557
1783610402618 0.2729046940803528 1558
1783610402801 0.26676079630851746 1559
1783610402957 0.2882414162158966 1560
1783610403122 0.2696308493614197 1561
1783610403282 0.28527307510375977 1562
1783610403450 0.28185510635375977 1563
1783610403609 0.25614508986473083 1564
1783610403849 0.2683803141117096 1565
1783610403953 0.2750869393348694 1566
1783610404081 0.27063101530075073 1567
1783610404244 0.2680634558200836 1568
1783610404423 0.25002431869506836 1569
1783610404592 0.25284045934677124 1570
1783610404771 0.258053183555603 1571
1783610405012 0.2630177438259125 1572
1783610405163 0.2490634173154831 1573
1783610405339 0.25782766938209534 1574
1783610405503 0.27711865305900574 1575
1783610405689 0.2589884400367737 1576
1783610405869 0.2616412937641144 1577
1783610405993 0.2670292258262634 1578
1783610406116 0.26304078102111816 1579
1783610406253 0.2532835900783539 1580
1783610406497 0.2719867527484894 1581
1783610406646 0.2525748014450073 1582
1783610406803 0.2459988296031952 1583
1783610406932 0.2563677430152893 1584
1783610407085 0.2577807307243347 1585
1783610407193 0.24869805574417114 1586
1783610407317 0.2571147382259369 1587
1783610407484 0.27409112453460693 1588
1783610407644 0.26907530426979065 1589
1783610407843 0.2592678964138031 1590
1783610408005 0.2552005350589752 1591
1783610408176 0.26117634773254395 1592
1783610408288 0.2588091492652893 1593
1783610408455 0.26055535674095154 1594
1783610408626 0.2522948086261749 1595
1783610408794 0.270717054605484 1596
1783610408962 0.24731503427028656 1597
1783610409187 0.259724885225296 1598
1783610409331 0.2655923664569855 1599
1783610409471 0.24171899259090424 1600
1783610409638 0.2674553394317627 1601
1783610409821 0.2523641884326935 1602
1783610409977 0.27026110887527466 1603
1783610410158 0.2765609920024872 1604
1783610410402 0.26576828956604004 1605
1783610410541 0.27442318201065063 1606
1783610410722 0.26193466782569885 1607
1783610410884 0.2665584981441498 1608
1783610411055 0.2855773866176605 1609
1783610411231 0.25969064235687256 1610
1783610411388 0.2699301838874817 1611
1783610411600 0.26461076736450195 1612
1783610411760 0.26000985503196716 1613
1783610411879 0.2551954686641693 1614
1783610412019 0.2503930628299713 1615
1783610412155 0.2620167136192322 1616
1783610412323 0.2547776997089386 1617
1783610412485 0.2587320804595947 1618
1783610412608 0.268165647983551 1619
1783610412878 0.264151006937027 1620
1783610413029 0.25830405950546265 1621
1783610413172 0.2709926962852478 1622
1783610413356 0.2767702341079712 1623
1783610413525 0.24059797823429108 1624
1783610413648 0.29506874084472656 1625
1783610413776 0.2736786901950836 1626
1783610413944 0.2558138370513916 1627
1783610414246 0.2637225389480591 1628
1783610414413 0.24880102276802063 1629
1783610414549 0.26293930411338806 1630
1783610414708 0.2660280466079712 1631
1783610414855 0.2574012577533722 1632
1783610415005 0.27062705159187317 1633
1783610415156 0.2355208694934845 1634
1783610415332 0.24185658991336823 1635
1783610415604 0.2541915476322174 1636
1783610415772 0.2507157325744629 1637
1783610415908 0.256262868642807 1638
1783610416016 0.26222914457321167 1639
1783610416185 0.2546929717063904 1640
1783610416341 0.2606252431869507 1641
1783610416537 0.25989702343940735 1642
1783610416690 0.24957385659217834 1643
1783610416928 0.24892058968544006 1644
1783610417042 0.25846830010414124 1645
1783610417192 0.2681625783443451 1646
1783610417376 0.25405076146125793 1647
1783610417554 0.2510948181152344 1648
1783610417703 0.26312747597694397 1649
1783610417883 0.2520965337753296 1650
1783610418039 0.258867472410202 1651
1783610418189 0.25709590315818787 1652
1783610418345 0.2541653513908386 1653
1783610418518 0.24809610843658447 1654
1783610418686 0.2564084529876709 1655
1783610418851 0.26625558733940125 1656
1783610419015 0.26566213369369507 1657
1783610419136 0.2590658962726593 1658
1783610419284 0.25121578574180603 1659
1783610419473 0.2526494264602661 1660
1783610419600 0.26302939653396606 1661
1783610419692 0.2430410534143448 1662
1783610419807 0.2470891922712326 1663
1783610419935 0.23445305228233337 1664
1783610420073 0.25645843148231506 1665
1783610420237 0.2603070139884949 1666
1783610420435 0.2598702311515808 1667
1783610420644 0.27299731969833374 1668
1783610420866 0.26490625739097595 1669
1783610420996 0.25688523054122925 1670
1783610421159 0.258385568857193 1671
1783610421285 0.25019222497940063 1672
1783610421470 0.26218181848526 1673
1783610421620 0.2585117518901825 1674
1783610421771 0.25236475467681885 1675
1783610421901 0.25815510749816895 1676
1783610422039 0.2845790386199951 1677
1783610422155 0.27042660117149353 1678
1783610422299 0.26312825083732605 1679
1783610422435 0.27392154932022095 1680
1783610422608 0.2556484043598175 1681
1783610422760 0.2587064206600189 1682
1783610422920 0.26487070322036743 1683
1783610423086 0.2647314667701721 1684
1783610423315 0.24174147844314575 1685
1783610423423 0.24992069602012634 1686
1783610423539 0.24239902198314667 1687
1783610423700 0.2570398151874542 1688
1783610423868 0.2717451751232147 1689
1783610424018 0.27087101340293884 1690
1783610424181 0.2801135182380676 1691
1783610424368 0.2623745799064636 1692
1783610424504 0.24621568620204926 1693
1783610424622 0.24447156488895416 1694
1783610424793 0.26791316270828247 1695
1783610424955 0.27013254165649414 1696
1783610425112 0.2832977771759033 1697
1783610425270 0.24138598144054413 1698
1783610425420 0.27002114057540894 1699
1783610425577 0.26357144117355347 1700
1783610425699 0.250580370426178 1701
1783610425919 0.27414482831954956 1702
1783610426031 0.2676267921924591 1703
1783610426156 0.2692112326622009 1704
1783610426307 0.2655102610588074 1705
1783610426469 0.2613361179828644 1706
1783610426631 0.25904932618141174 1707
1783610426786 0.26337379217147827 1708
1783610426956 0.26298680901527405 1709
1783610427334 0.2565460801124573 1710
1783610427468 0.24693259596824646 1711
1783610427656 0.2630015015602112 1712
1783610427822 0.2552010118961334 1713
1783610428000 0.24568215012550354 1714
1783610428155 0.24908645451068878 1715
1783610428295 0.25176745653152466 1716
1783610428477 0.24841448664665222 1717
1783610428646 0.2583518922328949 1718
1783610428766 0.26889151334762573 1719
1783610428907 0.24882137775421143 1720
1783610429061 0.2509523332118988 1721
1783610429200 0.24804988503456116 1722
1783610429353 0.2502244710922241 1723
1783610429488 0.24480298161506653 1724
1783610429647 0.25623077154159546 1725
1783610429908 0.2610214054584503 1726
1783610430041 0.26257407665252686 1727
1783610430202 0.28634583950042725 1728
1783610430372 0.26130062341690063 1729
1783610430551 0.2590642273426056 1730
1783610430700 0.2661049962043762 1731
1783610430870 0.24274113774299622 1732
1783610431016 0.2544938027858734 1733
1783610431127 0.26233023405075073 1734
1783610431243 0.25574034452438354 1735
1783610431338 0.2622651755809784 1736
1783610431446 0.25530165433883667 1737
1783610431562 0.23905162513256073 1738
1783610431668 0.2775108516216278 1739
1783610431802 0.271692156791687 1740
1783610431954 0.23984947800636292 1741
1783610432087 0.2515335977077484 1742
1783610432240 0.2479436844587326 1743
1783610432473 0.26521018147468567 1744
1783610432583 0.25144603848457336 1745
1783610432689 0.25664225220680237 1746
1783610432792 0.26623332500457764 1747
1783610432900 0.24104779958724976 1748
1783610433029 0.2634381353855133 1749
1783610433141 0.24617436528205872 1750
1783610433246 0.2486628144979477 1751
1783610433414 0.26953378319740295 1752
1783610433583 0.26198920607566833 1753
1783610433791 0.2510998845100403 1754
1783610433915 0.2599528431892395 1755
1783610434090 0.26447877287864685 1756
1783610434260 0.27947065234184265 1757
1783610434421 0.2818397581577301 1758
1783610434585 0.26710113883018494 1759
1783610434718 0.24165120720863342 1760
1783610434900 0.2745168209075928 1761
1783610435076 0.2679469585418701 1762
1783610435200 0.2566978931427002 1763
1783610435327 0.26227501034736633 1764
1783610435475 0.2656048536300659 1765
1783610435651 0.2592224180698395 1766
1783610435837 0.2641880214214325 1767
1783610435983 0.24576003849506378 1768
1783610436122 0.26573577523231506 1769
1783610436338 0.24326547980308533 1770
1783610436466 0.2656610608100891 1771
1783610436623 0.2569914162158966 1772
1783610436781 0.2562781572341919 1773
1783610436926 0.26240822672843933 1774
1783610437088 0.2484489381313324 1775
1783610437241 0.26207029819488525 1776
1783610437411 0.24692828953266144 1777
1783610437581 0.26816684007644653 1778
1783610437733 0.24965091049671173 1779
1783610437909 0.2646530568599701 1780
1783610438073 0.2711041569709778 1781
1783610438223 0.24451641738414764 1782
1783610438343 0.26916712522506714 1783
1783610438455 0.2535058259963989 1784
1783610438580 0.23584824800491333 1785
1783610438742 0.25938811898231506 1786
1783610439015 0.2764831781387329 1787
1783610439168 0.2789451777935028 1788
1783610439338 0.2531108856201172 1789
1783610439491 0.27186548709869385 1790
1783610439633 0.26043057441711426 1791
1783610439751 0.24653442203998566 1792
1783610439919 0.26903659105300903 1793
1783610440059 0.2520270347595215 1794
1783610440313 0.24728621542453766 1795
1783610440507 0.25858959555625916 1796
1783610440670 0.2460990846157074 1797
1783610440821 0.29252251982688904 1798
1783610440967 0.25884371995925903 1799
1783610441119 0.2832804322242737 1800
1783610441257 0.265148401260376 1801
1783610441408 0.2708406150341034 1802
1783610441569 0.2747640907764435 1803
1783610441709 0.2532954812049866 1804
1783610441815 0.27637341618537903 1805
1783610441926 0.2724132239818573 1806
1783610442043 0.2632192075252533 1807
1783610442146 0.27116161584854126 1808
1783610442282 0.2648025453090668 1809
1783610442436 0.2633460760116577 1810
1783610442572 0.2808559536933899 1811
1783610442688 0.2633475363254547 1812
1783610442824 0.2569393217563629 1813
1783610442955 0.2694077789783478 1814
1783610443087 0.25698167085647583 1815
1783610443240 0.24345460534095764 1816
1783610443388 0.2544204890727997 1817
1783610443535 0.255487859249115 1818
1783610443720 0.2572965621948242 1819
1783610443824 0.263940691947937 1820
1783610443942 0.2674231231212616 1821
1783610444082 0.27115797996520996 1822
1783610444217 0.2721712291240692 1823
1783610444325 0.23950473964214325 1824
1783610444465 0.26837435364723206 1825
1783610444619 0.25712841749191284 1826
1783610444775 0.2700543999671936 1827
1783610444906 0.29373249411582947 1828
1783610445012 0.24764446914196014 1829
1783610445135 0.2621801197528839 1830
1783610445401 0.24111320078372955 1831
1783610445523 0.2791346609592438 1832
1783610445671 0.2753205895423889 1833
1783610445832 0.2507750689983368 1834
1783610445967 0.2721306383609772 1835
1783610446084 0.25618717074394226 1836
1783610446239 0.27467674016952515 1837
1783610446402 0.25832781195640564 1838
1783610446574 0.26057204604148865 1839
1783610446748 0.2730006277561188 1840
1783610446925 0.26718658208847046 1841
1783610447087 0.2636636197566986 1842
1783610447222 0.26512524485588074 1843
1783610447403 0.2541683316230774 1844
1783610447552 0.2705630958080292 1845
1783610447722 0.26164793968200684 1846
1783610447850 0.2704656720161438 1847
1783610447983 0.2780057489871979 1848
1783610448119 0.28053492307662964 1849
1783610448239 0.2793830931186676 1850
1783610448354 0.25788894295692444 1851
1783610448530 0.2598881125450134 1852
1783610448671 0.2523117959499359 1853
1783610448851 0.2815471589565277 1854
1783610449000 0.29752370715141296 1855
1783610449184 0.25490662455558777 1856
1783610449364 0.2655695974826813 1857
1783610449510 0.2864764332771301 1858
1783610449675 0.255817711353302 1859
1783610449873 0.2672303318977356 1860
1783610450019 0.26381340622901917 1861
1783610450180 0.2760213613510132 1862
1783610450339 0.25700250267982483 1863
1783610450497 0.27430856227874756 1864
1783610450670 0.2781311869621277 1865
1783610450838 0.2919725775718689 1866
1783610450969 0.2739902436733246 1867
1783610451139 0.28811904788017273 1868
1783610451272 0.2823558449745178 1869
1783610451435 0.25713425874710083 1870
1783610451568 0.28352150321006775 1871
1783610451700 0.2848334312438965 1872
1783610451857 0.2851526439189911 1873
1783610452421 0.2755308747291565 1874
1783610452532 0.2767474949359894 1875
1783610452687 0.26776811480522156 1876
1783610452869 0.27532848715782166 1877
1783610453047 0.27351680397987366 1878
1783610453317 0.2639431357383728 1879
1783610453472 0.2814151346683502 1880
1783610453637 0.2915816307067871 1881
1783610453807 0.2511523365974426 1882
1783610453951 0.26621195673942566 1883
1783610454097 0.28290167450904846 1884
1783610454250 0.2809247672557831 1885
1783610454495 0.27032965421676636 1886
1783610454682 0.269811749458313 1887
1783610454797 0.2705870270729065 1888
1783610454936 0.28069666028022766 1889
1783610455105 0.2566259801387787 1890
1783610455268 0.28185129165649414 1891
1783610455438 0.27801513671875 1892
1783610455600 0.28694507479667664 1893
1783610455881 0.26140132546424866 1894
1783610455988 0.26340195536613464 1895
1783610456115 0.2581401467323303 1896
1783610456259 0.2658125162124634 1897
1783610456408 0.26176440715789795 1898
1783610456578 0.27865928411483765 1899
1783610456734 0.2627086639404297 1900
1783610456886 0.265344500541687 1901
1783610457073 0.2575228810310364 1902
1783610457197 0.27846524119377136 1903
1783610457339 0.27160197496414185 1904
1783610457515 0.2594592571258545 1905
1783610457686 0.2880188822746277 1906
1783610457865 0.2671374976634979 1907
1783610458025 0.2679697275161743 1908
1783610458170 0.26332783699035645 1909
1783610458345 0.25226885080337524 1910
1783610458553 0.2706057131290436 1911
1783610458692 0.26258477568626404 1912
1783610458850 0.27104565501213074 1913
1783610459017 0.2632807195186615 1914
1783610459162 0.2594272792339325 1915
1783610459301 0.2835870087146759 1916
1783610459448 0.27018049359321594 1917
1783610459585 0.2610951364040375 1918
1783610459752 0.2872663140296936 1919
1783610459956 0.2678728401660919 1920
1783610460101 0.2649948000907898 1921
1783610460243 0.27993929386138916 1922
1783610460386 0.26525723934173584 1923
1783610460566 0.25613775849342346 1924
1783610460732 0.24967220425605774 1925
1783610460899 0.25781357288360596 1926
1783610461083 0.24531610310077667 1927
1783610461205 0.2693184018135071 1928
1783610461349 0.2648826539516449 1929
1783610461517 0.27679818868637085 1930
1783610461650 0.2670817971229553 1931
1783610461814 0.2607177793979645 1932
1783610461956 0.2580021023750305 1933
1783610462107 0.2603090703487396 1934
1783610462248 0.2725313901901245 1935
1783610462368 0.2533901035785675 1936
1783610462504 0.26320523023605347 1937
1783610462653 0.2572002410888672 1938
1783610462809 0.25637221336364746 1939
1783610462972 0.2735210061073303 1940
1783610463135 0.29517102241516113 1941
1783610463285 0.24366644024848938 1942
1783610463439 0.29599839448928833 1943
1783610463774 0.2881212830543518 1944
1783610463951 0.2764311730861664 1945
1783610464086 0.2805713713169098 1946
1783610464244 0.2906210720539093 1947
1783610464378 0.27389979362487793 1948
1783610464532 0.2643536627292633 1949
1783610464667 0.2694425880908966 1950
1783610464837 0.2745932638645172 1951
1783610465106 0.27198800444602966 1952
1783610465288 0.278296560049057 1953
1783610465443 0.2434907853603363 1954
1783610465597 0.2774295508861542 1955
1783610465732 0.2822672724723816 1956
1783610465909 0.269127756357193 1957
1783610466035 0.26581084728240967 1958
1783610466196 0.2751997709274292 1959
1783610466368 0.2580541670322418 1960
1783610466535 0.27348774671554565 1961
1783610466708 0.26157069206237793 1962
1783610466815 0.25179505348205566 1963
1783610466982 0.26192542910575867 1964
1783610467119 0.2578964829444885 1965
1783610467286 0.2591917812824249 1966
1783610467450 0.2529657483100891 1967
1783610467607 0.26252737641334534 1968
1783610467802 0.24355798959732056 1969
1783610467960 0.2659260332584381 1970
1783610468120 0.2533600330352783 1971
1783610468307 0.25225603580474854 1972
1783610468442 0.2568931579589844 1973
1783610468595 0.2674024701118469 1974
1783610468744 0.2654147148132324 1975
1783610468882 0.26525938510894775 1976
1783610469048 0.2650620639324188 1977
1783610469219 0.28159627318382263 1978
1783610469416 0.2586613893508911 1979
1783610469580 0.277817040681839 1980
1783610469750 0.2541775703430176 1981
1783610469884 0.2646592855453491 1982
1783610470012 0.2356492578983307 1983
1783610470185 0.24883320927619934 1984
1783610470304 0.2545667886734009 1985
1783610470467 0.25067445635795593 1986
1783610470602 0.2491801679134369 1987
1783610470755 0.26582804322242737 1988
1783610470920 0.2512035667896271 1989
1783610471082 0.25980883836746216 1990
1783610471234 0.2764376103878021 1991
1783610471400 0.2595535218715668 1992
1783610471555 0.24487198889255524 1993
1783610471718 0.25290828943252563 1994
1783610471843 0.2651659846305847 1995
1783610471984 0.26960623264312744 1996
1783610472098 0.2672058343887329 1997
1783610472219 0.2624739706516266 1998
1783610472378 0.27354559302330017 1999
1783610472544 0.2712338864803314 2000
1783610472719 0.26290711760520935 2001
1783610472940 0.2498517483472824 2002
1783610473079 0.26790788769721985 2003
1783610473205 0.2484535276889801 2004
1783610473318 0.26357826590538025 2005
1783610473488 0.2724895179271698 2006
1783610473651 0.26987218856811523 2007
1783610473840 0.2707609534263611 2008
1783610474006 0.2617882788181305 2009
1783610474177 0.24977341294288635 2010
1783610474363 0.27121877670288086 2011
1783610474478 0.2600380778312683 2012
1783610474638 0.2669984698295593 2013
1783610474800 0.25542232394218445 2014
1783610474974 0.2791896462440491 2015
1783610475139 0.2573027014732361 2016
1783610475304 0.2539992928504944 2017
1783610475433 0.27328139543533325 2018
1783610475651 0.2608514428138733 2019
1783610475802 0.2601213753223419 2020
1783610475979 0.2624591886997223 2021
1783610476095 0.2686125636100769 2022
1783610476267 0.2562996447086334 2023
1783610476422 0.28369566798210144 2024
1783610476584 0.25775668025016785 2025
1783610476728 0.26004356145858765 2026
1783610476984 0.2571234703063965 2027
1783610477147 0.250235915184021 2028
1783610477320 0.24450956284999847 2029
1783610477480 0.2623494267463684 2030
1783610477653 0.25398725271224976 2031
1783610477813 0.22905908524990082 2032
1783610477967 0.2522788643836975 2033
1783610478118 0.2469283938407898 2034
1783610478295 0.25390228629112244 2035
1783610478418 0.25907737016677856 2036
1783610478574 0.25359654426574707 2037
1783610478719 0.2744121253490448 2038
1783610478883 0.25297942757606506 2039
1783610479049 0.2471923679113388 2040
1783610479205 0.23900246620178223 2041
1783610479349 0.25251591205596924 2042
1783610479599 0.25613439083099365 2043
1783610479702 0.25547903776168823 2044
1783610479834 0.26067882776260376 2045
1783610479999 0.26046159863471985 2046
1783610480136 0.2371445894241333 2047
1783610480297 0.26193979382514954 2048
1783610480468 0.27062761783599854 2049
1783610480633 0.2492818832397461 2050
1783610480771 0.26426100730895996 2051
1783610480909 0.27494439482688904 2052
1783610481080 0.25551900267601013 2053
1783610481268 0.2584782540798187 2054
1783610481427 0.2729158103466034 2055
1783610481595 0.2620117664337158 2056
1783610481753 0.27512580156326294 2057
1783610481893 0.26864275336265564 2058
1783610482025 0.2671249508857727 2059
1783610482161 0.26104536652565 2060
1783610482311 0.2595396339893341 2061
1783610482572 0.23399901390075684 2062
1783610482693 0.2816937565803528 2063
1783610482794 0.26488956809043884 2064
1783610482946 0.2618054449558258 2065
1783610483066 0.27011772990226746 2066
1783610483210 0.26518139243125916 2067
1783610483399 0.2675202488899231 2068
1783610483561 0.2715342938899994 2069
1783610483749 0.2606245279312134 2070
1783610483916 0.23625938594341278 2071
1783610484067 0.24461470544338226 2072
1783610484249 0.258084774017334 2073
1783610484446 0.24843508005142212 2074
1783610484613 0.2772323787212372 2075
1783610484771 0.2664547562599182 2076
1783610484920 0.2730064392089844 2077
1783610485146 0.2664603292942047 2078
1783610485304 0.274588018655777 2079
1783610485480 0.26813530921936035 2080
1783610485632 0.25432178378105164 2081
1783610485943 0.27355578541755676 2082
1783610486076 0.2672673761844635 2083
1783610486196 0.2639537751674652 2084
1783610486295 0.25413814187049866 2085
1783610486510 0.26941442489624023 2086
1783610486612 0.27650922536849976 2087
1783610486715 0.2758154571056366 2088
1783610486951 0.2570109963417053 2089
1783610487061 0.26870208978652954 2090
1783610487178 0.27232325077056885 2091
1783610487297 0.25507453083992004 2092
1783610487399 0.26417121291160583 2093
1783610487503 0.24647358059883118 2094
1783610487609 0.25734034180641174 2095
1783610487719 0.2530990242958069 2096
1783610487821 0.2650011479854584 2097
1783610487922 0.2570185661315918 2098
1783610488025 0.2554769814014435 2099
1783610488132 0.2723551094532013 2100
1783610488226 0.27112245559692383 2101
1783610488342 0.26778295636177063 2102
1783610488454 0.26156240701675415 2103
1783610488578 0.2572190463542938 2104
1783610488693 0.2522238492965698 2105
1783610488786 0.2668604552745819 2106
1783610488891 0.2663268446922302 2107
1783610488992 0.2543254494667053 2108
1783610489110 0.2553617060184479 2109
1783610489217 0.26658564805984497 2110
1783610489319 0.26511436700820923 2111
1783610489425 0.24774819612503052 2112
1783610489617 0.27224627137184143 2113
1783610489724 0.2671705484390259 2114
1783610489821 0.27224311232566833 2115
1783610489918 0.2722104489803314 2116
1783610490045 0.26303139328956604 2117
1783610490154 0.24841062724590302 2118
1783610490255 0.2609946131706238 2119
1783610490358 0.2740181088447571 2120
1783610490464 0.28162121772766113 2121
1783610490598 0.25310221314430237 2122
1783610490703 0.2624114155769348 2123
1783610490809 0.2560630440711975 2124
1783610490929 0.283613920211792 2125
1783610491044 0.26387089490890503 2126
1783610491165 0.2581242620944977 2127
1783610491285 0.277089923620224 2128
1783610491382 0.26354271173477173 2129
1783610491470 0.26027828454971313 2130
1783610491555 0.2594030201435089 2131
1783610491649 0.25606730580329895 2132
1783610491811 0.2686690092086792 2133
1783610491969 0.2526945471763611 2134
1783610492102 0.2777228057384491 2135
1783610492263 0.2601039409637451 2136
1783610492431 0.25403815507888794 2137
1783610492599 0.2536003291606903 2138
1783610492732 0.27711790800094604 2139
1783610492888 0.2639569342136383 2140
1783610493057 0.2650330662727356 2141
1783610493265 0.2705751657485962 2142
1783610493485 0.25986430048942566 2143
1783610493607 0.2570677101612091 2144
1783610493716 0.2793104350566864 2145
1783610493814 0.26317641139030457 2146
1783610493943 0.26881539821624756 2147
1783610494083 0.276767760515213 2148
1783610494250 0.2633896768093109 2149
1783610494414 0.25383713841438293 2150
1783610494579 0.26066625118255615 2151
1783610494890 0.25491082668304443 2152
1783610495006 0.2713449001312256 2153
1783610495124 0.2738465964794159 2154
1783610495275 0.26071369647979736 2155
1783610495461 0.2651391625404358 2156
1783610495641 0.24744832515716553 2157
1783610495820 0.2762649655342102 2158
1783610496018 0.2784384489059448 2159
1783610496157 0.27136075496673584 2160
1783610496331 0.25340744853019714 2161
1783610496499 0.26270434260368347 2162
1783610496662 0.2402699738740921 2163
1783610496838 0.2661619484424591 2164
1783610497008 0.2556415796279907 2165
1783610497167 0.2611478567123413 2166
1783610497344 0.26916810870170593 2167
1783610497499 0.27385270595550537 2168
1783610497658 0.2615951597690582 2169
1783610497823 0.26406845450401306 2170
1783610497992 0.26835888624191284 2171
1783610498126 0.24421100318431854 2172
1783610498267 0.2796182632446289 2173
1783610498429 0.26963815093040466 2174
1783610498742 0.2451135665178299 2175
1783610498894 0.26193878054618835 2176
1783610499071 0.24102693796157837 2177
1783610499236 0.25122347474098206 2178
1783610499389 0.2599007487297058 2179
1783610499521 0.2527085244655609 2180
1783610499654 0.25765326619148254 2181
1783610499774 0.2347358912229538 2182
1783610499890 0.26661771535873413 2183
1783610499990 0.253898948431015 2184
1783610500095 0.2742730975151062 2185
1783610500200 0.2668103873729706 2186
1783610500308 0.2729201018810272 2187
1783610500427 0.2655177712440491 2188
1783610501559 0.26558661460876465 2189
1783610502443 0.27241164445877075 2190
1783610502691 0.2784976065158844 2191
1783610502871 0.26923105120658875 2192
1783610503044 0.25153541564941406 2193
1783610503186 0.2612995505332947 2194
1783610503299 0.26633936166763306 2195
1783610503467 0.2557113468647003 2196
1783610503606 0.26967382431030273 2197
1783610503738 0.2758828401565552 2198
1783610503894 0.2493651658296585 2199
1783610504061 0.26172980666160583 2200
1783610504183 0.26532283425331116 2201
1783610504375 0.2659682035446167 2202
1783610504547 0.2537562847137451 2203
1783610504676 0.26401785016059875 2204
1783610504871 0.24692994356155396 2205
1783610505055 0.2743437886238098 2206
1783610505161 0.2542998194694519 2207
1783610505339 0.26388227939605713 2208
1783610505469 0.26083236932754517 2209
1783611126431 0.2581403851509094 2210
1783611126731 0.27089810371398926 2211
1783611126828 0.25505971908569336 2212
1783611126934 0.2618706226348877 2213
1783611127031 0.2439226359128952 2214
1783611127114 0.26208731532096863 2215
1783611127191 0.26200392842292786 2216
1783611127259 0.25522005558013916 2217
1783611127328 0.2506922483444214 2218
1783611127394 0.2510090172290802 2219
1783611127459 0.2505156993865967 2220
1783611127521 0.2513745427131653 2221
1783611127587 0.2787356972694397 2222
1783611127667 0.27029547095298767 2223
1783611127736 0.25686565041542053 2224
1783611127906 0.2624647915363312 2225
1783611128417 0.2624879479408264 2226
1783611128577 0.25982609391212463 2227
1783611163398 0.2659427523612976 2228
1783611163645 0.26230981945991516 2229
1783611163739 0.25834983587265015 2230
1783611163821 0.2685633897781372 2231
1783611163896 0.27899885177612305 2232
1783611163985 0.24925637245178223 2233
1783611164061 0.2604820728302002 2234
1783611164156 0.2542684078216553 2235
1783611164222 0.24372859299182892 2236
1783611164287 0.24607117474079132 2237
1783611164412 0.2569248080253601 2238
1783611164503 0.2665863037109375 2239
1783611164606 0.2657310962677002 2240
1783611164664 0.2594285011291504 2241
1783611164728 0.27110034227371216 2242
1783611164795 0.2509883940219879 2243
1783611164891 0.25722554326057434 2244
1783611164948 0.2529139220714569 2245
1783611165018 0.2483602613210678 2246
1783611165069 0.25074803829193115 2247
1783611165169 0.2612013816833496 2248
1783611165263 0.24169093370437622 2249
1783611165324 0.25415539741516113 2250
1783611165385 0.2578204572200775 2251
1783611165450 0.25489771366119385 2252
1783611165624 0.2582229673862457 2253
1783611165901 0.27010589838027954 2254
1783611166016 0.2543875575065613 2255
1783611166148 0.2591547667980194 2256
1783611166255 0.2749747633934021 2257
1783611166373 0.2471819967031479 2258
1783611166503 0.27095240354537964 2259
1783611166608 0.24267885088920593 2260
1783611166726 0.26318490505218506 2261
1783611166919 0.26813623309135437 2262
1783611167099 0.26190224289894104 2263
1783611167209 0.2616836130619049 2264
1783611167326 0.26766902208328247 2265
1783611167469 0.2647712528705597 2266
1783611167571 0.26514679193496704 2267
1783611167721 0.26927971839904785 2268
1783611167924 0.25073888897895813 2269
1783611168051 0.24933142960071564 2270
1783611168219 0.26202329993247986 2271
1783611168420 0.2591541111469269 2272
1783611168600 0.2627840042114258 2273
1783611168737 0.2543364465236664 2274
1783611168949 0.25135356187820435 2275
1783611169123 0.25372636318206787 2276
1783611169253 0.25301122665405273 2277
1783611169371 0.24422906339168549 2278
1783611169527 0.23900288343429565 2279
1783611169687 0.2616424262523651 2280
1783611169884 0.25721102952957153 2281
1783611170070 0.25387856364250183 2282
1783611170265 0.2642129957675934 2283
1783611170413 0.2668294310569763 2284
1783611170621 0.24647611379623413 2285
1783611170737 0.26371753215789795 2286
1783611170832 0.25092804431915283 2287
1783611170958 0.258788526058197 2288
1783611171116 0.24337366223335266 2289
1783611171271 0.26445314288139343 2290
1783611171405 0.23894479870796204 2291
1783611171548 0.2631276249885559 2292
1783611171767 0.2572353482246399 2293
1783611171937 0.25774508714675903 2294
1783611172102 0.27492818236351013 2295
1783611172266 0.24438923597335815 2296
1783611172434 0.26342830061912537 2297
1783611172594 0.24496059119701385 2298
1783611172757 0.26270419359207153 2299
1783611172951 0.2597094178199768 2300
1783611173144 0.2469683736562729 2301
1783611173271 0.2581252157688141 2302
1783611173448 0.26014307141304016 2303
1783611173568 0.25389230251312256 2304
1783611173703 0.2569912075996399 2305
1783611173886 0.2563953995704651 2306
1783611174046 0.26152753829956055 2307
1783611174237 0.23534877598285675 2308
1783611174367 0.2462141215801239 2309
1783611174531 0.2620859742164612 2310
1783611174662 0.25503650307655334 2311
1783611174817 0.26919564604759216 2312
1783611174954 0.2646397650241852 2313
1783611175083 0.2692086696624756 2314
1783611175231 0.2681122124195099 2315
1783611175387 0.2795732915401459 2316
1783611175564 0.2657078206539154 2317
1783611175713 0.28983038663864136 2318
1783611175881 0.26387089490890503 2319
1783611176041 0.25820061564445496 2320
1783611176209 0.2659420669078827 2321
1783611176375 0.2744288146495819 2322
1783611176549 0.2508949637413025 2323
1783611176708 0.2762030363082886 2324
1783611176879 0.24734026193618774 2325
1783611177041 0.27363044023513794 2326
1783611177230 0.27112841606140137 2327
1783611177367 0.2594955861568451 2328
1783611177506 0.2556322515010834 2329
1783611177669 0.256780743598938 2330
1783611177822 0.2571220099925995 2331
1783611178016 0.24650418758392334 2332
1783611178130 0.2675217092037201 2333
1783611178316 0.2585445046424866 2334
1783611178491 0.267297625541687 2335
1783611178620 0.275799423456192 2336
1783611178791 0.24756163358688354 2337
1783611178984 0.26996734738349915 2338
1783611179133 0.24105994403362274 2339
1783611179367 0.27282702922821045 2340
1783611179523 0.2693496346473694 2341
1783611179726 0.2689378261566162 2342
1783611179903 0.2590073049068451 2343
1783611180037 0.27276086807250977 2344
1783611180189 0.2636164128780365 2345
1783611180402 0.2609098255634308 2346
1783611180590 0.26251116394996643 2347
1783611180805 0.26449650526046753 2348
1783611180905 0.26962271332740784 2349
1783611181040 0.2747783660888672 2350
1783611181148 0.22778955101966858 2351
1783611181287 0.24871520698070526 2352
1783611181457 0.24378056824207306 2353
1783611181628 0.2617762088775635 2354
1783611181812 0.26043906807899475 2355
1783611181976 0.26355716586112976 2356
1783611182152 0.25066426396369934 2357
1783611182338 0.258698433637619 2358
1783611182502 0.2536989748477936 2359
1783611182670 0.2520061135292053 2360
1783611182850 0.24659483134746552 2361
1783611182998 0.26936471462249756 2362
1783611183176 0.24470266699790955 2363
1783611183338 0.2552924156188965 2364
1783611183485 0.2625282406806946 2365
1783611183667 0.2505285441875458 2366
1783611183813 0.2454061657190323 2367
1783611183954 0.25063860416412354 2368
1783611184110 0.2780057489871979 2369
1783611184270 0.27314451336860657 2370
1783611184417 0.2644480764865875 2371
1783611184573 0.25403714179992676 2372
1783611184737 0.2538246512413025 2373
1783611184900 0.2507511079311371 2374
1783611185115 0.27441641688346863 2375
1783611185276 0.2683287262916565 2376
1783611185440 0.2714548408985138 2377
1783611185609 0.2800787389278412 2378
1783611185775 0.2557614743709564 2379
1783611185934 0.26823505759239197 2380
1783611186108 0.2493562549352646 2381
1783611186248 0.2649209499359131 2382
1783611186403 0.244168221950531 2383
1783611186552 0.2513686418533325 2384
1783611186687 0.2654562294483185 2385
1783611186858 0.2573747932910919 2386
1783611187039 0.25840821862220764 2387
1783611187199 0.26494067907333374 2388
1783611187384 0.2638222575187683 2389
1783611187616 0.23930111527442932 2390
1783611187821 0.2698609530925751 2391
1783611187987 0.2618817389011383 2392
1783611188142 0.25927603244781494 2393
1783611188317 0.2587955594062805 2394
1783611188475 0.25537851452827454 2395
1783611188637 0.26512449979782104 2396
1783611188781 0.25804394483566284 2397
1783611188980 0.2642824947834015 2398
1783611189124 0.2614266574382782 2399
1783611189257 0.26062554121017456 2400
1783611189441 0.2658059000968933 2401
1783611189613 0.2362486720085144 2402
1783611189765 0.28854674100875854 2403
1783611189915 0.27219080924987793 2404
1783611190074 0.2583155333995819 2405
1783611190320 0.27869558334350586 2406
1783611190479 0.26043641567230225 2407
1783611190645 0.278527170419693 2408
1783611190801 0.2674046456813812 2409
1783611190898 0.255400687456131 2410
1783611191007 0.2691199481487274 2411
1783611191121 0.26233571767807007 2412
1783611191272 0.27499547600746155 2413
1783611191439 0.2777409851551056 2414
1783611191750 0.26993048191070557 2415
1783611191914 0.25575584173202515 2416
1783611192091 0.2745715081691742 2417
1783611192221 0.24606572091579437 2418
1783611192390 0.2622012794017792 2419
1783611192542 0.2469436079263687 2420
1783611192712 0.23981569707393646 2421
1783611192933 0.2547529637813568 2422
1783611193099 0.2772245705127716 2423
1783611193224 0.25323686003685 2424
1783611193354 0.24893806874752045 2425
1783611193527 0.2545246183872223 2426
1783611193696 0.25253424048423767 2427
1783611193864 0.25537794828414917 2428
1783611194038 0.27279189229011536 2429
1783611194295 0.23630058765411377 2430
1783611194447 0.25861966609954834 2431
1783611194583 0.2541975975036621 2432
1783611194757 0.2743130922317505 2433
1783611194915 0.27064675092697144 2434
1783611195051 0.26071348786354065 2435
1783611195198 0.2811681032180786 2436
1783611195333 0.2571001350879669 2437
1783611195496 0.27998360991477966 2438
1783611195708 0.2546641230583191 2439
1783611195843 0.25809213519096375 2440
1783611196026 0.2708422839641571 2441
1783611196197 0.24348722398281097 2442
1783611196349 0.24360251426696777 2443
1783611196513 0.24459724128246307 2444
1783611196663 0.2628987431526184 2445
1783611196841 0.2602574825286865 2446
1783611197018 0.2725922465324402 2447
1783611197216 0.25609076023101807 2448
1783611197378 0.27167418599128723 2449
1783611197517 0.25680118799209595 2450
1783611197702 0.25914740562438965 2451
1783611197833 0.23831458389759064 2452
1783611197949 0.2509663701057434 2453
1783611198172 0.2663310766220093 2454
1783611198346 0.2565996050834656 2455
1783611198481 0.25121673941612244 2456
1783611198633 0.27037227153778076 2457
1783611198771 0.2441452592611313 2458
1783611198942 0.24123752117156982 2459
1783611199106 0.26586878299713135 2460
1783611199284 0.2632337808609009 2461
1783611199401 0.24464726448059082 2462
1783611199546 0.25071316957473755 2463
1783611199684 0.26852402091026306 2464
1783611199869 0.25299695134162903 2465
1783611200042 0.2510196566581726 2466
1783611200213 0.2695862054824829 2467
1783611200371 0.2696155309677124 2468
1783611200563 0.26102960109710693 2469
1783611200754 0.2581898272037506 2470
1783611200886 0.2489130049943924 2471
1783611200990 0.24906575679779053 2472
1783611201100 0.250186562538147 2473
1783611201264 0.25090184807777405 2474
1783611201439 0.26335325837135315 2475
1783611201566 0.2514195740222931 2476
1783611201713 0.26443490386009216 2477
1783611201888 0.269212543964386 2478
1783611202308 0.2532847821712494 2479
1783611202471 0.2554447650909424 2480
1783611202630 0.2550446391105652 2481
1783611202764 0.25861552357673645 2482
1783611202911 0.25702884793281555 2483
1783611203057 0.25041913986206055 2484
1783611203189 0.2709449827671051 2485
1783611203351 0.24777868390083313 2486
1783611203510 0.2493511438369751 2487
1783611203677 0.2564548850059509 2488
1783611203806 0.2554750144481659 2489
1783611203983 0.28444555401802063 2490
1783611204191 0.2721797525882721 2491
1783611204349 0.25169041752815247 2492
1783611204531 0.2615411579608917 2493
1783611204701 0.2609897553920746 2494
1783611204951 0.27527159452438354 2495
1783611205112 0.2624432444572449 2496
1783611205270 0.2404530644416809 2497
1783611205444 0.2592834532260895 2498
1783611205588 0.27529504895210266 2499
1783611205751 0.26109591126441956 2500
1783611205954 0.24959680438041687 2501
1783611206087 0.27979186177253723 2502
1783611206248 0.27345240116119385 2503
1783611206420 0.2773304879665375 2504
1783611206589 0.26243820786476135 2505
1783611206733 0.25903767347335815 2506
1783611206883 0.2513802647590637 2507
1783611207037 0.26486659049987793 2508
1783611207201 0.24586868286132812 2509
1783611207372 0.2676088809967041 2510
1783611207568 0.23952628672122955 2511
1783611207718 0.2549753487110138 2512
1783611207913 0.25588327646255493 2513
1783611208051 0.27375200390815735 2514
1783611208184 0.2511891722679138 2515
1783611208337 0.2671591639518738 2516
1783611208525 0.23571224510669708 2517
1783611208686 0.250705361366272 2518
1783611208847 0.24477410316467285 2519
1783611209085 0.2495969980955124 2520
1783611209239 0.24720418453216553 2521
1783611209398 0.25570032000541687 2522
1783611209549 0.24647256731987 2523
1783611209729 0.2516477108001709 2524
1783611209890 0.26538294553756714 2525
1783611210032 0.2555306851863861 2526
1783611210198 0.25108733773231506 2527
1783611210318 0.2344546765089035 2528
1783611210448 0.2571927607059479 2529
1783611210615 0.2718508243560791 2530
1783611210787 0.26913774013519287 2531
1783611210900 0.24227911233901978 2532
1783611211012 0.249320849776268 2533
1783611211132 0.26794418692588806 2534
1783611211297 0.2638443112373352 2535
1783611211519 0.26489633321762085 2536
1783611211650 0.24405436217784882 2537
1783611211765 0.27367091178894043 2538
1783611211925 0.2674538195133209 2539
1783611212108 0.25644177198410034 2540
1783611212256 0.26477479934692383 2541
1783611212420 0.2568158507347107 2542
1783611212563 0.2502133846282959 2543
1783611212717 0.25626930594444275 2544
1783611212919 0.2666306793689728 2545
1783611213043 0.2541739344596863 2546
1783611213199 0.26449382305145264 2547
1783611213384 0.27263960242271423 2548
1783611213538 0.2624242305755615 2549
1783611213674 0.27162814140319824 2550
1783611213826 0.27030837535858154 2551
1783611213974 0.28025177121162415 2552
1783611214230 0.257256418466568 2553
1783611214407 0.25369006395339966 2554
1783611214579 0.28447988629341125 2555
1783611214721 0.2631625831127167 2556
1783611214870 0.2670786380767822 2557
1783611215048 0.26435035467147827 2558
1783611215239 0.26176729798316956 2559
1783611215398 0.272683709859848 2560
1783611215623 0.285226434469223 2561
1783611215755 0.27130940556526184 2562
1783611215878 0.25019165873527527 2563
1783611216058 0.2504912316799164 2564
1783611216219 0.2734341621398926 2565
1783611216381 0.2567938268184662 2566
1783611216529 0.25806835293769836 2567
1783611216691 0.2673790454864502 2568
1783611216893 0.23695260286331177 2569
1783611217043 0.26011568307876587 2570
1783611217193 0.2608049213886261 2571
1783611217372 0.24681124091148376 2572
1783611217551 0.25238314270973206 2573
1783611217707 0.2472434788942337 2574
1783611217870 0.27673253417015076 2575
1783611218044 0.25936606526374817 2576
1783611218192 0.2714505195617676 2577
1783611218307 0.2648420035839081 2578
1783611218486 0.24941067397594452 2579
1783611218647 0.26984697580337524 2580
1783611218816 0.25516894459724426 2581
1783611218987 0.2620086967945099 2582
1783611219151 0.26063305139541626 2583
1783611219332 0.27242690324783325 2584
1783611219733 0.26828065514564514 2585
1783611219876 0.25531336665153503 2586
1783611220029 0.2738037407398224 2587
1783611220180 0.2552955150604248 2588
1783611220335 0.24726474285125732 2589
1783611220482 0.2570752799510956 2590
1783611220638 0.269535094499588 2591
1783611220806 0.288515567779541 2592
1783611220928 0.28257596492767334 2593
1783611221034 0.266671359539032 2594
1783611221150 0.2746937870979309 2595
1783611221321 0.2801533043384552 2596
1783611221504 0.27062609791755676 2597
1783611221681 0.2648288905620575 2598
1783611221885 0.2772744297981262 2599
1783611222022 0.27047157287597656 2600
1783611222174 0.24082785844802856 2601
1783611222315 0.267293781042099 2602
1783611222463 0.24792137742042542 2603
1783611222670 0.2581511437892914 2604
1783611222835 0.27314746379852295 2605
1783611223048 0.27229586243629456 2606
1783611223201 0.25945737957954407 2607
1783611223354 0.26472339034080505 2608
1783611223541 0.2473631054162979 2609
1783611223689 0.27733176946640015 2610
1783611223864 0.2678912281990051 2611
1783611224012 0.2516409754753113 2612
1783611224155 0.24508388340473175 2613
1783611224313 0.2774085998535156 2614
1783611224441 0.24737606942653656 2615
1783611224581 0.2692683935165405 2616
1783611224740 0.2589367926120758 2617
1783611224996 0.26779818534851074 2618
1783611225151 0.26995548605918884 2619
1783611225303 0.24598588049411774 2620
1783611225484 0.2581360340118408 2621
1783611225708 0.2634289264678955 2622
1783611225864 0.25990062952041626 2623
1783611226021 0.26239266991615295 2624
1783611226175 0.26595738530158997 2625
1783611226345 0.25263890624046326 2626
1783611226505 0.250409334897995 2627
1783611226641 0.2615923285484314 2628
1783611226780 0.2607876658439636 2629
1783611226948 0.2480267435312271 2630
1783611227099 0.2701853811740875 2631
1783611227250 0.2565789520740509 2632
1783611227503 0.26076453924179077 2633
1783611227697 0.24882946908473969 2634
1783611227852 0.2440454065799713 2635
1783611228031 0.25558456778526306 2636
1783611228189 0.26349031925201416 2637
1783611228376 0.25574934482574463 2638
1783611228527 0.2754404842853546 2639
1783611228686 0.2748575806617737 2640
1783611228823 0.2382642775774002 2641
1783611228969 0.25990718603134155 2642
1783611229136 0.25286537408828735 2643
1783611229305 0.259761780500412 2644
1783611229483 0.23105372488498688 2645
1783611229684 0.2551446855068207 2646
1783611229851 0.26427099108695984 2647
1783611230153 0.2597147822380066 2648
1783611230307 0.2500268816947937 2649
1783611230491 0.25744956731796265 2650
1783611230664 0.24473878741264343 2651
1783611230814 0.25416937470436096 2652
1783611230914 0.24741853773593903 2653
1783611231035 0.2648881673812866 2654
1783611231164 0.25701990723609924 2655
1783611231465 0.26931893825531006 2656
1783611231656 0.24444058537483215 2657
1783611231797 0.26786670088768005 2658
1783611231914 0.2560542821884155 2659
1783611232079 0.2767859399318695 2660
1783611232233 0.25579506158828735 2661
1783611232380 0.2544890344142914 2662
1783611232549 0.2552126944065094 2663
1783611232778 0.27445387840270996 2664
1783611232951 0.2689015865325928 2665
1783611233074 0.22758826613426208 2666
1783611233181 0.2556706964969635 2667
1783611233349 0.2557964026927948 2668
1783611233542 0.25607022643089294 2669
1783611233713 0.24143394827842712 2670
1783611233882 0.2685863673686981 2671
1783611234234 0.2777814567089081 2672
1783611234389 0.26383811235427856 2673
1783611234573 0.2485065460205078 2674
1783611234767 0.2598608732223511 2675
1783611234965 0.27675390243530273 2676
1783611235130 0.24945403635501862 2677
1783611235329 0.26926401257514954 2678
1783611235457 0.2672477066516876 2679
1783611235588 0.2570083737373352 2680
1783611235744 0.26214155554771423 2681
1783611235900 0.25561341643333435 2682
1783611236080 0.25760117173194885 2683
1783611236264 0.25189581513404846 2684
1783611236413 0.2650362551212311 2685
1783611236572 0.2451513707637787 2686
1783611236725 0.25163888931274414 2687
1783611236868 0.262643039226532 2688
1783611237034 0.23929323256015778 2689
1783611237208 0.24602246284484863 2690
1783611237403 0.25873860716819763 2691
1783611237569 0.2512683570384979 2692
1783611237732 0.2623482644557953 2693
1783611237946 0.25686246156692505 2694
1783611238118 0.2486121505498886 2695
1783611238354 0.24780826270580292 2696
1783611238503 0.2489144206047058 2697
1783611238650 0.24750491976737976 2698
1783611238808 0.26439300179481506 2699
1783611239013 0.2539818286895752 2700
1783611239165 0.26535582542419434 2701
1783611239343 0.23668944835662842 2702
1783611239583 0.2679983079433441 2703
1783611239738 0.2439439743757248 2704
1783611239912 0.26080015301704407 2705
1783611240055 0.26595932245254517 2706
1783611240195 0.2674744427204132 2707
1783611240356 0.2589867115020752 2708
1783611240504 0.26305270195007324 2709
1783611240716 0.24524708092212677 2710
1783611240843 0.26234838366508484 2711
1783611240948 0.24872542917728424 2712
1783611241063 0.2572649419307709 2713
1783611241221 0.26434436440467834 2714
1783611241398 0.25435012578964233 2715
1783611241564 0.2623399496078491 2716
1783611241700 0.26111042499542236 2717
1783611241866 0.2611774504184723 2718
1783611242067 0.2462426722049713 2719
1783611242212 0.2758959233760834 2720
1783611242371 0.2593265175819397 2721
1783611242519 0.2584274411201477 2722
1783611242685 0.2438843846321106 2723
1783611242823 0.25483039021492004 2724
1783611242989 0.26023411750793457 2725
1783611243153 0.2718105614185333 2726
1783611243403 0.2655227482318878 2727
1783611243565 0.2565866708755493 2728
1783611243700 0.27713707089424133 2729
1783611243866 0.250293105840683 2730
1783611244043 0.27228403091430664 2731
1783611244223 0.2721385061740875 2732
1783611244396 0.258563756942749 2733
1783611244561 0.2552211284637451 2734
1783611244711 0.2568957805633545 2735
1783611244841 0.25897976756095886 2736
1783611245003 0.25219932198524475 2737
1783611245165 0.2551204264163971 2738
1783611245352 0.2378951460123062 2739
1783611245533 0.2658761143684387 2740
1783611245731 0.26188865303993225 2741
1783611245900 0.2579880952835083 2742
1783611246102 0.26402345299720764 2743
1783611246251 0.2568996846675873 2744
1783611246424 0.2682664692401886 2745
1783611246606 0.2703797221183777 2746
1783611246786 0.2678782343864441 2747
1783611246980 0.27137523889541626 2748
1783611247140 0.2724759876728058 2749
1783611247367 0.2741881012916565 2750
1783611247503 0.24960950016975403 2751
1783611247633 0.2546254098415375 2752
1783611247810 0.2646278738975525 2753
1783611248002 0.25896531343460083 2754
1783611248171 0.2522875666618347 2755
1783611248338 0.25944212079048157 2756
1783611248514 0.2616247534751892 2757
1783611248730 0.25589242577552795 2758
1783611248882 0.24758078157901764 2759
1783611249052 0.2711218595504761 2760
1783611249216 0.2657630741596222 2761
1783611249348 0.2685653567314148 2762
1783611249484 0.2639763355255127 2763
1783611249646 0.255185604095459 2764
1783611249808 0.28063493967056274 2765
1783611250078 0.26104432344436646 2766
1783611250263 0.2588064670562744 2767
1783611250413 0.2547723650932312 2768
1783611250563 0.2710687220096588 2769
1783611250720 0.27224475145339966 2770
1783611250870 0.2784302532672882 2771
1783611250968 0.28740838170051575 2772
1783611251073 0.25083792209625244 2773
1783611251221 0.2724270820617676 2774
1783611251369 0.25931766629219055 2775
1783611251513 0.2421998381614685 2776
1783611251674 0.2649834156036377 2777
1783611251845 0.24872072041034698 2778
1783611251999 0.26802384853363037 2779
1783611252161 0.25961750745773315 2780
1783611252348 0.2580726742744446 2781
1783611252554 0.25534799695014954 2782
1783611252672 0.2707987129688263 2783
1783611252824 0.2809930145740509 2784
1783611252971 0.24864090979099274 2785
1783611253153 0.2614385187625885 2786
1783611253324 0.28350117802619934 2787
1783611253470 0.2696115970611572 2788
1783611253640 0.26816049218177795 2789
1783611253975 0.24860066175460815 2790
1783611254136 0.26116743683815 2791
1783611254333 0.26609253883361816 2792
1783611254517 0.2576330304145813 2793
1783611254676 0.2510231137275696 2794
1783611254813 0.25066226720809937 2795
1783611254981 0.276986688375473 2796
1783611255278 0.27813297510147095 2797
1783611255445 0.251018226146698 2798
1783611255630 0.2393091320991516 2799
1783611255781 0.26737743616104126 2800
1783611255950 0.2757101058959961 2801
1783611256115 0.25685811042785645 2802
1783611256265 0.25420305132865906 2803
1783611256447 0.258297324180603 2804
1783611256676 0.26693493127822876 2805
1783611256797 0.2632145285606384 2806
1783611256948 0.26371970772743225 2807
1783611257101 0.27910447120666504 2808
1783611257219 0.2707396447658539 2809
1783611257377 0.242507666349411 2810
