1783602073438 2.3887972831726074 0
1783602073522 2.444387435913086 1
1783602073585 2.418307065963745 2
1783602073645 2.191100597381592 3
1783602073706 2.1034598350524902 4
1783602073767 2.2142279148101807 5
1783602073837 2.060539722442627 6
1783602073914 2.2676684856414795 7
1783602073995 2.1991708278656006 8
1783602074068 1.9972717761993408 9
1783602074144 2.0233657360076904 10
1783602074220 1.7959442138671875 11
1783602074294 1.7365591526031494 12
1783602074389 1.7311742305755615 13
1783602074472 1.7330362796783447 14
1783602074566 1.6779930591583252 15
1783602074652 1.615834355354309 16
1783602074731 1.7854888439178467 17
1783602074814 1.5551352500915527 18
1783602074909 1.5063456296920776 19
1783602075005 1.4583035707473755 20
1783602075108 1.6681571006774902 21
1783602075213 1.2829302549362183 22
1783602075300 1.2120697498321533 23
1783602075394 1.4969578981399536 24
1783602075497 1.3321832418441772 25
1783602075591 1.1301075220108032 26
1783602075684 1.2773818969726562 27
1783602075804 1.300337791442871 28
1783602075906 1.296149492263794 29
1783602075974 1.3517706394195557 30
1783602076057 1.0543543100357056 31
1783602076170 1.1490776538848877 32
1783602076281 1.0499887466430664 33
1783602076390 1.2243421077728271 34
1783602076477 1.1231695413589478 35
1783602076565 1.1456847190856934 36
1783602076660 0.9027257561683655 37
1783602076776 1.0651663541793823 38
1783602076877 0.8690574765205383 39
1783602077017 0.9912858605384827 40
1783602077104 0.9999880790710449 41
1783602077216 1.2191839218139648 42
1783602077304 1.0889536142349243 43
1783602077391 1.1960417032241821 44
1783602077500 0.990460991859436 45
1783602077606 0.9942541718482971 46
1783602077714 1.024032711982727 47
1783602077821 1.0863618850708008 48
1783602077921 0.9598863124847412 49
1783602078038 0.8433160781860352 50
1783602078116 0.8986368179321289 51
1783602078209 0.9094727635383606 52
1783602078346 0.7868984341621399 53
1783602078437 0.8453903198242188 54
1783602078531 0.9514912962913513 55
1783602078619 0.9071910381317139 56
1783602078712 0.7680382132530212 57
1783602078773 0.7955658435821533 58
1783602078882 0.840539276599884 59
1783602078985 0.6370334625244141 60
1783602079108 0.9391648769378662 61
1783602079218 0.7984606623649597 62
1783602079302 0.9021064043045044 63
1783602079429 1.1404112577438354 64
1783602079645 0.9134020805358887 65
1783602079737 0.8145914077758789 66
1783602079831 0.680457592010498 67
1783602079942 0.7532715201377869 68
1783602080072 0.6403022408485413 69
1783602080147 0.9069028496742249 70
1783602080247 0.7863234877586365 71
1783602080344 0.7088549733161926 72
1783602080454 0.5900481343269348 73
1783602080559 0.9782277345657349 74
1783602080667 0.5375727415084839 75
1783602080762 0.6930851936340332 76
1783602080867 0.8046183586120605 77
1783602080964 0.4348036050796509 78
1783602081060 0.8272246718406677 79
1783602081144 0.8704298138618469 80
1783602081254 0.8587064743041992 81
1783602081338 0.7251428961753845 82
1783602081450 0.6088473796844482 83
1783602081526 0.5607485771179199 84
1783602081626 0.5859609246253967 85
1783602081742 0.6923540234565735 86
1783602081821 0.7649794220924377 87
1783602081916 0.5720235705375671 88
1783602082006 0.7302024364471436 89
1783602082124 0.8188591599464417 90
1783602082231 0.5602499842643738 91
1783602082302 0.5456705689430237 92
1783602082394 0.4929441511631012 93
1783602082477 0.5417801141738892 94
1783602082561 0.788258969783783 95
1783602082651 0.6352653503417969 96
1783602082776 0.7196904420852661 97
1783602082857 0.6467004418373108 98
1783602082994 0.47395822405815125 99
1783602083071 0.8096097707748413 100
1783602083179 0.5785121917724609 101
1783602083311 0.4130569398403168 102
1783602083455 0.5083890557289124 103
1783602083537 1.01344895362854 104
1783602083616 0.5134162902832031 105
1783602083718 0.6048402190208435 106
1783602083818 0.6864739656448364 107
1783602083889 0.7012952566146851 108
1783602083980 0.498927503824234 109
1783602084121 0.6236480474472046 110
1783602084251 0.5504398345947266 111
1783602084368 0.6288967728614807 112
1783602084457 0.5164911150932312 113
1783602084524 0.7274588942527771 114
1783602084641 0.4708307385444641 115
1783602084730 0.8320783972740173 116
1783602084821 0.6381009817123413 117
1783602084906 0.7006608247756958 118
1783602084990 0.6393140554428101 119
1783602085120 0.766727089881897 120
1783602085252 0.530931293964386 121
1783602085363 0.6371684670448303 122
1783602085488 0.650634229183197 123
1783602085545 0.6266836524009705 124
1783602085646 0.6859127283096313 125
1783602085750 0.62333083152771 126
1783602085820 0.5038226842880249 127
1783602085904 0.3826100826263428 128
1783602086013 0.5080334544181824 129
1783602086107 0.6947400569915771 130
1783602086185 0.534430742263794 131
1783602086268 0.772179901599884 132
1783602086347 0.6414177417755127 133
1783602086463 0.3769267201423645 134
1783602086560 0.5940916538238525 135
1783602086698 0.6021115183830261 136
1783602086808 0.5795318484306335 137
1783602086909 0.5587685704231262 138
1783602086998 0.6672881245613098 139
1783602087084 0.7191130518913269 140
1783602087201 0.6613041758537292 141
1783602087319 0.5723456740379333 142
1783602087395 0.6284563541412354 143
1783602087475 0.41794291138648987 144
1783602087542 0.5845927596092224 145
1783602087618 0.5600464940071106 146
1783602087745 0.5270338654518127 147
1783602087865 0.5768369436264038 148
1783602087983 0.5650094747543335 149
1783602088076 0.44028252363204956 150
1783602088161 0.3185400366783142 151
1783602088278 0.5961788296699524 152
1783602088387 0.6196096539497375 153
1783602088483 0.4907117187976837 154
1783602088578 0.5706945657730103 155
1783602088676 0.4285421371459961 156
1783602088735 0.43608909845352173 157
1783602088803 0.40825599431991577 158
1783602088880 0.43522757291793823 159
1783602088988 0.45908939838409424 160
1783602089080 0.7179549932479858 161
1783602089209 0.6533108949661255 162
1783602089343 0.5042205452919006 163
1783602089464 0.7242028713226318 164
1783602089600 0.38801896572113037 165
1783602089723 0.46198469400405884 166
1783602089852 1.002503752708435 167
1783602089941 0.4705181121826172 168
1783602090012 0.4234012961387634 169
1783602090117 0.42463940382003784 170
1783602090229 0.7812541723251343 171
1783602090334 0.6407008767127991 172
1783602090423 0.5140026211738586 173
1783602090517 0.4134348928928375 174
1783602090642 0.669598400592804 175
1783602090751 0.5968411564826965 176
1783602090840 0.529765248298645 177
1783602090923 0.5668156743049622 178
1783602091068 0.4913138151168823 179
1783602091149 0.43443456292152405 180
1783602091224 0.5221264958381653 181
1783602091295 0.5079494118690491 182
1783602091402 0.5242393612861633 183
1783602091517 0.5351947546005249 184
1783602091631 0.4207088351249695 185
1783602091707 0.6335068941116333 186
1783602091796 0.6616859436035156 187
1783602091877 0.5918470621109009 188
1783602091966 0.5434583425521851 189
1783602092043 0.43032586574554443 190
1783602092128 0.41007062792778015 191
1783602092221 0.7778735756874084 192
1783602092328 0.3857152462005615 193
1783602092412 0.3357314467430115 194
1783602092498 0.7665200233459473 195
1783602092568 0.6111780405044556 196
1783602092653 0.3026076853275299 197
1783602092734 0.3776959478855133 198
1783602092825 0.5000476241111755 199
1783602092904 0.5563334822654724 200
1783602092995 0.5511755347251892 201
1783602093078 0.4928799569606781 202
1783602093170 0.4659418761730194 203
1783602093258 0.39924564957618713 204
1783602093345 0.49915811419487 205
1783602093435 0.5279821157455444 206
1783602093519 0.27685263752937317 207
1783602093614 0.3836737275123596 208
1783602093692 0.566039502620697 209
1783602093781 0.4500473141670227 210
1783602093869 0.5692203044891357 211
1783602093946 0.43829426169395447 212
1783602094051 0.5106106400489807 213
1783602094136 0.4979093074798584 214
1783602094200 0.6042972803115845 215
1783602094290 0.34646379947662354 216
1783602094370 0.4697100818157196 217
1783602094437 0.5965736508369446 218
1783602094514 0.4466587007045746 219
1783602094589 0.410641074180603 220
1783602094665 0.33620771765708923 221
1783602094794 0.5704058408737183 222
1783602094859 0.525337815284729 223
1783602094946 0.42944610118865967 224
1783602095017 0.5811042785644531 225
1783602095084 0.32270586490631104 226
1783602095161 0.5123339891433716 227
1783602095233 0.47551700472831726 228
1783602095304 0.5041940212249756 229
1783602095384 0.4891107678413391 230
1783602095469 0.7001819610595703 231
1783602095550 0.43608221411705017 232
1783602095644 0.6206921935081482 233
1783602095719 0.6677675843238831 234
1783602095827 0.3011268079280853 235
1783602095892 0.7617275714874268 236
1783602096086 0.4467910826206207 237
1783602096154 0.4473308324813843 238
1783602096244 0.6196796298027039 239
1783602096304 0.7278420925140381 240
1783602096398 0.6049098372459412 241
1783602096478 0.5815110206604004 242
1783602096564 0.5659953951835632 243
1783602096641 0.602468729019165 244
1783602096722 0.49228033423423767 245
1783602096792 0.7199156284332275 246
1783602096862 0.40523287653923035 247
1783602096927 0.4745945334434509 248
1783602096993 0.4142295718193054 249
1783602097066 0.37226030230522156 250
1783602097152 0.5440124869346619 251
1783602097263 0.309057354927063 252
1783602097345 0.3753034472465515 253
1783602097424 0.5581405162811279 254
1783602097490 0.2599107027053833 255
1783602097558 0.5048847198486328 256
1783602097640 0.4096359610557556 257
1783602097721 0.5021352171897888 258
1783602097820 0.7356288433074951 259
1783602097890 0.5233490467071533 260
1783602097981 0.6284015774726868 261
1783602098053 0.4551408290863037 262
1783602098135 0.38259032368659973 263
1783602098209 0.27174192667007446 264
1783602098297 0.5899941921234131 265
1783602098367 0.4014171063899994 266
1783602098449 0.7065516114234924 267
1783602098537 0.3731706738471985 268
1783602098625 0.6047161817550659 269
1783602098708 0.45439666509628296 270
1783602098792 0.6889092922210693 271
1783602098864 0.467898964881897 272
1783602098953 0.3575136661529541 273
1783602099037 0.3847689926624298 274
1783602099128 0.5171946287155151 275
1783602099220 0.49115225672721863 276
1783602099308 0.3592322766780853 277
1783602099394 0.597605288028717 278
1783602099471 0.6114999055862427 279
1783602099562 0.6285734176635742 280
1783602099637 0.6016724705696106 281
1783602099718 0.2862468957901001 282
1783602099822 0.5332722067832947 283
1783602099931 0.7073910236358643 284
1783602100004 0.5574535131454468 285
1783602100073 0.3565840423107147 286
1783602100187 0.39856964349746704 287
1783602100265 0.4158823788166046 288
1783602100331 0.374151349067688 289
1783602100408 0.8019755482673645 290
1783602100481 0.4685586392879486 291
1783602100559 0.4629218578338623 292
1783602100651 0.6618643999099731 293
1783602100723 0.5050361156463623 294
1783602100788 0.4280875623226166 295
1783602100856 0.444044291973114 296
1783602100936 0.5534371137619019 297
1783602101029 0.1955290138721466 298
1783602101118 0.5728176832199097 299
1783602101190 0.5624504089355469 300
1783602101255 0.5207637548446655 301
1783602101336 0.2775081992149353 302
1783602101413 0.268197238445282 303
1783602101513 0.8539696931838989 304
1783602101594 0.6509016156196594 305
1783602101683 0.7736950516700745 306
1783602101760 0.4784993529319763 307
1783602101843 0.5018843412399292 308
1783602101921 0.48191505670547485 309
1783602101990 0.3240026831626892 310
1783602102066 0.2738339304924011 311
1783602102147 0.3622337579727173 312
1783602102229 0.4205775856971741 313
1783602102302 0.3112782835960388 314
1783602102391 0.3881050646305084 315
1783602102482 0.477102667093277 316
1783602102564 0.3614390790462494 317
1783602102662 0.35495027899742126 318
1783602102759 0.5853918790817261 319
1783602102840 0.5488513112068176 320
1783602102932 0.7013577222824097 321
1783602103031 0.3619236648082733 322
1783602103126 0.5311198234558105 323
1783602103201 0.5710335373878479 324
1783602103286 0.48714709281921387 325
1783602103373 0.2525951564311981 326
1783602103458 0.4258040189743042 327
1783602103565 0.31716689467430115 328
1783602103669 0.3482578694820404 329
1783602103749 0.6221460103988647 330
1783602103835 0.5535418391227722 331
1783602103925 0.4898907244205475 332
1783602104003 0.6062357425689697 333
1783602104076 0.2880491614341736 334
1783602104165 0.6992853879928589 335
1783602104245 0.322857141494751 336
1783602104321 0.3656061887741089 337
1783602104430 0.4736330807209015 338
1783602104492 0.5328007936477661 339
1783602104552 0.3989550769329071 340
1783602104618 0.3094053864479065 341
1783602104687 0.75147545337677 342
1783602104768 0.4419404864311218 343
1783602104861 0.37462469935417175 344
1783602104936 0.2737559676170349 345
1783602105018 0.5218740701675415 346
1783602105093 0.4164430499076843 347
1783602105207 0.570135772228241 348
1783602105343 0.5462456345558167 349
1783602105481 0.5108183026313782 350
1783602105580 0.5785716772079468 351
1783602105656 0.926952600479126 352
1783602105782 0.5204992890357971 353
1783602105870 0.3454391658306122 354
1783602105966 0.3095967173576355 355
1783602106071 0.6174893379211426 356
1783602106177 0.4413393437862396 357
1783602106267 0.4149091839790344 358
1783602106351 0.4640224277973175 359
1783602106428 0.2833143472671509 360
1783602106522 0.40025678277015686 361
1783602106605 0.6037287712097168 362
1783602106747 0.6240766048431396 363
1783602106826 0.40559160709381104 364
1783602106906 0.4117429554462433 365
1783602106975 0.33987918496131897 366
1783602107053 0.17851854860782623 367
1783602107150 0.6050899028778076 368
1783602107254 0.2464488446712494 369
1783602107339 0.31467342376708984 370
1783602107409 0.47903701663017273 371
1783602107473 0.31942299008369446 372
1783602107554 0.2565571367740631 373
1783602107641 0.35235902667045593 374
1783602107752 0.5533007383346558 375
1783602107862 0.6648881435394287 376
1783602107932 0.4639093577861786 377
1783602108027 0.5409883856773376 378
1783602108123 0.5182827115058899 379
1783602108215 0.6884132027626038 380
1783602108320 0.31473061442375183 381
1783602108422 0.7965432405471802 382
1783602108561 0.6628640294075012 383
1783602108654 0.5339292287826538 384
1783602108727 0.5113693475723267 385
1783602108819 0.16580770909786224 386
1783602108938 0.5688859224319458 387
1783602109036 0.3880390226840973 388
1783602109146 0.6640172004699707 389
1783602109232 0.36794841289520264 390
1783602109349 0.30302712321281433 391
1783602109470 0.5874724984169006 392
1783602109565 0.3899693787097931 393
1783602109700 0.6043024063110352 394
1783602109784 0.5074062943458557 395
1783602109874 0.2914322316646576 396
1783602109945 0.520693838596344 397
1783602110049 0.5250027775764465 398
1783602110148 0.34048470854759216 399
1783602110234 0.913532555103302 400
1783602110321 0.6862491369247437 401
1783602110441 0.3112480342388153 402
1783602110524 0.6388624310493469 403
1783602110607 0.35396608710289 404
1783602110694 0.2137252241373062 405
1783602110807 0.47777077555656433 406
1783602110897 0.3094373047351837 407
1783602111021 0.5220205187797546 408
1783602111116 0.7118931412696838 409
1783602111212 0.23351715505123138 410
1783602111281 0.37827423214912415 411
1783602111358 0.3925740420818329 412
1783602111431 0.18565617501735687 413
1783602111508 0.28903013467788696 414
1783602111634 0.3741721510887146 415
1783602111750 0.26347213983535767 416
1783602111858 0.3918444514274597 417
1783602111952 0.2764926552772522 418
1783602112048 0.38290879130363464 419
1783602112134 0.496054470539093 420
1783602112204 0.30160486698150635 421
1783602112304 0.4423586130142212 422
1783602112388 0.3228321671485901 423
1783602112475 0.2128596305847168 424
1783602112539 0.45518186688423157 425
1783602112613 0.313414990901947 426
1783602112711 0.35804134607315063 427
1783602112833 0.5661909580230713 428
1783602112930 0.2867915630340576 429
1783602113002 0.3725837469100952 430
1783602113078 0.48064252734184265 431
1783602113153 0.5745258927345276 432
1783602113243 0.27952635288238525 433
1783602113330 0.3996053636074066 434
1783602113401 0.22981734573841095 435
1783602113478 0.20762498676776886 436
1783602113578 0.41447824239730835 437
1783602113648 0.2740146219730377 438
1783602113732 0.4578302204608917 439
1783602113817 0.38108721375465393 440
1783602113904 0.7052252292633057 441
1783602114044 0.5535790920257568 442
1783602114164 0.4074392318725586 443
1783602114253 0.509783923625946 444
1783602114371 0.5863147974014282 445
1783602114451 0.40899789333343506 446
1783602114509 0.6534303426742554 447
1783602114599 0.2782011330127716 448
1783602114678 0.45753607153892517 449
1783602114800 0.7088950276374817 450
1783602114890 0.35972270369529724 451
1783602115016 0.29643765091896057 452
1783602115098 0.5216291546821594 453
1783602115210 0.7989968061447144 454
1783602115303 0.4680497348308563 455
1783602115393 0.3811047077178955 456
1783602115459 0.42163798213005066 457
1783602115544 0.41306549310684204 458
1783602115619 0.323256254196167 459
1783602115702 0.38555973768234253 460
1783602115792 0.46050116419792175 461
1783602115879 0.2896439731121063 462
1783602115995 0.5242842435836792 463
1783602116094 0.314110666513443 464
1783602116172 0.4412038028240204 465
1783602116260 0.33919110894203186 466
1783602116384 0.2704794108867645 467
1783602116487 0.43662554025650024 468
1783602116577 0.5336098074913025 469
1783602116658 0.41759124398231506 470
1783602116768 0.3513645827770233 471
1783602116879 0.2906760573387146 472
1783602116937 0.2893783450126648 473
1783602117030 0.5305495858192444 474
1783602117160 0.45296669006347656 475
1783602117335 0.3534674346446991 476
1783602117426 0.4543681740760803 477
1783602117506 0.33491161465644836 478
1783602117598 0.5092630982398987 479
1783602117711 0.627300500869751 480
1783602117840 0.18470211327075958 481
1783602117997 0.6346691250801086 482
1783602118075 0.38932138681411743 483
1783602118161 0.22872723639011383 484
1783602118241 0.31931743025779724 485
1783602118317 0.33527952432632446 486
1783602118413 0.3299010992050171 487
1783602118489 0.4945005774497986 488
1783602118564 0.5117716789245605 489
1783602118646 0.3329809606075287 490
1783602118716 0.3931790590286255 491
1783602118788 0.4157641530036926 492
1783602118865 0.2586495876312256 493
1783602118945 0.6076677441596985 494
1783602119031 0.49855273962020874 495
1783602119165 0.3135543763637543 496
1783602119240 0.4010987877845764 497
1783602119358 0.3240361511707306 498
1783602119481 0.37175261974334717 499
1783602119593 0.4722254276275635 500
1783602119734 0.30766069889068604 501
1783602119825 0.4391770660877228 502
1783602119938 0.3318125903606415 503
1783602120033 0.3673636317253113 504
1783602120144 0.24911026656627655 505
1783602120279 0.29171591997146606 506
1783602120364 0.2821429669857025 507
1783602120477 0.8002442121505737 508
1783602120568 0.26038315892219543 509
1783602120687 0.19555442035198212 510
1783602120793 0.5862212181091309 511
1783602120904 0.5304437279701233 512
1783602121051 0.6327383518218994 513
1783602121133 0.31817781925201416 514
1783602121206 0.41815701127052307 515
1783602121296 0.24277016520500183 516
1783602121392 0.5098130106925964 517
1783602121496 0.8732338547706604 518
1783602121570 0.21322795748710632 519
1783602121660 0.4884622395038605 520
1783602121761 0.5149469971656799 521
1783602121871 0.5810315608978271 522
1783602121974 0.41299718618392944 523
1783602122092 0.33063769340515137 524
1783602122225 0.520047664642334 525
1783602122308 0.4574491083621979 526
1783602122403 0.3465454578399658 527
1783602122485 0.22193779051303864 528
1783602122590 0.41654086112976074 529
1783602122683 0.31577491760253906 530
1783602122761 0.256040096282959 531
1783602122826 0.2925665080547333 532
1783602122893 0.26133599877357483 533
1783602122975 0.47663187980651855 534
1783602123080 0.199716255068779 535
1783602123170 0.20934957265853882 536
1783602123278 0.14571359753608704 537
1783602123361 0.32002100348472595 538
1783602123474 0.4557574391365051 539
1783602123557 0.40915313363075256 540
1783602123644 0.6445667147636414 541
1783602123735 0.6791210770606995 542
1783602123804 0.589039146900177 543
1783602123885 0.26868051290512085 544
1783602123999 0.2165307253599167 545
1783602124097 0.3320830762386322 546
1783602124187 0.5418527126312256 547
1783602124311 0.7086702585220337 548
1783602124410 0.237252339720726 549
1783602124487 0.4616556167602539 550
1783602124558 0.26632270216941833 551
1783602124650 0.3836063742637634 552
1783602124779 0.6814181804656982 553
1783602124869 0.28021085262298584 554
1783602124953 0.3262495696544647 555
1783602125045 0.305233895778656 556
1783602125142 0.37022241950035095 557
1783602125232 0.4097597301006317 558
1783602125349 0.2768884599208832 559
1783602125458 0.25330767035484314 560
1783602125530 0.7983852624893188 561
1783602125633 0.5044434666633606 562
1783602125740 0.2905304431915283 563
1783602125833 0.38003048300743103 564
1783602125938 0.4132566750049591 565
1783602126023 0.37589287757873535 566
1783602126225 0.5196431279182434 567
1783602126307 0.35771799087524414 568
1783602126411 0.5427221059799194 569
1783602126498 0.40059179067611694 570
1783602126586 0.3564748167991638 571
1783602126716 0.50123131275177 572
1783602126799 0.6334211826324463 573
1783602126886 0.41319504380226135 574
1783602126980 0.3408588469028473 575
1783602127115 0.4159949719905853 576
1783602127235 0.2772090435028076 577
1783602127323 0.743284285068512 578
1783602127496 0.29773426055908203 579
1783602127587 0.2334422618150711 580
1783602127672 0.4057410657405853 581
1783602127760 0.6259622573852539 582
1783602127851 0.5250625014305115 583
1783602127939 0.23416060209274292 584
1783602128048 0.2945846617221832 585
1783602128134 0.3088471293449402 586
1783602128242 0.42632439732551575 587
1783602128325 0.11520890146493912 588
1783602128410 0.5659416913986206 589
1783602128501 0.36936208605766296 590
1783602128614 0.476837158203125 591
1783602128694 0.5639913082122803 592
1783602128778 0.25153571367263794 593
1783602128897 0.6776818037033081 594
1783602128951 0.33182981610298157 595
1783602129047 0.5284685492515564 596
1783602129138 0.5553163290023804 597
1783602129212 0.5851694941520691 598
1783602129281 0.3688275218009949 599
1783602129392 0.2551892399787903 600
1783602129498 0.1733413189649582 601
1783602129587 0.46620237827301025 602
1783602129703 0.3885842561721802 603
1783602129802 0.31999671459198 604
1783602129877 0.28530871868133545 605
1783602129955 0.32075271010398865 606
1783602130025 0.3283383548259735 607
1783602130100 0.25710341334342957 608
1783602130208 0.31144365668296814 609
1783602130330 0.24159906804561615 610
1783602130431 0.37111523747444153 611
1783602130518 0.37381958961486816 612
1783602130604 0.37893757224082947 613
1783602130681 0.5934118032455444 614
1783602130765 0.21784332394599915 615
1783602130841 0.7126686573028564 616
1783602130911 0.5283260345458984 617
1783602130976 0.2443225383758545 618
1783602131045 0.37616831064224243 619
1783602131131 0.6090945601463318 620
1783602131223 0.5551210045814514 621
1783602131307 0.4078289270401001 622
1783602131381 0.3544226884841919 623
1783602131474 0.3981989622116089 624
1783602131575 0.39633670449256897 625
1783602131682 0.4753279387950897 626
1783602131782 0.35295361280441284 627
1783602131850 0.2943075895309448 628
1783602131936 0.3163987398147583 629
1783602132013 0.31426751613616943 630
1783602132113 0.23706193268299103 631
1783602132200 0.33360105752944946 632
1783602132284 0.3460232615470886 633
1783602132400 0.2500864267349243 634
1783602132473 0.31302693486213684 635
1783602132562 0.562918484210968 636
1783602132654 0.7207164764404297 637
1783602132727 0.24999116361141205 638
1783602132810 0.19693496823310852 639
1783602132890 0.5247945189476013 640
1783602133008 0.407615065574646 641
1783602133066 0.23055730760097504 642
1783602133158 0.41106945276260376 643
1783602133245 0.6503491401672363 644
1783602133370 0.5871006846427917 645
1783602133474 0.5529168248176575 646
1783602133565 0.24657639861106873 647
1783602133651 0.3182070851325989 648
1783602133736 0.3640848398208618 649
1783602133821 0.504393994808197 650
1783602133898 0.3720172643661499 651
1783602133974 0.3494851589202881 652
1783602134045 0.4794772267341614 653
1783602134126 0.33960482478141785 654
1783602134198 0.4761531949043274 655
1783602134294 0.4880695641040802 656
1783602134398 0.3905676007270813 657
1783602134464 0.6956515908241272 658
1783602134540 0.23412801325321198 659
1783602134619 0.6031668186187744 660
1783602134680 0.40669745206832886 661
1783602134747 0.25206613540649414 662
1783602134816 0.23385636508464813 663
1783602134880 0.6195895075798035 664
1783602134969 0.43171653151512146 665
1783602135047 0.41968610882759094 666
1783602135131 0.2902567386627197 667
1783602135206 0.2052384465932846 668
1783602135284 0.41102224588394165 669
1783602135377 0.19393505156040192 670
1783602135468 0.3340974450111389 671
1783602135556 0.2827742397785187 672
1783602135632 0.3106088638305664 673
1783602135700 0.42097797989845276 674
1783602135805 0.40863388776779175 675
1783602135910 0.5593618750572205 676
1783602135977 0.6406815648078918 677
1783602136051 0.3023586869239807 678
1783602136142 0.5784956812858582 679
1783602136248 0.4886420965194702 680
1783602136329 0.6067437529563904 681
1783602136404 0.2881770431995392 682
1783602136483 0.5376310348510742 683
1783602136560 0.3247213065624237 684
1783602136632 0.5586577653884888 685
1783602136709 0.6454256772994995 686
1783602136812 0.2865774631500244 687
1783602136911 0.388484388589859 688
1783602137020 0.26049304008483887 689
1783602137127 0.26680710911750793 690
1783602137189 0.33531588315963745 691
1783602137274 0.45078244805336 692
1783602137365 0.22518953680992126 693
1783602137463 0.5254214406013489 694
1783602137542 0.2861842215061188 695
1783602137623 0.2636728882789612 696
1783602137729 0.2848363518714905 697
1783602137819 0.43767017126083374 698
1783602137915 0.5301492214202881 699
1783602138022 0.5941357016563416 700
1783602138109 0.3854163587093353 701
1783602138231 0.3316100537776947 702
1783602138364 0.1852864921092987 703
1783602138481 0.6367000937461853 704
1783602138595 0.6107840538024902 705
1783602138699 0.46066513657569885 706
1783602138789 0.31322628259658813 707
1783602138862 0.2670258581638336 708
1783602138932 0.5185456275939941 709
1783602139056 0.7297901511192322 710
1783602139164 0.42902952432632446 711
1783602139278 0.4130876064300537 712
1783602139363 0.4850224554538727 713
1783602139461 0.3439083993434906 714
1783602139562 0.3651141822338104 715
1783602139682 0.35635924339294434 716
1783602139788 0.1788913458585739 717
1783602139939 0.3605015277862549 718
1783602140018 0.45219847559928894 719
1783602140103 0.17961931228637695 720
1783602140190 0.46554842591285706 721
1783602140315 0.382752925157547 722
1783602140430 0.22478897869586945 723
1783602140509 0.26643943786621094 724
1783602140579 0.47463104128837585 725
1783602140681 0.1421453207731247 726
1783602140784 0.2921507954597473 727
1783602140911 0.13569559156894684 728
1783602140991 0.8644636273384094 729
1783602141072 0.33031222224235535 730
1783602141155 0.4186926484107971 731
1783602141270 0.3657548129558563 732
1783602141360 0.5136420130729675 733
1783602141451 0.27655506134033203 734
1783602141549 0.2470235973596573 735
1783602141632 0.3953183889389038 736
1783602141714 0.6059101223945618 737
1783602141825 0.2733660042285919 738
1783602141961 0.3692607581615448 739
1783602142069 0.31954729557037354 740
1783602142178 0.17125488817691803 741
1783602142280 0.6392917633056641 742
1783602142377 0.46923163533210754 743
1783602142446 0.3360762298107147 744
1783602142528 0.751088559627533 745
1783602142616 0.5783258080482483 746
1783602142696 0.35246074199676514 747
1783602142789 0.5457705855369568 748
1783602142901 0.30356913805007935 749
1783602142985 0.21961963176727295 750
1783602143077 0.45525264739990234 751
1783602143175 0.3542078137397766 752
1783602143298 0.42782407999038696 753
1783602143392 0.5633565783500671 754
1783602143509 0.5137714743614197 755
1783602143605 0.34309491515159607 756
1783602143693 0.3150767982006073 757
1783602143812 0.43280932307243347 758
1783602143908 0.23283594846725464 759
1783602144013 0.3838038742542267 760
1783602144093 0.5374660491943359 761
1783602144202 0.3586040437221527 762
1783602144288 0.26515740156173706 763
1783602144390 0.581824779510498 764
1783602144454 0.2778627872467041 765
1783602144518 0.4153003692626953 766
1783602144602 0.3405701518058777 767
1783602144674 0.47288811206817627 768
1783602144766 0.3040715754032135 769
1783602144875 0.3701026141643524 770
1783602144974 0.5535597801208496 771
1783602145103 0.714594841003418 772
1783602145191 0.1849108636379242 773
1783602145305 0.3655097484588623 774
1783602145390 0.21099016070365906 775
1783602145465 0.4710898697376251 776
1783602145550 0.3691848814487457 777
1783602145653 0.3289158344268799 778
1783602145749 0.4303373098373413 779
1783602145839 0.6671603918075562 780
1783602145916 0.13298991322517395 781
1783602145995 0.3275490403175354 782
1783602146084 0.36899176239967346 783
1783602146166 0.40932053327560425 784
1783602146252 0.3048786222934723 785
1783602146350 0.32788071036338806 786
1783602146425 0.24863316118717194 787
1783602146505 0.541999101638794 788
1783602146587 0.29230526089668274 789
1783602146682 0.4556170403957367 790
1783602146764 0.3010299801826477 791
1783602146845 0.31256821751594543 792
1783602146959 0.17874912917613983 793
1783602147037 0.41682446002960205 794
1783602147143 0.32134926319122314 795
1783602147257 0.3538206219673157 796
1783602147380 0.3669101297855377 797
1783602147477 0.2499363124370575 798
1783602147608 0.3382834494113922 799
1783602147693 0.7246580123901367 800
1783602147770 0.35554707050323486 801
1783602147849 0.4482078552246094 802
1783602147935 0.18986055254936218 803
1783602148011 0.33469557762145996 804
1783602148126 0.47217607498168945 805
1783602148199 0.4012540876865387 806
1783602148299 0.2749347686767578 807
1783602148420 0.16344024240970612 808
1783602148534 0.5899249315261841 809
1783602148637 0.34468039870262146 810
1783602148709 0.5311120748519897 811
1783602148815 0.7516179084777832 812
1783602148919 0.34307461977005005 813
1783602149054 0.6261641383171082 814
1783602149134 0.3525461256504059 815
1783602149252 0.5818122625350952 816
1783602149326 0.271969199180603 817
1783602149414 0.287849485874176 818
1783602149510 0.44129678606987 819
1783602149573 0.23305708169937134 820
1783602149644 0.36245763301849365 821
1783602149727 0.3465331196784973 822
1783602149834 0.22378452122211456 823
1783602149943 0.1315470188856125 824
1783602150034 0.5536561608314514 825
1783602150150 0.29552993178367615 826
1783602150250 0.42220455408096313 827
1783602150330 0.42655691504478455 828
1783602150402 0.2807100713253021 829
1783602150512 0.3325903117656708 830
1783602150603 0.27394068241119385 831
1783602150697 0.23994134366512299 832
1783602150806 0.2796526551246643 833
1783602150874 0.44580399990081787 834
1783602150954 0.2949083745479584 835
1783602151048 0.32365405559539795 836
1783602151134 0.22442610561847687 837
1783602151235 0.20085225999355316 838
1783602151302 0.26206353306770325 839
1783602151382 0.30484092235565186 840
1783602151476 0.29195845127105713 841
1783602151579 0.3085833787918091 842
1783602151686 0.5280129909515381 843
1783602151790 0.7616230249404907 844
1783602151886 0.4082185626029968 845
1783602152002 0.35277608036994934 846
1783602152079 0.2198931723833084 847
1783602152210 0.3396635949611664 848
1783602152342 0.17359428107738495 849
1783602152453 0.33771273493766785 850
1783602152525 0.18083029985427856 851
1783602152613 0.14716415107250214 852
1783602152702 0.517184853553772 853
1783602152787 0.2895820140838623 854
1783602152901 0.40562546253204346 855
1783602152962 0.4471243619918823 856
1783602153030 0.30618616938591003 857
1783602153119 0.47908228635787964 858
1783602153202 0.5540649890899658 859
1783602153313 0.23892050981521606 860
1783602153406 0.3149077296257019 861
1783602153513 0.5975958108901978 862
1783602153600 0.36919495463371277 863
1783602153694 0.19895584881305695 864
1783602153846 0.821714460849762 865
1783602153970 0.13273531198501587 866
1783602154055 0.2600110173225403 867
1783602154160 0.42376694083213806 868
1783602154248 0.4584638178348541 869
1783602154355 0.64337158203125 870
1783602154437 0.47715651988983154 871
1783602154496 0.1931971311569214 872
1783602154597 0.37624087929725647 873
1783602154701 0.4112110733985901 874
1783602154801 0.41115447878837585 875
1783602154917 0.2508740723133087 876
1783602155013 0.10801751911640167 877
1783602155099 0.2789473831653595 878
1783602155233 0.3799167573451996 879
1783602155356 0.34418201446533203 880
1783602155456 0.12336822599172592 881
1783602155545 0.48878782987594604 882
1783602155623 0.4836101531982422 883
1783602155713 0.24727587401866913 884
1783602155793 0.204068124294281 885
1783602155903 0.41317683458328247 886
1783602155980 0.24674978852272034 887
1783602156065 0.38254785537719727 888
1783602156150 0.30257871747016907 889
1783602156246 0.2182592749595642 890
1783602156345 0.14458051323890686 891
1783602156464 0.3698427975177765 892
1783602156564 0.6110822558403015 893
1783602156647 0.28848761320114136 894
1783602156732 0.4126344621181488 895
1783602156813 0.4718552231788635 896
1783602156895 0.7635977268218994 897
1783602157024 0.3567451238632202 898
1783602157133 0.3150807023048401 899
1783602157240 0.34303057193756104 900
1783602157397 0.3172025978565216 901
1783602157513 0.4118874669075012 902
1783602157591 0.7095503807067871 903
1783602157715 0.2581559419631958 904
1783602157828 0.1648692935705185 905
1783602157917 0.7876437902450562 906
1783602157988 0.379436194896698 907
1783602158062 0.6094563007354736 908
1783602158162 0.37018004059791565 909
1783602158239 0.39193981885910034 910
1783602158342 0.2682698667049408 911
1783602158424 0.12297450006008148 912
1783602158566 0.24323739111423492 913
1783602158681 0.8067269921302795 914
1783602158750 0.2545713782310486 915
1783602158857 0.44178879261016846 916
1783602158965 0.487165629863739 917
1783602159108 0.3663519620895386 918
1783602159199 0.4188840091228485 919
1783602159284 0.25300124287605286 920
1783602159350 0.6767607927322388 921
1783602159453 0.5761516094207764 922
1783602159563 0.36506134271621704 923
1783602159713 0.18336066603660583 924
1783602159789 0.48675692081451416 925
1783602159880 0.5181109309196472 926
1783602159967 0.23759719729423523 927
1783602160067 0.246329665184021 928
1783602160161 0.2913418710231781 929
1783602160285 0.42639654874801636 930
1783602160394 0.31205451488494873 931
1783602160531 0.24546751379966736 932
1783602160597 0.288127601146698 933
1783602160672 0.5581961870193481 934
1783602160742 0.8531746864318848 935
1783602160831 0.42281612753868103 936
1783602160912 0.31924164295196533 937
1783602161008 0.4701213836669922 938
1783602161085 0.5071328282356262 939
1783602161170 0.39458560943603516 940
1783602161240 0.29990771412849426 941
1783602161343 0.2840159237384796 942
1783602161417 0.2214457392692566 943
1783602161532 0.302984356880188 944
1783602161628 0.16522227227687836 945
1783602161702 0.24510498344898224 946
1783602161798 0.4638996422290802 947
1783602161866 0.7717328667640686 948
1783602161931 0.2674955427646637 949
1783602162023 0.832942545413971 950
1783602162107 0.5870640873908997 951
1783602162210 0.19628839194774628 952
1783602162274 0.40943166613578796 953
1783602162368 0.6052662134170532 954
1783602162466 0.2824620306491852 955
1783602162577 0.5711524486541748 956
1783602162689 0.2084413468837738 957
1783602162812 0.12947437167167664 958
1783602162907 0.5044560432434082 959
1783602162984 0.2939380407333374 960
1783602163091 0.5265173316001892 961
1783602163232 0.43482932448387146 962
1783602163321 0.4354952871799469 963
1783602163403 0.5523175001144409 964
1783602163514 0.3138873875141144 965
1783602163661 0.2799110412597656 966
1783602163733 0.3881029188632965 967
1783602163841 0.5120791792869568 968
1783602163939 0.5553746819496155 969
1783602164050 0.4541662335395813 970
1783602164129 0.4812949299812317 971
1783602164229 0.5639775395393372 972
1783602164298 0.42694705724716187 973
1783602164384 0.5374860763549805 974
1783602164479 0.23557782173156738 975
1783602164546 0.16440269351005554 976
1783602164608 0.35740596055984497 977
1783602164686 0.18678142130374908 978
1783602164780 0.36554840207099915 979
1783602164853 0.8218633532524109 980
1783602164953 0.16893433034420013 981
1783602165052 0.4693513810634613 982
1783602165169 0.28509190678596497 983
1783602165259 0.3888339102268219 984
1783602165339 0.20307019352912903 985
1783602165425 0.40487784147262573 986
1783602165503 0.21360555291175842 987
1783602165578 0.31070613861083984 988
1783602165675 0.4100201427936554 989
1783602165748 0.2659415304660797 990
1783602165845 0.2503458857536316 991
1783602165948 0.1967829018831253 992
1783602166064 0.48967066407203674 993
1783602166141 0.49019473791122437 994
1783602166267 0.26830413937568665 995
1783602166342 0.39538443088531494 996
1783602166424 0.30131998658180237 997
1783602166535 0.4255836308002472 998
1783602166627 0.12484357506036758 999
1783602166702 0.41326773166656494 1000
1783602166764 0.49220478534698486 1001
1783602166837 0.19001908600330353 1002
1783602166953 0.625338077545166 1003
1783602167078 0.38794001936912537 1004
1783602167152 0.27565908432006836 1005
1783602167225 0.4038422405719757 1006
1783602167323 0.33119767904281616 1007
1783602167431 0.31338247656822205 1008
1783602167504 0.22296671569347382 1009
1783602167567 0.4424114227294922 1010
1783602167658 0.2838314175605774 1011
1783602167751 0.3783383369445801 1012
1783602167843 0.12906000018119812 1013
1783602167956 0.37245506048202515 1014
1783602168022 0.5190637707710266 1015
1783602168108 0.16267326474189758 1016
1783602168187 0.4560264050960541 1017
1783602168281 0.5525379180908203 1018
1783602168387 0.4114938974380493 1019
1783602168516 0.24985861778259277 1020
1783602168660 0.3457753658294678 1021
1783602168735 0.4257720410823822 1022
1783602168824 0.43957141041755676 1023
1783602168939 0.3566054701805115 1024
1783602169033 0.46173709630966187 1025
1783602169147 0.6050399541854858 1026
1783602169233 0.30953848361968994 1027
1783602169320 0.26750755310058594 1028
1783602169400 0.2436462640762329 1029
1783602169494 0.21499471366405487 1030
1783602169579 0.6894317865371704 1031
1783602169678 0.2959362864494324 1032
1783602169798 0.30669155716896057 1033
1783602169897 0.40531274676322937 1034
1783602169997 0.21758867800235748 1035
1783602170099 0.2885008156299591 1036
1783602170181 0.19498547911643982 1037
1783602170314 0.19476649165153503 1038
1783602170391 0.26477110385894775 1039
1783602170477 0.20828521251678467 1040
1783602170553 0.10997991263866425 1041
1783602170638 0.5283671021461487 1042
1783602170702 0.5512917041778564 1043
1783602170804 0.34914451837539673 1044
1783602170879 0.14715644717216492 1045
1783602170975 0.20082931220531464 1046
1783602171075 0.28905096650123596 1047
1783602171151 0.3055342137813568 1048
1783602171269 0.1652972549200058 1049
1783602171381 0.333741158246994 1050
1783602171511 0.3084050714969635 1051
1783602171598 0.23557929694652557 1052
1783602171681 0.3261171877384186 1053
1783602171760 0.3082864582538605 1054
1783602171838 0.29888972640037537 1055
1783602171910 0.46912309527397156 1056
1783602172020 0.35709166526794434 1057
1783602172098 0.387559711933136 1058
1783602172184 0.2556222677230835 1059
1783602172252 0.7248914837837219 1060
1783602172356 0.3227214515209198 1061
1783602172467 0.2783907949924469 1062
1783602172593 0.20012110471725464 1063
1783602172697 0.25705984234809875 1064
1783602172782 0.35311922430992126 1065
1783602172884 0.44308724999427795 1066
1783602172950 0.468610554933548 1067
1783602173056 0.47603026032447815 1068
1783602173195 0.3812613785266876 1069
1783602173276 0.23395772278308868 1070
1783602173340 0.4528961479663849 1071
1783602173413 0.7041317224502563 1072
1783602173511 0.23340609669685364 1073
1783602173615 0.10833513736724854 1074
1783602173738 0.3264690339565277 1075
1783602173824 0.3571779131889343 1076
1783602173919 0.245647132396698 1077
1783602174057 0.3320080041885376 1078
1783602174145 0.32695087790489197 1079
1783602174216 0.3630748689174652 1080
1783602174292 0.3852109909057617 1081
1783602174373 0.227290540933609 1082
1783602174449 0.3040149509906769 1083
1783602174531 0.26243722438812256 1084
1783602174611 0.4834785461425781 1085
1783602174728 0.21494969725608826 1086
1783602174808 0.19644947350025177 1087
1783602174914 0.3543250262737274 1088
1783602175010 0.4699682593345642 1089
1783602175139 0.31952810287475586 1090
1783602175256 0.14788514375686646 1091
1783602175360 0.36432328820228577 1092
1783602175458 0.20824259519577026 1093
1783602175550 0.2743600904941559 1094
1783602175641 0.36712440848350525 1095
1783602175769 0.45110517740249634 1096
1783602175885 0.5476882457733154 1097
1783602175962 0.30459895730018616 1098
1783602176067 0.3761240541934967 1099
1783602176146 0.33722755312919617 1100
1783602176216 0.2463655173778534 1101
1783602176306 0.45556896924972534 1102
1783602176377 0.33136066794395447 1103
1783602176463 0.2831490635871887 1104
1783602176562 0.11200924217700958 1105
1783602176644 0.2793295085430145 1106
1783602176750 0.379745751619339 1107
1783602176828 0.5302287936210632 1108
1783602176947 0.8228372931480408 1109
1783602177007 0.46760430932044983 1110
1783602177082 0.21005122363567352 1111
1783602177165 0.2934240996837616 1112
1783602177305 0.5640019178390503 1113
1783602177433 0.185166135430336 1114
1783602177509 0.26778683066368103 1115
1783602177625 0.5921001434326172 1116
1783602177757 0.16864804923534393 1117
1783602177884 0.484492689371109 1118
1783602178002 0.17841221392154694 1119
1783602178074 0.3679213225841522 1120
1783602178154 0.3648698329925537 1121
1783602178234 0.8108603954315186 1122
1783602178330 0.4192763864994049 1123
1783602178448 0.27699223160743713 1124
1783602178553 0.41785264015197754 1125
1783602178647 0.308517724275589 1126
1783602178746 0.32408949732780457 1127
1783602178822 0.6092093586921692 1128
1783602178909 0.2520488202571869 1129
1783602179046 0.30536791682243347 1130
1783602179169 0.6645553708076477 1131
1783602179272 0.34962573647499084 1132
1783602179342 0.07993369549512863 1133
1783602179430 0.6482082605361938 1134
1783602179511 0.2043110579252243 1135
1783602179612 0.3063473701477051 1136
1783602179699 0.2842515707015991 1137
1783602179800 0.5617386698722839 1138
1783602179899 0.4196642339229584 1139
1783602180025 0.3240494132041931 1140
1783602180105 0.43330854177474976 1141
1783602180193 0.35276514291763306 1142
1783602180287 0.2114579826593399 1143
1783602180385 0.34281548857688904 1144
1783602180492 0.16568109393119812 1145
1783602180613 0.31359705328941345 1146
1783602180687 0.25103458762168884 1147
1783602180801 0.37471112608909607 1148
1783602180917 0.4455486536026001 1149
1783602181080 0.2527337074279785 1150
1783602181208 0.3452417850494385 1151
1783602181347 0.3511691689491272 1152
1783602181459 0.24223285913467407 1153
1783602181527 0.2704785168170929 1154
1783602181632 0.2711520195007324 1155
1783602181719 0.7412891983985901 1156
1783602181804 0.1886613816022873 1157
1783602181926 0.6122788786888123 1158
1783602182014 0.31657320261001587 1159
1783602182121 0.40406084060668945 1160
1783602182182 0.2796340882778168 1161
1783602182285 0.585175096988678 1162
1783602182386 0.5519973039627075 1163
1783602182510 0.4440038502216339 1164
1783602182631 0.39219701290130615 1165
1783602182744 0.37514975666999817 1166
1783602182824 0.2678559422492981 1167
1783602182901 0.1956223100423813 1168
1783602183006 0.170064315199852 1169
1783602183068 0.17993231117725372 1170
1783602183159 0.21242362260818481 1171
1783602183265 0.2424173653125763 1172
1783602183398 0.42023026943206787 1173
1783602183471 0.3990842401981354 1174
1783602183592 0.4703364372253418 1175
1783602183675 0.24040964245796204 1176
1783602183778 0.5621864795684814 1177
1783602183844 0.2564545273780823 1178
1783602183920 0.1345573365688324 1179
1783602183991 0.18197514116764069 1180
1783602184150 0.3133050501346588 1181
1783602184225 0.5868509411811829 1182
1783602184315 0.33638185262680054 1183
1783602184406 0.2034359872341156 1184
1783602184492 0.21343068778514862 1185
1783602184554 0.3187493681907654 1186
1783602184657 0.22149407863616943 1187
1783602184735 0.2669861912727356 1188
1783602184805 0.32081764936447144 1189
1783602184899 0.3995557725429535 1190
1783602184991 0.49279236793518066 1191
1783602185059 0.2408744990825653 1192
1783602185167 0.319485068321228 1193
1783602185231 0.7111989855766296 1194
1783602185337 0.4355691373348236 1195
1783602185429 0.3820219933986664 1196
1783602185512 0.7038688063621521 1197
1783602185578 0.3840218484401703 1198
1783602185655 0.21444043517112732 1199
1783602185716 0.41215604543685913 1200
1783602185810 0.5208279490470886 1201
1783602185903 0.29465827345848083 1202
1783602185997 0.6717941164970398 1203
1783602186083 0.3608442544937134 1204
1783602186174 0.6025375723838806 1205
1783602186287 0.25343799591064453 1206
1783602186408 0.2629678547382355 1207
1783602186505 0.46866869926452637 1208
1783602186618 0.34332922101020813 1209
1783602186710 0.23380015790462494 1210
1783602186799 0.18008539080619812 1211
1783602186915 0.2170359194278717 1212
1783602187011 0.2387000173330307 1213
1783602187131 0.7886742353439331 1214
1783602187249 0.3863261938095093 1215
1783602187363 0.29027318954467773 1216
1783602187435 0.14454038441181183 1217
1783602187556 0.3400803208351135 1218
1783602187675 0.2210850715637207 1219
1783602187762 0.1990957111120224 1220
1783602187904 0.09385181218385696 1221
1783602187996 0.4426039159297943 1222
1783602188113 0.4619733989238739 1223
1783602188214 0.15053921937942505 1224
1783602188308 0.22061894834041595 1225
1783602188383 0.49406468868255615 1226
1783602188505 0.2755141854286194 1227
1783602188590 0.43867000937461853 1228
1783602188722 0.3155880272388458 1229
1783602188819 0.20549724996089935 1230
1783602188888 0.6854297518730164 1231
1783602188965 0.21795174479484558 1232
1783602189034 0.22921544313430786 1233
1783602189123 0.539839506149292 1234
1783602189214 0.0935497060418129 1235
1783602189295 0.4740865230560303 1236
1783602189377 0.27967673540115356 1237
1783602189435 0.34762057662010193 1238
1783602189514 0.2403889298439026 1239
1783602189617 0.7082666158676147 1240
1783602189703 0.16199061274528503 1241
1783602189799 0.4678116738796234 1242
1783602189902 0.3889749050140381 1243
1783602189990 0.4596450924873352 1244
1783602190099 0.35751238465309143 1245
1783602190183 0.2735375463962555 1246
1783602190276 0.17462654411792755 1247
1783602190423 0.49358510971069336 1248
1783602190517 0.36969906091690063 1249
1783602190611 0.3731789290904999 1250
1783602190686 0.3640892803668976 1251
1783602190790 0.26611068844795227 1252
1783602190894 0.1754624992609024 1253
1783602191007 0.15900912880897522 1254
1783602191085 0.573607861995697 1255
1783602191182 0.23759114742279053 1256
1783602191313 0.19395817816257477 1257
1783602191386 0.3963412344455719 1258
1783602191483 0.2829813063144684 1259
1783602191564 0.23041394352912903 1260
1783602191675 0.2144641876220703 1261
1783602191762 0.5147584080696106 1262
1783602191839 0.40508756041526794 1263
1783602191904 0.20064839720726013 1264
1783602192006 0.3152783215045929 1265
1783602192106 0.36561012268066406 1266
1783602192177 0.20289283990859985 1267
1783602192245 0.43810445070266724 1268
1783602192335 0.13827596604824066 1269
1783602192411 0.3705636262893677 1270
1783602192532 0.41793012619018555 1271
1783602192670 0.28788334131240845 1272
1783602192736 0.3870238959789276 1273
1783602192816 0.4117189347743988 1274
1783602192906 0.4376753568649292 1275
1783602192991 0.3101232051849365 1276
1783602193056 0.27573925256729126 1277
1783602193162 0.2180345356464386 1278
1783602193236 0.39382457733154297 1279
1783602193323 0.5835778713226318 1280
1783602193395 0.46344804763793945 1281
1783602193480 0.35018831491470337 1282
1783602193567 0.20935392379760742 1283
1783602193679 0.3003487288951874 1284
1783602193760 0.31738606095314026 1285
1783602193828 0.1147574856877327 1286
1783602193906 0.17231127619743347 1287
1783602194008 0.24348321557044983 1288
1783602194120 0.5233415365219116 1289
1783602194235 0.2417539805173874 1290
1783602194312 0.2572460472583771 1291
1783602194398 0.16412600874900818 1292
1783602194482 0.40478429198265076 1293
1783602194533 0.3923116624355316 1294
1783602194606 0.7590619325637817 1295
1783602194676 0.22115187346935272 1296
1783602194780 0.3860575258731842 1297
1783602194841 0.37163034081459045 1298
1783602194909 0.3080196678638458 1299
1783602194985 0.3192777931690216 1300
1783602195096 0.22106033563613892 1301
1783602195172 0.4425296187400818 1302
1783602195268 0.253758043050766 1303
1783602195429 0.419030100107193 1304
1783602195523 0.2274167686700821 1305
1783602195605 0.3944074511528015 1306
1783602195679 0.6244286298751831 1307
1783602195742 0.11449500918388367 1308
1783602195819 0.3352634608745575 1309
1783602195926 0.6998074054718018 1310
1783602196056 0.4755105674266815 1311
1783602196184 0.2683308720588684 1312
1783602196277 0.3727487623691559 1313
1783602196354 0.34880271553993225 1314
1783602196424 0.3541323244571686 1315
1783602196539 0.23787938058376312 1316
1783602196653 0.08802605420351028 1317
1783602196734 0.5243324637413025 1318
1783602196810 0.40808311104774475 1319
1783602196889 0.5047935247421265 1320
1783602196981 0.4797874987125397 1321
1783602197062 0.47480717301368713 1322
1783602197191 0.13788777589797974 1323
1783602197258 0.21823829412460327 1324
1783602197372 0.6565847992897034 1325
1783602197477 0.15495182573795319 1326
1783602197600 0.23434649407863617 1327
1783602197743 0.2753106355667114 1328
1783602197856 0.26069405674934387 1329
1783602197956 0.28588682413101196 1330
1783602198055 0.4183635711669922 1331
1783602198142 0.40247124433517456 1332
1783602198261 0.2615502178668976 1333
1783602198338 0.545513391494751 1334
1783602198454 0.41274192929267883 1335
1783602198588 0.9001356959342957 1336
1783602198704 0.23452222347259521 1337
1783602198782 0.46259889006614685 1338
1783602198865 0.17434297502040863 1339
1783602198968 0.44214048981666565 1340
1783602199063 0.309352308511734 1341
1783602199191 0.5847171545028687 1342
1783602199288 0.3485170602798462 1343
1783602199392 0.40998372435569763 1344
1783602199466 0.16745628416538239 1345
1783602199557 0.2469058334827423 1346
1783602199667 0.3037166893482208 1347
1783602199766 0.6251946687698364 1348
1783602199855 0.1871206909418106 1349
1783602199960 0.510306179523468 1350
1783602200022 0.17024542391300201 1351
1783602200120 0.129707932472229 1352
1783602200233 0.23923547565937042 1353
1783602200313 0.39196348190307617 1354
1783602200465 0.6211711764335632 1355
1783602200564 0.8223848342895508 1356
1783602200655 0.36958783864974976 1357
1783602200747 0.7654663324356079 1358
1783602200827 0.2748493254184723 1359
1783602200939 0.4514349400997162 1360
1783602201015 0.12773461639881134 1361
1783602201084 0.3112642765045166 1362
1783602201174 0.2311285436153412 1363
1783602201283 0.2494754046201706 1364
1783602201372 0.26430943608283997 1365
1783602201514 0.2750290036201477 1366
1783602201608 0.2966919243335724 1367
1783602201672 0.10952761024236679 1368
1783602201783 0.2692211866378784 1369
1783602201881 0.517273485660553 1370
1783602201971 0.2657764256000519 1371
1783602202055 0.5254358053207397 1372
1783602202160 0.20461085438728333 1373
1783602202241 0.362455815076828 1374
1783602202368 0.17547348141670227 1375
1783602202441 0.26443618535995483 1376
1783602202525 0.7004204392433167 1377
1783602202618 0.88179612159729 1378
1783602202702 0.2782258689403534 1379
1783602202791 0.18817029893398285 1380
1783602202888 0.3291015923023224 1381
1783602203011 0.23798801004886627 1382
1783602203110 0.19150881469249725 1383
1783602203204 0.24692288041114807 1384
1783602203310 0.318210631608963 1385
1783602203416 0.1965107023715973 1386
1783602203523 0.3581666052341461 1387
1783602203607 0.27806034684181213 1388
1783602203710 0.4669674336910248 1389
1783602203804 0.4923990070819855 1390
1783602203907 0.6203305125236511 1391
1783602203978 0.1748511642217636 1392
1783602204072 0.466228723526001 1393
1783602204149 0.17396514117717743 1394
1783602204269 0.24570490419864655 1395
1783602204368 0.6727259755134583 1396
1783602204474 0.3394339978694916 1397
1783602204533 0.24263952672481537 1398
1783602204594 0.2543293833732605 1399
1783602204673 0.11844339966773987 1400
1783602204741 0.16920268535614014 1401
1783602204873 0.3426680266857147 1402
1783602204945 0.2257595956325531 1403
1783602205007 0.23464159667491913 1404
1783602205072 0.44711726903915405 1405
1783602205170 0.21107028424739838 1406
1783602205277 0.39354556798934937 1407
1783602205419 0.3272799849510193 1408
1783602205507 0.4168248772621155 1409
1783602205621 0.25206199288368225 1410
1783602205715 0.28914380073547363 1411
1783602205794 0.20607057213783264 1412
1783602205885 0.248136967420578 1413
1783602206010 0.30214864015579224 1414
1783602206164 0.3850736916065216 1415
1783602206234 0.49118950963020325 1416
1783602206338 0.3853868544101715 1417
1783602206414 0.24236838519573212 1418
1783602206521 0.36407801508903503 1419
1783602206593 0.27909380197525024 1420
1783602206730 0.39097583293914795 1421
1783602206835 0.3692874610424042 1422
1783602206920 0.6034493446350098 1423
1783602206985 0.21549516916275024 1424
1783602207049 0.2716423273086548 1425
1783602207130 0.3274039626121521 1426
1783602207217 0.5845159888267517 1427
1783602207361 0.25435179471969604 1428
1783602207480 0.09378466755151749 1429
1783602207564 0.395556777715683 1430
1783602207696 0.40148723125457764 1431
1783602207793 0.21927087008953094 1432
1783602207878 0.22901418805122375 1433
1783602207959 0.18968693912029266 1434
1783602208137 0.2952793538570404 1435
1783602208210 0.16128915548324585 1436
1783602208314 0.3968404233455658 1437
1783602208395 0.17905904352664948 1438
1783602208495 0.31652334332466125 1439
1783602208567 0.4135834574699402 1440
1783602208687 0.42085549235343933 1441
1783602208768 0.27935275435447693 1442
1783602208846 0.5040555596351624 1443
1783602208917 0.2547687292098999 1444
1783602209037 0.28654345870018005 1445
1783602209107 0.27942875027656555 1446
1783602209185 0.1737542748451233 1447
1783602209294 0.2810942530632019 1448
1783602209379 0.1901131421327591 1449
1783602209446 0.6219203472137451 1450
1783602209514 0.39371681213378906 1451
1783602209572 0.29225119948387146 1452
1783602209659 0.250872939825058 1453
1783602209764 0.09175083041191101 1454
1783602209843 0.3475441336631775 1455
1783602209963 0.4581775665283203 1456
1783602210038 0.3287316560745239 1457
1783602210120 0.25556936860084534 1458
1783602210172 0.3032627999782562 1459
1783602210272 0.28668564558029175 1460
1783602210379 0.24790704250335693 1461
1783602210456 0.30828404426574707 1462
1783602210567 0.2151292860507965 1463
1783602210671 0.2223946899175644 1464
1783602210758 0.2708815634250641 1465
1783602210850 0.12741835415363312 1466
1783602210974 0.2631470263004303 1467
1783602211067 0.4652184247970581 1468
1783602211142 0.21575769782066345 1469
1783602211255 0.4258170425891876 1470
1783602211326 0.5670088529586792 1471
1783602211404 0.20439748466014862 1472
1783602211545 0.3977074921131134 1473
1783602211676 0.2818382680416107 1474
1783602211766 0.3536543846130371 1475
1783602211849 0.21636798977851868 1476
1783602212035 0.5112067461013794 1477
1783602212120 0.5475584864616394 1478
1783602212216 0.6375634074211121 1479
1783602212289 0.22824962437152863 1480
1783602212387 0.2380569726228714 1481
1783602212500 0.3584917187690735 1482
1783602212655 0.19233615696430206 1483
1783602212750 0.6645982265472412 1484
1783602212880 0.2072303742170334 1485
1783602212951 0.40375882387161255 1486
1783602213043 0.4385168254375458 1487
1783602213120 0.16286799311637878 1488
1783602213228 0.6393140554428101 1489
1783602213295 0.37020236253738403 1490
1783602213357 0.16808465123176575 1491
1783602213472 0.1455092877149582 1492
1783602213559 0.30330970883369446 1493
1783602213661 0.27164632081985474 1494
1783602213774 0.21130961179733276 1495
1783602213871 0.23325571417808533 1496
1783602214024 0.3551770746707916 1497
1783602214148 0.25407475233078003 1498
1783602214245 0.2039557546377182 1499
1783602214356 0.2734389007091522 1500
1783602214515 0.36669594049453735 1501
1783602214574 0.4073106646537781 1502
1783602214646 0.3215561509132385 1503
1783602214756 0.36440935730934143 1504
1783602214822 0.20158573985099792 1505
1783602214906 0.4434278607368469 1506
1783602215043 0.2375214397907257 1507
1783602215157 0.5645927786827087 1508
1783602215235 0.2553620934486389 1509
1783602215311 0.31458932161331177 1510
1783602215399 0.4019486904144287 1511
1783602215540 0.4954242706298828 1512
1783602215611 0.1689629852771759 1513
1783602215704 0.5239014625549316 1514
1783602215780 0.1955515593290329 1515
1783602215898 0.23983100056648254 1516
1783602216031 0.36317044496536255 1517
1783602216172 0.20042303204536438 1518
1783602216236 0.14828957617282867 1519
1783602216341 0.3956972360610962 1520
1783602216492 0.2341272532939911 1521
1783602216571 0.22296495735645294 1522
1783602216646 0.7722895741462708 1523
1783602216771 0.4037410020828247 1524
1783602216881 0.5338259935379028 1525
1783602216994 0.2220422774553299 1526
1783602217127 0.15387240052223206 1527
1783602217239 0.6105298399925232 1528
1783602217309 0.2645076513290405 1529
1783602217418 0.5140557289123535 1530
1783602217502 0.6501995921134949 1531
1783602217594 0.2739853262901306 1532
1783602217674 0.3162565231323242 1533
1783602217774 0.357033908367157 1534
1783602217884 0.24669888615608215 1535
1783602218155 0.27315250039100647 1536
1783602218261 0.4036921560764313 1537
1783602218345 0.24883726239204407 1538
1783602218466 0.1179705336689949 1539
1783602218549 0.29052120447158813 1540
1783602218711 0.41500499844551086 1541
1783602218771 0.3205391466617584 1542
1783602218858 0.2717302739620209 1543
1783602218994 0.3179464340209961 1544
1783602219084 0.5122696161270142 1545
1783602219184 0.2501092255115509 1546
1783602219272 0.17485076189041138 1547
1783602219367 0.4307700991630554 1548
1783602219479 0.3402312695980072 1549
1783602219572 0.4468022882938385 1550
1783602219703 0.5686820149421692 1551
1783602219764 0.20020665228366852 1552
1783602219863 0.10365612804889679 1553
1783602219984 0.35280078649520874 1554
1783602220092 0.41383451223373413 1555
1783602220188 0.19713185727596283 1556
1783602220303 0.44044050574302673 1557
1783602220408 0.4931331276893616 1558
1783602220515 0.29129910469055176 1559
1783602220641 0.31108829379081726 1560
1783602220727 0.2623215615749359 1561
1783602220809 0.23972900211811066 1562
1783602220921 0.4756833612918854 1563
1783602221001 0.12454994767904282 1564
1783602221070 0.3603104054927826 1565
1783602221159 0.2624851167201996 1566
1783602221240 0.567034125328064 1567
1783602221332 0.17443153262138367 1568
1783602221430 0.5749793648719788 1569
1783602221512 0.20728260278701782 1570
1783602221602 0.29237067699432373 1571
1783602221744 0.2294849008321762 1572
1783602221902 0.26079052686691284 1573
1783602221982 0.6744758486747742 1574
1783602222060 0.4158477485179901 1575
1783602222126 0.3523695468902588 1576
1783602222252 0.1454046070575714 1577
1783602222356 0.29681187868118286 1578
1783602222426 0.39612337946891785 1579
1783602222505 0.5056268572807312 1580
1783602222595 0.48037177324295044 1581
1783602222663 0.2066466063261032 1582
1783602222747 0.40513476729393005 1583
1783602222881 0.4678858518600464 1584
1783602222971 0.34874555468559265 1585
1783602223063 0.27117398381233215 1586
1783602223156 0.1306789070367813 1587
1783602223258 0.2162254899740219 1588
1783602223326 0.3119383454322815 1589
1783602223414 0.4918234050273895 1590
1783602223493 0.4927942454814911 1591
1783602223592 0.194913849234581 1592
1783602223666 0.3710416257381439 1593
1783602223756 0.26957622170448303 1594
1783602223842 0.45687201619148254 1595
1783602223936 0.30937856435775757 1596
1783602224050 0.2892468571662903 1597
1783602224143 0.40940964221954346 1598
1783602224210 0.21309475600719452 1599
1783602224270 0.2801874577999115 1600
1783602224349 0.32925090193748474 1601
1783602224421 0.6643885970115662 1602
1783602224511 0.19504302740097046 1603
1783602224570 0.1868443489074707 1604
1783602224660 0.32524344325065613 1605
1783602224749 0.3319113254547119 1606
1783602224863 0.45133015513420105 1607
1783602224962 0.1754286289215088 1608
1783602225053 0.2688904106616974 1609
1783602225121 0.21973170340061188 1610
1783602225220 0.50344318151474 1611
1783602225290 0.16436056792736053 1612
1783602225430 0.2515536844730377 1613
1783602225508 0.18048234283924103 1614
1783602225608 0.326373428106308 1615
1783602225680 0.4360658824443817 1616
1783602225758 0.34600645303726196 1617
1783602225839 0.24387364089488983 1618
1783602225908 0.30383026599884033 1619
1783602225981 0.27204108238220215 1620
1783602226054 0.33479344844818115 1621
1783602226126 0.4639243185520172 1622
1783602226206 0.781446099281311 1623
1783602226303 0.3358317017555237 1624
1783602226364 0.678483247756958 1625
1783602226423 0.15697689354419708 1626
1783602226499 0.3552364706993103 1627
1783602226568 0.5730054378509521 1628
1783602226638 0.4481537640094757 1629
1783602226696 0.28020039200782776 1630
1783602226814 0.08788370341062546 1631
1783602226897 0.1061989963054657 1632
1783602226982 0.21222460269927979 1633
1783602227064 0.2971422076225281 1634
1783602227150 0.6563074588775635 1635
1783602227248 0.5395826101303101 1636
1783602227374 0.29962044954299927 1637
1783602227435 0.1853076070547104 1638
1783602227509 0.3228634297847748 1639
1783602227610 0.38756176829338074 1640
1783602227684 0.34388211369514465 1641
1783602227767 0.36096760630607605 1642
1783602227866 0.39010629057884216 1643
1783602227954 0.21295811235904694 1644
1783602228027 0.3494211435317993 1645
1783602228143 0.09783907234668732 1646
1783602228278 0.6719244718551636 1647
1783602228364 0.2535267174243927 1648
1783602228454 0.20161083340644836 1649
1783602228543 0.1473953276872635 1650
1783602228625 0.22484534978866577 1651
1783602228717 0.10343272238969803 1652
1783602228803 0.7756550312042236 1653
1783602228893 0.5230002403259277 1654
1783602229027 0.5136100053787231 1655
1783602229107 0.27831947803497314 1656
1783602229199 0.287006676197052 1657
1783602229274 0.10380112379789352 1658
1783602229402 0.1719505488872528 1659
1783602229477 0.2745112478733063 1660
1783602229564 0.3139592707157135 1661
1783602229636 0.7247014045715332 1662
1783602229718 0.23031261563301086 1663
1783602229804 0.15717719495296478 1664
1783602229903 0.1180940791964531 1665
1783602230025 0.3386472463607788 1666
1783602230118 0.29733431339263916 1667
1783602230232 0.9027540683746338 1668
1783602230318 0.410236120223999 1669
1783602230433 0.2924500107765198 1670
1783602230536 0.5222113132476807 1671
1783602230656 0.3709622621536255 1672
1783602230748 0.5059880614280701 1673
1783602230854 0.3440696597099304 1674
1783602230949 0.34287726879119873 1675
1783602231062 0.2914113700389862 1676
1783602231161 0.5468577146530151 1677
1783602231226 0.7691429257392883 1678
1783602231328 0.14229822158813477 1679
1783602231429 0.27989768981933594 1680
1783602231551 0.3907349109649658 1681
1783602231618 0.37597882747650146 1682
1783602231707 0.1476823389530182 1683
1783602231768 0.44124552607536316 1684
1783602231832 0.2502184808254242 1685
1783602231905 0.4824034571647644 1686
1783602231976 0.3765830099582672 1687
1783602232052 0.31746044754981995 1688
1783602232124 0.7125358581542969 1689
1783602232206 0.3229595422744751 1690
1783602232284 0.8550537824630737 1691
1783602232357 0.41655248403549194 1692
1783602232431 0.26496416330337524 1693
1783602232497 0.13234230875968933 1694
1783602232589 0.28018784523010254 1695
1783602232699 0.3395746648311615 1696
1783602232809 0.19802196323871613 1697
1783602232874 0.1671919971704483 1698
1783602232937 0.1829656958580017 1699
1783602233027 0.327694833278656 1700
1783602233155 0.3956330120563507 1701
1783602233242 0.5570457577705383 1702
1783602233320 0.3419158458709717 1703
1783602233382 0.16671596467494965 1704
1783602233485 0.4088609218597412 1705
1783602233564 0.5702106952667236 1706
1783602233674 0.4910784959793091 1707
1783602233759 0.5322232246398926 1708
1783602233826 0.15593570470809937 1709
1783602233911 0.5511372685432434 1710
1783602233993 0.5823912024497986 1711
1783602234057 0.2498818337917328 1712
1783602234158 0.1544618010520935 1713
1783602234267 0.6683335304260254 1714
1783602234341 0.37872248888015747 1715
1783602234438 0.3459356427192688 1716
1783602234539 0.31456661224365234 1717
1783602234634 0.32394424080848694 1718
1783602234711 0.5624695420265198 1719
1783602234810 0.44672560691833496 1720
1783602234950 0.15424692630767822 1721
1783602235021 0.09511608630418777 1722
1783602235087 0.5281352996826172 1723
1783602235159 0.5975694060325623 1724
1783602235258 0.3454681634902954 1725
1783602235370 0.2441675066947937 1726
1783602235440 0.2792709469795227 1727
1783602235585 0.3909524381160736 1728
1783602235685 0.15426005423069 1729
1783602235761 0.20712892711162567 1730
1783602235860 0.2799362540245056 1731
1783602235939 0.19027262926101685 1732
1783602236023 0.4287196099758148 1733
1783602236125 0.43624457716941833 1734
1783602236207 0.38213786482810974 1735
1783602236318 0.35072454810142517 1736
1783602236417 0.07651376724243164 1737
1783602236523 0.14075903594493866 1738
1783602236601 0.17383061349391937 1739
1783602236709 0.7190310955047607 1740
1783602236806 0.7463012337684631 1741
1783602236984 0.21418043971061707 1742
1783602237085 0.29838237166404724 1743
1783602237171 0.4938569962978363 1744
1783602237249 0.22196634113788605 1745
1783602237356 0.6328262686729431 1746
1783602237478 0.4176432490348816 1747
1783602237596 0.2518908977508545 1748
1783602237702 0.26374924182891846 1749
1783602237784 0.14608894288539886 1750
1783602237906 0.2589479684829712 1751
1783602238002 0.22701705992221832 1752
1783602238117 0.3376077115535736 1753
1783602238221 0.25796282291412354 1754
1783602238305 0.23398970067501068 1755
1783602238377 0.23910915851593018 1756
1783602238470 0.7445678114891052 1757
1783602238571 0.12381993979215622 1758
1783602238650 0.39512306451797485 1759
1783602238744 0.35372212529182434 1760
1783602238813 0.11425665766000748 1761
1783602238933 0.5950883030891418 1762
1783602239004 0.353969544172287 1763
1783602239098 0.08783115446567535 1764
1783602239182 0.29445579648017883 1765
1783602239312 0.404971718788147 1766
1783602239406 0.3646739721298218 1767
1783602239492 0.37389934062957764 1768
1783602239590 0.3334293067455292 1769
1783602239667 0.16500937938690186 1770
1783602239754 0.4336225986480713 1771
1783602239872 0.15431946516036987 1772
1783602239983 0.3739567995071411 1773
1783602240071 0.35684478282928467 1774
1783602240197 0.5933974385261536 1775
1783602240320 0.27761101722717285 1776
1783602240436 0.5014448761940002 1777
1783602240521 0.33813589811325073 1778
1783602240652 1.1626440286636353 1779
1783602240750 0.4284070134162903 1780
1783602240866 0.6932748556137085 1781
1783602240955 0.21448065340518951 1782
1783602241020 0.3480878174304962 1783
1783602241115 0.7788876295089722 1784
1783602241211 0.2049013078212738 1785
1783602241296 0.49306797981262207 1786
1783602241396 0.17639285326004028 1787
1783602241463 0.20034348964691162 1788
1783602241553 0.19052280485630035 1789
1783602241667 0.3843962848186493 1790
1783602241792 0.4560324251651764 1791
1783602241959 0.20405060052871704 1792
1783602242052 0.14410772919654846 1793
1783602242119 0.6098615527153015 1794
1783602242200 0.2684701383113861 1795
1783602242288 0.20405781269073486 1796
1783602242399 0.6143062114715576 1797
1783602242537 0.26097115874290466 1798
1783602242615 0.6538083553314209 1799
1783602242734 0.24917860329151154 1800
1783602242838 0.4412217140197754 1801
1783602242955 0.23185370862483978 1802
1783602243050 0.6420001983642578 1803
1783602243191 0.29435431957244873 1804
1783602243301 0.4051375389099121 1805
1783602243404 0.12814289331436157 1806
1783602243482 0.2044438272714615 1807
1783602243570 0.40799328684806824 1808
1783602243666 0.08732901513576508 1809
1783602243750 0.34727343916893005 1810
1783602243871 0.4244002401828766 1811
1783602243943 0.34624409675598145 1812
1783602244071 0.3853781521320343 1813
1783602244199 0.2969073951244354 1814
1783602244295 0.4221487045288086 1815
1783602244420 0.3166644871234894 1816
1783602244501 0.634515643119812 1817
1783602244589 0.3702127933502197 1818
1783602244671 0.288720041513443 1819
1783602244740 0.1389697790145874 1820
1783602244819 0.15110766887664795 1821
1783602244912 0.3860435485839844 1822
1783602245045 0.240934357047081 1823
1783602245184 0.4079097509384155 1824
1783602245275 0.39395979046821594 1825
1783602245359 0.5775567293167114 1826
1783602245475 0.09933129698038101 1827
1783602245594 0.19752433896064758 1828
1783602245689 0.6107921600341797 1829
1783602245780 0.2805401086807251 1830
1783602245872 0.5300866365432739 1831
1783602245965 0.0880606397986412 1832
1783602246044 0.45522624254226685 1833
1783602246159 0.32195422053337097 1834
1783602246252 0.3150789737701416 1835
1783602246377 0.24486733973026276 1836
1783602246464 0.26212239265441895 1837
1783602246583 0.09713554382324219 1838
1783602246675 0.26697492599487305 1839
1783602246786 0.32281526923179626 1840
1783602246850 0.43894171714782715 1841
1783602246914 0.6681593656539917 1842
1783602246986 0.30011069774627686 1843
1783602247092 0.7959207892417908 1844
1783602247175 0.35140129923820496 1845
1783602247264 0.556678295135498 1846
1783602247343 0.48818662762641907 1847
1783602247425 0.36600354313850403 1848
1783602247532 0.17551545798778534 1849
1783602247641 0.198438823223114 1850
1783602247727 0.5611796379089355 1851
1783602247819 0.467716783285141 1852
1783602247910 0.306302547454834 1853
1783602247992 0.45928582549095154 1854
1783602248094 0.3374120593070984 1855
1783602248220 0.32386183738708496 1856
1783602248305 0.23509985208511353 1857
1783602248455 0.4559831917285919 1858
1783602248520 0.4449215531349182 1859
1783602248594 0.268428236246109 1860
1783602248660 0.243622824549675 1861
1783602248755 0.44220438599586487 1862
1783602248835 0.27736514806747437 1863
1783602248948 0.20142675936222076 1864
1783602249046 0.3421802222728729 1865
1783602249118 0.34886443614959717 1866
1783602249214 0.07991835474967957 1867
1783602249311 0.17851822078227997 1868
1783602249420 0.4923493266105652 1869
1783602249535 0.4862673878669739 1870
1783602249627 0.15543855726718903 1871
1783602249722 0.2293548882007599 1872
1783602249832 0.4733523428440094 1873
1783602249925 0.2074420154094696 1874
1783602250812 0.4869796931743622 1875
1783602250902 0.17092324793338776 1876
1783602250993 0.08438336849212646 1877
1783602251101 0.19695812463760376 1878
1783602251189 0.15898925065994263 1879
1783602251271 0.22213232517242432 1880
1783602251363 0.09363051503896713 1881
1783602251489 0.6517629623413086 1882
1783602251592 0.49187424778938293 1883
1783602251672 0.23121926188468933 1884
1783602251804 0.4508022964000702 1885
1783602251895 0.20911124348640442 1886
1783602251997 0.24918273091316223 1887
1783602252244 0.17824000120162964 1888
1783602252330 0.4900329113006592 1889
1783602252422 0.13848118484020233 1890
1783602252519 0.14154770970344543 1891
1783602252636 0.28016456961631775 1892
1783602252724 0.2764226496219635 1893
1783602252812 0.12564067542552948 1894
1783602252892 0.7641310691833496 1895
1783602253000 0.2864011824131012 1896
1783602253083 0.16447652876377106 1897
1783602253181 0.3836454749107361 1898
1783602253289 0.08697761595249176 1899
1783602253416 0.08711887896060944 1900
1783602253499 0.32182902097702026 1901
1783602253588 0.3150148391723633 1902
1783602253689 0.43561071157455444 1903
1783602253760 0.35886192321777344 1904
1783602253851 0.33922699093818665 1905
1783602253929 0.24362783133983612 1906
1783602254000 0.33522602915763855 1907
1783602254089 0.39787259697914124 1908
1783602254164 0.3242635130882263 1909
1783602254236 0.18268978595733643 1910
1783602254336 0.2959843873977661 1911
1783602254415 0.22726018726825714 1912
1783602254502 0.24844056367874146 1913
1783602254589 0.39490997791290283 1914
1783602254680 0.3698664605617523 1915
1783602254761 0.5787782073020935 1916
1783602254849 0.22231347858905792 1917
1783602254927 0.165953129529953 1918
1783602255016 0.39437010884284973 1919
1783602255094 0.4743199944496155 1920
1783602255184 0.3537067174911499 1921
1783602255259 0.22001951932907104 1922
1783602255350 0.3962048292160034 1923
1783602255441 0.34304624795913696 1924
1783602255545 0.29850220680236816 1925
1783602255639 0.09054197371006012 1926
1783602255755 0.34350836277008057 1927
1783602255840 0.9214755892753601 1928
1783602256015 0.14505864679813385 1929
1783602256114 0.8243725299835205 1930
1783602256195 0.4698388874530792 1931
1783602256292 0.2350097894668579 1932
1783602256378 0.20831434428691864 1933
1783602256458 0.2729412615299225 1934
1783602256541 0.2945919334888458 1935
1783602256641 0.7212501168251038 1936
1783602256734 0.4010542035102844 1937
1783602256857 0.07510442286729813 1938
1783602256966 0.4947167932987213 1939
1783602257053 0.34158995747566223 1940
1783602257148 0.15001820027828217 1941
1783602257283 0.15808670222759247 1942
1783602257379 0.23881487548351288 1943
1783602257479 0.24614214897155762 1944
1783602257567 0.16636785864830017 1945
1783602257686 0.2104201763868332 1946
1783602257785 0.3595167100429535 1947
1783602257875 0.16550686955451965 1948
1783602257972 0.3734777569770813 1949
1783602258096 0.33370745182037354 1950
1783602258186 0.5047127604484558 1951
1783602258270 0.33067065477371216 1952
1783602258388 0.24623607099056244 1953
1783602258529 0.6436187028884888 1954
1783602258633 0.47424599528312683 1955
1783602258712 0.5974587202072144 1956
1783602258796 0.39473623037338257 1957
1783602258885 0.39447155594825745 1958
1783602258968 0.20556437969207764 1959
1783602259047 0.22379358112812042 1960
1783602259125 0.20056308805942535 1961
1783602259215 0.46155229210853577 1962
1783602259288 0.24572739005088806 1963
1783602259373 0.31617259979248047 1964
1783602259462 0.26786375045776367 1965
1783602259565 0.24018032848834991 1966
1783602259655 0.31800857186317444 1967
1783602259778 0.21763764321804047 1968
1783602259876 0.3933908939361572 1969
1783602259957 0.19758854806423187 1970
1783602260051 0.4547804892063141 1971
1783602260130 0.08912888914346695 1972
1783602260236 0.14700402319431305 1973
1783602260332 0.5264719724655151 1974
1783602260413 0.37543773651123047 1975
1783602260495 0.35865938663482666 1976
1783602260573 0.4863245189189911 1977
1783602260659 0.2642759680747986 1978
1783602260800 0.3874640464782715 1979
1783602260952 0.33903971314430237 1980
1783602261072 0.24893306195735931 1981
1783602261142 0.5008102059364319 1982
1783602261248 0.2868088483810425 1983
1783602261315 0.7114035487174988 1984
1783602261427 0.36932918429374695 1985
1783602261529 0.910438060760498 1986
1783602261604 0.3650944232940674 1987
1783602261692 0.18470409512519836 1988
1783602261791 0.3015543222427368 1989
1783602261864 0.5793348550796509 1990
1783602261972 0.27013665437698364 1991
1783602262059 0.2334488332271576 1992
1783602262133 0.4882664382457733 1993
1783602262250 0.3131779432296753 1994
1783602262386 0.1566551923751831 1995
1783602262465 0.17626403272151947 1996
1783602262541 0.42076343297958374 1997
1783602262607 0.23504693806171417 1998
1783602262680 0.3950590491294861 1999
1783602262763 0.22734642028808594 2000
1783602262874 0.15211156010627747 2001
1783602262952 0.2839924097061157 2002
1783602263040 0.35811787843704224 2003
1783602263123 0.3282204270362854 2004
1783602263208 0.31096890568733215 2005
1783602263300 0.2891407907009125 2006
1783602263402 0.45249372720718384 2007
1783602263540 0.35840505361557007 2008
1783602263631 0.11682923883199692 2009
1783602263720 0.2912120521068573 2010
1783602263812 0.23667658865451813 2011
1783602263895 0.05517621710896492 2012
1783602263976 0.5897604823112488 2013
1783602264102 0.4060177206993103 2014
1783602264213 0.2249596118927002 2015
1783602264297 0.7461775541305542 2016
1783602264378 0.2729523777961731 2017
1783602264466 0.14967100322246552 2018
1783602264535 0.22387626767158508 2019
1783602264627 0.2750973403453827 2020
1783602264709 0.4272158443927765 2021
1783602264836 0.619499146938324 2022
1783602264920 0.49276018142700195 2023
1783602265029 0.37965819239616394 2024
1783602265103 0.20600782334804535 2025
1783602265201 0.3375677764415741 2026
1783602265284 0.21625109016895294 2027
1783602265399 0.36835768818855286 2028
1783602265521 0.4040325880050659 2029
1783602265618 0.3049033582210541 2030
1783602265707 0.41239380836486816 2031
1783602265785 0.45573899149894714 2032
1783602265869 0.29988595843315125 2033
1783602265972 0.17408743500709534 2034
1783602266093 0.19388598203659058 2035
1783602266175 0.19371627271175385 2036
1783602266289 0.46315181255340576 2037
1783602266413 0.2909829914569855 2038
1783602266476 0.7308378219604492 2039
1783602266564 0.1871567815542221 2040
1783602266637 0.15370327234268188 2041
1783602266735 0.4637884795665741 2042
1783602266844 0.10862640291452408 2043
1783602266971 0.35046494007110596 2044
1783602267079 0.3993414640426636 2045
1783602267163 0.2591194808483124 2046
1783602267246 0.4059181213378906 2047
1783602267382 0.15121588110923767 2048
1783602267484 0.37682217359542847 2049
1783602267557 0.10987941175699234 2050
1783602267642 0.2581564784049988 2051
1783602267711 0.44886112213134766 2052
1783602267825 0.18250718712806702 2053
1783602267967 0.31174251437187195 2054
1783602268059 0.44072169065475464 2055
1783602268168 0.2090131640434265 2056
1783602268245 0.9415019154548645 2057
1783602268333 0.23584970831871033 2058
1783602268426 0.09756128489971161 2059
1783602268531 0.11876357346773148 2060
1783602268628 0.20419707894325256 2061
1783602268706 0.21015802025794983 2062
1783602268787 0.4684440791606903 2063
1783602268880 0.28490594029426575 2064
1783602268978 0.13211780786514282 2065
1783602269080 0.2926463782787323 2066
1783602269186 0.09675523638725281 2067
1783602269295 0.1758931428194046 2068
1783602269400 0.0779370665550232 2069
1783602269478 0.15213175117969513 2070
1783602269583 0.23635233938694 2071
1783602269723 0.5550052523612976 2072
1783602269839 0.2091285139322281 2073
1783602269954 0.26339077949523926 2074
1783602270027 0.34542086720466614 2075
1783602270132 0.5181833505630493 2076
1783602270248 0.1333378702402115 2077
1783602270330 0.2548137605190277 2078
1783602270393 0.2332148402929306 2079
1783602270490 0.5149334073066711 2080
1783602270566 0.3179316222667694 2081
1783602270682 0.4652048945426941 2082
1783602270792 0.3481983244419098 2083
1783602270868 0.406254380941391 2084
1783602270956 0.5246800184249878 2085
1783602271031 0.7020750641822815 2086
1783602271105 0.24543064832687378 2087
1783602271181 0.10372819751501083 2088
1783602271293 0.29081016778945923 2089
1783602271373 0.32130682468414307 2090
1783602271469 0.1939891129732132 2091
1783602271584 0.1459311991930008 2092
1783602271703 0.3418312668800354 2093
1783602271796 0.10585913062095642 2094
1783602271889 0.6573311686515808 2095
1783602271975 0.3708723783493042 2096
1783602272112 0.4809364974498749 2097
1783602272230 0.17268358170986176 2098
1783602272305 0.30034932494163513 2099
1783602272413 0.31079980731010437 2100
1783602272508 0.6304160952568054 2101
1783602272600 0.41076838970184326 2102
1783602272682 0.19640445709228516 2103
1783602272766 0.9154443740844727 2104
1783602272842 0.20251061022281647 2105
1783602272940 0.060071248561143875 2106
1783602273034 0.33276134729385376 2107
1783602273141 0.07716530561447144 2108
1783602273241 0.4834443926811218 2109
1783602273357 0.3970903158187866 2110
1783602273430 0.47568896412849426 2111
1783602273500 0.26862844824790955 2112
1783602273627 0.3524188995361328 2113
1783602273770 0.6656442880630493 2114
1783602273871 0.11494904011487961 2115
1783602273933 0.7794987559318542 2116
1783602274007 0.31863829493522644 2117
1783602274097 0.20101472735404968 2118
1783602274198 0.39255741238594055 2119
1783602274336 0.3317593038082123 2120
1783602274431 0.16068515181541443 2121
1783602274517 0.2646775543689728 2122
1783602274579 0.49592405557632446 2123
1783602274652 0.2692296504974365 2124
1783602274743 0.03739146888256073 2125
1783602274881 0.45074620842933655 2126
1783602274983 0.3511297404766083 2127
1783602275070 0.5020032525062561 2128
1783602275165 0.11847817897796631 2129
1783602275246 0.420769602060318 2130
1783602275322 0.3219568729400635 2131
1783602275401 0.5079824924468994 2132
1783602275490 0.17907065153121948 2133
1783602275566 0.3520701825618744 2134
1783602275681 0.2223830223083496 2135
1783602275774 0.35209929943084717 2136
1783602275882 0.1550418585538864 2137
1783602275993 0.20806148648262024 2138
1783602276113 0.31276363134384155 2139
1783602276251 0.3945704698562622 2140
1783602276362 0.46814286708831787 2141
1783602276438 0.30303728580474854 2142
1783602276519 0.14184615015983582 2143
1783602276597 0.7052040100097656 2144
1783602276696 0.2699483633041382 2145
1783602276768 0.265144407749176 2146
1783602276884 0.41048961877822876 2147
1783602276985 0.34728172421455383 2148
1783602277073 0.5783706903457642 2149
1783602277185 0.1781967431306839 2150
1783602277249 0.514057993888855 2151
1783602277328 0.6066197752952576 2152
1783602277435 0.11306249350309372 2153
1783602277563 0.42560499906539917 2154
1783602277637 0.2716735005378723 2155
1783602277743 0.49238771200180054 2156
1783602277822 0.12635990977287292 2157
1783602277926 0.19086861610412598 2158
1783602278015 0.08653716742992401 2159
1783602278095 0.3677944839000702 2160
1783602278197 0.3070414364337921 2161
1783602278294 0.08598022162914276 2162
1783602278396 0.15442384779453278 2163
1783602278473 0.27883926033973694 2164
1783602278588 0.18930742144584656 2165
1783602278679 0.5391812324523926 2166
1783602278797 0.2816077768802643 2167
1783602278878 0.23239585757255554 2168
1783602278949 0.2954618036746979 2169
1783602279030 0.17090889811515808 2170
1783602279161 0.21762578189373016 2171
1783602279296 0.21060559153556824 2172
1783602279405 0.3092713952064514 2173
1783602279474 0.3246758282184601 2174
1783602279567 0.30468475818634033 2175
1783602279680 0.3161795437335968 2176
1783602279787 0.18679869174957275 2177
1783602279874 0.5424861311912537 2178
1783602279992 0.1647798717021942 2179
1783602280107 0.5350415110588074 2180
1783602280201 0.43431350588798523 2181
1783602280271 0.2599720060825348 2182
1783602280345 0.39128991961479187 2183
1783602280421 0.19129742681980133 2184
1783602280536 0.21102015674114227 2185
1783602280606 0.10664287209510803 2186
1783602280724 0.3051099181175232 2187
1783602280855 0.2414810061454773 2188
1783602280961 0.1710452288389206 2189
1783602281050 0.18781130015850067 2190
1783602281135 0.3399045169353485 2191
1783602281234 0.13482701778411865 2192
1783602281351 0.3398131728172302 2193
1783602281432 0.1848149597644806 2194
1783602281537 0.20805738866329193 2195
1783602281630 0.31967711448669434 2196
1783602281725 0.2965979278087616 2197
1783602281820 0.4188534915447235 2198
1783602281928 0.3229995667934418 2199
1783602282036 0.2748638391494751 2200
1783602282138 0.3085342049598694 2201
1783602282283 0.2547520697116852 2202
1783602282421 0.3198290765285492 2203
1783602282565 0.2523088753223419 2204
1783602282724 0.6046561002731323 2205
1783602282790 0.35129308700561523 2206
1783602282853 0.36434534192085266 2207
1783602282923 0.263208270072937 2208
1783602282987 0.13620807230472565 2209
1783602283049 0.5326427221298218 2210
1783602283125 0.3119690418243408 2211
1783602283197 0.20128315687179565 2212
1783602283275 0.2530291974544525 2213
1783602283349 0.13901692628860474 2214
1783602283435 0.18988250195980072 2215
1783602283532 0.3430389165878296 2216
1783602283635 0.15323404967784882 2217
1783602283753 0.48485422134399414 2218
1783602283835 0.36211615800857544 2219
1783602283934 0.3224753439426422 2220
1783602284013 0.28419527411460876 2221
1783602284097 0.5540422797203064 2222
1783602284189 0.04874127358198166 2223
1783602284287 0.4886426627635956 2224
1783602284371 0.5020697712898254 2225
1783602284447 0.4088616371154785 2226
1783602284546 0.1682620644569397 2227
1783602284616 0.28355783224105835 2228
1783602284689 0.5722823739051819 2229
1783602284793 0.11456673592329025 2230
1783602284910 0.4168734848499298 2231
1783602284972 0.46902796626091003 2232
1783602285072 0.19318310916423798 2233
1783602285153 0.25008225440979004 2234
1783602285244 0.5225368142127991 2235
1783602285322 0.5870286226272583 2236
1783602285422 0.2023688703775406 2237
1783602285516 0.15321201086044312 2238
1783602285617 0.3967874050140381 2239
1783602285701 0.1410827338695526 2240
1783602285779 0.41193467378616333 2241
1783602285899 0.3082905113697052 2242
1783602286022 0.278944730758667 2243
1783602286129 0.7117692232131958 2244
1783602286208 0.7477186918258667 2245
1783602286283 0.2264261245727539 2246
1783602286380 0.21423426270484924 2247
1783602286484 0.09503471851348877 2248
1783602286567 0.5615060329437256 2249
1783602286644 0.350599467754364 2250
1783602286722 0.117977574467659 2251
1783602286824 0.2497166395187378 2252
1783602286948 0.18603360652923584 2253
1783602287036 0.16387060284614563 2254
1783602287142 0.2651803493499756 2255
1783602287276 0.6658192873001099 2256
1783602287403 0.0916803702712059 2257
1783602287483 0.3630388081073761 2258
1783602287569 0.31513363122940063 2259
1783602287702 0.6082593202590942 2260
1783602287795 0.3203868567943573 2261
1783602287887 0.14289428293704987 2262
1783602287973 0.38735049962997437 2263
1783602288062 0.23159973323345184 2264
1783602288137 0.2304353415966034 2265
1783602288239 0.3772384524345398 2266
1783602288351 0.3994430899620056 2267
1783602288482 0.2597101330757141 2268
1783602288632 0.11259051412343979 2269
1783602288719 0.29738542437553406 2270
1783602288813 0.3662463128566742 2271
1783602288892 0.1055184081196785 2272
1783602288994 0.20792433619499207 2273
1783602289077 0.8398097157478333 2274
1783602289169 0.21067430078983307 2275
1783602289241 0.09145647287368774 2276
1783602289347 0.3401249051094055 2277
1783602289459 0.5665645599365234 2278
1783602289537 0.18454712629318237 2279
1783602289676 0.6990090012550354 2280
1783602289810 0.5221382975578308 2281
1783602289929 0.4781506061553955 2282
1783602290034 0.5025784969329834 2283
1783602290170 0.11794603615999222 2284
1783602290264 0.32928743958473206 2285
1783602290350 0.14744718372821808 2286
1783602290439 0.40605679154396057 2287
1783602290517 0.3622775077819824 2288
1783602290589 0.3046691417694092 2289
1783602290667 0.3118916153907776 2290
1783602290749 0.302699476480484 2291
1783602290821 0.2552597224712372 2292
1783602290914 0.3931460976600647 2293
1783602291002 0.3130863606929779 2294
1783602291092 0.5609360337257385 2295
1783602291174 0.2923203706741333 2296
1783602291272 0.48241937160491943 2297
1783602291460 0.1978917121887207 2298
1783602291575 0.4920158088207245 2299
1783602291679 0.4285307824611664 2300
1783602291805 0.15888459980487823 2301
1783602291925 0.9197772145271301 2302
1783602292001 0.257520467042923 2303
1783602292139 0.10515670478343964 2304
1783602292261 0.39058512449264526 2305
1783602292352 0.24676349759101868 2306
1783602292440 0.2933507561683655 2307
1783602292536 0.4182121753692627 2308
1783602292643 0.18266795575618744 2309
1783602292734 0.25436919927597046 2310
1783602292855 0.7237335443496704 2311
1783602292945 0.08497680723667145 2312
1783602293037 0.2577087879180908 2313
1783602293114 0.21506138145923615 2314
1783602293215 0.20410525798797607 2315
1783602293304 0.05950576066970825 2316
1783602293392 0.26823821663856506 2317
1783602293477 0.2532212734222412 2318
1783602293575 0.4070025682449341 2319
1783602293701 0.1992354840040207 2320
1783602293773 0.3504732847213745 2321
1783602293853 0.2377336025238037 2322
1783602293933 0.7526686191558838 2323
1783602294032 0.91205894947052 2324
1783602294127 0.5239705443382263 2325
1783602294243 0.3286229372024536 2326
1783602294360 0.18466822803020477 2327
1783602294449 0.2708837687969208 2328
1783602294533 0.22644087672233582 2329
1783602294599 0.39596888422966003 2330
1783602294691 0.4230259656906128 2331
1783602294764 0.20885741710662842 2332
1783602294939 0.4553714096546173 2333
1783602295025 0.49288278818130493 2334
1783602295098 0.35719504952430725 2335
1783602295193 0.361739844083786 2336
1783602295268 0.16817297041416168 2337
1783602295381 0.10410716384649277 2338
1783602295455 0.2681950032711029 2339
1783602295528 0.16483938694000244 2340
1783602295608 0.3505482077598572 2341
1783602295741 0.23883698880672455 2342
1783602295824 0.3613211214542389 2343
1783602295917 0.3603793978691101 2344
1783602296026 0.4464571177959442 2345
1783602296142 0.5258636474609375 2346
1783602296256 0.3392890691757202 2347
1783602296349 0.25481554865837097 2348
1783602296450 0.22343112528324127 2349
1783602296577 0.14908845722675323 2350
1783602296665 1.2076573371887207 2351
1783602296756 0.13703446090221405 2352
1783602296834 0.19899539649486542 2353
1783602296910 0.4444687068462372 2354
1783602297000 0.34495264291763306 2355
1783602297095 0.30009040236473083 2356
1783602297187 0.3870960474014282 2357
1783602297303 0.33294054865837097 2358
1783602297376 0.19459177553653717 2359
1783602297484 0.1584785282611847 2360
1783602297581 0.25084546208381653 2361
1783602297659 0.2608283460140228 2362
1783602297764 0.33679428696632385 2363
1783602297850 0.1452241688966751 2364
1783602297934 0.3720795512199402 2365
1783602298007 0.3039826452732086 2366
1783602298120 0.14149777591228485 2367
1783602298217 0.3190562427043915 2368
1783602298318 0.20093099772930145 2369
1783602298451 0.4595816731452942 2370
1783602298600 0.41536644101142883 2371
1783602298704 0.18046115338802338 2372
1783602298808 0.541487991809845 2373
1783602298894 0.4325966536998749 2374
1783602299042 0.6173950433731079 2375
1783602299139 0.6036149263381958 2376
1783602299224 0.4614488184452057 2377
1783602299301 0.14953891932964325 2378
1783602299376 0.24470144510269165 2379
1783602299459 0.10453757643699646 2380
1783602299559 0.5029444098472595 2381
1783602299680 0.12303357571363449 2382
1783602299774 0.2716083228588104 2383
1783602299892 0.23533597588539124 2384
1783602299990 0.4103526473045349 2385
1783602300066 0.41611549258232117 2386
1783602300144 0.08188366889953613 2387
1783602300240 0.3512919545173645 2388
1783602300366 0.07681068032979965 2389
1783602300449 0.5822263360023499 2390
1783602300541 0.2958674430847168 2391
1783602300660 0.1981545090675354 2392
1783602300756 0.3357931673526764 2393
1783602300844 0.4158218204975128 2394
1783602300929 0.9608687162399292 2395
1783602301039 0.33231306076049805 2396
1783602301126 0.32825204730033875 2397
1783602301199 0.09121250361204147 2398
1783602301292 0.31534016132354736 2399
1783602301388 0.3526292145252228 2400
1783602301462 0.3121699094772339 2401
1783602301666 0.32676392793655396 2402
1783602301758 0.3528346121311188 2403
1783602301904 0.4153285324573517 2404
1783602302024 0.3685513734817505 2405
1783602302153 0.3182016611099243 2406
1783602302243 0.5194506645202637 2407
1783602302356 0.2911517322063446 2408
1783602302425 0.32776299118995667 2409
1783602302527 0.19113796949386597 2410
1783602302656 0.390329509973526 2411
1783602302767 0.1034073606133461 2412
1783602302857 0.09491007775068283 2413
1783602302939 0.6315990090370178 2414
1783602303012 0.17388202250003815 2415
1783602303119 0.33480095863342285 2416
1783602303238 0.2868160009384155 2417
1783602303317 0.21868175268173218 2418
1783602303413 0.8789482116699219 2419
1783602303491 0.21932446956634521 2420
1783602303606 0.3427659869194031 2421
1783602303679 0.514480471611023 2422
1783602303781 0.6815209984779358 2423
1783602303878 0.08127878606319427 2424
1783602303973 0.1338108330965042 2425
1783602304058 0.38034188747406006 2426
1783602304138 0.15177121758460999 2427
1783602304222 0.45792433619499207 2428
1783602304319 0.2116403728723526 2429
1783602304399 0.3453429043292999 2430
1783602304489 0.28592929244041443 2431
1783602304571 0.2729952931404114 2432
1783602304652 0.3979581594467163 2433
1783602304723 0.18777157366275787 2434
1783602304826 0.525099515914917 2435
1783602304942 0.43868356943130493 2436
1783602305024 0.6976427435874939 2437
1783602305125 0.24486012756824493 2438
1783602305223 0.3663591146469116 2439
1783602305315 0.7068188190460205 2440
1783602305398 0.6680793166160583 2441
1783602305493 0.2673839330673218 2442
1783602305563 0.2036302536725998 2443
1783602305653 0.2374798208475113 2444
1783602305732 0.3819364607334137 2445
1783602305855 0.4207521677017212 2446
1783602305974 0.3575708568096161 2447
1783602306088 0.243215873837471 2448
1783602306187 0.2105993926525116 2449
1783602306264 0.12791629135608673 2450
1783602306407 0.5644246339797974 2451
1783602306519 0.47801265120506287 2452
1783602306608 0.2680085599422455 2453
1783602306756 0.221126526594162 2454
1783602306825 0.48326942324638367 2455
1783602306991 0.232697531580925 2456
1783602307086 0.19619032740592957 2457
1783602307158 0.19323934614658356 2458
1783602307263 0.4580138325691223 2459
1783602307359 0.2232038527727127 2460
1783602307463 0.3884361982345581 2461
1783602307538 0.3009388744831085 2462
1783602307626 0.1707235425710678 2463
1783602307707 0.3954785466194153 2464
1783602307831 0.14899887144565582 2465
1783602307915 0.09764298796653748 2466
1783602308003 0.4335317611694336 2467
1783602308067 0.739859402179718 2468
1783602308159 0.4147055745124817 2469
1783602308268 0.5296697616577148 2470
1783602308378 0.535051167011261 2471
1783602308481 0.3926876187324524 2472
1783602308615 0.3176884651184082 2473
1783602308737 0.2634583115577698 2474
1783602308807 0.22966888546943665 2475
1783602308869 0.13949424028396606 2476
1783602308978 0.4712977707386017 2477
1783602309118 0.5724904537200928 2478
1783602309185 0.11846756935119629 2479
1783602309265 0.7446118593215942 2480
1783602309351 0.2717112898826599 2481
1783602309461 0.24844081699848175 2482
1783602309554 0.25365111231803894 2483
1783602309630 0.16201049089431763 2484
1783602309724 0.2807987332344055 2485
1783602309808 0.22214235365390778 2486
1783602309885 0.0898212343454361 2487
1783602309959 0.36174455285072327 2488
1783602310070 0.3140695095062256 2489
1783602310149 0.19250351190567017 2490
1783602310259 0.16342709958553314 2491
1783602310373 0.2126416116952896 2492
1783602310457 0.49158230423927307 2493
1783602310527 0.17859433591365814 2494
1783602310615 0.39761289954185486 2495
1783602310693 0.20220251381397247 2496
1783602310784 0.2180982232093811 2497
1783602310872 0.32110488414764404 2498
1783602310965 0.522892415523529 2499
1783602311042 0.10643710196018219 2500
1783602311107 0.2345942258834839 2501
1783602311218 0.21647372841835022 2502
1783602311329 0.4277920424938202 2503
1783602311413 0.4012940526008606 2504
1783602311643 0.22081872820854187 2505
1783602311720 0.12387263774871826 2506
1783602311787 0.192345529794693 2507
1783602311848 0.1457229107618332 2508
1783602311938 0.7493050694465637 2509
1783602312008 0.665129542350769 2510
1783602312082 0.4553155303001404 2511
1783602312172 0.09536447376012802 2512
1783602312284 0.3473091125488281 2513
1783602312373 0.12112396955490112 2514
1783602312462 0.17652550339698792 2515
1783602312582 0.3393861949443817 2516
1783602312665 0.2096550017595291 2517
1783602312907 0.27459362149238586 2518
1783602312989 0.1860705316066742 2519
1783602313089 0.11097759753465652 2520
1783602313169 0.14791834354400635 2521
1783602313251 0.3218359053134918 2522
1783602313334 0.3641243278980255 2523
1783602313440 0.3193603456020355 2524
1783602313559 0.3073920011520386 2525
1783602313663 0.3404144048690796 2526
1783602313769 0.3034166395664215 2527
1783602313874 0.14371003210544586 2528
1783602313956 0.2924397587776184 2529
1783602314116 0.16924431920051575 2530
1783602314221 0.3631347119808197 2531
1783602314295 0.28267702460289 2532
1783602314370 0.18521223962306976 2533
1783602314490 0.37415263056755066 2534
1783602314590 0.47101640701293945 2535
1783602314645 0.1965523660182953 2536
1783602314741 0.2188294678926468 2537
1783602314821 0.165680930018425 2538
1783602314905 0.1535608023405075 2539
1783602314991 0.13949143886566162 2540
1783602315105 0.3781742453575134 2541
1783602315214 0.3132109045982361 2542
1783602315283 0.20502209663391113 2543
1783602315393 0.40684783458709717 2544
1783602315475 0.4359997808933258 2545
1783602315577 0.1768420934677124 2546
1783602315663 0.337136447429657 2547
1783602315756 0.49967822432518005 2548
1783602315859 0.49744346737861633 2549
1783602315946 0.26092004776000977 2550
1783602316021 0.2407742738723755 2551
1783602316148 0.14913931488990784 2552
1783602316252 0.21215462684631348 2553
1783602316338 0.6157384514808655 2554
1783602316427 0.33569005131721497 2555
1783602316553 0.25106820464134216 2556
1783602316662 0.17367780208587646 2557
1783602316793 0.43862855434417725 2558
1783602316879 0.5816819667816162 2559
1783602316960 0.4268559217453003 2560
1783602317048 0.6050422787666321 2561
1783602317132 0.17984360456466675 2562
1783602317243 0.48064714670181274 2563
1783602317314 0.2865088880062103 2564
1783602317410 0.6218582391738892 2565
1783602317490 0.25797203183174133 2566
1783602317590 0.31157615780830383 2567
1783602317729 0.32757920026779175 2568
1783602317827 0.5818718671798706 2569
1783602317933 0.2091742753982544 2570
1783602318021 0.296935111284256 2571
1783602318100 0.2346753031015396 2572
1783602318211 0.32973548769950867 2573
1783602318315 0.3382403254508972 2574
1783602318410 0.37494969367980957 2575
1783602318515 0.39108991622924805 2576
1783602318609 0.5035732388496399 2577
1783602318707 0.2940325140953064 2578
1783602318810 0.8552743196487427 2579
1783602318899 0.3165323734283447 2580
1783602318990 0.1986803561449051 2581
1783602319071 0.14302273094654083 2582
1783602319200 0.3527473211288452 2583
1783602319277 0.40751567482948303 2584
1783602319364 0.10952672362327576 2585
1783602319472 0.22236047685146332 2586
1783602319575 0.2106970101594925 2587
1783602319651 0.3724394142627716 2588
1783602319760 0.33056527376174927 2589
1783602319873 0.3751201033592224 2590
1783602319959 0.17204944789409637 2591
1783602320058 0.05939896032214165 2592
1783602320136 0.23920860886573792 2593
1783602320227 0.4968409240245819 2594
1783602320325 0.2545105516910553 2595
1783602320415 0.15780970454216003 2596
1783602320496 0.6140972375869751 2597
1783602320561 0.2656843960285187 2598
1783602320648 0.1872887760400772 2599
1783602320741 0.17877942323684692 2600
1783602320840 0.25345346331596375 2601
1783602320945 0.6590183973312378 2602
1783602321061 0.29550015926361084 2603
1783602321153 0.27797263860702515 2604
1783602321234 0.227762371301651 2605
1783602321335 0.23033024370670319 2606
1783602321463 0.1529698669910431 2607
1783602321558 0.3329969048500061 2608
1783602321681 0.386332631111145 2609
1783602321764 0.6965048313140869 2610
1783602321868 0.3447090685367584 2611
1783602321951 0.2690492272377014 2612
1783602322038 0.16222114861011505 2613
1783602322132 0.33704185485839844 2614
1783602322238 0.27987250685691833 2615
1783602322331 0.40524744987487793 2616
1783602322447 0.14911361038684845 2617
1783602322525 0.2326069325208664 2618
1783602322636 0.27568337321281433 2619
1783602322718 0.444085031747818 2620
1783602322827 0.2603326737880707 2621
1783602322889 0.7139041423797607 2622
1783602322973 0.20056740939617157 2623
1783602323065 0.2035083919763565 2624
1783602323148 0.3233482241630554 2625
1783602323224 0.4666667580604553 2626
1783602323316 0.5037327408790588 2627
1783602323443 0.4441772401332855 2628
1783602323539 0.23287749290466309 2629
1783602323664 0.35682594776153564 2630
1783602323734 0.11749804764986038 2631
1783602323851 0.38091689348220825 2632
1783602323940 0.1703706681728363 2633
1783602324028 0.23951272666454315 2634
1783602324120 0.39551180601119995 2635
1783602324246 0.30935388803482056 2636
1783602324330 0.4628559350967407 2637
1783602324425 0.04947924613952637 2638
1783602324494 0.48823967576026917 2639
1783602324575 0.4694744348526001 2640
1783602324660 0.3887912631034851 2641
1783602324789 0.29570871591567993 2642
1783602324865 0.391248881816864 2643
1783602324952 0.4158310890197754 2644
1783602325047 0.30996692180633545 2645
1783602325129 0.26855072379112244 2646
1783602325205 0.18537680804729462 2647
1783602325337 0.2896532714366913 2648
1783602325504 0.4378080368041992 2649
1783602325574 0.24855104088783264 2650
1783602325660 0.4086351692676544 2651
1783602325748 0.23709258437156677 2652
1783602325868 0.3540220558643341 2653
1783602325993 0.2119220793247223 2654
1783602326113 0.47588005661964417 2655
1783602326195 0.4394259750843048 2656
1783602326297 0.26203444600105286 2657
1783602326394 0.27975353598594666 2658
1783602326498 0.1087004691362381 2659
1783602326606 0.2888098359107971 2660
1783602326686 0.3192472755908966 2661
1783602326775 0.21893875300884247 2662
1783602326861 0.5962677597999573 2663
1783602326941 0.22274631261825562 2664
1783602327021 0.7470832467079163 2665
1783602327088 0.27915143966674805 2666
1783602327162 0.15091809630393982 2667
1783602327228 0.39624860882759094 2668
1783602327294 0.26515352725982666 2669
1783602327379 0.20418807864189148 2670
1783602327479 0.24473543465137482 2671
1783602327569 0.3102699816226959 2672
1783602327648 0.30197370052337646 2673
1783602327738 0.21894870698451996 2674
1783602327845 0.34448814392089844 2675
1783602327961 0.29953014850616455 2676
1783602328039 0.281053364276886 2677
1783602328125 0.4723643958568573 2678
1783602328213 0.6692807674407959 2679
1783602328309 0.7912067174911499 2680
1783602328411 0.15825136005878448 2681
1783602328512 0.23244671523571014 2682
1783602328609 0.22494451701641083 2683
1783602328724 0.6637479662895203 2684
1783602328809 0.3369825482368469 2685
1783602328891 0.5760411024093628 2686
1783602328967 0.2917974293231964 2687
1783602329065 0.07023490965366364 2688
1783602329150 0.5524759292602539 2689
1783602329229 0.40085935592651367 2690
1783602329324 0.3742794394493103 2691
1783602329421 0.31329861283302307 2692
1783602329506 0.388843834400177 2693
1783602329572 0.27582642436027527 2694
1783602329661 0.3664546012878418 2695
1783602329758 0.485246479511261 2696
1783602329847 0.27947860956192017 2697
1783602329957 0.30896151065826416 2698
1783602330045 0.3696654736995697 2699
1783602330158 0.1372005045413971 2700
1783602330247 0.4032922387123108 2701
1783602330350 0.22682276368141174 2702
1783602330445 0.32722005248069763 2703
1783602330599 0.7230843305587769 2704
1783602330692 0.4132959544658661 2705
1783602330772 0.1631021797657013 2706
1783602330841 0.29111096262931824 2707
1783602330914 0.4281022846698761 2708
1783602331015 0.28505513072013855 2709
1783602331113 0.13462631404399872 2710
1783602331179 0.2599000334739685 2711
1783602331273 0.24291113018989563 2712
1783602331379 0.5733470320701599 2713
1783602331473 0.21973247826099396 2714
1783602331562 0.3528120517730713 2715
1783602331691 0.34485405683517456 2716
1783602331787 0.4633248448371887 2717
1783602331886 0.2833108901977539 2718
1783602331977 0.700957179069519 2719
1783602332052 0.25703945755958557 2720
1783602332131 0.11726511269807816 2721
1783602332211 0.22677306830883026 2722
1783602332309 0.30810999870300293 2723
1783602332425 0.24765639007091522 2724
1783602332506 0.24061687290668488 2725
1783602332620 0.21455715596675873 2726
1783602332714 0.5994754433631897 2727
1783602332789 0.16110973060131073 2728
1783602332875 0.2924606502056122 2729
1783602332956 0.08447515964508057 2730
1783602333067 0.5858564376831055 2731
1783602333147 0.2415623664855957 2732
1783602333239 0.28823667764663696 2733
1783602333322 0.2541239857673645 2734
1783602333442 0.22242842614650726 2735
1783602333533 0.16441592574119568 2736
1783602333608 0.568913459777832 2737
1783602333678 0.0906432494521141 2738
1783602333754 0.02440570667386055 2739
1783602333847 0.4534204602241516 2740
1783602333972 0.5850615501403809 2741
1783602334054 0.5115547776222229 2742
1783602334198 0.5320204496383667 2743
1783602334341 0.2525041997432709 2744
1783602334462 0.24531951546669006 2745
1783602334545 0.16528017818927765 2746
1783602334605 0.34503066539764404 2747
1783602334685 0.707241952419281 2748
1783602334756 0.17625248432159424 2749
1783602334866 0.3329455554485321 2750
1783602334939 0.2942126989364624 2751
1783602335068 0.45721524953842163 2752
1783602335169 0.3130439221858978 2753
1783602335298 0.20414873957633972 2754
1783602335449 0.7380907535552979 2755
1783602335567 0.36188197135925293 2756
1783602335658 0.10732428729534149 2757
1783602335732 0.2316819429397583 2758
1783602335823 0.4151294231414795 2759
1783602335901 0.21830029785633087 2760
1783602336006 0.37379124760627747 2761
1783602336116 0.33660104870796204 2762
1783602336225 0.7404587864875793 2763
1783602336312 0.3589315414428711 2764
1783602336410 0.14711301028728485 2765
1783602336529 0.5782689452171326 2766
1783602336662 0.2915201187133789 2767
1783602336752 0.46560564637184143 2768
1783602336850 0.26667359471321106 2769
1783602336928 0.4400748014450073 2770
1783602337017 0.21751150488853455 2771
1783602337096 0.201054647564888 2772
1783602337226 0.5684372782707214 2773
1783602337301 0.43500274419784546 2774
1783602337417 0.20907843112945557 2775
1783602337505 0.217911958694458 2776
1783602337590 0.24550631642341614 2777
1783602337692 0.5397376418113708 2778
1783602337769 0.10742262005805969 2779
1783602337897 0.21150004863739014 2780
1783602338014 0.2123068869113922 2781
1783602338098 0.2848135828971863 2782
1783602338184 0.19501914083957672 2783
1783602338291 0.07592648267745972 2784
1783602338370 0.2790524661540985 2785
1783602338461 0.16307300329208374 2786
1783602338563 0.31026753783226013 2787
1783602338628 0.3706522285938263 2788
1783602338706 0.43833768367767334 2789
1783602338781 0.220847949385643 2790
1783602338860 0.2602789103984833 2791
1783602338944 0.26174280047416687 2792
1783602339020 0.7572310566902161 2793
1783602339116 0.24756686389446259 2794
1783602339226 0.6888869404792786 2795
1783602339299 0.3355703055858612 2796
1783602339440 0.8776617646217346 2797
1783602339531 0.09685906022787094 2798
1783602339642 0.31127727031707764 2799
1783602339721 0.07800019532442093 2800
1783602339865 0.3972280025482178 2801
1783602339954 0.3415127694606781 2802
1783602340082 0.4397886395454407 2803
1783602340182 0.3027166724205017 2804
1783602340311 0.22055789828300476 2805
1783602340418 0.5031964182853699 2806
1783602340545 0.36071914434432983 2807
1783602340656 0.3156296908855438 2808
1783602340769 0.18879149854183197 2809
1783602340841 0.4899502098560333 2810
1783602340938 0.7423207759857178 2811
1783602341033 0.15779444575309753 2812
1783602341111 0.2587229907512665 2813
1783602341186 0.39026138186454773 2814
1783602341293 0.27015528082847595 2815
1783602341394 0.42194345593452454 2816
1783602341496 0.2463228851556778 2817
1783602341615 0.2966434955596924 2818
1783602341691 0.27215951681137085 2819
1783602341817 0.1542034149169922 2820
1783602342009 0.32246798276901245 2821
1783602342083 0.2061796933412552 2822
1783602342188 0.2821955382823944 2823
1783602342285 0.3664889633655548 2824
1783602342367 0.20131877064704895 2825
1783602342447 0.20617221295833588 2826
1783602342544 0.13257181644439697 2827
1783602342667 0.15228205919265747 2828
1783602342815 0.5181537866592407 2829
1783602342943 0.23433974385261536 2830
1783602343079 0.3138199746608734 2831
1783602343188 0.3089367747306824 2832
1783602343270 0.17678844928741455 2833
1783602343350 0.3620745837688446 2834
1783602343427 0.2732296586036682 2835
1783602343534 0.24921879172325134 2836
1783602343606 0.29843154549598694 2837
1783602343727 0.39370274543762207 2838
1783602343822 0.5999125242233276 2839
1783602343946 0.516923189163208 2840
1783602344072 0.3058215081691742 2841
1783602344158 0.4201014041900635 2842
1783602344275 0.46346715092658997 2843
1783602344418 0.15111622214317322 2844
1783602344545 0.22354018688201904 2845
1783602344665 0.2517843246459961 2846
1783602344749 0.3815329670906067 2847
1783602344840 0.29849427938461304 2848
1783602344944 0.18538017570972443 2849
1783602345035 0.2210763394832611 2850
1783602345132 0.3768136501312256 2851
1783602345232 0.5812910199165344 2852
1783602345338 0.32643088698387146 2853
1783602345432 0.20302355289459229 2854
1783602345504 0.18052540719509125 2855
1783602345587 0.4462440609931946 2856
1783602345697 0.30182620882987976 2857
1783602345835 0.3831537961959839 2858
1783602345910 0.10242244601249695 2859
1783602346008 0.7847033143043518 2860
1783602346081 0.33224108815193176 2861
1783602346180 0.11870532482862473 2862
1783602346297 0.27913787961006165 2863
1783602346412 0.3891148269176483 2864
1783602346542 0.5955161452293396 2865
1783602346616 0.547789454460144 2866
1783602346717 0.416035532951355 2867
1783602346839 0.28421831130981445 2868
1783602346972 0.375745952129364 2869
1783602347074 0.35627564787864685 2870
1783602347159 0.4025129973888397 2871
1783602347239 0.366877943277359 2872
1783602347325 0.13671796023845673 2873
1783602347431 0.5620797276496887 2874
1783602347513 0.3781428039073944 2875
1783602347595 0.1273440569639206 2876
1783602347700 0.35509297251701355 2877
1783602347787 0.11362876743078232 2878
1783602347859 0.28985339403152466 2879
1783602347950 1.0837517976760864 2880
1783602348056 0.13411159813404083 2881
1783602348157 0.300682008266449 2882
1783602348244 0.4840100109577179 2883
1783602348331 0.6056535840034485 2884
1783602348442 0.23663653433322906 2885
1783602348560 0.3162142336368561 2886
1783602348665 0.2933507263660431 2887
1783602348775 0.11287711560726166 2888
1783602348875 0.22069253027439117 2889
1783602348945 0.2525753676891327 2890
1783602349041 0.32287707924842834 2891
1783602349175 0.25245538353919983 2892
1783602349298 0.12609684467315674 2893
1783602349397 0.4448498785495758 2894
1783602349494 0.3484804332256317 2895
1783602349608 0.3278307020664215 2896
1783602349702 0.18485674262046814 2897
1783602349811 0.43793004751205444 2898
1783602349888 0.4001781642436981 2899
1783602349983 0.36537468433380127 2900
1783602350073 0.15181227028369904 2901
1783602350169 0.5398130416870117 2902
1783602350281 0.5641458630561829 2903
1783602350400 0.5054756999015808 2904
1783602350505 0.691821277141571 2905
1783602350607 0.4722095727920532 2906
1783602350689 0.36131444573402405 2907
1783602350787 0.21035529673099518 2908
1783602350859 0.16314677894115448 2909
1783602350962 0.5402855277061462 2910
1783602351049 0.3188909590244293 2911
1783602351138 0.16885454952716827 2912
1783602351227 0.20427073538303375 2913
1783602351350 0.5152477622032166 2914
1783602351458 0.3516581058502197 2915
1783602351557 0.5841979384422302 2916
1783602351690 0.11791785806417465 2917
1783602351805 0.3293273150920868 2918
1783602351874 0.3698928952217102 2919
1783602351984 0.2657148838043213 2920
1783602352080 0.1752629429101944 2921
1783602352186 0.45173078775405884 2922
1783602352266 0.09052571654319763 2923
1783602352341 0.10994498431682587 2924
1783602352443 0.4629816710948944 2925
1783602352552 0.5021348595619202 2926
1783602352630 0.5486806631088257 2927
1783602352702 0.4554107189178467 2928
1783602352782 0.43879467248916626 2929
1783602352892 0.2839241027832031 2930
1783602353016 0.4219948947429657 2931
1783602353113 0.15085314214229584 2932
1783602353260 0.39896905422210693 2933
1783602353346 0.2714732885360718 2934
1783602353466 0.13243122398853302 2935
1783602353549 0.6581330299377441 2936
1783602353649 0.2950916588306427 2937
1783602353729 0.2098158597946167 2938
1783602353838 0.46928244829177856 2939
1783602353950 0.2611294388771057 2940
1783602354053 0.40559786558151245 2941
1783602354162 0.10794296860694885 2942
1783602354248 0.7160972356796265 2943
1783602354334 0.5027080178260803 2944
1783602354401 0.09246013313531876 2945
1783602354497 0.31488990783691406 2946
1783602354571 0.4155665934085846 2947
1783602354663 0.41483786702156067 2948
1783602354729 0.6072579026222229 2949
1783602354817 0.2002210170030594 2950
1783602354933 0.5707199573516846 2951
1783602354999 0.4091882109642029 2952
1783602355073 0.2149292230606079 2953
1783602355187 0.21239973604679108 2954
1783602355256 0.23767024278640747 2955
1783602355351 0.24162568151950836 2956
1783602355426 0.2235928624868393 2957
1783602355533 0.6448392868041992 2958
1783602355635 0.07626239210367203 2959
1783602355702 0.4314141571521759 2960
1783602355786 0.4093044102191925 2961
1783602355889 0.4171302020549774 2962
1783602355967 0.1848432868719101 2963
1783602356048 0.30624479055404663 2964
1783602356144 0.20143505930900574 2965
1783602356287 0.04573535919189453 2966
1783602356407 0.37734952569007874 2967
1783602356478 0.2330443412065506 2968
1783602356594 0.11948291212320328 2969
1783602356696 0.24287369847297668 2970
1783602356816 0.3425658047199249 2971
1783602356914 0.35248252749443054 2972
1783602357029 0.18545487523078918 2973
1783602357133 0.32612940669059753 2974
1783602357217 0.320916086435318 2975
1783602357292 0.31217479705810547 2976
1783602357360 0.29326513409614563 2977
1783602357452 0.20066718757152557 2978
1783602357537 0.4505223333835602 2979
1783602357609 0.2998516261577606 2980
1783602357702 0.6693779826164246 2981
1783602357816 0.17216800153255463 2982
1783602357906 0.6089540719985962 2983
1783602357994 0.5180742144584656 2984
1783602358113 0.41864433884620667 2985
1783602358232 0.2735852301120758 2986
1783602358355 0.24678808450698853 2987
1783602358446 0.42994195222854614 2988
1783602358528 0.20941153168678284 2989
1783602358599 0.2923719882965088 2990
1783602358690 0.22989137470722198 2991
1783602358794 0.15517015755176544 2992
1783602358912 0.6612269878387451 2993
1783602358974 0.19830253720283508 2994
1783602359046 0.4796235263347626 2995
1783602359162 0.4824466407299042 2996
1783602359264 0.32219499349594116 2997
1783602359357 0.28901565074920654 2998
1783602359444 0.12393487989902496 2999
1783602359522 0.39182013273239136 3000
1783602359629 0.4192999601364136 3001
1783602359718 0.11182492226362228 3002
1783602359813 0.10224172472953796 3003
1783602359882 0.21818393468856812 3004
1783602360002 0.3146246075630188 3005
1783602360129 0.35387519001960754 3006
1783602360228 0.2834063172340393 3007
1783602360356 0.21179130673408508 3008
1783602360436 0.38440415263175964 3009
1783602360524 0.29261094331741333 3010
1783602360600 0.41978228092193604 3011
1783602360692 0.3357566297054291 3012
1783602360774 0.5297842025756836 3013
1783602360850 0.27471601963043213 3014
1783602360934 0.07002395391464233 3015
1783602361009 0.42006298899650574 3016
1783602361078 0.45139214396476746 3017
1783602361179 0.5758311152458191 3018
1783602361303 0.336010605096817 3019
1783602361379 0.180589959025383 3020
1783602361476 0.19885945320129395 3021
1783602361591 0.2126883715391159 3022
1783602361714 0.16549286246299744 3023
1783602361786 0.2862887680530548 3024
1783602361884 0.4243738353252411 3025
1783602361974 0.28750500082969666 3026
1783602362083 0.309538334608078 3027
1783602362152 0.2424379289150238 3028
1783602362260 0.17438814043998718 3029
1783602362344 0.14895547926425934 3030
1783602362455 0.17016670107841492 3031
1783602362542 0.14613597095012665 3032
1783602362658 0.439448744058609 3033
1783602362764 0.11919993162155151 3034
1783602362848 0.29237180948257446 3035
1783602362935 0.475429505109787 3036
1783602363060 0.5135911703109741 3037
1783602363115 0.2848037779331207 3038
1783602363180 0.7409865260124207 3039
1783602363245 0.2902289032936096 3040
1783602363358 0.13354474306106567 3041
1783602363446 0.27598294615745544 3042
1783602363524 0.1530035138130188 3043
1783602363591 0.4911206364631653 3044
1783602363653 0.7858977317810059 3045
1783602363716 0.2115713655948639 3046
1783602363780 0.5304496884346008 3047
1783602363853 0.18263961374759674 3048
1783602363957 0.4055071175098419 3049
1783602364057 0.13363303244113922 3050
1783602364181 0.19959527254104614 3051
1783602364319 0.23426084220409393 3052
1783602364413 0.219321146607399 3053
1783602364521 0.3967195749282837 3054
1783602364616 0.2941664755344391 3055
1783602364688 0.18079054355621338 3056
1783602364749 0.42140963673591614 3057
1783602364841 0.319192111492157 3058
1783602364911 0.45179256796836853 3059
1783602365052 0.27294978499412537 3060
1783602365119 0.22742049396038055 3061
1783602365189 0.10675094276666641 3062
1783602365291 0.24220070242881775 3063
1783602365357 0.23720766603946686 3064
1783602365491 0.23039819300174713 3065
1783602365574 0.5493826866149902 3066
1783602365709 0.37402933835983276 3067
1783602365849 0.25223514437675476 3068
1783602365935 0.562743067741394 3069
1783602366023 0.2119697779417038 3070
1783602366093 0.4241444766521454 3071
1783602366179 0.29178690910339355 3072
1783602366268 0.4203484356403351 3073
1783602366382 0.4095202088356018 3074
1783602366489 0.5307332873344421 3075
1783602366577 0.4021995961666107 3076
1783602366683 0.43813130259513855 3077
1783602366757 0.12389455735683441 3078
1783602366853 0.5213496088981628 3079
1783602366970 0.49878302216529846 3080
1783602367097 0.46438339352607727 3081
1783602367196 0.26965609192848206 3082
1783602367287 0.4864802956581116 3083
1783602367368 0.24416500329971313 3084
1783602367472 0.21578580141067505 3085
1783602367565 0.41739600896835327 3086
1783602367687 0.29901885986328125 3087
1783602367807 0.5114853978157043 3088
1783602367903 0.3695918321609497 3089
1783602367987 0.5092949867248535 3090
1783602368109 0.4812171459197998 3091
1783602368223 0.1695709526538849 3092
1783602368327 0.326720654964447 3093
1783602368407 0.3742779791355133 3094
1783602368486 0.27861487865448 3095
1783602368579 0.11808892339468002 3096
1783602368676 0.3733687698841095 3097
1783602368764 0.37226879596710205 3098
1783602368897 0.3635307848453522 3099
1783602368951 0.6334765553474426 3100
1783602369027 0.31163424253463745 3101
1783602369144 0.2977296710014343 3102
1783602369230 0.1999027132987976 3103
1783602369344 0.23356947302818298 3104
1783602369442 0.163141131401062 3105
1783602369522 0.24920231103897095 3106
1783602369610 0.2098802626132965 3107
1783602369722 0.657322883605957 3108
1783602369805 0.306464284658432 3109
1783602369885 0.27986061573028564 3110
1783602369982 0.14255808293819427 3111
1783602370112 0.28059330582618713 3112
1783602370231 0.2923453152179718 3113
1783602370369 0.43968236446380615 3114
1783602370478 0.3850189447402954 3115
1783602370578 0.2535136938095093 3116
1783602370662 0.1363305300474167 3117
1783602370750 0.10139349102973938 3118
1783602370821 0.20723474025726318 3119
1783602370923 0.5308177471160889 3120
1783602371011 0.30570244789123535 3121
1783602371110 0.11652356386184692 3122
1783602371189 0.30925992131233215 3123
1783602371277 0.30784979462623596 3124
1783602371364 0.4732602536678314 3125
1783602371467 0.16519950330257416 3126
1783602371570 0.1584077775478363 3127
1783602371652 0.5882511734962463 3128
1783602371762 0.4239083528518677 3129
1783602371874 0.47056853771209717 3130
1783602371966 0.4155481457710266 3131
1783602372163 0.755580723285675 3132
1783602372242 0.07507862150669098 3133
1783602372321 0.17290863394737244 3134
1783602372428 0.27177801728248596 3135
1783602372558 0.17514805495738983 3136
1783602372664 0.1610672026872635 3137
1783602372758 0.14751052856445312 3138
1783602372835 0.5512524843215942 3139
1783602372959 0.28838008642196655 3140
1783602373062 0.44277340173721313 3141
1783602373195 0.40602484345436096 3142
1783602373289 0.20049822330474854 3143
1783602373507 0.47001898288726807 3144
1783602373575 0.26501792669296265 3145
1783602373676 0.25247621536254883 3146
1783602373792 0.18111948668956757 3147
1783602373877 0.6200055480003357 3148
1783602373990 0.15474608540534973 3149
1783602374094 0.22933359444141388 3150
1783602374193 0.6295197606086731 3151
1783602374268 0.27088814973831177 3152
1783602374355 0.09842070192098618 3153
1783602374451 0.22376498579978943 3154
1783602374536 0.4540797770023346 3155
1783602374597 0.1523677408695221 3156
1783602374713 0.3891284167766571 3157
1783602374815 0.11855047941207886 3158
1783602374909 0.214090034365654 3159
1783602374976 0.6487177014350891 3160
1783602375066 0.2457689642906189 3161
1783602375163 0.2988862693309784 3162
1783602375264 0.23230218887329102 3163
1783602375346 0.8128172159194946 3164
1783602375437 0.44580474495887756 3165
1783602375521 0.33384016156196594 3166
1783602375645 0.5350682139396667 3167
1783602375742 0.16705994307994843 3168
1783602375825 0.11147531121969223 3169
1783602375936 0.42126116156578064 3170
1783602376039 0.4826289713382721 3171
1783602376140 0.27667805552482605 3172
1783602376207 0.18116897344589233 3173
1783602376309 0.1702968329191208 3174
1783602376441 0.1485181599855423 3175
1783602376547 0.27825698256492615 3176
1783602376667 0.1383771002292633 3177
1783602376763 0.47682780027389526 3178
1783602376865 0.14853054285049438 3179
1783602376926 0.2402552366256714 3180
1783602377006 0.21298791468143463 3181
1783602377126 0.46182340383529663 3182
1783602377254 0.19417285919189453 3183
1783602377329 0.5433224439620972 3184
1783602377421 0.2572149336338043 3185
1783602377492 0.06505567580461502 3186
1783602377605 0.2362816333770752 3187
1783602377684 0.28887471556663513 3188
1783602377773 0.4903627932071686 3189
1783602377885 0.26960334181785583 3190
1783602377996 0.32275351881980896 3191
1783602378107 0.22723624110221863 3192
1783602378203 0.06642299145460129 3193
1783602378284 0.2346266657114029 3194
1783602378402 0.18368102610111237 3195
1783602378511 0.16942457854747772 3196
1783602378601 0.39286214113235474 3197
1783602378672 0.7304636240005493 3198
1783602378765 0.34755367040634155 3199
1783602378864 0.7587761878967285 3200
1783602378946 0.5544033050537109 3201
1783602379009 0.16079874336719513 3202
1783602379081 0.1545460969209671 3203
1783602379176 0.18685951828956604 3204
1783602379271 0.3428087830543518 3205
1783602379366 0.16792522370815277 3206
1783602379433 0.15975771844387054 3207
1783602379503 0.06264173984527588 3208
1783602379604 0.27301740646362305 3209
1783602379713 0.7155391573905945 3210
1783602379797 0.3023238182067871 3211
1783602379871 0.2504957616329193 3212
1783602379941 0.09540367126464844 3213
1783602380008 0.6930458545684814 3214
1783602380081 0.14613868296146393 3215
1783602380160 0.3056166470050812 3216
1783602380236 0.15928499400615692 3217
1783602380305 0.16207486391067505 3218
1783602380368 0.43035265803337097 3219
1783602380455 0.27181804180145264 3220
1783602380538 0.23260527849197388 3221
1783602380645 0.10735643655061722 3222
1783602380726 0.1653491109609604 3223
1783602380824 0.4038682281970978 3224
1783602380901 0.24292542040348053 3225
1783602380994 0.18890389800071716 3226
1783602381102 0.31720855832099915 3227
1783602381168 0.38164204359054565 3228
1783602381242 0.8381270170211792 3229
1783602381311 0.7130042910575867 3230
1783602381377 0.23027023673057556 3231
1783602381490 0.5737359523773193 3232
1783602381574 0.46416041254997253 3233
1783602381704 0.34788691997528076 3234
1783602381828 0.061026398092508316 3235
1783602381963 0.31726327538490295 3236
1783602382063 0.5446998476982117 3237
1783602382148 0.14878815412521362 3238
1783602382254 0.426812082529068 3239
1783602382400 0.12006823718547821 3240
1783602382520 0.3221670985221863 3241
1783602382635 0.31512242555618286 3242
1783602382708 0.4232218563556671 3243
1783602382811 0.43096330761909485 3244
1783602382912 0.2391228973865509 3245
1783602383045 0.2040761560201645 3246
1783602383169 0.12781761586666107 3247
1783602383313 0.08173476159572601 3248
1783602383441 0.24212566018104553 3249
1783602383562 0.39830535650253296 3250
1783602383651 0.4106752574443817 3251
1783602383741 0.6453650593757629 3252
1783602383806 0.3270670175552368 3253
1783602383887 0.17023110389709473 3254
1783602383996 0.2105923593044281 3255
1783602384073 0.11457707732915878 3256
1783602384158 0.49811846017837524 3257
1783602384266 0.386724054813385 3258
1783602384343 0.5009922385215759 3259
1783602384459 0.7142394781112671 3260
1783602384557 0.19484403729438782 3261
1783602384634 0.22892765700817108 3262
1783602384723 0.3335007131099701 3263
1783602384816 0.3383316695690155 3264
1783602384912 0.501296877861023 3265
1783602384992 0.3431764543056488 3266
1783602385071 0.1596769243478775 3267
1783602385166 0.25332871079444885 3268
1783602385244 0.12998497486114502 3269
1783602385358 0.5595189332962036 3270
1783602385462 0.6975426077842712 3271
1783602385570 0.18166343867778778 3272
1783602385666 0.1654490977525711 3273
1783602385740 0.3319077491760254 3274
1783602385844 0.7296661734580994 3275
1783602385944 0.3984895944595337 3276
1783602386023 0.36437296867370605 3277
1783602386125 0.24401947855949402 3278
1783602386205 0.19456249475479126 3279
1783602386305 0.7763506770133972 3280
1783602386389 0.2353658378124237 3281
1783602386494 0.12481552362442017 3282
1783602386585 0.705466628074646 3283
1783602386671 0.18630559742450714 3284
1783602386756 0.3549058139324188 3285
1783602386833 0.3009803593158722 3286
1783602386928 0.17294220626354218 3287
1783602387011 0.14739520847797394 3288
1783602387146 0.23491120338439941 3289
1783602387307 0.3171142041683197 3290
1783602387423 0.1561666578054428 3291
1783602387519 0.2753124535083771 3292
1783602387625 0.6742897033691406 3293
1783602387744 0.46463435888290405 3294
1783602387839 0.6168138384819031 3295
1783602387937 0.3213728368282318 3296
1783602388011 0.12065815180540085 3297
1783602388114 0.5193598866462708 3298
1783602388189 0.3530808687210083 3299
1783602388279 0.09934324771165848 3300
1783602388374 0.24043533205986023 3301
1783602388490 0.195285826921463 3302
1783602388599 0.3778863251209259 3303
1783602388690 0.23391714692115784 3304
1783602388798 0.41004663705825806 3305
1783602388890 0.6675541400909424 3306
1783602388960 0.25798410177230835 3307
1783602389025 0.4987519085407257 3308
1783602389140 0.251099169254303 3309
1783602389227 0.24825505912303925 3310
1783602389346 0.2538382411003113 3311
1783602389438 0.4077989459037781 3312
1783602389525 0.25379836559295654 3313
1783602389626 0.23274555802345276 3314
1783602389732 0.15934592485427856 3315
1783602389802 0.4586169421672821 3316
1783602389933 0.33693018555641174 3317
1783602390011 0.25064364075660706 3318
1783602390107 0.4078291952610016 3319
1783602390194 0.326776385307312 3320
1783602390318 0.10161908715963364 3321
1783602390397 0.38768380880355835 3322
1783602390505 0.11208932101726532 3323
1783602390590 0.2720133364200592 3324
1783602390689 0.2578676640987396 3325
1783602390793 0.13769426941871643 3326
1783602390943 0.08239556103944778 3327
1783602391015 0.4761500060558319 3328
1783602391093 0.47088441252708435 3329
1783602391176 0.18489821255207062 3330
1783602391245 0.12107870727777481 3331
1783602391341 0.4880658984184265 3332
1783602391408 0.29040300846099854 3333
1783602391520 0.24178913235664368 3334
1783602391596 0.546656608581543 3335
1783602391720 0.5453214645385742 3336
1783602391833 0.2495734542608261 3337
1783602391951 0.3544485867023468 3338
1783602392065 0.25492623448371887 3339
1783602392163 0.11263469606637955 3340
1783602392235 0.2973353862762451 3341
1783602392335 0.5222175121307373 3342
1783602392447 0.2631393074989319 3343
1783602392557 0.27584004402160645 3344
1783602392648 0.3710433840751648 3345
1783602392756 0.31587880849838257 3346
1783602392843 0.20181763172149658 3347
1783602393005 0.4441365897655487 3348
1783602393071 0.26581746339797974 3349
1783602393138 0.3223075270652771 3350
1783602393226 0.0872596800327301 3351
1783602393293 0.4192873537540436 3352
1783602393376 0.23924194276332855 3353
1783602393461 0.24444380402565002 3354
1783602393551 0.13602259755134583 3355
1783602393688 0.2650311291217804 3356
1783602393760 0.5241138935089111 3357
1783602393831 0.5098544359207153 3358
1783602393918 0.8891742825508118 3359
1783602394004 0.3934326767921448 3360
1783602394105 0.21826855838298798 3361
1783602394202 0.3800101578235626 3362
1783602394310 0.17882156372070312 3363
1783602394424 0.13597702980041504 3364
1783602394523 0.11311856657266617 3365
1783602394649 0.6397265791893005 3366
1783602394710 0.30983883142471313 3367
1783602394779 0.6692417860031128 3368
1783602394842 0.10731375217437744 3369
1783602394921 0.3405472934246063 3370
1783602395005 0.4029900133609772 3371
1783602395095 0.30574965476989746 3372
1783602395153 0.42369163036346436 3373
1783602395223 0.4137967526912689 3374
1783602395289 0.3134908080101013 3375
1783602395369 0.3813367784023285 3376
1783602395456 0.37205401062965393 3377
1783602395532 0.20301273465156555 3378
1783602395604 0.3809821307659149 3379
1783602395678 0.1744399517774582 3380
1783602395774 0.5215113759040833 3381
1783602395842 0.3641464412212372 3382
1783602395941 0.13539792597293854 3383
1783602396018 0.4486120939254761 3384
1783602396114 1.2401028871536255 3385
1783602396206 0.5463135242462158 3386
1783602396283 0.7770670056343079 3387
1783602396351 0.323120653629303 3388
1783602396422 0.4586235284805298 3389
1783602396523 0.15073810517787933 3390
1783602396606 0.9051108956336975 3391
1783602396718 0.2024110108613968 3392
1783602396797 0.22663220763206482 3393
1783602396870 0.2378809154033661 3394
1783602396954 0.88125079870224 3395
1783602397044 0.6124250888824463 3396
1783602397139 0.21325184404850006 3397
1783602397247 0.10602203756570816 3398
1783602397325 0.4022175669670105 3399
1783602397414 0.2851194143295288 3400
1783602397505 0.35331007838249207 3401
1783602397592 0.4455617070198059 3402
1783602397674 0.4985593259334564 3403
1783602397747 0.4931182861328125 3404
1783602397829 0.22483599185943604 3405
1783602397915 0.2263270765542984 3406
1783602397984 0.7363914251327515 3407
1783602398079 0.22604608535766602 3408
1783602398172 0.5541443228721619 3409
1783602398240 0.1747898906469345 3410
1783602398333 0.31265875697135925 3411
1783602398450 0.321463406085968 3412
1783602398575 0.07073529064655304 3413
1783602398640 0.19768141210079193 3414
1783602398744 0.3238232731819153 3415
1783602398819 0.29991278052330017 3416
1783602398902 0.49383968114852905 3417
1783602398971 0.21369317173957825 3418
1783602399073 0.10375068336725235 3419
1783602399172 0.4301166236400604 3420
1783602399279 0.20047105848789215 3421
1783602399374 0.4593196213245392 3422
1783602399494 0.12273853272199631 3423
1783602399614 0.23372647166252136 3424
1783602399724 0.13264510035514832 3425
1783602399791 0.12813636660575867 3426
1783602399906 0.2064531445503235 3427
1783602400039 0.1976863145828247 3428
1783602400112 0.1208781972527504 3429
1783602400192 0.09795115143060684 3430
1783602400265 0.21498921513557434 3431
1783602400349 0.18095096945762634 3432
1783602400468 0.7097495794296265 3433
1783602400555 0.24885815382003784 3434
1783602400656 0.3494190275669098 3435
1783602400753 0.08461008220911026 3436
1783602400824 0.2394329160451889 3437
1783602400905 0.21391001343727112 3438
1783602400983 0.3009566068649292 3439
1783602401078 0.21422012150287628 3440
1783602401178 0.2774104177951813 3441
1783602401285 0.19662818312644958 3442
1783602401362 0.37671929597854614 3443
1783602401450 0.48910942673683167 3444
1783602401520 0.19937381148338318 3445
1783602401618 0.2440137267112732 3446
1783602401747 0.2998791038990021 3447
1783602401886 0.24257613718509674 3448
1783602401961 0.1388944387435913 3449
1783602402066 0.5780335068702698 3450
1783602402166 0.30317291617393494 3451
1783602402270 0.1496209055185318 3452
1783602402345 0.388992577791214 3453
1783602402439 0.15245191752910614 3454
1783602402510 0.5225204825401306 3455
1783602402610 0.33471646904945374 3456
1783602402687 0.13631044328212738 3457
1783602402774 0.09421364963054657 3458
1783602402859 0.5080336332321167 3459
1783602402981 0.30301573872566223 3460
1783602403069 0.33881306648254395 3461
1783602403166 0.31978118419647217 3462
1783602403255 0.21687676012516022 3463
1783602403352 0.2838345468044281 3464
1783602403455 0.2669221758842468 3465
1783602403586 0.06377353519201279 3466
1783602403672 0.3029874265193939 3467
1783602403755 0.3227957487106323 3468
1783602403822 0.1851627230644226 3469
1783602403905 0.13848966360092163 3470
1783602403995 0.37074318528175354 3471
1783602404090 0.12373051792383194 3472
1783602404162 0.5303488373756409 3473
1783602404258 0.18184790015220642 3474
1783602404364 0.44436410069465637 3475
1783602404494 0.5329049825668335 3476
1783602404559 0.16025665402412415 3477
1783602404675 0.3277442753314972 3478
1783602404749 0.14665241539478302 3479
1783602404842 0.23739103972911835 3480
1783602404946 0.06480701267719269 3481
1783602405046 0.38332536816596985 3482
1783602405138 0.32073190808296204 3483
1783602405236 0.32069265842437744 3484
1783602405325 0.2574828565120697 3485
1783602405440 0.4324045181274414 3486
1783602405528 0.3315848708152771 3487
1783602405627 0.35797956585884094 3488
1783602405715 0.11911486834287643 3489
1783602405837 0.26402366161346436 3490
1783602405948 0.6242441534996033 3491
1783602406052 0.10954657196998596 3492
1783602406131 0.5121826529502869 3493
1783602406216 0.5364795923233032 3494
1783602406311 0.2048501968383789 3495
1783602406385 0.3414596617221832 3496
1783602406478 0.1380273848772049 3497
1783602406570 0.24151700735092163 3498
1783602406677 0.134115070104599 3499
1783602406763 0.16191352903842926 3500
1783602406836 0.34981483221054077 3501
1783602406918 0.19572769105434418 3502
1783602407012 0.7921393513679504 3503
1783602407105 0.4965781569480896 3504
1783602407188 0.29275521636009216 3505
1783602407300 0.13684234023094177 3506
1783602407389 0.318432480096817 3507
1783602407476 0.25332146883010864 3508
1783602407572 0.4150440990924835 3509
1783602407670 0.1777448058128357 3510
1783602407764 0.16064618527889252 3511
1783602407855 0.2579861879348755 3512
1783602407946 0.16618400812149048 3513
1783602408022 0.3029761016368866 3514
1783602408093 0.24745334684848785 3515
1783602408167 0.09702198952436447 3516
1783602408270 0.22322934865951538 3517
1783602408357 0.6581118702888489 3518
1783602408474 0.39380624890327454 3519
1783602408548 0.30340826511383057 3520
1783602408675 0.47596296668052673 3521
1783602408751 0.4406629800796509 3522
1783602408846 0.2668639123439789 3523
1783602408911 0.3842734694480896 3524
1783602409017 0.554287314414978 3525
1783602409100 0.23039771616458893 3526
1783602409202 0.5131819248199463 3527
1783602409325 0.20169611275196075 3528
1783602409453 0.8971688151359558 3529
1783602409530 0.3574611246585846 3530
1783602409612 0.3174649775028229 3531
1783602409685 0.3700246810913086 3532
1783602409772 0.19823437929153442 3533
1783602409901 0.24572639167308807 3534
1783602410026 0.33404189348220825 3535
1783602410112 0.32900357246398926 3536
1783602410201 0.38140371441841125 3537
1783602410290 0.31752151250839233 3538
1783602410397 0.18172994256019592 3539
1783602410493 0.18864558637142181 3540
1783602410580 0.41518932580947876 3541
1783602410655 0.5570178031921387 3542
1783602410751 0.3939169645309448 3543
1783602410849 0.3730880320072174 3544
1783602410924 0.45383429527282715 3545
1783602411034 0.551697313785553 3546
1783602411124 0.28109002113342285 3547
1783602411237 0.3551458716392517 3548
1783602411359 0.16074204444885254 3549
1783602411433 0.45925173163414 3550
1783602411521 0.292612761259079 3551
1783602411602 0.23279345035552979 3552
1783602411687 0.17005369067192078 3553
1783602411768 0.7195482850074768 3554
1783602411843 0.5347989797592163 3555
1783602411956 0.18137435615062714 3556
1783602412055 0.5393017530441284 3557
1783602412117 0.31332695484161377 3558
1783602412195 0.26006799936294556 3559
1783602412281 0.44099652767181396 3560
1783602412481 0.5536428689956665 3561
1783602412563 0.34803450107574463 3562
1783602412646 0.06152377277612686 3563
1783602412734 0.08931861817836761 3564
1783602412836 0.5710700154304504 3565
1783602412940 0.2375093698501587 3566
1783602413048 0.19158156216144562 3567
1783602413133 0.3227899372577667 3568
1783602413236 0.16797250509262085 3569
1783602413337 0.22284097969532013 3570
1783602413462 0.2769729197025299 3571
1783602413713 0.17054620385169983 3572
1783602413853 0.2671079635620117 3573
1783602413978 0.2789836525917053 3574
1783602414130 0.4882938265800476 3575
1783602414233 0.2399412840604782 3576
1783602414328 0.16828657686710358 3577
1783602414424 0.6151049137115479 3578
1783602414535 0.3671413064002991 3579
1783602414627 0.23220610618591309 3580
1783602414713 0.20105651021003723 3581
1783602414827 0.057909391820430756 3582
1783602414945 0.1869504600763321 3583
1783602415061 0.3420509994029999 3584
1783602415182 0.9060654044151306 3585
1783602415300 0.7045922875404358 3586
1783602415416 0.4421556890010834 3587
1783602415541 0.3267177939414978 3588
1783602415662 0.3408975601196289 3589
1783602415771 0.714658796787262 3590
1783602415870 0.49160024523735046 3591
1783602415979 0.4476009011268616 3592
1783602416114 0.20824912190437317 3593
1783602416237 0.689868688583374 3594
1783602416347 0.3286881744861603 3595
1783602416472 0.4703207314014435 3596
1783602416604 0.13237059116363525 3597
1783602416753 0.20935049653053284 3598
1783602416872 0.3734454810619354 3599
1783602417029 0.12350572645664215 3600
1783602417182 0.20539824664592743 3601
1783602417291 0.3193480372428894 3602
1783602417394 0.5375058650970459 3603
1783602417519 0.3417859375476837 3604
1783602417648 0.28594788908958435 3605
1783602417747 0.2094613015651703 3606
1783602417862 0.48759546875953674 3607
1783602417977 0.20592214167118073 3608
1783602418074 0.26760098338127136 3609
1783602418277 0.2564522325992584 3610
1783602418364 0.23478542268276215 3611
1783602418471 0.12424641847610474 3612
1783602418579 0.4720231592655182 3613
1783602418698 0.37996912002563477 3614
1783602418814 0.09341370314359665 3615
1783602418914 0.3307662010192871 3616
1783602419011 0.5530795454978943 3617
1783602419106 0.23856881260871887 3618
1783602419201 0.19717633724212646 3619
1783602419304 0.04956690967082977 3620
1783602419405 0.2855973541736603 3621
1783602419489 0.437826544046402 3622
1783602419588 0.4872918426990509 3623
1783602419692 0.3587396740913391 3624
1783602419783 0.22775712609291077 3625
1783602419888 0.06177893280982971 3626
1783602419991 0.17711152136325836 3627
1783602420107 0.5683766007423401 3628
1783602420211 0.23072926700115204 3629
1783602420333 0.27076229453086853 3630
1783602420464 0.6514319777488708 3631
1783602420644 0.13887636363506317 3632
1783602420789 0.2855621874332428 3633
1783602420969 0.5372774600982666 3634
1783602421100 0.3689212203025818 3635
1783602421215 0.07139857858419418 3636
1783602421335 0.28311681747436523 3637
1783602421459 0.34682661294937134 3638
1783602421570 0.3566645383834839 3639
1783602421678 0.4743267893791199 3640
1783602421798 0.23720282316207886 3641
1783602421900 0.1468638926744461 3642
1783602422052 0.19668468832969666 3643
1783602422227 0.5491229295730591 3644
1783602422353 0.42540648579597473 3645
1783602422464 0.5331435799598694 3646
1783602422586 0.40818431973457336 3647
1783602422723 0.5247581601142883 3648
1783602422841 0.5772044658660889 3649
1783602422957 0.08920673280954361 3650
1783602423051 0.28483688831329346 3651
1783602423174 0.16412672400474548 3652
1783602423277 0.19895993173122406 3653
1783602423375 0.08983906358480453 3654
1783602423469 0.12901003658771515 3655
1783602423579 0.48970532417297363 3656
1783602423674 0.47907179594039917 3657
1783602423819 0.3548039197921753 3658
1783602423930 0.17780835926532745 3659
1783602424050 0.5775803327560425 3660
1783602424199 0.4360259175300598 3661
1783602424351 0.19003114104270935 3662
1783602424505 0.33470138907432556 3663
1783602424636 0.43781957030296326 3664
1783602424751 0.16847294569015503 3665
1783602424875 0.30413293838500977 3666
1783602425031 0.8333746194839478 3667
1783602425174 0.27652013301849365 3668
1783602425316 0.23606370389461517 3669
1783602425454 0.3025945723056793 3670
1783602425551 0.10807625949382782 3671
1783602425649 0.4245181679725647 3672
1783602425781 0.09449247270822525 3673
1783602425917 0.6354194283485413 3674
1783602426015 0.1692677140235901 3675
1783602426111 0.2698330879211426 3676
1783602426244 0.23108863830566406 3677
1783602426416 0.32595446705818176 3678
1783602426524 0.08773482590913773 3679
1783602426653 0.511850893497467 3680
1783602426755 0.05030864477157593 3681
1783602426870 0.7639932632446289 3682
1783602427009 0.3826838433742523 3683
1783602427165 0.7628612518310547 3684
1783602427331 0.640447735786438 3685
1783602427486 0.40048012137413025 3686
1783602427650 0.5190248489379883 3687
1783602427777 0.32169243693351746 3688
1783602427900 0.4937867820262909 3689
1783602428032 0.20215585827827454 3690
1783602428190 0.1318294256925583 3691
1783602428323 0.30073729157447815 3692
1783602428442 0.3879123032093048 3693
1783602428551 0.5732116103172302 3694
1783602428710 0.23739197850227356 3695
1783602428851 0.40685638785362244 3696
1783602428957 0.5520985722541809 3697
1783602429061 0.33310285210609436 3698
1783602429156 0.2621358335018158 3699
1783602429327 0.2860579788684845 3700
1783602429461 0.5247573852539062 3701
1783602429569 0.24807743728160858 3702
1783602429687 0.24229422211647034 3703
1783602429822 0.35248956084251404 3704
1783602429933 0.2759891450405121 3705
1783602430053 0.36609309911727905 3706
1783602430169 0.38463252782821655 3707
1783602430310 0.34630873799324036 3708
1783602430476 0.6720132827758789 3709
1783602430630 0.12718774378299713 3710
1783602430795 0.3247256875038147 3711
1783602430944 0.4018442928791046 3712
1783602431094 0.3093640208244324 3713
1783602431220 0.27989405393600464 3714
1783602431334 0.3452936112880707 3715
1783602431443 0.1360349953174591 3716
1783602431552 0.1412571221590042 3717
1783602431687 0.6280395984649658 3718
1783602431824 0.2913295030593872 3719
1783602431941 0.10788023471832275 3720
1783602432089 0.10240040719509125 3721
1783602432233 0.13822293281555176 3722
1783602432371 0.17439721524715424 3723
1783602432492 0.7788297533988953 3724
1783602432610 0.32033395767211914 3725
1783602432726 0.37178242206573486 3726
1783602432833 0.19938701391220093 3727
1783602432951 0.575694739818573 3728
1783602433085 0.337377667427063 3729
1783602433244 0.20577627420425415 3730
1783602433390 0.08571750670671463 3731
1783602433527 0.1227111741900444 3732
1783602433681 0.23181217908859253 3733
1783602433825 0.18689779937267303 3734
1783602433933 0.5252554416656494 3735
1783602434050 0.2905726134777069 3736
1783602434203 0.38415956497192383 3737
1783602434344 0.40018677711486816 3738
1783602434447 0.2580844759941101 3739
1783602434557 0.38824695348739624 3740
1783602434664 1.152901291847229 3741
1783602434794 0.29930105805397034 3742
1783602434913 0.33146870136260986 3743
1783602435051 0.5829618573188782 3744
1783602435159 0.4574660062789917 3745
1783602435290 0.4064699709415436 3746
1783602435382 0.11334686726331711 3747
1783602435507 0.339872807264328 3748
1783602435621 0.17077338695526123 3749
1783602436642 0.15155597031116486 3750
1783602436738 0.27437156438827515 3751
1783602436854 0.1555139124393463 3752
1783602436984 0.5343247056007385 3753
1783602437151 0.1762407273054123 3754
1783602437289 0.451503723859787 3755
1783602437463 0.47073614597320557 3756
1783602437579 0.23941190540790558 3757
1783602437713 0.1645357310771942 3758
1783602437811 0.3598695695400238 3759
1783602437945 0.18883070349693298 3760
1783602438094 0.07527397572994232 3761
1783602438229 0.297320693731308 3762
1783602438339 0.31064191460609436 3763
1783602438469 0.15069402754306793 3764
1783602438632 0.22478145360946655 3765
1783602438749 0.2649562656879425 3766
1783602438859 0.39851149916648865 3767
1783602438958 0.6304640769958496 3768
1783602439073 0.2964061498641968 3769
1783602439184 0.15845344960689545 3770
1783602439299 0.45366188883781433 3771
1783602439422 0.14701621234416962 3772
1783602439588 0.08560039848089218 3773
1783602439770 0.18259268999099731 3774
1783602439919 0.18081563711166382 3775
1783602440066 0.29670053720474243 3776
1783602440203 0.1667845994234085 3777
1783602440311 0.0630490705370903 3778
1783602440465 0.19500833749771118 3779
1783602440649 0.31648820638656616 3780
1783602440785 0.13811416923999786 3781
1783602440906 0.09465573728084564 3782
1783602441011 0.3149762749671936 3783
1783602441176 0.1881319284439087 3784
1783602441485 0.45315390825271606 3785
1783602441640 0.23869845271110535 3786
1783602441785 0.5041917562484741 3787
1783602441953 0.12050781399011612 3788
1783602442082 0.37167054414749146 3789
1783602442230 0.3870004117488861 3790
1783602442388 0.31167319416999817 3791
1783602442528 0.3372662663459778 3792
1783602442690 0.1833721548318863 3793
1783602442840 0.1204264685511589 3794
1783602442966 0.5475907921791077 3795
1783602443061 0.6739264726638794 3796
1783602443164 0.554263174533844 3797
1783602443294 0.2293558120727539 3798
1783602443451 0.4028782844543457 3799
1783602443609 0.11598236858844757 3800
1783602443732 0.3793794810771942 3801
1783602443864 0.3556132912635803 3802
1783602444048 0.41911834478378296 3803
1783602444173 0.24389372766017914 3804
1783602444273 0.22909235954284668 3805
1783602444424 0.47732943296432495 3806
1783602444555 0.1688563972711563 3807
1783602444644 0.24129056930541992 3808
1783602444750 0.1801251769065857 3809
1783602444863 0.3466583788394928 3810
1783602444981 0.2277553528547287 3811
1783602445106 0.35520100593566895 3812
1783602445243 0.29335179924964905 3813
1783602445349 0.3142898380756378 3814
1783602445472 0.20657142996788025 3815
1783602445591 0.3464548587799072 3816
1783602445764 0.17206580936908722 3817
1783602445911 0.20563147962093353 3818
1783602446077 0.2965404689311981 3819
1783602446260 0.13005678355693817 3820
1783602446404 0.6140570640563965 3821
1783602446544 0.30626964569091797 3822
1783602446682 0.28147512674331665 3823
1783602446820 0.3394860029220581 3824
1783602446949 0.399044394493103 3825
1783602447067 0.09076323360204697 3826
1783602447205 0.2930152118206024 3827
1783602447355 0.4275502860546112 3828
1783602447481 0.23168273270130157 3829
1783602447629 0.22075271606445312 3830
1783602447814 0.11323999613523483 3831
1783602447941 0.20062142610549927 3832
1783602448079 0.4743199646472931 3833
1783602448202 0.3270951211452484 3834
1783602448351 0.18210235238075256 3835
1783602448493 0.22396191954612732 3836
1783602448638 0.30583739280700684 3837
1783602448759 0.07691387087106705 3838
1783602448894 0.09661616384983063 3839
1783602448998 0.4809969663619995 3840
1783602449114 0.1381431668996811 3841
1783602449216 0.28075283765792847 3842
1783602449322 0.5947548151016235 3843
1783602449459 0.46948331594467163 3844
1783602449600 0.18125616014003754 3845
1783602449722 0.24774333834648132 3846
1783602449901 0.05831572413444519 3847
1783602450075 0.6609813570976257 3848
1783602450214 0.24100671708583832 3849
1783602450323 0.07974351197481155 3850
1783602450444 0.19451740384101868 3851
1783602450562 0.13516494631767273 3852
1783602450690 0.3652568757534027 3853
1783602450825 0.11096921563148499 3854
1783602450990 0.18323279917240143 3855
1783602451108 0.26985421776771545 3856
1783602451265 0.8033801913261414 3857
1783602451401 0.12336458265781403 3858
1783602451525 0.3583153188228607 3859
1783602451629 0.22371558845043182 3860
1783602451741 0.2813487648963928 3861
1783602451854 0.3050607442855835 3862
1783602451986 0.36807700991630554 3863
1783602452161 0.18144240975379944 3864
1783602452332 0.6974279284477234 3865
1783602452478 0.42224398255348206 3866
1783602452620 0.229119673371315 3867
1783602452825 0.406311571598053 3868
1783602452961 0.8808720111846924 3869
1783602453093 0.28683018684387207 3870
1783602453225 0.44452160596847534 3871
1783602453341 0.4723988473415375 3872
1783602453446 0.20659634470939636 3873
1783602453563 0.12801377475261688 3874
1783602453700 0.3687624931335449 3875
1783602453804 0.26513195037841797 3876
1783602453903 0.2990052103996277 3877
1783602454025 0.26341795921325684 3878
1783602454173 0.5429077744483948 3879
1783602454300 0.15654829144477844 3880
1783602454413 0.4857771396636963 3881
1783602454521 0.2976667284965515 3882
1783602454614 0.8321224451065063 3883
1783602454742 0.08957652002573013 3884
1783602454902 0.45113396644592285 3885
1783602455029 0.7520679235458374 3886
1783602455150 0.3841788172721863 3887
1783602455312 0.24124404788017273 3888
1783602455433 0.13685671985149384 3889
1783602455545 1.1930111646652222 3890
1783602455634 0.2727470397949219 3891
1783602455746 0.22872360050678253 3892
1783602455887 0.26769861578941345 3893
1783602456020 0.2736475169658661 3894
1783602456132 0.29660332202911377 3895
1783602456269 0.4149765968322754 3896
1783602456403 0.3631179928779602 3897
1783602456572 0.29618966579437256 3898
1783602456681 0.3170302212238312 3899
1783602456786 0.2700643241405487 3900
1783602456963 0.641882598400116 3901
1783602457115 0.06740324944257736 3902
1783602457252 0.15835458040237427 3903
1783602457410 0.28251445293426514 3904
1783602457566 0.6734995245933533 3905
1783602457722 0.3545008599758148 3906
1783602457895 0.34351179003715515 3907
1783602458052 0.17248643934726715 3908
1783602458190 0.3525055944919586 3909
1783602458314 0.4415155053138733 3910
1783602458410 0.18081484735012054 3911
1783602458555 0.3684432804584503 3912
1783602458716 0.1407923698425293 3913
1783602458855 0.2732532322406769 3914
1783602458996 0.21024583280086517 3915
1783602459189 0.11763247847557068 3916
1783602459309 0.3289296627044678 3917
1783602459422 0.21108272671699524 3918
1783602459565 0.1465960144996643 3919
1783602459726 0.18075650930404663 3920
1783602459881 0.3108130097389221 3921
1783602460056 0.19398586452007294 3922
1783602460219 0.25963982939720154 3923
1783602460349 0.3619210124015808 3924
1783602460469 0.09285973012447357 3925
1783602460629 0.2362753003835678 3926
1783602460764 0.13357552886009216 3927
1783602460922 0.18579472601413727 3928
1783602461069 0.12492107599973679 3929
1783602461195 0.4126705825328827 3930
1783602461297 0.3166276812553406 3931
1783602461438 0.14158648252487183 3932
1783602461596 0.32097938656806946 3933
1783602461748 0.5111237168312073 3934
1783602461861 0.5340059995651245 3935
1783602462004 0.11790221929550171 3936
1783602462148 0.19676047563552856 3937
1783602462291 0.17873446643352509 3938
1783602462451 0.2936755418777466 3939
1783602462595 0.21552908420562744 3940
1783602462732 0.5481823682785034 3941
1783602462875 0.21905517578125 3942
1783602463013 0.199415922164917 3943
1783602463134 0.3291674256324768 3944
1783602463252 0.21459980309009552 3945
1783602463352 0.3987385630607605 3946
1783602463462 0.2931104302406311 3947
1783602463609 0.580767035484314 3948
1783602463755 0.18582557141780853 3949
1783602463911 0.25399312376976013 3950
1783602464076 0.5862992405891418 3951
1783602464215 0.18945777416229248 3952
1783602464323 0.26394784450531006 3953
1783602464442 0.3841909170150757 3954
1783602464576 0.5037743449211121 3955
1783602464669 0.33927568793296814 3956
1783602464778 0.29084593057632446 3957
1783602464885 0.4747121334075928 3958
1783602465026 0.24929288029670715 3959
1783602465177 0.43998926877975464 3960
1783602465315 0.09193656593561172 3961
1783602465456 0.2833620607852936 3962
1783602465566 0.3235800266265869 3963
1783602465683 0.18902364373207092 3964
1783602465799 0.560795783996582 3965
1783602465946 0.26305246353149414 3966
1783602466119 0.19453750550746918 3967
1783602466289 0.15140198171138763 3968
1783602466400 0.28131765127182007 3969
1783602466514 0.5643033981323242 3970
1783602466646 0.38306912779808044 3971
1783602466754 0.21486297249794006 3972
1783602466859 0.41015443205833435 3973
1783602466964 0.1142018586397171 3974
1783602467111 0.3234010934829712 3975
1783602467300 0.29435446858406067 3976
1783602467470 0.2662941515445709 3977
1783602467659 0.3882792592048645 3978
1783602467826 0.41404229402542114 3979
1783602467966 0.26489174365997314 3980
1783602468105 0.156828373670578 3981
1783602468224 0.16923099756240845 3982
1783602468375 0.4657491445541382 3983
1783602468558 0.23475511372089386 3984
1783602468725 0.1723683625459671 3985
1783602468890 0.5478510856628418 3986
1783602468991 0.4305696487426758 3987
1783602469094 0.3837014436721802 3988
1783602469246 0.43618693947792053 3989
1783602469355 0.19206975400447845 3990
1783602469476 0.18572115898132324 3991
1783602469652 0.06717140227556229 3992
1783602469824 0.07991818338632584 3993
1783602469956 0.16233158111572266 3994
1783602470094 0.7071873545646667 3995
1783602470216 0.1819828599691391 3996
1783602470361 0.37498369812965393 3997
1783602470511 0.23863928020000458 3998
1783602470618 0.39347419142723083 3999
1783602470745 0.6550100445747375 4000
1783602470911 0.5442920923233032 4001
1783602471077 0.5147278308868408 4002
1783602471213 0.21849998831748962 4003
1783602471363 0.17995548248291016 4004
1783602471515 0.3541041612625122 4005
1783602471627 0.1907399743795395 4006
1783602471752 0.17577210068702698 4007
1783602471881 0.09499640017747879 4008
1783602472005 0.35390353202819824 4009
1783602472145 0.14479275047779083 4010
1783602472279 0.29668086767196655 4011
1783602472424 0.2133190631866455 4012
1783602472570 0.13205039501190186 4013
1783602472737 0.14661067724227905 4014
1783602472977 0.13970135152339935 4015
1783602473107 0.5101082921028137 4016
1783602473210 0.37525662779808044 4017
1783602473326 0.45091235637664795 4018
1783602473436 0.16144193708896637 4019
1783602473553 0.41025495529174805 4020
1783602473662 0.3033658266067505 4021
1783602473788 0.3396739363670349 4022
1783602473919 0.22236135601997375 4023
1783602474031 0.27878692746162415 4024
1783602474161 0.20137540996074677 4025
1783602474281 0.4552905559539795 4026
1783602474382 0.06899965554475784 4027
1783602474478 0.14340278506278992 4028
1783602474586 0.2370162308216095 4029
1783602474680 0.6563183665275574 4030
1783602474776 0.29386845231056213 4031
1783602474895 0.2878095507621765 4032
1783602475013 0.4584951400756836 4033
1783602475148 0.46831750869750977 4034
1783602475268 0.2853730320930481 4035
1783602475367 0.3173699975013733 4036
1783602475493 0.32974475622177124 4037
1783602475592 0.3055930733680725 4038
1783602475683 0.19857296347618103 4039
1783602475831 0.26601898670196533 4040
1783602475993 0.23179669678211212 4041
1783602476115 0.4922790229320526 4042
1783602476245 0.4017179012298584 4043
1783602476407 0.24420182406902313 4044
1783602476548 0.6405593752861023 4045
1783602476681 0.2554496228694916 4046
1783602476787 0.381338506937027 4047
1783602476881 0.45751434564590454 4048
1783602477023 0.15669073164463043 4049
1783602477148 0.1839221864938736 4050
1783602477306 0.35585373640060425 4051
1783602477468 0.30402055382728577 4052
1783602477606 0.5119870901107788 4053
1783602477742 0.22164727747440338 4054
1783602477948 0.3867728114128113 4055
1783602478064 0.14341340959072113 4056
1783602478170 0.6119471788406372 4057
1783602478308 0.1492082178592682 4058
1783602478428 0.19153541326522827 4059
1783602478560 0.19621440768241882 4060
1783602478704 0.22459185123443604 4061
1783602478891 0.16221581399440765 4062
1783602478998 0.2653917074203491 4063
1783602479143 0.3148243725299835 4064
1783602479291 0.693498432636261 4065
1783602479423 0.20768022537231445 4066
1783602479572 0.258279412984848 4067
1783602479712 0.488384485244751 4068
1783602479815 0.45688900351524353 4069
1783602479914 0.28865697979927063 4070
1783602480016 0.1049487367272377 4071
1783602480151 0.27678942680358887 4072
1783602480270 0.3129890263080597 4073
1783602480375 0.15154202282428741 4074
1783602480486 0.11522527784109116 4075
1783602480591 0.27069610357284546 4076
1783602480689 0.19599689543247223 4077
1783602480784 0.3035953938961029 4078
1783602480881 0.17114029824733734 4079
1783602480980 0.25384974479675293 4080
1783602481089 0.1353779137134552 4081
1783602481195 0.31836041808128357 4082
1783602481313 0.4241458773612976 4083
1783602481432 0.4133411645889282 4084
1783602481542 0.22157348692417145 4085
1783602481663 0.8144151568412781 4086
1783602481776 0.48757266998291016 4087
1783602481874 0.1743876188993454 4088
1783602481978 0.1443902850151062 4089
1783602482063 0.4921860098838806 4090
1783602482168 0.4820018410682678 4091
1783602482293 0.38228076696395874 4092
1783602482413 0.15859082341194153 4093
1783602482522 0.38598963618278503 4094
1783602482648 0.33755382895469666 4095
1783602482791 0.3784993290901184 4096
1783602483008 0.4302230477333069 4097
1783602483131 0.6350702047348022 4098
1783602483243 0.5750575661659241 4099
1783602483347 0.2803710699081421 4100
1783602483465 0.17653954029083252 4101
1783602483578 0.3224957585334778 4102
1783602483712 0.2692962884902954 4103
1783602483829 0.090976782143116 4104
1783602484135 0.41941767930984497 4105
1783602484270 0.457862913608551 4106
1783602484383 0.12567704916000366 4107
1783602484482 0.4883419871330261 4108
1783602484597 0.2729293704032898 4109
1783602484696 0.24606455862522125 4110
1783602484789 0.12797322869300842 4111
1783602484904 0.19377699494361877 4112
1783602485012 0.58304363489151 4113
1783602485109 0.3990097641944885 4114
1783602485234 0.37344858050346375 4115
1783602485358 0.47383201122283936 4116
1783602485530 0.132560595870018 4117
1783602485645 0.15922878682613373 4118
1783602485742 0.1984216868877411 4119
1783602485838 0.18920452892780304 4120
1783602485937 0.15279777348041534 4121
1783602486125 0.510075569152832 4122
1783602486236 0.24727703630924225 4123
1783602486354 0.1848917305469513 4124
1783602486446 0.25061607360839844 4125
1783602486582 0.560120701789856 4126
1783602486709 0.20645560324192047 4127
1783602486824 0.2722901403903961 4128
1783602486932 0.08974730968475342 4129
1783602487027 0.6101114153862 4130
1783602487139 0.1146535649895668 4131
1783602487267 0.5003518462181091 4132
1783602487393 0.19365829229354858 4133
1783602487491 0.6770179867744446 4134
1783602487610 0.07053739577531815 4135
1783602487748 0.4453166425228119 4136
1783602487877 0.15970835089683533 4137
1783602488017 0.30591779947280884 4138
1783602488145 0.5205214619636536 4139
1783602488256 0.19461409747600555 4140
1783602488362 0.29117703437805176 4141
1783602488494 0.15480294823646545 4142
1783602488603 0.3384397625923157 4143
1783602488737 0.20700642466545105 4144
1783602488855 0.6137914657592773 4145
1783602488949 0.529748260974884 4146
1783602489039 0.11580078303813934 4147
1783602489165 0.36798587441444397 4148
1783602489296 0.31027209758758545 4149
1783602489403 0.1190224215388298 4150
1783602489534 0.2999328374862671 4151
1783602489665 0.3523055613040924 4152
1783602489827 0.6704868078231812 4153
1783602489967 0.35564300417900085 4154
1783602490071 0.17809276282787323 4155
1783602490217 0.22626632452011108 4156
1783602490350 0.5306519269943237 4157
1783602490461 0.4167022407054901 4158
1783602490578 0.37263381481170654 4159
1783602490686 0.5105720162391663 4160
1783602490783 0.2815684378147125 4161
1783602490899 0.4906143546104431 4162
1783602491041 0.34674137830734253 4163
1783602491177 0.22517003118991852 4164
1783602491288 0.2677248418331146 4165
1783602491398 0.12526807188987732 4166
1783602491509 0.22194474935531616 4167
1783602491625 0.14871174097061157 4168
1783602491744 0.4187822937965393 4169
1783602491865 0.11974583566188812 4170
1783602491979 0.22101923823356628 4171
1783602492093 0.2733250558376312 4172
1783602492207 0.29800736904144287 4173
1783602492325 0.43246549367904663 4174
1783602492459 0.20911630988121033 4175
1783602492593 0.3473302125930786 4176
1783602492707 0.34349334239959717 4177
1783602492818 0.08454126864671707 4178
1783602492939 0.19364067912101746 4179
1783602493060 0.6666259169578552 4180
1783602493189 0.1821599006652832 4181
1783602493295 0.752838134765625 4182
1783602493395 0.21884039044380188 4183
1783602493517 0.6278886795043945 4184
1783602493623 0.19467267394065857 4185
1783602493740 0.4436529278755188 4186
1783602493850 0.3455299139022827 4187
1783602493952 0.559492826461792 4188
1783602494059 0.32173052430152893 4189
1783602494164 0.46863049268722534 4190
1783602494271 0.3182694911956787 4191
1783602494385 0.15419749915599823 4192
1783602494496 0.497444212436676 4193
1783602494599 0.23116178810596466 4194
1783602494695 0.39250752329826355 4195
1783602494797 0.7172486186027527 4196
1783602494909 0.2410719245672226 4197
1783602495006 0.1078130304813385 4198
1783602495112 0.37050116062164307 4199
1783602495221 0.25283700227737427 4200
1783602495325 0.31513455510139465 4201
1783602495433 0.2671486735343933 4202
1783602495571 0.22186116874217987 4203
1783602495682 0.21257688105106354 4204
1783602495779 0.2242051064968109 4205
1783602495879 0.2055867612361908 4206
1783602495987 0.3029455542564392 4207
1783602496106 0.10821220278739929 4208
1783602496218 0.3451685905456543 4209
1783602496336 0.4538356363773346 4210
1783602496435 0.42528894543647766 4211
1783602496560 0.42591819167137146 4212
1783602496665 0.2844240069389343 4213
1783602496790 0.5722155570983887 4214
1783602496897 0.5031653642654419 4215
1783602497020 0.7089192867279053 4216
1783602497132 0.08641663193702698 4217
1783602497249 0.23744116723537445 4218
1783602497350 0.5242350697517395 4219
1783602497450 0.4463382065296173 4220
1783602497556 0.22844944894313812 4221
1783602497666 0.719538688659668 4222
1783602497778 0.37621453404426575 4223
1783602497872 0.08815882354974747 4224
1783602497981 0.11931934952735901 4225
1783602498102 0.3489677608013153 4226
1783602498212 0.4414871335029602 4227
1783602498331 0.07084666192531586 4228
1783602498445 0.2774408459663391 4229
1783602498544 0.31996476650238037 4230
1783602498657 0.3132295608520508 4231
1783602498772 0.19717280566692352 4232
1783602498888 0.2648179531097412 4233
1783602499026 0.7549309134483337 4234
1783602499134 0.27064207196235657 4235
1783602499261 0.18993188440799713 4236
1783602499405 0.3764748275279999 4237
1783602499508 0.5049808025360107 4238
1783602499610 0.07522852718830109 4239
1783602499725 0.2746577262878418 4240
1783602499834 0.21917618811130524 4241
1783602499951 0.25973305106163025 4242
1783602500088 0.42495644092559814 4243
1783602500185 0.1526840329170227 4244
1783602500306 0.24032741785049438 4245
1783602500418 0.2320810705423355 4246
1783602500548 0.27866318821907043 4247
1783602500687 0.248493492603302 4248
1783602500807 0.18359269201755524 4249
1783602500923 0.4541831910610199 4250
1783602501027 0.4740722179412842 4251
1783602501145 0.2918538451194763 4252
1783602501253 0.49354442954063416 4253
1783602501361 0.38443395495414734 4254
1783602501467 0.3819836676120758 4255
1783602501569 0.42656439542770386 4256
1783602501675 0.24761368334293365 4257
1783602501787 0.10343966633081436 4258
1783602501892 0.23175473511219025 4259
1783602501993 0.08067139983177185 4260
1783602502098 0.23718704283237457 4261
1783602502197 0.2018105685710907 4262
1783602502306 0.1603437215089798 4263
1783602502412 0.1493227779865265 4264
1783602502533 0.357063889503479 4265
1783602502654 0.3099319636821747 4266
1783602502800 0.1850247085094452 4267
1783602502935 0.44999587535858154 4268
1783602503074 0.2367895245552063 4269
1783602503198 0.27567753195762634 4270
1783602503302 0.17831212282180786 4271
1783602503413 0.6294713616371155 4272
1783602503513 0.3223155438899994 4273
1783602503625 0.20660467445850372 4274
1783602503736 0.26277023553848267 4275
1783602503868 0.24670429527759552 4276
1783602504004 0.4036649167537689 4277
1783602504130 0.3430992364883423 4278
1783602504267 0.5755918622016907 4279
1783602504414 0.1966957151889801 4280
1783602504563 0.35245367884635925 4281
1783602504680 0.44127267599105835 4282
1783602504804 0.6319776177406311 4283
1783602504924 0.3637147843837738 4284
1783602505031 0.23897109925746918 4285
1783602505165 0.23972609639167786 4286
1783602505280 0.20795735716819763 4287
1783602505412 0.16064371168613434 4288
1783602505581 0.1791662722826004 4289
1783602505777 0.26242995262145996 4290
1783602505909 0.5034616589546204 4291
1783602506011 0.2810279130935669 4292
1783602506114 0.674615204334259 4293
1783602506228 0.12459662556648254 4294
1783602506339 0.20133043825626373 4295
1783602506446 0.4633900225162506 4296
1783602506554 0.17747613787651062 4297
1783602506664 0.5355280637741089 4298
1783602506783 0.1144954189658165 4299
1783602506890 0.4626093804836273 4300
1783602507005 0.17915727198123932 4301
1783602507120 0.17636771500110626 4302
1783602507287 0.7159458994865417 4303
1783602507415 0.48480552434921265 4304
1783602507555 0.3698364198207855 4305
1783602507688 0.21281176805496216 4306
1783602507809 0.1803160160779953 4307
1783602507940 0.36879709362983704 4308
1783602508091 0.1838308423757553 4309
1783602508236 0.5845149159431458 4310
1783602508345 0.1948646456003189 4311
1783602508452 0.2746262550354004 4312
1783602508565 0.4554528594017029 4313
1783602508714 0.1057371273636818 4314
1783602508832 0.39689239859580994 4315
1783602508942 0.22631509602069855 4316
1783602509039 0.18590427935123444 4317
1783602509162 0.7593308091163635 4318
1783602509323 0.06884278357028961 4319
1783602509527 0.46111980080604553 4320
1783602509676 0.34685030579566956 4321
1783602509794 0.1779138594865799 4322
1783602509889 0.2959389090538025 4323
1783602510006 0.1855373978614807 4324
1783602510166 0.1044100895524025 4325
1783602510298 0.20360729098320007 4326
1783602510409 0.2735966145992279 4327
1783602510518 0.09988326579332352 4328
1783602510630 0.37145712971687317 4329
1783602510746 0.19022205471992493 4330
1783602510882 0.29555919766426086 4331
1783602511006 0.05930395796895027 4332
1783602511114 0.2791479527950287 4333
1783602511230 0.11521969735622406 4334
1783602511342 0.3532692790031433 4335
1783602511452 0.20543363690376282 4336
1783602511563 0.21615946292877197 4337
1783602511713 0.17836566269397736 4338
1783602511823 0.28098776936531067 4339
1783602511961 0.23796942830085754 4340
1783602512084 0.40993887186050415 4341
1783602512197 0.23253291845321655 4342
1783602512351 0.08597251027822495 4343
1783602512492 0.32761016488075256 4344
1783602512635 0.2359539270401001 4345
1783602512762 0.24614489078521729 4346
1783602512866 0.3369388282299042 4347
1783602512968 0.14039573073387146 4348
1783602513107 0.08970952779054642 4349
1783602513316 0.21921253204345703 4350
1783602513435 0.32318758964538574 4351
1783602513538 0.09401927888393402 4352
1783602513642 0.40579986572265625 4353
1783602513754 0.5143058896064758 4354
1783602513860 0.6408425569534302 4355
1783602513966 0.32018738985061646 4356
1783602514106 0.43535006046295166 4357
1783602514242 0.7860406637191772 4358
1783602514400 0.21704520285129547 4359
1783602514508 0.17495563626289368 4360
1783602514615 0.4542578160762787 4361
1783602514721 0.3613370656967163 4362
1783602514828 0.17224769294261932 4363
1783602514930 0.11495819687843323 4364
1783602515024 0.20989122986793518 4365
1783602515147 0.7110879421234131 4366
1783602515252 0.4470086693763733 4367
1783602515363 0.20802108943462372 4368
1783602515469 0.20957715809345245 4369
1783602515580 0.6383634805679321 4370
1783602515693 0.08105070888996124 4371
1783602515802 0.4279196560382843 4372
1783602515912 0.2814761996269226 4373
1783602516026 0.39174261689186096 4374
1783602516141 0.10560863465070724 4375
1783602516250 0.09194381535053253 4376
1783602516359 0.4126218557357788 4377
1783602516466 0.16471093893051147 4378
1783602516583 0.49808475375175476 4379
1783602516696 0.8045113682746887 4380
1783602516796 0.23250579833984375 4381
1783602516909 0.2363913208246231 4382
1783602517036 0.3489871323108673 4383
1783602517186 0.36065372824668884 4384
1783602517289 0.3356947600841522 4385
1783602517409 0.4630921483039856 4386
1783602517541 0.5298722982406616 4387
1783602517646 0.22812587022781372 4388
1783602517764 0.252753883600235 4389
1783602517905 0.2717323303222656 4390
1783602518016 0.15637251734733582 4391
1783602518123 0.1810448169708252 4392
1783602518252 0.24824343621730804 4393
1783602518389 0.18078215420246124 4394
1783602518541 0.5285416841506958 4395
1783602518665 0.38763490319252014 4396
1783602518772 0.8453723788261414 4397
1783602518867 0.16679050028324127 4398
1783602518975 0.3629612624645233 4399
1783602519071 0.12051941454410553 4400
1783602519168 0.2726927697658539 4401
1783602519289 0.18594369292259216 4402
1783602519409 0.4834354519844055 4403
1783602519531 0.37644025683403015 4404
1783602519726 0.2782292068004608 4405
1783602519829 0.5397298336029053 4406
1783602519928 0.45476603507995605 4407
1783602520030 0.24011726677417755 4408
1783602520121 0.10974517464637756 4409
1783602520234 0.22222568094730377 4410
1783602520344 0.22581841051578522 4411
1783602520442 0.06374286115169525 4412
1783602520549 0.6117305755615234 4413
1783602520664 0.27991512417793274 4414
1783602520794 0.5217039585113525 4415
1783602520945 0.45277777314186096 4416
1783602521066 0.11010608822107315 4417
1783602521191 0.5450096726417542 4418
1783602521302 0.38835829496383667 4419
1783602521418 0.4027736186981201 4420
1783602521534 0.10171262919902802 4421
1783602521639 0.24062180519104004 4422
1783602521742 0.43699994683265686 4423
1783602521862 0.3715857267379761 4424
1783602521985 0.14631542563438416 4425
1783602522107 0.3120258152484894 4426
1783602522219 0.37988701462745667 4427
1783602522326 0.10440845042467117 4428
1783602522430 0.16611173748970032 4429
1783602522533 0.34900498390197754 4430
1783602522644 0.4795371890068054 4431
1783602522749 0.2547692060470581 4432
1783602522853 0.4576374292373657 4433
1783602522958 0.17096857726573944 4434
1783602523058 0.6357662677764893 4435
1783602523157 0.43478477001190186 4436
1783602523268 0.23382706940174103 4437
1783602523395 0.18157227337360382 4438
1783602523496 0.45399194955825806 4439
1783602523597 0.3262587785720825 4440
1783602523700 0.2681274116039276 4441
1783602523799 0.7621456980705261 4442
1783602523901 0.32845255732536316 4443
1783602524012 0.13981007039546967 4444
1783602524122 0.31634417176246643 4445
1783602524245 0.18794184923171997 4446
1783602524352 0.6174561977386475 4447
1783602524483 0.2768556773662567 4448
1783602524621 0.4384017288684845 4449
1783602524752 0.2947196066379547 4450
1783602524868 0.1808844357728958 4451
1783602524991 0.4825795590877533 4452
1783602525110 0.23215818405151367 4453
1783602525233 0.21608497202396393 4454
1783602525347 0.461456298828125 4455
1783602525477 0.2772422730922699 4456
1783602525594 0.2744252383708954 4457
1783602525712 0.18577253818511963 4458
1783602525860 0.510229229927063 4459
1783602525982 0.6559812426567078 4460
1783602526089 0.21598520874977112 4461
1783602526188 0.2730761468410492 4462
1783602526298 0.35967111587524414 4463
1783602526413 0.4348604679107666 4464
1783602526514 0.24396967887878418 4465
1783602526621 0.1781284064054489 4466
1783602526730 0.2459261268377304 4467
1783602526841 0.20277199149131775 4468
1783602526944 0.09929832071065903 4469
1783602527063 0.16301380097866058 4470
1783602527196 0.2519872784614563 4471
1783602527307 0.4035797417163849 4472
1783602527413 0.3905533254146576 4473
1783602527530 0.39033812284469604 4474
1783602527641 0.32942718267440796 4475
1783602527745 0.30969858169555664 4476
1783602527866 0.29949092864990234 4477
1783602527975 0.23165377974510193 4478
1783602528081 0.31326770782470703 4479
1783602528195 0.2820633053779602 4480
1783602528391 0.22368036210536957 4481
1783602528532 0.1943683922290802 4482
1783602528647 0.13221034407615662 4483
1783602528771 0.24507901072502136 4484
1783602528896 0.3654097020626068 4485
1783602529006 0.42204973101615906 4486
1783602529142 0.34108495712280273 4487
1783602529263 0.3487927317619324 4488
1783602529419 0.1841534972190857 4489
1783602529564 0.09429085999727249 4490
1783602529683 0.28106921911239624 4491
1783602529793 0.7050296068191528 4492
1783602529918 0.21713335812091827 4493
1783602530039 0.29843583703041077 4494
1783602530179 0.5158057808876038 4495
1783602530314 0.2201397866010666 4496
1783602530450 0.07496536523103714 4497
1783602530591 0.2545325458049774 4498
1783602530761 0.5689318776130676 4499
1783602530906 0.38088807463645935 4500
1783602531057 0.4641653895378113 4501
1783602531213 0.507092297077179 4502
1783602531372 0.09236747771501541 4503
1783602531518 0.24781359732151031 4504
1783602531655 0.45864176750183105 4505
1783602531819 0.30970853567123413 4506
1783602531953 0.30171623826026917 4507
1783602532126 0.3806897699832916 4508
1783602532264 0.14599573612213135 4509
1783602532396 0.250510036945343 4510
1783602532516 0.1545771360397339 4511
1783602532619 0.5383306741714478 4512
1783602532742 0.31385737657546997 4513
1783602532893 0.15239056944847107 4514
1783602533015 0.43373000621795654 4515
1783602533115 0.13571782410144806 4516
1783602533258 0.31062188744544983 4517
1783602533466 0.29588669538497925 4518
1783602533624 0.23389236629009247 4519
1783602533748 0.3601849675178528 4520
1783602533849 0.15567950904369354 4521
1783602533970 0.19617609679698944 4522
1783602534085 0.20900429785251617 4523
1783602534193 0.028699928894639015 4524
1783602534301 0.3630777597427368 4525
1783602534402 0.46648287773132324 4526
1783602534501 0.4464462697505951 4527
1783602534602 0.3697475790977478 4528
1783602534711 0.23968569934368134 4529
1783602534816 0.17051388323307037 4530
1783602534927 0.13647447526454926 4531
1783602535029 0.46504512429237366 4532
1783602535143 0.13614968955516815 4533
1783602535252 0.2922230362892151 4534
1783602535356 0.6350027918815613 4535
1783602535454 0.1733841896057129 4536
1783602535555 0.22110788524150848 4537
1783602535654 0.506755530834198 4538
1783602535765 0.09791676700115204 4539
1783602535892 0.24598662555217743 4540
1783602536011 0.7132890224456787 4541
1783602536199 0.06752654910087585 4542
1783602536332 0.46590274572372437 4543
1783602536459 0.38661429286003113 4544
1783602536575 0.16278809309005737 4545
1783602536686 0.5829092860221863 4546
1783602536802 0.48302221298217773 4547
1783602536930 0.6017347574234009 4548
1783602537074 0.10255133360624313 4549
1783602537199 0.2826041281223297 4550
1783602537437 0.19418923556804657 4551
1783602537590 0.5989096760749817 4552
1783602537774 0.28273582458496094 4553
1783602537895 0.2475094348192215 4554
1783602538019 0.6361743211746216 4555
1783602538142 0.18744239211082458 4556
1783602538257 0.268596887588501 4557
1783602538377 0.7594502568244934 4558
1783602538546 0.6215048432350159 4559
1783602538693 0.5247585773468018 4560
1783602538857 0.27461689710617065 4561
1783602538978 0.16928547620773315 4562
1783602539107 0.4098031520843506 4563
1783602539241 0.5482032895088196 4564
1783602539356 0.2525765299797058 4565
1783602539471 0.2555788457393646 4566
1783602539591 0.17616349458694458 4567
1783602539719 0.1588210016489029 4568
1783602539866 0.3739009499549866 4569
1783602540005 0.43952491879463196 4570
1783602540199 0.3178979158401489 4571
1783602540355 0.4702235758304596 4572
1783602540475 0.2718832790851593 4573
1783602540594 0.15942440927028656 4574
1783602540712 0.3598048985004425 4575
1783602540814 0.3284585177898407 4576
1783602540921 0.26919662952423096 4577
1783602541056 0.07128411531448364 4578
1783602541169 0.20859892666339874 4579
1783602541290 0.48948800563812256 4580
1783602541395 0.26267915964126587 4581
1783602541512 0.15117178857326508 4582
1783602541613 0.5826179385185242 4583
1783602541734 0.18826453387737274 4584
1783602541836 0.30160367488861084 4585
1783602541939 0.21527989208698273 4586
1783602542045 0.11305262893438339 4587
1783602542166 0.46874213218688965 4588
1783602542330 0.6159366369247437 4589
1783602542522 0.2157265692949295 4590
1783602542694 0.6135273575782776 4591
1783602542792 0.33421021699905396 4592
1783602542898 0.04613269120454788 4593
1783602543017 0.11244523525238037 4594
1783602543147 0.4418124258518219 4595
1783602543254 0.23652604222297668 4596
1783602543366 0.5325807332992554 4597
1783602543520 0.37435388565063477 4598
1783602543618 0.39326342940330505 4599
1783602543749 0.3528132736682892 4600
1783602543963 0.2521871030330658 4601
1783602544083 0.4835135340690613 4602
1783602544267 0.2406824231147766 4603
1783602544433 0.08815273642539978 4604
1783602544545 0.055352505296468735 4605
1783602544653 0.45702046155929565 4606
1783602544765 0.4459878206253052 4607
1783602544882 0.07566086202859879 4608
1783602545036 0.35087087750434875 4609
1783602545189 0.39851516485214233 4610
1783602545307 0.41790324449539185 4611
1783602545425 0.15175314247608185 4612
1783602545521 0.22046326100826263 4613
1783602545618 0.38095420598983765 4614
1783602545718 0.1567630022764206 4615
1783602545830 0.3961397111415863 4616
1783602545935 0.2521311342716217 4617
1783602546056 0.5487031936645508 4618
1783602546190 0.17585504055023193 4619
1783602546374 0.2316427081823349 4620
1783602546549 0.3271327316761017 4621
1783602546699 0.24857021868228912 4622
1783602546840 0.12114706635475159 4623
1783602546971 0.19086198508739471 4624
1783602547083 0.11025580763816833 4625
1783602547200 0.8804159760475159 4626
1783602547342 0.27184322476387024 4627
1783602547459 0.08767151087522507 4628
1783602547614 0.20063713192939758 4629
1783602547760 0.20654650032520294 4630
1783602547900 0.34641233086586 4631
1783602548032 0.30988389253616333 4632
1783602548150 0.14443738758563995 4633
1783602548298 0.5852696299552917 4634
1783602548389 0.17719005048274994 4635
1783602548502 0.14388740062713623 4636
1783602548596 0.27455374598503113 4637
1783602548709 0.15564589202404022 4638
1783602548820 0.35392263531684875 4639
1783602548947 0.314912348985672 4640
1783602549058 0.17018800973892212 4641
1783602549157 0.24248069524765015 4642
1783602549267 0.2988826334476471 4643
1783602549394 0.06725310534238815 4644
1783602549511 0.4360805153846741 4645
1783602549620 0.7415947318077087 4646
1783602549723 0.13352856040000916 4647
1783602549841 0.14645905792713165 4648
1783602549934 0.5865768194198608 4649
1783602550040 0.3083960711956024 4650
1783602550163 0.506088137626648 4651
1783602550278 0.28687384724617004 4652
1783602550393 0.6613137125968933 4653
1783602550495 0.28738996386528015 4654
1783602550597 0.3912571370601654 4655
1783602550698 0.057335786521434784 4656
1783602550831 0.43238815665245056 4657
1783602550998 0.28723767399787903 4658
1783602551118 0.6211130023002625 4659
1783602551252 0.24805109202861786 4660
1783602551373 0.0801728367805481 4661
1783602551502 0.37741798162460327 4662
1783602551635 0.49468258023262024 4663
1783602551731 0.24444128572940826 4664
1783602551852 0.3143814504146576 4665
1783602551975 0.4168083667755127 4666
1783602552084 0.34398674964904785 4667
1783602552201 0.07511115819215775 4668
1783602552340 0.7578244805335999 4669
1783602552480 0.29476502537727356 4670
1783602552602 0.29954466223716736 4671
1783602552728 0.2602016031742096 4672
1783602552849 0.3216283321380615 4673
1783602552962 0.3309517204761505 4674
1783602553080 0.5084288120269775 4675
1783602553188 0.27137693762779236 4676
1783602553296 0.25366881489753723 4677
1783602553398 0.5039879679679871 4678
1783602553520 0.298861563205719 4679
1783602553655 0.424460768699646 4680
1783602553781 0.19377058744430542 4681
1783602553891 0.6900103092193604 4682
1783602554010 0.2961510121822357 4683
1783602554134 0.1080164760351181 4684
1783602554240 0.16993539035320282 4685
1783602554346 0.36189740896224976 4686
1783602554460 0.35838618874549866 4687
1783602554585 0.24107626080513 4688
1783602554701 0.15537497401237488 4689
1783602554862 0.24370113015174866 4690
1783602554987 0.20174749195575714 4691
1783602555112 0.3975236415863037 4692
1783602555250 0.35910671949386597 4693
1783602555368 0.366769403219223 4694
1783602555474 0.07909878343343735 4695
1783602555574 0.08015643060207367 4696
1783602555675 0.43111422657966614 4697
1783602555782 0.741775393486023 4698
1783602555891 0.122348852455616 4699
1783602556023 0.7917207479476929 4700
1783602556158 0.4773784577846527 4701
1783602556272 0.787930965423584 4702
1783602556393 0.08758071064949036 4703
1783602556520 0.237740159034729 4704
1783602556646 0.47614148259162903 4705
1783602556753 0.15200872719287872 4706
1783602556859 0.10351927578449249 4707
1783602556966 0.17998358607292175 4708
1783602557080 0.4486203193664551 4709
1783602557234 0.29649701714515686 4710
1783602557370 0.09251878410577774 4711
1783602557511 0.12645484507083893 4712
1783602557604 0.5035369396209717 4713
1783602557703 0.1579059362411499 4714
1783602557826 0.3612777888774872 4715
1783602557955 0.1014057844877243 4716
1783602558085 0.16101865470409393 4717
1783602558198 0.30791226029396057 4718
1783602558297 0.5875832438468933 4719
1783602558414 0.30392715334892273 4720
1783602558530 0.23823575675487518 4721
1783602558629 0.243061825633049 4722
1783602558737 0.1744193732738495 4723
1783602558836 0.33960554003715515 4724
1783602558938 0.3978866636753082 4725
1783602559051 0.13859711587429047 4726
1783602559160 0.17008592188358307 4727
1783602559296 0.31804436445236206 4728
1783602559461 0.22561371326446533 4729
1783602559572 0.37455758452415466 4730
1783602559692 0.15692615509033203 4731
1783602559831 0.10333637148141861 4732
1783602559949 0.23282191157341003 4733
1783602560063 0.223785862326622 4734
1783602560195 0.362210214138031 4735
1783602560357 0.31668585538864136 4736
1783602560478 0.42944806814193726 4737
1783602560584 0.28880855441093445 4738
1783602560705 0.1446552723646164 4739
1783602560809 0.23506201803684235 4740
1783602560911 0.3557696044445038 4741
1783602561031 0.2534981071949005 4742
1783602561129 0.6913796067237854 4743
1783602561235 0.1520761251449585 4744
1783602561344 0.18368488550186157 4745
1783602561447 0.10325577110052109 4746
1783602561550 0.4475676119327545 4747
1783602561659 0.2531312108039856 4748
1783602561765 0.2593594193458557 4749
1783602561866 0.17331399023532867 4750
1783602561971 0.23558759689331055 4751
1783602562087 0.40400299429893494 4752
1783602562194 0.19459420442581177 4753
1783602562305 0.22360862791538239 4754
1783602562415 0.39431095123291016 4755
1783602562525 0.2759360671043396 4756
1783602562629 0.135654479265213 4757
1783602562744 0.16421574354171753 4758
1783602562870 0.5163241624832153 4759
1783602562980 0.624257504940033 4760
1783602563084 0.10793361067771912 4761
1783602563187 0.40191009640693665 4762
1783602563298 0.2170243114233017 4763
1783602563398 0.4316251873970032 4764
1783602563499 0.3145159184932709 4765
1783602563595 0.28738918900489807 4766
1783602563695 0.2564578652381897 4767
1783602563792 0.1650092601776123 4768
1783602563896 0.27929458022117615 4769
1783602563997 0.5067742466926575 4770
1783602564146 0.34235844016075134 4771
1783602564265 0.12112104892730713 4772
1783602564364 0.566749632358551 4773
1783602564467 0.1703784018754959 4774
1783602564593 0.3085068166255951 4775
1783602564688 0.07162284851074219 4776
1783602564799 0.22253921627998352 4777
1783602564932 0.6121737957000732 4778
1783602565054 0.4591774046421051 4779
1783602565174 0.6081354022026062 4780
1783602565284 0.20403005182743073 4781
1783602565395 0.17339499294757843 4782
1783602565527 0.2375015765428543 4783
1783602565636 0.4580240249633789 4784
1783602565739 0.17972341179847717 4785
1783602565850 0.3427255153656006 4786
1783602565962 0.5839206576347351 4787
1783602566081 0.5804480314254761 4788
1783602566204 0.14349770545959473 4789
1783602566323 0.31509965658187866 4790
1783602566434 0.6046304106712341 4791
1783602566550 0.4190168082714081 4792
1783602566662 0.15740297734737396 4793
1783602566778 0.43323996663093567 4794
1783602566888 0.23857234418392181 4795
1783602566992 0.3698888421058655 4796
1783602567095 0.17609883844852448 4797
1783602567205 0.14234407246112823 4798
1783602567313 0.2611628472805023 4799
1783602567416 0.1006726324558258 4800
1783602567514 0.13211935758590698 4801
1783602567613 0.31468039751052856 4802
1783602567714 0.8974644541740417 4803
1783602567843 0.6829354763031006 4804
1783602567979 0.6518570184707642 4805
1783602568086 0.2869263291358948 4806
1783602568200 0.06984862685203552 4807
1783602568299 0.4598030745983124 4808
1783602568407 0.3103606700897217 4809
1783602568512 0.46888211369514465 4810
1783602568615 0.35375532507896423 4811
1783602568714 0.11975813657045364 4812
1783602568812 0.32054853439331055 4813
1783602568931 0.6309723258018494 4814
1783602569033 0.507858157157898 4815
1783602569128 0.19530603289604187 4816
1783602569248 0.3528570532798767 4817
1783602569372 0.3366597890853882 4818
1783602569478 0.17809319496154785 4819
1783602569572 0.12444993108510971 4820
1783602569677 0.6662542223930359 4821
1783602569781 0.2634741961956024 4822
1783602569887 0.5051142573356628 4823
1783602569997 0.25655314326286316 4824
1783602570115 0.3873567283153534 4825
1783602570224 0.4355192184448242 4826
1783602570350 0.2395952194929123 4827
1783602570484 0.3654386103153229 4828
1783602570634 0.5785115361213684 4829
1783602570763 0.1993190497159958 4830
1783602570872 0.4585275948047638 4831
1783602570972 0.5474821925163269 4832
1783602571113 0.24758456647396088 4833
1783602571287 0.7293766736984253 4834
1783602571448 0.35738497972488403 4835
1783602571628 0.09451460838317871 4836
1783602571826 0.1950005292892456 4837
1783602571963 0.4383399784564972 4838
1783602572088 0.5509008169174194 4839
1783602572226 0.10154193639755249 4840
1783602572347 0.4074332118034363 4841
1783602572466 0.3541859984397888 4842
1783602572582 1.0206151008605957 4843
1783602572697 0.13817033171653748 4844
1783602572798 0.3950119614601135 4845
1783602572922 0.6815752983093262 4846
1783602573070 0.49270540475845337 4847
1783602573190 0.31244808435440063 4848
1783602573314 0.3501148223876953 4849
1783602573428 0.2720889747142792 4850
1783602573566 0.5385931134223938 4851
1783602573695 0.4480336010456085 4852
1783602573858 0.6612335443496704 4853
1783602573991 0.08097700774669647 4854
1783602574163 0.1281151920557022 4855
1783602574330 0.17017358541488647 4856
1783602574481 0.08798976242542267 4857
1783602574587 0.40895161032676697 4858
1783602574679 0.4323020279407501 4859
1783602574806 0.3087673783302307 4860
1783602574918 0.2548583745956421 4861
1783602575018 0.3430893123149872 4862
1783602575154 0.5496734380722046 4863
1783602575293 0.4529627859592438 4864
1783602575400 0.26557838916778564 4865
1783602575504 0.12798920273780823 4866
1783602575634 0.3042043149471283 4867
1783602575799 0.12698371708393097 4868
1783602575927 0.22071245312690735 4869
1783602576053 0.28495410084724426 4870
1783602576206 0.7016997337341309 4871
1783602576323 0.2330532670021057 4872
1783602576445 0.10220296680927277 4873
1783602576570 0.4655183255672455 4874
1783602576708 0.6031288504600525 4875
1783602576841 0.15750961005687714 4876
1783602576989 0.2560338079929352 4877
1783602577120 0.3269757032394409 4878
1783602577241 0.2073688805103302 4879
1783602577366 0.23739197850227356 4880
1783602577492 0.1981835961341858 4881
1783602577631 0.3159826099872589 4882
1783602577778 0.5566526055335999 4883
1783602577890 0.42599329352378845 4884
1783602578011 0.10129446536302567 4885
1783602578132 0.18872883915901184 4886
1783602578276 0.4942345917224884 4887
1783602578406 0.504360556602478 4888
1783602578508 0.4831244945526123 4889
1783602578613 0.27531975507736206 4890
1783602578727 0.2752777934074402 4891
1783602578845 0.12531860172748566 4892
1783602578974 0.310893714427948 4893
1783602579066 0.3789364695549011 4894
1783602579183 0.0927584245800972 4895
1783602579331 0.1233886256814003 4896
1783602579479 0.17732389271259308 4897
1783602579592 0.22748243808746338 4898
1783602579706 0.3493330776691437 4899
1783602579825 0.2589438557624817 4900
1783602579941 0.20843885838985443 4901
1783602580068 0.11382858455181122 4902
1783602580190 0.369225412607193 4903
1783602580353 0.23339661955833435 4904
1783602580512 0.3765965700149536 4905
1783602580661 0.22796769440174103 4906
1783602580816 0.15292775630950928 4907
1783602580960 0.4946235418319702 4908
1783602581075 0.36513751745224 4909
1783602581181 0.22589178383350372 4910
1783602581281 0.19523026049137115 4911
1783602581395 0.295847624540329 4912
1783602581515 0.26659417152404785 4913
1783602581614 0.11875185370445251 4914
1783602581749 0.3724829852581024 4915
1783602581934 0.5091844201087952 4916
1783602582105 0.5141006708145142 4917
1783602582237 0.09190964698791504 4918
1783602582353 0.12382680922746658 4919
1783602582471 0.21866855025291443 4920
1783602582587 0.25198015570640564 4921
1783602582701 0.3085979223251343 4922
1783602582806 0.11181733757257462 4923
1783602582925 0.35543322563171387 4924
1783602583078 0.40256693959236145 4925
1783602583205 0.48674216866493225 4926
1783602583302 0.28841492533683777 4927
1783602583443 0.2673775255680084 4928
1783602583604 0.2345229834318161 4929
1783602583719 0.06596694886684418 4930
1783602583837 0.1533421128988266 4931
1783602583937 0.5598503947257996 4932
1783602584046 0.7002741098403931 4933
1783602584172 0.11841516941785812 4934
1783602584317 0.25940096378326416 4935
1783602584469 0.23016652464866638 4936
1783602584584 0.3489046096801758 4937
1783602584712 0.12362729012966156 4938
1783602584868 0.4921574890613556 4939
1783602584976 0.5495805144309998 4940
1783602585075 0.20220230519771576 4941
1783602585170 0.16919702291488647 4942
1783602585288 0.38178542256355286 4943
1783602585392 0.5377393960952759 4944
1783602585501 0.1172952800989151 4945
1783602585606 0.20307043194770813 4946
1783602585716 0.3428133726119995 4947
1783602585828 0.451465904712677 4948
1783602585960 0.056654103100299835 4949
1783602586100 0.45704010128974915 4950
1783602586245 0.1394089162349701 4951
1783602586356 0.36109864711761475 4952
1783602586476 0.6083909273147583 4953
1783602586630 0.28179776668548584 4954
1783602586768 0.12295518815517426 4955
1783602586895 0.15217448770999908 4956
1783602587041 0.2781471610069275 4957
1783602587131 0.3084709346294403 4958
1783602587258 0.2562628984451294 4959
1783602587408 0.4740905165672302 4960
1783602587524 0.40166735649108887 4961
1783602587684 0.3134734034538269 4962
1783602587847 0.13476847112178802 4963
1783602588017 0.35388344526290894 4964
1783602588164 0.531370222568512 4965
1783602588315 0.2935369610786438 4966
1783602588461 0.26572009921073914 4967
1783602588601 0.32953619956970215 4968
1783602588748 0.4169653654098511 4969
1783602588897 0.337903767824173 4970
1783602589032 0.17871958017349243 4971
1783602589168 0.3925137221813202 4972
1783602589331 0.5201320648193359 4973
1783602589506 0.14612291753292084 4974
1783602589641 0.21843387186527252 4975
1783602589813 0.10485395044088364 4976
1783602589950 0.4554009437561035 4977
1783602590055 0.30456045269966125 4978
1783602590167 0.25324466824531555 4979
1783602590285 0.0762660801410675 4980
1783602590403 0.28399503231048584 4981
1783602590529 0.18869054317474365 4982
1783602590669 0.4072820246219635 4983
1783602590830 0.1457018405199051 4984
1783602590983 0.10897523164749146 4985
1783602591119 0.2140505164861679 4986
1783602591256 0.22048042714595795 4987
1783602591368 0.11584906280040741 4988
1783602591476 0.14912372827529907 4989
1783602591571 0.32532063126564026 4990
1783602591664 0.2048257440328598 4991
1783602591767 0.7744998931884766 4992
1783602591882 0.08503592014312744 4993
1783602591999 0.4055933654308319 4994
1783602592112 0.28728896379470825 4995
1783602592220 0.1508571356534958 4996
1783602592352 0.37296462059020996 4997
1783602592462 0.130150705575943 4998
1783602592563 0.20409232378005981 4999
1783602592662 0.24672701954841614 5000
1783602592752 0.12746460735797882 5001
1783602592868 0.061597347259521484 5002
1783602592996 0.1826353371143341 5003
1783602593131 0.42634811997413635 5004
1783602593244 0.2371673882007599 5005
1783602593348 0.4447849690914154 5006
1783602593476 0.4079071283340454 5007
1783602593599 0.2166040688753128 5008
1783602593740 0.1923743337392807 5009
1783602593874 0.10373695194721222 5010
1783602593972 0.3254743218421936 5011
1783602594089 0.24333006143569946 5012
1783602594242 0.28261876106262207 5013
1783602594372 0.3746860921382904 5014
1783602594506 0.3195314109325409 5015
1783602594625 0.41234955191612244 5016
1783602594753 0.2791488468647003 5017
1783602594895 0.16607944667339325 5018
1783602595073 0.30622246861457825 5019
1783602595194 0.44800564646720886 5020
1783602595296 0.3955323100090027 5021
1783602595407 0.12023136764764786 5022
1783602595517 0.2678813636302948 5023
1783602595647 0.22183097898960114 5024
1783602595762 0.3252781927585602 5025
1783602595897 0.1385197788476944 5026
1783602596027 0.7536998987197876 5027
1783602596151 0.2210542857646942 5028
1783602596269 0.17296290397644043 5029
1783602596390 0.1749686747789383 5030
1783602596494 0.3437519669532776 5031
1783602596597 0.2772967219352722 5032
1783602596713 0.34577271342277527 5033
1783602596832 0.2868793308734894 5034
1783602596939 0.1757909506559372 5035
1783602597085 0.4436781704425812 5036
1783602597253 0.22573259472846985 5037
1783602597375 0.773932933807373 5038
1783602597516 0.33179476857185364 5039
1783602597674 0.27018895745277405 5040
1783602597781 0.08490021526813507 5041
1783602597899 0.3423183262348175 5042
1783602598011 0.6105884909629822 5043
1783602598128 0.1521432250738144 5044
1783602598240 0.4704430103302002 5045
1783602598397 0.10650268197059631 5046
1783602598565 0.19156694412231445 5047
1783602598739 0.3097452223300934 5048
1783602598891 0.1490582674741745 5049
1783602599000 0.11533738672733307 5050
1783602599106 0.7502919435501099 5051
1783602599197 0.1449037492275238 5052
1783602599320 0.43334686756134033 5053
1783602599441 0.26720383763313293 5054
1783602599580 0.2384115308523178 5055
1783602599762 0.6045555472373962 5056
1783602599897 0.8164908289909363 5057
1783602600075 0.10044118762016296 5058
1783602600246 0.11071888357400894 5059
1783602600400 0.30754080414772034 5060
1783602600543 0.608588695526123 5061
1783602600708 0.4656654894351959 5062
1783602600858 0.503330647945404 5063
1783602601012 0.11052659898996353 5064
1783602601137 0.4932510256767273 5065
1783602601270 0.2737034857273102 5066
1783602601392 0.33651477098464966 5067
1783602601514 0.7292411923408508 5068
1783602601633 0.43121337890625 5069
1783602601730 0.1699291318655014 5070
1783602601818 0.8357483744621277 5071
1783602601947 0.274558961391449 5072
1783602602067 0.13870927691459656 5073
1783602602155 0.20593883097171783 5074
1783602602258 0.29439422488212585 5075
1783602602370 0.171111598610878 5076
1783602602476 0.1133534163236618 5077
1783602602581 0.4177084267139435 5078
1783602602693 0.35159921646118164 5079
1783602602801 0.7394797801971436 5080
1783602602925 0.2541016936302185 5081
1783602603030 0.2377866506576538 5082
1783602603137 0.32090115547180176 5083
1783602603278 0.09355583041906357 5084
1783602603397 0.5528327226638794 5085
1783602603525 0.32609331607818604 5086
1783602603635 0.5109123587608337 5087
1783602603767 0.41698625683784485 5088
1783602603883 0.379343181848526 5089
1783602604006 0.3255907893180847 5090
1783602604130 0.23482853174209595 5091
1783602604247 0.12657542526721954 5092
1783602604363 0.23641270399093628 5093
1783602604476 0.11930380761623383 5094
1783602604577 0.09948639571666718 5095
1783602604686 0.15802064538002014 5096
1783602604782 0.47091132402420044 5097
1783602604878 0.33598408102989197 5098
1783602604973 0.30870768427848816 5099
1783602605055 0.212701678276062 5100
1783602605148 0.33535900712013245 5101
1783602605260 0.3309435248374939 5102
1783602605391 0.2705766558647156 5103
1783602605523 0.47753894329071045 5104
1783602605629 0.12596379220485687 5105
1783602605721 0.23405608534812927 5106
1783602605825 0.1391822099685669 5107
1783602605935 0.26414039731025696 5108
1783602606065 0.4721335172653198 5109
1783602606178 0.6282824873924255 5110
1783602606299 0.1756109744310379 5111
1783602606412 0.3771454393863678 5112
1783602606544 0.47731807827949524 5113
1783602606658 0.08069215714931488 5114
1783602606759 0.39501163363456726 5115
1783602606859 0.14273004233837128 5116
1783602606963 0.17497393488883972 5117
1783602607065 0.5481273531913757 5118
1783602607183 0.43231290578842163 5119
1783602607292 0.4974367618560791 5120
1783602607414 0.2497960329055786 5121
1783602607546 0.3962121605873108 5122
1783602607652 0.2820267677307129 5123
1783602607753 0.13082289695739746 5124
1783602607868 0.17383207380771637 5125
1783602607987 0.22530515491962433 5126
1783602608089 0.3004792034626007 5127
1783602608191 0.5184670686721802 5128
1783602608291 0.24677212536334991 5129
1783602608402 0.1832490712404251 5130
1783602608500 0.2001822590827942 5131
1783602608612 0.17937198281288147 5132
1783602608710 0.374328076839447 5133
1783602608817 0.605865478515625 5134
1783602608915 0.15454846620559692 5135
1783602609031 0.2241993546485901 5136
1783602609144 0.17910997569561005 5137
1783602609250 0.2863192558288574 5138
1783602609346 0.40661269426345825 5139
1783602609456 0.20516231656074524 5140
1783602609561 0.21386782824993134 5141
1783602609676 0.213941290974617 5142
1783602609795 0.3947364091873169 5143
1783602609947 0.4126310348510742 5144
1783602610087 0.2969244122505188 5145
1783602610274 0.4373070001602173 5146
1783602610427 0.35759925842285156 5147
1783602610547 0.16139985620975494 5148
1783602610674 0.05110770836472511 5149
1783602610785 0.1669795960187912 5150
1783602610918 0.6739630699157715 5151
1783602611024 0.11194698512554169 5152
1783602611184 0.31732210516929626 5153
1783602611276 0.18398208916187286 5154
1783602611380 0.14661191403865814 5155
1783602611489 0.11925693601369858 5156
1783602611647 0.18765684962272644 5157
1783602611761 0.2941792607307434 5158
1783602611867 0.4772421419620514 5159
1783602611995 0.14992231130599976 5160
1783602612101 0.5466912984848022 5161
1783602612195 0.2029561847448349 5162
1783602612309 0.34259581565856934 5163
1783602612419 0.36548659205436707 5164
1783602612517 0.34618496894836426 5165
1783602612643 0.32451313734054565 5166
1783602612812 0.22239314019680023 5167
1783602612926 0.2609974443912506 5168
1783602613044 0.6003240942955017 5169
1783602613150 0.061009012162685394 5170
1783602613245 0.3997592628002167 5171
1783602613344 0.41913557052612305 5172
1783602613445 0.2169228196144104 5173
1783602613585 0.28139469027519226 5174
1783602613712 0.3300173878669739 5175
1783602613815 0.29217156767845154 5176
1783602613917 0.24591860175132751 5177
1783602614060 0.5856988430023193 5178
1783602614185 0.29755309224128723 5179
1783602614292 0.3153228163719177 5180
1783602614387 0.2824155390262604 5181
1783602614489 0.6710830330848694 5182
1783602614586 0.39636969566345215 5183
1783602614682 0.36216503381729126 5184
1783602614819 0.35820823907852173 5185
1783602614938 0.2777821123600006 5186
1783602615056 0.23412469029426575 5187
1783602615160 0.1364525705575943 5188
1783602615276 0.26995304226875305 5189
1783602615380 0.4030551612377167 5190
1783602615479 0.3323599100112915 5191
1783602615574 0.2001171112060547 5192
1783602615667 0.3575271964073181 5193
1783602615789 0.564233660697937 5194
1783602615894 0.38266900181770325 5195
1783602616002 0.31549352407455444 5196
1783602616110 0.31228289008140564 5197
1783602616233 0.27253034710884094 5198
1783602616361 0.28977006673812866 5199
1783602616468 0.1919880360364914 5200
1783602616582 0.4769063889980316 5201
1783602616725 0.18173851072788239 5202
1783602616833 0.6807868480682373 5203
1783602616944 0.2645148038864136 5204
1783602617039 0.2386578917503357 5205
1783602617141 0.5398783087730408 5206
1783602617339 0.14652001857757568 5207
1783602617460 0.6788626313209534 5208
1783602617584 0.41769251227378845 5209
1783602617736 0.3385990262031555 5210
1783602617897 0.38057151436805725 5211
1783602618032 0.3659120202064514 5212
1783602618146 0.3300991952419281 5213
1783602618275 0.30597788095474243 5214
1783602618394 0.1826767474412918 5215
1783602618521 0.3192942142486572 5216
1783602618617 0.261528342962265 5217
1783602618720 0.19026528298854828 5218
1783602618824 0.22655215859413147 5219
1783602618944 0.4534015357494354 5220
1783602619040 0.08411660045385361 5221
1783602619167 0.21454964578151703 5222
1783602619278 0.5315569639205933 5223
1783602619379 0.07119494676589966 5224
1783602619486 0.2536715269088745 5225
1783602619591 0.3133492171764374 5226
1783602619694 0.4621691405773163 5227
1783602619818 0.33402541279792786 5228
1783602619947 0.17329341173171997 5229
1783602620088 0.021787088364362717 5230
1783602620205 0.3731032907962799 5231
1783602620333 0.32581043243408203 5232
1783602620464 0.2859227657318115 5233
1783602620586 0.24560542404651642 5234
1783602620703 0.29547548294067383 5235
1783602620806 0.18877825140953064 5236
1783602620943 0.08491823822259903 5237
1783602621089 0.31692713499069214 5238
1783602621199 0.38196834921836853 5239
1783602621344 0.44613710045814514 5240
1783602621476 0.35696524381637573 5241
1783602621618 0.48345887660980225 5242
1783602621750 0.19273464381694794 5243
1783602621878 0.25001028180122375 5244
1783602622042 0.2291375994682312 5245
1783602622206 0.18866676092147827 5246
1783602622381 0.26959216594696045 5247
1783602622554 0.5371055006980896 5248
1783602622734 0.13557277619838715 5249
1783602622888 0.5980373024940491 5250
1783602623025 0.4902086853981018 5251
1783602623135 0.3515365421772003 5252
1783602623241 0.3362162709236145 5253
1783602623393 0.38171374797821045 5254
1783602623558 0.20838984847068787 5255
1783602623696 0.20575134456157684 5256
1783602623857 0.33043333888053894 5257
1783602623974 0.24299094080924988 5258
1783602624133 0.44669392704963684 5259
1783602624262 0.19893252849578857 5260
1783602624384 0.38857030868530273 5261
1783602624516 0.460811048746109 5262
1783602624671 0.3479996919631958 5263
1783602624824 0.25408291816711426 5264
1783602624952 0.35383111238479614 5265
1783602625078 0.5429493188858032 5266
1783602625262 0.1470566838979721 5267
1783602625449 0.26974040269851685 5268
1783602625554 0.10349149256944656 5269
1783602625666 0.09199868887662888 5270
1783602625778 0.23343537747859955 5271
1783602625922 0.370388001203537 5272
1783602626065 0.1445777267217636 5273
1783602626224 0.1959114968776703 5274
1783602626362 0.394208163022995 5275
1783602626483 0.21539761126041412 5276
1783602626633 0.48684847354888916 5277
1783602626800 0.08705668896436691 5278
1783602626915 0.39415982365608215 5279
1783602627049 0.42168527841567993 5280
1783602627167 0.602219820022583 5281
1783602627308 0.2959439754486084 5282
1783602627471 0.2551059424877167 5283
1783602627615 0.27672529220581055 5284
1783602627801 0.2737651467323303 5285
1783602627962 0.3240431547164917 5286
1783602628101 0.37811779975891113 5287
1783602628212 0.13712283968925476 5288
1783602628307 0.25570064783096313 5289
1783602628434 0.16364167630672455 5290
1783602628582 0.5392906665802002 5291
1783602628740 0.07252057641744614 5292
1783602628887 0.3413427472114563 5293
1783602629008 0.36226901412010193 5294
1783602629119 0.23501266539096832 5295
1783602629223 0.4760182797908783 5296
1783602629323 0.3928751051425934 5297
1783602629416 0.7304149270057678 5298
1783602629544 0.3515376150608063 5299
1783602629700 0.4444868564605713 5300
1783602629853 0.46111127734184265 5301
1783602629995 0.747094452381134 5302
1783602630149 0.4286782443523407 5303
1783602630303 0.3271564543247223 5304
1783602630412 0.3063001036643982 5305
1783602630562 0.3841204047203064 5306
1783602630675 0.4922991394996643 5307
1783602630788 0.08908314257860184 5308
1783602630941 0.27172958850860596 5309
1783602631111 0.29685017466545105 5310
1783602631280 0.24656543135643005 5311
1783602631417 0.11460386961698532 5312
1783602631581 0.18497943878173828 5313
1783602631753 0.6590286493301392 5314
1783602631892 0.3279620409011841 5315
1783602632009 0.2481037676334381 5316
1783602632114 0.4420255422592163 5317
1783602632229 0.34445199370384216 5318
1783602632376 0.24122421443462372 5319
1783602632545 0.7860700488090515 5320
1783602632668 0.2726071774959564 5321
1783602632782 0.28898248076438904 5322
1783602632946 0.21164658665657043 5323
1783602633108 0.4444711208343506 5324
1783602633243 0.18842734396457672 5325
1783602633343 0.2826005220413208 5326
1783602633476 0.3528822064399719 5327
1783602633641 0.910361111164093 5328
1783602633782 0.21857713162899017 5329
1783602633958 0.16074484586715698 5330
1783602634147 0.13263988494873047 5331
1783602634329 0.1405792385339737 5332
1783602634472 0.5563837885856628 5333
1783602634582 0.10341895371675491 5334
1783602634697 0.1566908210515976 5335
1783602634794 0.18087711930274963 5336
1783602634934 0.4260360896587372 5337
1783602635075 0.20091651380062103 5338
1783602635205 0.20223236083984375 5339
1783602635331 0.22940856218338013 5340
1783602635427 0.25471407175064087 5341
1783602635536 0.24726586043834686 5342
1783602635669 0.24871262907981873 5343
1783602635797 0.3388932943344116 5344
1783602635905 0.3762234151363373 5345
1783602636037 0.04993933439254761 5346
1783602636271 0.29847681522369385 5347
1783602636425 0.4115767478942871 5348
1783602636550 0.2273213267326355 5349
1783602636690 0.16560859978199005 5350
1783602636822 0.2580820322036743 5351
1783602636998 0.19467590749263763 5352
1783602637116 0.3231855034828186 5353
1783602637210 0.2047244757413864 5354
1783602637371 0.2973765730857849 5355
1783602637508 0.31290075182914734 5356
1783602637661 0.6052780151367188 5357
1783602637816 0.2894408702850342 5358
1783602637957 0.42637571692466736 5359
1783602638066 0.19887037575244904 5360
1783602638182 0.5886113047599792 5361
1783602638338 0.2896938621997833 5362
1783602638461 0.2754056453704834 5363
1783602638565 0.19898129999637604 5364
1783602638661 0.22536420822143555 5365
1783602638768 0.590579628944397 5366
1783602638889 0.19734273850917816 5367
1783602639015 0.28527405858039856 5368
1783602639111 0.22893936932086945 5369
1783602639261 0.09713603556156158 5370
1783602639455 0.27466779947280884 5371
1783602639598 0.19441509246826172 5372
1783602639700 0.3470156788825989 5373
1783602639829 0.23692479729652405 5374
1783602640011 0.2314891815185547 5375
1783602640169 0.2617770731449127 5376
1783602640323 0.17752154171466827 5377
1783602640496 0.47890400886535645 5378
1783602640634 0.679197371006012 5379
1783602640737 0.3221307396888733 5380
1783602640855 0.24301330745220184 5381
1783602640984 0.3598475754261017 5382
1783602641104 0.33699893951416016 5383
1783602641216 0.16908103227615356 5384
1783602641327 0.13119983673095703 5385
1783602641487 0.1356196254491806 5386
1783602641646 0.21452440321445465 5387
1783602641822 0.251503586769104 5388
1783602641974 0.11459147185087204 5389
1783602642126 0.1564745455980301 5390
1783602642258 0.3955816924571991 5391
1783602642413 0.15378983318805695 5392
1783602642561 0.03633604943752289 5393
1783602642725 0.8603105545043945 5394
1783602642888 0.36939454078674316 5395
1783602643049 0.36201387643814087 5396
1783602643204 0.07942427694797516 5397
1783602643384 0.6593722105026245 5398
1783602643576 0.7378247380256653 5399
1783602643752 0.6255471706390381 5400
1783602643905 0.423011839389801 5401
1783602644016 0.13527068495750427 5402
1783602644185 0.26960378885269165 5403
1783602644333 0.4205440282821655 5404
1783602644503 0.17914681136608124 5405
1783602644614 0.3711649179458618 5406
1783602644771 0.16948731243610382 5407
1783602644899 0.6651131510734558 5408
1783602645056 0.27402594685554504 5409
1783602645184 0.23027542233467102 5410
1783602645330 0.32563185691833496 5411
1783602645437 0.6104525327682495 5412
1783602645538 0.3509047031402588 5413
1783602645641 0.46550244092941284 5414
1783602645733 0.33248838782310486 5415
1783602645889 0.3172038197517395 5416
1783602646056 0.3607994019985199 5417
1783602646177 0.14133040606975555 5418
1783602646309 0.7871955633163452 5419
1783602646436 0.3061276078224182 5420
1783602646609 0.48170119524002075 5421
1783602646760 0.09195959568023682 5422
1783602646888 0.431902676820755 5423
1783602647021 0.28593382239341736 5424
1783602647124 0.26440635323524475 5425
1783602647297 0.10209599882364273 5426
1783602647422 0.44642993807792664 5427
1783602647534 0.21984735131263733 5428
1783602647675 0.2438468039035797 5429
1783602647782 0.1790669858455658 5430
1783602647921 0.16105583310127258 5431
1783602648062 0.2223658710718155 5432
1783602648198 0.3608147203922272 5433
1783602648355 0.6087099313735962 5434
1783602648701 0.24862059950828552 5435
1783602648817 0.3084443211555481 5436
1783602648959 0.5921757221221924 5437
1783602649079 0.14110353589057922 5438
1783602649221 0.2532818615436554 5439
1783602649348 0.30216091871261597 5440
1783602649527 0.30527764558792114 5441
1783602649696 0.27651652693748474 5442
1783602649849 0.6799002885818481 5443
1783602649956 0.5365410447120667 5444
1783602650069 0.1681947112083435 5445
1783602650172 0.20755377411842346 5446
1783602650287 0.5945629477500916 5447
1783602650428 0.21385785937309265 5448
1783602650577 0.5080715417861938 5449
1783602650765 0.1867569386959076 5450
1783602650939 0.24042652547359467 5451
1783602651072 0.3287718892097473 5452
1783602651195 0.37668344378471375 5453
1783602651310 0.1209680512547493 5454
1783602651415 0.0756189227104187 5455
1783602651538 0.12950697541236877 5456
1783602651695 0.23466241359710693 5457
1783602651842 0.40954825282096863 5458
1783602651974 0.2304457724094391 5459
1783602652087 0.47665002942085266 5460
1783602652206 0.3227230906486511 5461
1783602652335 0.3359956443309784 5462
1783602652447 0.25605395436286926 5463
1783602652557 0.18146775662899017 5464
1783602652703 0.31903454661369324 5465
1783602652856 0.42244836688041687 5466
1783602653006 0.09006968140602112 5467
1783602653152 0.35227662324905396 5468
1783602653279 0.2719276249408722 5469
1783602653451 0.40862417221069336 5470
1783602653619 0.27077993750572205 5471
1783602653740 0.5202031135559082 5472
1783602653899 0.2601059377193451 5473
1783602654051 0.16241833567619324 5474
1783602654185 0.1755288988351822 5475
1783602654335 0.2678662836551666 5476
1783602654489 0.1626850962638855 5477
1783602654636 0.17516782879829407 5478
1783602654792 0.16946525871753693 5479
1783602654934 0.2996971905231476 5480
1783602655087 0.2050325870513916 5481
1783602655217 0.31212782859802246 5482
1783602655351 0.18300262093544006 5483
1783602655449 0.21741212904453278 5484
1783602655570 0.13880965113639832 5485
1783602655678 0.3252214789390564 5486
1783602655812 0.44563254714012146 5487
1783602655956 0.28451502323150635 5488
1783602656082 0.46454039216041565 5489
1783602656196 0.22838592529296875 5490
1783602656293 0.22363805770874023 5491
1783602656392 0.2646946310997009 5492
1783602656533 0.15685977041721344 5493
1783602656672 0.1231713742017746 5494
1783602656855 0.27589112520217896 5495
1783602656998 0.28013521432876587 5496
1783602657177 0.13537970185279846 5497
1783602657330 0.301431804895401 5498
1783602657476 0.3160537779331207 5499
1783602657581 0.12442302703857422 5500
1783602657710 0.25048887729644775 5501
1783602657858 0.2503867745399475 5502
1783602658012 0.24244675040245056 5503
1783602658193 0.17815449833869934 5504
1783602658378 0.2410677969455719 5505
1783602658550 0.31092843413352966 5506
1783602658694 0.056707460433244705 5507
1783602658812 0.6214825510978699 5508
1783602658917 0.8105897903442383 5509
1783602659044 0.2901112139225006 5510
1783602659209 0.37247946858406067 5511
1783602659369 0.3704361021518707 5512
1783602659546 0.25075095891952515 5513
1783602659685 0.27427250146865845 5514
1783602659809 0.17688529193401337 5515
1783602659911 0.14615730941295624 5516
1783602660024 0.20925261080265045 5517
1783602660135 0.6174774169921875 5518
1783602660228 0.09693481773138046 5519
1783602660343 0.2331397533416748 5520
1783602660457 0.41959893703460693 5521
1783602660595 0.055630505084991455 5522
1783602660744 0.3685581386089325 5523
1783602660853 0.12050849944353104 5524
1783602660999 0.22133979201316833 5525
1783602661224 0.5977627038955688 5526
1783602661340 0.11869532614946365 5527
1783602661453 0.2683446407318115 5528
1783602661540 0.28747910261154175 5529
1783602661635 0.1757194995880127 5530
1783602661726 0.07691852748394012 5531
1783602661815 0.16720938682556152 5532
1783602661906 0.2835127115249634 5533
1783602662000 0.4407317340373993 5534
1783602662095 0.3531273305416107 5535
1783602662251 0.13897623121738434 5536
1783602662399 0.28119567036628723 5537
1783602662518 0.2841763496398926 5538
1783602662645 0.15520250797271729 5539
1783602662807 0.29755890369415283 5540
1783602662969 0.2304762750864029 5541
1783602663143 0.2709484100341797 5542
1783602663290 0.22602950036525726 5543
1783602663447 0.4958953857421875 5544
1783602663609 0.17049340903759003 5545
1783602663755 0.5675461888313293 5546
1783602663879 0.5987221598625183 5547
1783602664021 0.16677948832511902 5548
1783602664187 0.7792011499404907 5549
1783602664342 0.38230159878730774 5550
1783602664491 0.17605042457580566 5551
1783602664669 0.6408839225769043 5552
1783602664822 0.38593459129333496 5553
1783602665021 0.139425128698349 5554
1783602665154 0.4253458082675934 5555
1783602665281 0.4945530891418457 5556
1783602665420 0.07148066908121109 5557
1783602665528 0.31747961044311523 5558
1783602665671 0.4803561270236969 5559
1783602665837 0.20821908116340637 5560
1783602665984 0.3499205708503723 5561
1783602666098 0.2574859857559204 5562
1783602666209 0.21340622007846832 5563
1783602666345 0.500236451625824 5564
1783602666495 0.14694690704345703 5565
1783602666621 0.49412521719932556 5566
1783602666760 0.5236504673957825 5567
1783602666919 0.10688383132219315 5568
1783602667078 0.22886833548545837 5569
1783602667231 0.07027527689933777 5570
1783602667407 0.36819982528686523 5571
1783602667712 0.29311680793762207 5572
1783602667826 0.25012585520744324 5573
1783602667937 0.20585894584655762 5574
1783602668038 0.14566844701766968 5575
1783602668169 0.27738863229751587 5576
1783602668286 0.17598319053649902 5577
1783602668392 0.36266160011291504 5578
1783602668510 0.19918423891067505 5579
1783602668686 0.24204133450984955 5580
1783602668839 0.16841019690036774 5581
1783602668993 0.2445307821035385 5582
1783602669105 0.5170716643333435 5583
1783602669208 0.17254750430583954 5584
1783602669352 0.4192827045917511 5585
1783602669486 0.09317030757665634 5586
1783602669631 0.2677484154701233 5587
1783602669794 0.6901776790618896 5588
1783602669972 0.3880995512008667 5589
1783602670139 0.13652698695659637 5590
1783602670253 0.09837093949317932 5591
1783602670362 0.37063637375831604 5592
1783602670485 0.2028874009847641 5593
1783602670625 0.2077580839395523 5594
1783602670789 0.13274352252483368 5595
1783602670966 0.4313329756259918 5596
1783602671112 0.21918942034244537 5597
1783602671260 0.12503698468208313 5598
1783602671403 0.6898389458656311 5599
1783602671522 0.8275307416915894 5600
1783602671620 0.4913380742073059 5601
1783602671716 0.28322166204452515 5602
1783602671844 0.2488379180431366 5603
1783602671955 0.34213289618492126 5604
1783602672076 0.08693166822195053 5605
1783602672249 0.5263682007789612 5606
1783602672408 0.6130712032318115 5607
1783602672583 0.344022274017334 5608
1783602672694 0.2823549509048462 5609
1783602672822 0.21711573004722595 5610
1783602672942 0.43656760454177856 5611
1783602673064 0.6436028480529785 5612
1783602673217 0.46035078167915344 5613
1783602673351 0.39241647720336914 5614
1783602673464 0.21365593373775482 5615
1783602673567 0.3565511405467987 5616
1783602673671 0.2920622229576111 5617
1783602673793 0.3121717572212219 5618
1783602673901 0.13626007735729218 5619
1783602674009 0.2678982615470886 5620
1783602674114 0.33405378460884094 5621
1783602674238 0.25807467103004456 5622
1783602674365 0.335541695356369 5623
1783602674549 0.3648398816585541 5624
1783602675563 0.1711488962173462 5625
1783602675680 0.3543680012226105 5626
1783602675786 0.21390840411186218 5627
1783602675914 0.24435342848300934 5628
1783602676059 0.16507893800735474 5629
1783602676225 0.16616445779800415 5630
1783602676377 0.2651665508747101 5631
1783602676508 0.3332003057003021 5632
1783602676664 0.24853293597698212 5633
1783602676787 0.7336065173149109 5634
1783602676897 0.2796744704246521 5635
1783602677044 0.2882496416568756 5636
1783602677191 0.4097253680229187 5637
1783602677368 0.19787278771400452 5638
1783602677497 0.5620225667953491 5639
1783602677651 0.3289352059364319 5640
1783602677810 0.5876675248146057 5641
1783602677930 0.11561448127031326 5642
1783602678026 0.3381223678588867 5643
1783602678139 0.21823829412460327 5644
1783602678287 0.410331130027771 5645
1783602678407 0.27314499020576477 5646
1783602678528 0.21838462352752686 5647
1783602678660 0.2120714634656906 5648
1783602678801 0.2617564797401428 5649
1783602678975 0.3060164749622345 5650
1783602679136 0.3763066232204437 5651
1783602679240 0.07712282985448837 5652
1783602679358 0.16842307150363922 5653
1783602679486 0.0877087190747261 5654
1783602679615 0.10009108483791351 5655
1783602679774 0.5175303816795349 5656
1783602679918 0.26477447152137756 5657
1783602680069 0.24947389960289001 5658
1783602680201 0.14664912223815918 5659
1783602680345 0.25967130064964294 5660
1783602680455 0.08486021310091019 5661
1783602680564 0.11011631041765213 5662
1783602680690 0.33626389503479004 5663
1783602680791 0.6155858039855957 5664
1783602680940 0.327494353055954 5665
1783602681060 0.36149731278419495 5666
1783602681174 0.1327141970396042 5667
1783602681315 0.17594969272613525 5668
1783602681445 0.2626737952232361 5669
1783602681593 0.40700429677963257 5670
1783602681731 0.3594943881034851 5671
1783602681877 0.26302823424339294 5672
1783602682014 0.11119736731052399 5673
1783602682139 0.4324665665626526 5674
1783602682301 0.30299293994903564 5675
1783602682463 0.13766831159591675 5676
1783602682609 0.3036755919456482 5677
1783602682973 0.2986209988594055 5678
1783602683108 0.7904791831970215 5679
1783602683269 0.5112420916557312 5680
1783602683404 0.31190988421440125 5681
1783602683551 0.15883727371692657 5682
1783602683710 0.30797111988067627 5683
1783602683867 0.1095062643289566 5684
1783602684023 0.4149261713027954 5685
1783602684198 0.6573113799095154 5686
1783602684300 0.5630894303321838 5687
1783602684411 0.2929845154285431 5688
1783602684574 0.4944825768470764 5689
1783602684732 0.11928807199001312 5690
1783602684943 0.35919681191444397 5691
1783602685099 0.1982782781124115 5692
1783602685261 0.33459874987602234 5693
1783602685401 0.15315069258213043 5694
1783602685503 0.08065102249383926 5695
1783602685606 0.2460354119539261 5696
1783602685732 0.19479407370090485 5697
1783602685900 0.2860197424888611 5698
1783602686083 0.2995370328426361 5699
1783602686266 0.31370946764945984 5700
1783602686465 0.364533931016922 5701
1783602686603 0.5895376801490784 5702
1783602686727 0.3255142867565155 5703
1783602686835 0.3425709009170532 5704
1783602686929 0.3672553300857544 5705
1783602687057 0.4600406587123871 5706
1783602687209 0.20720364153385162 5707
1783602687365 0.4033462703227997 5708
1783602687510 0.18189068138599396 5709
1783602687634 0.3625090718269348 5710
1783602687756 0.12486020475625992 5711
1783602687903 0.5833390355110168 5712
1783602688017 0.26409000158309937 5713
1783602688120 0.15853936970233917 5714
1783602688253 0.31653866171836853 5715
1783602688406 0.22655558586120605 5716
1783602688559 0.2353348284959793 5717
1783602688707 0.20246383547782898 5718
1783602688850 0.37326580286026 5719
1783602689004 0.3913642466068268 5720
1783602689120 0.2573615610599518 5721
1783602689238 0.10576023161411285 5722
1783602689365 0.22965186834335327 5723
1783602689477 0.0982503592967987 5724
1783602689643 0.08163508027791977 5725
1783602689792 0.15134236216545105 5726
1783602689928 0.17264173924922943 5727
1783602690072 0.6283024549484253 5728
1783602690223 0.1054735779762268 5729
1783602690380 0.24340848624706268 5730
1783602690564 0.34420862793922424 5731
1783602690668 0.3146233856678009 5732
1783602690817 0.15616169571876526 5733
1783602690980 0.3217124342918396 5734
1783602691125 0.3604462146759033 5735
1783602691254 0.32409438490867615 5736
1783602691425 0.44643503427505493 5737
1783602691580 0.2517898976802826 5738
1783602691717 0.5271223783493042 5739
1783602691827 0.12009914219379425 5740
1783602691926 0.09131616353988647 5741
1783602692046 0.2865374982357025 5742
1783602692215 0.2574252188205719 5743
1783602692376 0.28559067845344543 5744
1783602692527 0.17569047212600708 5745
1783602692685 0.12730000913143158 5746
1783602692825 0.10999414324760437 5747
1783602692978 0.0915679931640625 5748
1783602693085 0.11205083876848221 5749
1783602693200 0.17309364676475525 5750
1783602693335 0.11059579253196716 5751
1783602693452 0.2116554081439972 5752
1783602693590 0.2698979079723358 5753
1783602693734 0.10976351797580719 5754
1783602693884 0.3000805377960205 5755
1783602694032 0.1404140144586563 5756
1783602694238 0.15993812680244446 5757
1783602694407 0.18801884353160858 5758
1783602694539 0.29085302352905273 5759
1783602694685 0.18523813784122467 5760
1783602694834 0.3968479633331299 5761
1783602694981 0.08000684529542923 5762
1783602695110 0.20135779678821564 5763
1783602695207 0.10035385191440582 5764
1783602695322 0.2518329322338104 5765
1783602695419 0.19407063722610474 5766
1783602695526 0.15026289224624634 5767
1783602695645 0.5596895217895508 5768
1783602695767 0.4287433624267578 5769
1783602695936 0.41833528876304626 5770
1783602696097 0.2431337535381317 5771
1783602696266 0.25259825587272644 5772
1783602696422 0.4532751739025116 5773
1783602696535 0.238683819770813 5774
1783602696702 0.31199750304222107 5775
1783602696824 0.29416927695274353 5776
1783602696933 0.42150452733039856 5777
1783602697073 0.33426469564437866 5778
1783602697222 0.12258122116327286 5779
1783602697380 0.3280264437198639 5780
1783602697518 0.21597926318645477 5781
1783602697627 0.4689922332763672 5782
1783602697757 0.25920140743255615 5783
1783602697932 0.45487529039382935 5784
1783602698055 0.1096678078174591 5785
1783602698191 0.23220807313919067 5786
1783602698341 0.4003443717956543 5787
1783602698513 0.20171192288398743 5788
1783602698643 0.20627588033676147 5789
1783602698804 0.3719055652618408 5790
1783602698966 0.4928003251552582 5791
1783602699082 0.17030173540115356 5792
1783602699345 0.11985183507204056 5793
1783602699473 0.13182957470417023 5794
1783602699638 0.2696878910064697 5795
1783602699783 0.20049215853214264 5796
1783602699938 0.2626350522041321 5797
1783602700091 0.1530023068189621 5798
1783602700218 0.5496649742126465 5799
1783602700348 0.6235393285751343 5800
1783602700501 0.1780509650707245 5801
1783602700690 0.16586793959140778 5802
1783602700811 0.291765421628952 5803
1783602700904 0.2720296382904053 5804
1783602701019 0.2933207154273987 5805
1783602701154 0.16590000689029694 5806
1783602701283 0.243802011013031 5807
1783602701421 0.29118219017982483 5808
1783602701543 0.22795115411281586 5809
1783602701639 0.08965864777565002 5810
1783602701741 0.2356482446193695 5811
1783602701855 0.5038300156593323 5812
1783602701960 0.40632590651512146 5813
1783602702060 0.20420919358730316 5814
1783602702201 0.548861563205719 5815
1783602702333 0.3429355323314667 5816
1783602702501 0.19147856533527374 5817
1783602702690 0.33834096789360046 5818
1783602702832 0.09345732629299164 5819
1783602702938 0.22452284395694733 5820
1783602703044 0.6595168113708496 5821
1783602703158 0.626253068447113 5822
1783602703274 0.27534928917884827 5823
1783602703369 0.09608455747365952 5824
1783602703503 0.38750070333480835 5825
1783602703615 0.2189953327178955 5826
1783602703738 0.49871769547462463 5827
1783602703918 0.16919276118278503 5828
1783602704074 0.48989543318748474 5829
1783602704301 0.3222769498825073 5830
1783602704452 0.2405012995004654 5831
1783602704576 0.31705859303474426 5832
1783602704683 0.27183184027671814 5833
1783602704845 0.7702502012252808 5834
1783602704977 0.19230446219444275 5835
1783602705085 0.347308874130249 5836
1783602705203 0.14219482243061066 5837
1783602705368 0.17577585577964783 5838
1783602705488 0.21297438442707062 5839
1783602705591 0.5216279625892639 5840
1783602705738 0.09521134197711945 5841
1783602705852 0.31070518493652344 5842
1783602705994 0.7639524936676025 5843
1783602706116 0.10462348908185959 5844
1783602706238 0.6115379929542542 5845
1783602706505 0.3039683997631073 5846
1783602706677 0.15329685807228088 5847
1783602706908 0.14809924364089966 5848
1783602707027 0.15093576908111572 5849
1783602707150 0.287302166223526 5850
1783602707299 0.24210219085216522 5851
1783602707471 0.13699401915073395 5852
1783602707660 0.20698338747024536 5853
1783602707798 0.19334754347801208 5854
1783602707936 0.3192654252052307 5855
1783602708117 0.4940813481807709 5856
1783602708244 0.34824541211128235 5857
1783602708356 0.5339165329933167 5858
1783602708452 0.27029478549957275 5859
1783602708630 0.18778355419635773 5860
1783602708767 0.1624324768781662 5861
1783602708926 0.44728195667266846 5862
1783602709060 0.07789018750190735 5863
1783602709164 0.40162193775177 5864
1783602709400 0.22956421971321106 5865
1783602709543 0.10096202045679092 5866
1783602709653 0.19069448113441467 5867
1783602709779 0.16244570910930634 5868
1783602709930 0.21033883094787598 5869
1783602710059 0.3350132703781128 5870
1783602710197 0.15268853306770325 5871
1783602710367 0.564070463180542 5872
1783602710498 0.33331620693206787 5873
1783602710616 0.21449129283428192 5874
1783602710762 0.3147871494293213 5875
1783602710898 0.10283765196800232 5876
1783602711002 0.7157067060470581 5877
1783602711112 0.12051112204790115 5878
1783602711250 0.3245694041252136 5879
1783602711362 0.36693504452705383 5880
1783602711465 0.6853252649307251 5881
1783602711568 0.2796311378479004 5882
1783602711684 0.2056780457496643 5883
1783602711827 0.26532256603240967 5884
1783602711965 0.31802430748939514 5885
1783602712122 0.4850383996963501 5886
1783602712234 0.18286548554897308 5887
1783602712342 0.3327811360359192 5888
1783602712482 0.4312306046485901 5889
1783602712644 0.1981668323278427 5890
1783602712801 0.3076145350933075 5891
1783602712941 0.2870407700538635 5892
1783602713112 0.33703944087028503 5893
1783602713268 0.34493035078048706 5894
1783602713433 0.20512041449546814 5895
1783602713569 0.25025421380996704 5896
1783602713724 0.2099119871854782 5897
1783602713833 0.6423235535621643 5898
1783602713987 0.3511005938053131 5899
1783602714123 0.2865069508552551 5900
1783602714264 0.22319169342517853 5901
1783602714408 0.2847858667373657 5902
1783602714560 0.2041243314743042 5903
1783602714689 0.5057940483093262 5904
1783602714807 0.4156830608844757 5905
1783602714900 0.09753680974245071 5906
1783602715012 0.19856363534927368 5907
1783602715137 0.262983113527298 5908
1783602715252 0.24981160461902618 5909
1783602715383 0.2557046413421631 5910
1783602715492 0.2525840699672699 5911
1783602715599 0.27811703085899353 5912
1783602715717 0.5519001483917236 5913
1783602715832 0.4025491178035736 5914
1783602715956 0.0802551656961441 5915
1783602716110 1.0978620052337646 5916
1783602716217 0.4025711119174957 5917
1783602716329 0.48090660572052 5918
1783602716472 0.5004889965057373 5919
1783602716592 0.052539486438035965 5920
1783602716697 0.4024631083011627 5921
1783602716796 0.3700379431247711 5922
1783602716889 0.3216497600078583 5923
1783602716996 0.4240210950374603 5924
1783602717098 0.4416336119174957 5925
1783602717202 0.2609756886959076 5926
1783602717316 0.2823280096054077 5927
1783602717416 0.22492805123329163 5928
1783602717511 0.4186236262321472 5929
1783602717613 0.29244452714920044 5930
1783602717734 0.26926860213279724 5931
1783602717847 0.3604085445404053 5932
1783602717962 0.15549421310424805 5933
1783602718068 0.2939101755619049 5934
1783602718173 0.33232229948043823 5935
1783602718285 0.1853289008140564 5936
1783602718399 0.13472966849803925 5937
1783602718506 0.3340781331062317 5938
1783602718605 0.2537989020347595 5939
1783602718702 0.25584447383880615 5940
1783602718817 0.49887895584106445 5941
1783602718912 0.5330493450164795 5942
1783602719026 0.48251110315322876 5943
1783602719153 0.3639557361602783 5944
1783602719269 0.10501529276371002 5945
1783602719387 0.14331726729869843 5946
1783602719552 0.18729491531848907 5947
1783602719697 0.4656420350074768 5948
1783602719845 0.34246760606765747 5949
1783602719958 0.23026497662067413 5950
1783602720099 0.3241769075393677 5951
1783602720238 0.21569852530956268 5952
1783602720379 0.3775648772716522 5953
1783602720539 0.16126154363155365 5954
1783602720696 0.4173727333545685 5955
1783602720868 0.33877772092819214 5956
1783602721027 0.9056102633476257 5957
1783602721212 0.42883068323135376 5958
1783602721315 0.12920518219470978 5959
1783602721419 0.26080527901649475 5960
1783602721557 0.29344862699508667 5961
1783602721732 0.2819218933582306 5962
1783602721867 0.4385497272014618 5963
1783602722040 0.1809018850326538 5964
1783602722177 0.2516016662120819 5965
1783602722306 0.12081307917833328 5966
1783602722422 0.23618461191654205 5967
1783602722527 0.24436651170253754 5968
1783602722668 0.08355880528688431 5969
1783602722855 0.06527400016784668 5970
1783602723028 0.1761573851108551 5971
1783602723180 0.4312947392463684 5972
1783602723330 0.09811752289533615 5973
1783602723444 0.5497750043869019 5974
1783602723559 0.20006537437438965 5975
1783602723679 0.47003933787345886 5976
1783602723809 0.1796761155128479 5977
1783602723986 0.12397324293851852 5978
1783602724173 0.532577633857727 5979
1783602724331 0.7874341607093811 5980
1783602724500 0.03248034790158272 5981
1783602724647 0.1500096470117569 5982
1783602724824 0.4190453588962555 5983
1783602724955 0.23432758450508118 5984
1783602725080 0.8320317268371582 5985
1783602725207 0.5704361200332642 5986
1783602725350 0.29504844546318054 5987
1783602725467 0.35635894536972046 5988
1783602725559 0.10596443712711334 5989
1783602725660 0.29195335507392883 5990
1783602725766 0.2114236056804657 5991
1783602725870 0.16086754202842712 5992
1783602726010 0.10646241903305054 5993
1783602726172 0.5590829849243164 5994
1783602726341 0.4716484546661377 5995
1783602726473 0.4770364463329315 5996
1783602726631 0.37113797664642334 5997
1783602726790 0.5413129925727844 5998
1783602726967 0.3068634867668152 5999
1783602727132 0.08455071598291397 6000
1783602727282 0.0846768394112587 6001
1783602727485 0.1931741088628769 6002
1783602727608 0.13888943195343018 6003
1783602727770 0.1820898950099945 6004
1783602727948 0.3310549259185791 6005
1783602728108 0.1977943331003189 6006
1783602728271 0.3965179920196533 6007
1783602728452 0.621402382850647 6008
1783602728619 0.36391887068748474 6009
1783602728808 0.349083811044693 6010
1783602728939 0.4332621991634369 6011
1783602729096 0.15353983640670776 6012
1783602729196 0.4040292799472809 6013
1783602729301 0.07087581604719162 6014
1783602729404 0.26001790165901184 6015
1783602729549 0.26807940006256104 6016
1783602729651 0.40594974160194397 6017
1783602729780 0.0776854157447815 6018
1783602729938 0.5514225363731384 6019
1783602730071 0.3919353485107422 6020
1783602730187 0.09268707782030106 6021
1783602730295 0.4300662875175476 6022
1783602730398 0.25920960307121277 6023
1783602730510 0.12246932834386826 6024
1783602730655 0.10272403806447983 6025
1783602730842 0.28801366686820984 6026
1783602731004 0.4140414595603943 6027
1783602731153 0.040519192814826965 6028
1783602731327 0.3162086606025696 6029
1783602731431 0.3324793577194214 6030
1783602731541 0.13448366522789001 6031
1783602731631 0.22182801365852356 6032
1783602731738 0.2662600576877594 6033
1783602731862 0.1830577254295349 6034
1783602731982 0.24668924510478973 6035
1783602732117 0.34515780210494995 6036
1783602732216 0.44574597477912903 6037
1783602732337 0.21211400628089905 6038
1783602732524 0.12447032332420349 6039
1783602732628 0.1222691684961319 6040
1783602732750 0.12376934289932251 6041
1783602732925 0.2866278290748596 6042
1783602733096 0.3532155752182007 6043
1783602733230 0.233872190117836 6044
1783602733371 0.4914771318435669 6045
1783602733518 0.061388734728097916 6046
1783602733633 0.3218177556991577 6047
1783602733749 0.058135684579610825 6048
1783602733867 0.8020982146263123 6049
1783602733969 0.20703211426734924 6050
1783602734069 0.4003220796585083 6051
1783602734190 0.2611749470233917 6052
1783602734306 0.42993590235710144 6053
1783602734437 0.20553210377693176 6054
1783602734609 0.27978554368019104 6055
1783602734804 0.47481685876846313 6056
1783602734959 0.2612437903881073 6057
1783602735124 0.18865764141082764 6058
1783602735247 0.812322199344635 6059
1783602735381 0.10875649750232697 6060
1783602735475 0.3909211754798889 6061
1783602735576 0.0869188904762268 6062
1783602735732 0.14291103184223175 6063
1783602735884 0.08513475209474564 6064
1783602736045 0.2231377214193344 6065
1783602736185 0.2661926746368408 6066
1783602736401 0.3940645456314087 6067
1783602736507 0.15499281883239746 6068
1783602736624 0.060213472694158554 6069
1783602736762 0.3589136302471161 6070
1783602736923 0.7068195939064026 6071
1783602737082 0.11950496584177017 6072
1783602737203 0.24980241060256958 6073
1783602737331 0.2754775583744049 6074
1783602737443 0.3297745883464813 6075
1783602737561 0.21301163733005524 6076
1783602737681 0.31264209747314453 6077
1783602737776 0.10324333608150482 6078
1783602737893 0.3377755284309387 6079
1783602738066 0.4885193705558777 6080
1783602738251 0.7714585661888123 6081
1783602738431 0.17561675608158112 6082
1783602738576 0.19461898505687714 6083
1783602738698 0.1093858852982521 6084
1783602738832 0.27217215299606323 6085
1783602738964 0.0576547272503376 6086
1783602739113 0.2571617364883423 6087
1783602739209 0.21820461750030518 6088
1783602739325 0.10181479901075363 6089
1783602739472 0.5190789699554443 6090
1783602739627 0.1497676819562912 6091
1783602739760 0.5522323250770569 6092
1783602739905 0.354853093624115 6093
1783602740079 0.3240063488483429 6094
1783602740214 0.2457028031349182 6095
1783602740343 0.2118743509054184 6096
1783602740453 0.13837404549121857 6097
1783602740562 0.7662873864173889 6098
1783602740695 0.057612620294094086 6099
1783602740827 0.09596404433250427 6100
1783602741002 0.6400793194770813 6101
1783602741197 0.21111926436424255 6102
1783602741342 0.13625994324684143 6103
1783602741483 0.3183232247829437 6104
1783602741591 0.26003220677375793 6105
1783602741690 0.15988434851169586 6106
1783602741815 0.3996115028858185 6107
1783602741913 0.31039461493492126 6108
1783602742045 0.3043033182621002 6109
1783602742223 0.1553911566734314 6110
1783602742356 0.21014203131198883 6111
1783602742502 0.46431225538253784 6112
1783602742729 0.08251970261335373 6113
1783602742865 0.5092347860336304 6114
1783602742964 0.19039911031723022 6115
1783602743086 0.11178206652402878 6116
1783602743185 0.4243544042110443 6117
1783602743300 0.20059308409690857 6118
1783602743431 0.7468864917755127 6119
1783602743534 0.2577209770679474 6120
1783602743686 0.31516408920288086 6121
1783602743831 0.11207826435565948 6122
1783602743971 0.4713720977306366 6123
1783602744108 0.7118759155273438 6124
1783602744241 0.0668146088719368 6125
1783602744372 0.37719404697418213 6126
1783602744527 0.3117630183696747 6127
1783602744682 0.47908055782318115 6128
1783602744838 0.11534200608730316 6129
1783602744998 0.24561263620853424 6130
1783602745145 0.3032362163066864 6131
1783602745269 0.5737768411636353 6132
1783602745393 0.23524552583694458 6133
1783602745486 0.29371294379234314 6134
1783602745611 0.1727123260498047 6135
1783602745772 0.3609428107738495 6136
1783602745919 0.5156389474868774 6137
1783602746061 0.4845271110534668 6138
1783602746188 0.24128791689872742 6139
1783602746347 0.34163370728492737 6140
1783602746479 0.41308045387268066 6141
1783602746625 0.2634527385234833 6142
1783602746760 0.40640345215797424 6143
1783602746928 0.3241734802722931 6144
1783602747076 0.32147538661956787 6145
1783602747223 0.2483283132314682 6146
1783602747343 0.3567308485507965 6147
1783602747508 0.49461135268211365 6148
1783602747698 0.6066259145736694 6149
1783602747831 0.09347283095121384 6150
1783602747955 0.7497438788414001 6151
1783602748075 0.31276217103004456 6152
1783602748220 0.47509175539016724 6153
1783602748341 0.4358058273792267 6154
1783602748477 0.6063408851623535 6155
1783602748617 0.2590944170951843 6156
1783602748770 0.6347451210021973 6157
1783602748943 0.17832742631435394 6158
1783602749058 1.1537827253341675 6159
1783602749157 0.14409568905830383 6160
1783602749267 0.14642100036144257 6161
1783602749411 0.44237297773361206 6162
1783602749513 0.04916965216398239 6163
1783602749658 0.11320854723453522 6164
1783602749836 0.22614513337612152 6165
1783602750031 0.12935206294059753 6166
1783602750181 0.0759788230061531 6167
1783602750326 0.18154238164424896 6168
1783602750455 0.31818529963493347 6169
1783602750554 0.4827556610107422 6170
1783602750691 0.2510652244091034 6171
1783602750868 0.1999574899673462 6172
1783602751019 0.15137389302253723 6173
1783602751171 0.1388843059539795 6174
1783602751320 0.23790688812732697 6175
1783602751458 0.1926153004169464 6176
1783602751597 0.1550004780292511 6177
1783602751716 0.23377788066864014 6178
1783602751884 0.43942660093307495 6179
1783602752055 0.5805026888847351 6180
1783602752199 0.30120331048965454 6181
1783602752359 0.3406495749950409 6182
1783602752501 0.5027208924293518 6183
1783602752651 0.4836128354072571 6184
1783602752784 0.16831021010875702 6185
1783602752905 0.8805712461471558 6186
1783602753039 0.40079426765441895 6187
1783602753176 0.3615078330039978 6188
1783602753320 0.1910112351179123 6189
1783602753468 0.20725058019161224 6190
1783602753622 0.31753307580947876 6191
1783602753764 0.15973646938800812 6192
1783602753899 0.4566822648048401 6193
1783602754041 0.4857966899871826 6194
1783602754168 0.5156135559082031 6195
1783602754276 0.41706693172454834 6196
1783602754405 0.1742628514766693 6197
1783602754527 0.09512998163700104 6198
1783602754665 0.3555631935596466 6199
1783602754805 0.1609889268875122 6200
1783602754936 0.1316225528717041 6201
1783602755098 0.3076593279838562 6202
1783602755263 0.0922316312789917 6203
1783602755413 0.15215708315372467 6204
1783602755515 0.2958655059337616 6205
1783602755602 0.6486767530441284 6206
1783602755727 0.15517553687095642 6207
1783602755860 0.3403761386871338 6208
1783602755993 0.2219652235507965 6209
1783602756177 0.43914467096328735 6210
1783602756351 0.2694816291332245 6211
1783602756530 0.27122724056243896 6212
1783602756662 0.3961445987224579 6213
1783602756782 0.4489186406135559 6214
1783602756920 0.07531478255987167 6215
1783602757063 0.3161526322364807 6216
1783602757213 0.35493138432502747 6217
1783602757356 0.2506840229034424 6218
1783602757536 0.14462067186832428 6219
1783602757713 0.1268640160560608 6220
1783602757830 0.1652568131685257 6221
1783602757994 0.07584232836961746 6222
1783602758120 0.4179367125034332 6223
1783602758250 0.4936298727989197 6224
1783602758356 0.33701059222221375 6225
1783602758501 0.11357885599136353 6226
1783602758648 0.18539594113826752 6227
1783602758801 0.17171329259872437 6228
1783602758979 0.20572198927402496 6229
1783602759111 0.09530697762966156 6230
1783602759209 0.1274333894252777 6231
1783602759303 0.09708527475595474 6232
1783602759430 0.20388711988925934 6233
1783602759545 0.261726051568985 6234
1783602759695 0.18177737295627594 6235
1783602759855 0.2283744364976883 6236
1783602760040 0.09198988974094391 6237
1783602760234 0.4725784659385681 6238
1783602760353 0.39731407165527344 6239
1783602760461 0.1974755972623825 6240
1783602760560 0.1984480917453766 6241
1783602760657 0.10570559650659561 6242
1783602760798 0.17609457671642303 6243
1783602760971 0.16775818169116974 6244
1783602761150 0.41228827834129333 6245
1783602761301 0.13845300674438477 6246
1783602761441 0.4490193724632263 6247
1783602761596 0.23050783574581146 6248
1783602761718 0.26381197571754456 6249
1783602761845 0.2300545573234558 6250
1783602762016 0.3645847737789154 6251
1783602762149 0.12682577967643738 6252
1783602762287 0.13363704085350037 6253
1783602762425 0.1099814623594284 6254
1783602762543 0.41805794835090637 6255
1783602762688 0.43919438123703003 6256
1783602762807 0.32371973991394043 6257
1783602762931 0.34270328283309937 6258
1783602763062 0.49396252632141113 6259
1783602763214 0.38251420855522156 6260
1783602763390 0.2290058583021164 6261
1783602763532 0.2784915566444397 6262
1783602763686 0.29244428873062134 6263
1783602763849 0.6066234111785889 6264
1783602763993 0.1020970568060875 6265
1783602764184 0.09692507982254028 6266
1783602764315 0.07277937233448029 6267
1783602764476 0.3966967761516571 6268
1783602764593 0.27607646584510803 6269
1783602764733 0.23642615973949432 6270
1783602764925 0.3960267901420593 6271
1783602765096 0.25262877345085144 6272
1783602765271 0.3252602517604828 6273
1783602765402 0.2472570687532425 6274
1783602765504 0.25198793411254883 6275
1783602765602 0.5436064600944519 6276
1783602765715 0.3140643239021301 6277
1783602765866 0.40939462184906006 6278
1783602766019 0.40319809317588806 6279
1783602766186 0.10899946093559265 6280
1783602766366 0.3357667326927185 6281
1783602766499 0.1796039491891861 6282
1783602766629 0.31132766604423523 6283
1783602766734 0.10848718136548996 6284
1783602766832 0.2858283221721649 6285
1783602766982 0.3691609501838684 6286
1783602767131 0.14202557504177094 6287
1783602767302 0.14846184849739075 6288
1783602767443 0.05923283100128174 6289
1783602767602 0.12509162724018097 6290
1783602767758 0.5133507251739502 6291
1783602767887 0.11393757164478302 6292
1783602768015 0.3077634871006012 6293
1783602768163 0.14346113801002502 6294
1783602768316 0.6631916165351868 6295
1783602768489 0.4335334002971649 6296
1783602768626 0.1380380094051361 6297
1783602768791 0.2829754054546356 6298
1783602768950 0.16305512189865112 6299
1783602769121 0.3762614130973816 6300
1783602769231 0.13642190396785736 6301
1783602769347 0.24802231788635254 6302
1783602769468 0.1902814656496048 6303
1783602769655 0.59171462059021 6304
1783602769765 0.5934773087501526 6305
1783602769892 0.1692480742931366 6306
1783602770029 0.5561607480049133 6307
1783602770171 0.21179725229740143 6308
1783602770324 0.26688534021377563 6309
1783602770460 0.11831890046596527 6310
1783602770577 0.2761393189430237 6311
1783602770705 0.26818153262138367 6312
1783602770858 0.22636404633522034 6313
1783602771019 0.14276178181171417 6314
1783602771179 0.1709163337945938 6315
1783602771330 0.43799424171447754 6316
1783602771467 0.40600845217704773 6317
1783602771673 0.405927449464798 6318
1783602771817 0.7799367904663086 6319
1783602771975 0.3332730531692505 6320
1783602772129 0.2529505491256714 6321
1783602772280 0.30187493562698364 6322
1783602772417 0.0879824161529541 6323
1783602772589 0.2184823602437973 6324
1783602772733 0.6934054493904114 6325
1783602772894 0.20368102192878723 6326
1783602773040 0.16211353242397308 6327
1783602773166 0.49590110778808594 6328
1783602773298 0.2521492540836334 6329
1783602773482 0.4913170635700226 6330
1783602773666 0.2197924554347992 6331
1783602773839 0.3001954257488251 6332
1783602773997 0.252604216337204 6333
1783602774188 0.14690952003002167 6334
1783602774292 0.4703987240791321 6335
1783602774397 0.17184486985206604 6336
1783602774508 0.2666689157485962 6337
1783602774640 0.42976728081703186 6338
1783602774795 0.19949129223823547 6339
1783602774924 0.649838924407959 6340
1783602775098 0.38513216376304626 6341
1783602775272 0.31352442502975464 6342
1783602775408 0.10233204811811447 6343
1783602775513 0.1636340320110321 6344
1783602775604 0.527769148349762 6345
1783602775743 0.21887826919555664 6346
1783602775891 0.8583572506904602 6347
1783602775993 0.19200891256332397 6348
1783602776098 0.47250255942344666 6349
1783602776200 0.1557832509279251 6350
1783602776292 0.30875250697135925 6351
1783602776407 0.18415363132953644 6352
1783602776532 0.4493910074234009 6353
1783602776642 0.2386021614074707 6354
1783602776758 0.5147334337234497 6355
1783602776869 0.11875356733798981 6356
1783602776984 0.24851520359516144 6357
1783602777092 0.29547882080078125 6358
1783602777215 0.20400352776050568 6359
1783602777312 0.40573927760124207 6360
1783602777411 0.5545013546943665 6361
1783602777531 0.37261712551116943 6362
1783602777632 0.4997295141220093 6363
1783602777733 0.3778856694698334 6364
1783602777850 0.397581547498703 6365
1783602777963 0.33412861824035645 6366
1783602778082 0.2402702271938324 6367
1783602778183 0.483030766248703 6368
1783602778292 0.3239689767360687 6369
1783602778419 0.36400046944618225 6370
1783602778551 0.20667308568954468 6371
1783602778657 0.11297986656427383 6372
1783602778766 0.41823211312294006 6373
1783602778864 0.37880510091781616 6374
1783602778983 0.3010844886302948 6375
1783602779112 0.33073002099990845 6376
1783602779218 0.7221669554710388 6377
1783602779314 0.31775590777397156 6378
1783602779421 0.4227694869041443 6379
1783602779516 0.11197011172771454 6380
1783602779630 0.39950716495513916 6381
1783602779741 0.4533695876598358 6382
1783602779852 0.2426951825618744 6383
1783602779974 0.20790357887744904 6384
1783602780091 0.17618253827095032 6385
1783602780209 0.4631229639053345 6386
1783602780353 0.24720843136310577 6387
1783602780473 0.2762790322303772 6388
1783602780584 0.22959274053573608 6389
1783602780685 0.3926211893558502 6390
1783602780793 0.08189012110233307 6391
1783602780891 0.9551936984062195 6392
1783602780986 0.4621812105178833 6393
1783602781194 0.5756579637527466 6394
1783602781413 0.10325378179550171 6395
1783602781590 0.47224417328834534 6396
1783602781719 0.36377081274986267 6397
1783602781836 0.3299628794193268 6398
1783602781940 0.04830310866236687 6399
1783602782047 0.4858008325099945 6400
1783602782143 0.2640452980995178 6401
1783602782241 0.1591881662607193 6402
1783602782346 0.12581941485404968 6403
1783602782495 0.32724979519844055 6404
1783602782626 0.1023331806063652 6405
1783602782752 0.31316518783569336 6406
1783602782950 0.1299625039100647 6407
1783602783094 0.14761176705360413 6408
1783602783216 0.440250039100647 6409
1783602783346 0.20495252311229706 6410
1783602783453 0.3100776672363281 6411
1783602783562 0.622802734375 6412
1783602783679 0.1560404896736145 6413
1783602783789 0.5821755528450012 6414
1783602783896 0.21004487574100494 6415
1783602784010 0.15013599395751953 6416
1783602784147 0.10858763754367828 6417
1783602784278 0.38131844997406006 6418
1783602784400 0.13546015322208405 6419
1783602784505 0.285961389541626 6420
1783602784607 0.5935598015785217 6421
1783602784727 0.3242091238498688 6422
1783602784849 0.13578636944293976 6423
1783602784963 0.14323748648166656 6424
1783602785069 0.10107068717479706 6425
1783602785176 0.3857400715351105 6426
1783602785286 0.09577498584985733 6427
1783602785407 0.10045517235994339 6428
1783602785542 0.4110860824584961 6429
1783602785662 0.12281598895788193 6430
1783602785773 0.23016031086444855 6431
1783602785876 0.5456827282905579 6432
1783602785985 0.37618663907051086 6433
1783602786105 0.19633765518665314 6434
1783602786216 0.416846364736557 6435
1783602786332 0.4554555118083954 6436
1783602786441 0.07975027710199356 6437
1783602786550 0.13546280562877655 6438
1783602786664 0.14582061767578125 6439
1783602786776 0.2582610249519348 6440
1783602786877 0.29914626479148865 6441
1783602786982 0.23470839858055115 6442
1783602787084 0.10242275893688202 6443
1783602787188 0.1341288834810257 6444
1783602787295 0.2222127914428711 6445
1783602787399 0.26430511474609375 6446
1783602787513 0.3681669235229492 6447
1783602787610 0.20572294294834137 6448
1783602787718 0.10038165003061295 6449
1783602787838 0.2575932443141937 6450
1783602787983 0.4876694977283478 6451
1783602788098 0.4297429621219635 6452
1783602788209 0.3526465594768524 6453
1783602788319 0.4109812080860138 6454
1783602788432 0.14605601131916046 6455
1783602788556 0.21122057735919952 6456
1783602788666 0.3330821096897125 6457
1783602788844 0.3348623216152191 6458
1783602789009 0.16739632189273834 6459
1783602789173 0.35102614760398865 6460
1783602789285 0.18033237755298615 6461
1783602789398 0.27159473299980164 6462
1783602789508 0.43667253851890564 6463
1783602789621 0.11529477685689926 6464
1783602789725 0.28279462456703186 6465
1783602789850 0.35359901189804077 6466
1783602789960 0.2376192957162857 6467
1783602790070 0.6149851083755493 6468
1783602790172 0.24188867211341858 6469
1783602790273 0.23604963719844818 6470
1783602790391 0.4248560965061188 6471
1783602790530 0.2565101087093353 6472
1783602790647 0.2835157513618469 6473
1783602790749 0.11904186755418777 6474
1783602790858 0.11930792033672333 6475
1783602790970 0.34698978066444397 6476
1783602791081 0.22231422364711761 6477
1783602791184 0.12242837995290756 6478
1783602791295 0.22652283310890198 6479
1783602791397 0.16768136620521545 6480
1783602791506 0.1268111765384674 6481
1783602791639 0.3338393270969391 6482
1783602791757 0.14593559503555298 6483
1783602791894 0.32607677578926086 6484
1783602792033 0.48726385831832886 6485
1783602792147 0.10310591757297516 6486
1783602792274 0.17908410727977753 6487
1783602792407 0.16205647587776184 6488
1783602792539 0.24219343066215515 6489
1783602792650 0.3161366581916809 6490
1783602792757 0.12971007823944092 6491
1783602792907 0.12950339913368225 6492
1783602793029 0.24935311079025269 6493
1783602793192 0.09203540533781052 6494
1783602793312 0.30269962549209595 6495
1783602793432 0.27774685621261597 6496
1783602793572 0.28567418456077576 6497
1783602793692 0.43533697724342346 6498
1783602793817 0.31011924147605896 6499
1783602793926 0.33111292123794556 6500
1783602794051 0.056435197591781616 6501
1783602794172 0.6246911287307739 6502
1783602794327 0.2672983705997467 6503
1783602794484 0.4277842342853546 6504
1783602794591 0.15940062701702118 6505
1783602794698 0.1503591239452362 6506
1783602794824 0.3115184009075165 6507
1783602795052 0.6353117227554321 6508
1783602795205 0.6260270476341248 6509
1783602795329 0.14340338110923767 6510
1783602795850 0.08083078265190125 6511
1783602796012 0.05929918214678764 6512
1783602796120 0.2439131885766983 6513
1783602796237 0.35713592171669006 6514
1783602796351 0.36497220396995544 6515
1783602796463 0.280327707529068 6516
1783602796574 0.36067456007003784 6517
1783602796689 0.2389143407344818 6518
1783602796808 0.4136009216308594 6519
1783602796923 0.8150773048400879 6520
1783602797024 0.19182364642620087 6521
1783602797124 0.13031721115112305 6522
1783602797229 0.11390312016010284 6523
1783602797336 0.16661620140075684 6524
1783602797437 0.2164050042629242 6525
1783602797546 0.2603783905506134 6526
1783602797669 0.6148666739463806 6527
1783602797787 0.2492695450782776 6528
1783602797889 0.22020591795444489 6529
1783602798006 0.31626182794570923 6530
1783602798133 0.35503894090652466 6531
1783602798243 0.3235546350479126 6532
1783602798361 0.26385560631752014 6533
1783602798474 0.2541327476501465 6534
1783602798571 0.5312287211418152 6535
1783602798678 0.17516963183879852 6536
1783602798782 0.18353593349456787 6537
1783602798880 0.17511315643787384 6538
1783602798992 0.6060442328453064 6539
1783602799123 0.21908335387706757 6540
1783602799243 0.17018990218639374 6541
1783602799403 0.437189519405365 6542
1783602799536 0.36362725496292114 6543
1783602799636 0.11555018275976181 6544
1783602799732 0.588512122631073 6545
1783602799822 0.27879050374031067 6546
1783602799922 0.18378806114196777 6547
1783602800029 0.4005074203014374 6548
1783602800130 0.5933789014816284 6549
1783602800273 0.38817012310028076 6550
1783602800381 0.35852953791618347 6551
1783602800488 0.4103492498397827 6552
1783602800595 0.2409379631280899 6553
1783602800721 0.4994696378707886 6554
1783602800839 0.06485824286937714 6555
1783602800944 0.07084532827138901 6556
1783602801080 0.5720481276512146 6557
1783602801191 0.624102771282196 6558
1783602801297 0.16469530761241913 6559
1783602801461 0.2390022575855255 6560
1783602801621 0.25104743242263794 6561
1783602801755 0.3369767665863037 6562
1783602801875 0.12768526375293732 6563
1783602802021 0.21495108306407928 6564
1783602802153 0.5756667852401733 6565
1783602802265 0.4315836727619171 6566
1783602802379 0.11793038249015808 6567
1783602802472 0.14732849597930908 6568
1783602802573 0.15682363510131836 6569
1783602802670 0.2358795404434204 6570
1783602802780 0.09355224668979645 6571
1783602802932 0.5053988695144653 6572
1783602803041 0.13206645846366882 6573
1783602803170 0.4257062077522278 6574
1783602803320 0.4411875009536743 6575
1783602803461 0.1276382952928543 6576
1783602803631 0.6239780783653259 6577
1783602803744 0.14263086020946503 6578
1783602803853 0.11203218996524811 6579
1783602803971 0.0901351347565651 6580
1783602804090 0.6633266806602478 6581
1783602804223 0.34462782740592957 6582
1783602804334 0.3400617837905884 6583
1783602804447 0.665130078792572 6584
1783602804572 0.4057614505290985 6585
1783602804679 0.7496092915534973 6586
1783602804784 0.3573676645755768 6587
1783602804888 0.5511264204978943 6588
1783602804998 0.1187695562839508 6589
1783602805106 0.5088109374046326 6590
1783602805217 0.1635710448026657 6591
1783602805327 0.28642988204956055 6592
1783602805453 0.21004880964756012 6593
1783602805560 0.6791181564331055 6594
1783602805678 0.45744258165359497 6595
1783602805833 0.6151595711708069 6596
1783602805972 0.18390214443206787 6597
1783602806078 0.4713384509086609 6598
1783602806192 0.16586443781852722 6599
1783602806301 0.4813651442527771 6600
1783602806414 0.6682479977607727 6601
1783602806523 0.23605148494243622 6602
1783602806655 0.4008251130580902 6603
1783602806754 0.40573450922966003 6604
1783602806864 0.3871918320655823 6605
1783602806981 0.30945339798927307 6606
1783602807118 0.3351050913333893 6607
1783602807237 0.17674125730991364 6608
1783602807347 0.20986609160900116 6609
1783602807443 0.27292293310165405 6610
1783602807636 0.13394060730934143 6611
1783602807748 0.3565378785133362 6612
1783602807911 0.33782264590263367 6613
1783602808008 0.5341301560401917 6614
1783602808118 0.24312138557434082 6615
1783602808227 0.2582557201385498 6616
1783602808345 0.5359592437744141 6617
1783602808477 0.2149789035320282 6618
1783602808595 0.6277458667755127 6619
1783602808705 0.12583968043327332 6620
1783602808825 0.31581246852874756 6621
1783602808940 0.3820319175720215 6622
1783602809042 0.291855126619339 6623
1783602809155 0.3192383646965027 6624
1783602809254 0.4457285702228546 6625
1783602809357 0.4963615834712982 6626
1783602809455 0.7358221411705017 6627
1783602809607 0.13956931233406067 6628
1783602809724 0.18693067133426666 6629
1783602809826 0.2386939972639084 6630
1783602809935 0.5502992868423462 6631
1783602810048 0.3627304434776306 6632
1783602810158 0.19534918665885925 6633
1783602810258 0.3161274194717407 6634
1783602810363 0.2669518291950226 6635
1783602810467 0.27543509006500244 6636
1783602810591 0.4642646610736847 6637
1783602810692 0.296234130859375 6638
1783602810809 0.07905910909175873 6639
1783602810935 0.13755588233470917 6640
1783602811042 0.7036656141281128 6641
1783602811143 0.29244229197502136 6642
1783602811243 0.12779176235198975 6643
1783602811350 0.6212687492370605 6644
1783602811464 0.2045263946056366 6645
1783602811568 0.4352637529373169 6646
1783602811674 0.801876962184906 6647
1783602811786 0.311440110206604 6648
1783602811902 0.22440671920776367 6649
1783602812011 0.1656460165977478 6650
1783602812141 0.2679685652256012 6651
1783602812256 0.4707638919353485 6652
1783602812379 0.17717957496643066 6653
1783602812490 0.26282066106796265 6654
1783602812599 0.13226711750030518 6655
1783602812715 0.37283599376678467 6656
1783602812832 0.31111231446266174 6657
1783602812954 0.2504362165927887 6658
1783602813074 0.3697153925895691 6659
1783602813186 0.21450334787368774 6660
1783602813294 0.5960192084312439 6661
1783602813465 0.29939451813697815 6662
1783602813603 0.4204396605491638 6663
1783602813730 0.10070080310106277 6664
1783602813852 0.40730318427085876 6665
1783602813972 0.30608856678009033 6666
1783602814071 0.24733376502990723 6667
1783602814181 0.13437539339065552 6668
1783602814279 0.4111109972000122 6669
1783602814390 0.1441906839609146 6670
1783602814491 0.3379417657852173 6671
1783602814649 0.10420149564743042 6672
1783602814814 0.1926361471414566 6673
1783602814925 0.42550623416900635 6674
1783602815045 0.33905845880508423 6675
1783602815155 0.10166992247104645 6676
1783602815262 0.1864663064479828 6677
1783602815375 0.20942352712154388 6678
1783602815506 0.28891608119010925 6679
1783602815614 0.48799166083335876 6680
1783602815727 0.43273627758026123 6681
1783602815842 0.2690173387527466 6682
1783602815980 0.226924866437912 6683
1783602816101 0.35839182138442993 6684
1783602816221 0.3949595093727112 6685
1783602816341 0.6299951076507568 6686
1783602816452 0.3055233955383301 6687
1783602816578 0.5646145343780518 6688
1783602816688 0.3433470129966736 6689
1783602816809 0.30095744132995605 6690
1783602816910 0.23468834161758423 6691
1783602817023 0.3584359288215637 6692
1783602817129 0.5158482789993286 6693
1783602817284 0.16685782372951508 6694
1783602817449 0.1452486217021942 6695
1783602817639 0.2402189075946808 6696
1783602817822 0.3766025900840759 6697
1783602817961 0.4006006121635437 6698
1783602818078 0.4958876967430115 6699
1783602818176 0.1799209862947464 6700
1783602818282 0.07366837561130524 6701
1783602818415 0.6087671518325806 6702
1783602818538 0.1818356215953827 6703
1783602818668 0.3122795522212982 6704
1783602818790 0.1650952249765396 6705
1783602818911 0.23713234066963196 6706
1783602819025 0.3930179178714752 6707
1783602819144 0.4539211690425873 6708
1783602819250 0.577672004699707 6709
1783602819370 0.12205225229263306 6710
1783602819483 0.19757166504859924 6711
1783602819591 0.22742600739002228 6712
1783602819703 0.23235446214675903 6713
1783602819821 0.3113824129104614 6714
1783602819931 0.2409251481294632 6715
1783602820026 0.8182908296585083 6716
1783602820134 0.5840148329734802 6717
1783602820261 0.37858888506889343 6718
1783602820378 0.5851861238479614 6719
1783602820503 0.1523672193288803 6720
1783602820636 0.4533005952835083 6721
1783602820754 0.4506766200065613 6722
1783602820884 0.17979712784290314 6723
1783602821034 0.43248116970062256 6724
1783602821171 0.6427661776542664 6725
1783602821281 0.09892546385526657 6726
1783602821382 0.3681508004665375 6727
1783602821507 0.20789803564548492 6728
1783602821644 0.19544485211372375 6729
1783602821781 0.20059241354465485 6730
1783602821926 0.4214992821216583 6731
1783602822042 0.40213313698768616 6732
1783602822146 0.09896238893270493 6733
1783602822274 0.08617420494556427 6734
1783602822389 0.28030461072921753 6735
1783602822493 0.12496976554393768 6736
1783602822600 0.2817506790161133 6737
1783602822696 0.5428647398948669 6738
1783602822793 0.040791288018226624 6739
1783602822888 0.449414998292923 6740
1783602822992 0.4553242325782776 6741
1783602823125 0.8718205094337463 6742
1783602823236 0.391866534948349 6743
1783602823483 0.3275928795337677 6744
1783602823634 0.36109837889671326 6745
1783602823756 0.2772388458251953 6746
1783602823973 0.3845796585083008 6747
1783602824132 0.24012430012226105 6748
1783602824263 0.5482103228569031 6749
1783602824383 0.22318868339061737 6750
1783602824492 0.14729392528533936 6751
1783602824597 0.2409341186285019 6752
1783602824708 0.3206233084201813 6753
1783602824820 0.47579294443130493 6754
1783602824925 0.35401299595832825 6755
1783602825035 0.2631436884403229 6756
1783602825141 0.1522364765405655 6757
1783602825237 0.55149906873703 6758
1783602825336 0.24578694999217987 6759
1783602825446 0.08916972577571869 6760
1783602825552 0.5291146636009216 6761
1783602825654 0.1562248021364212 6762
1783602825761 0.08241049945354462 6763
1783602825852 0.39301806688308716 6764
1783602825965 0.2630501091480255 6765
1783602826077 0.1460185945034027 6766
1783602826189 0.6321765184402466 6767
1783602826279 0.5836100578308105 6768
1783602826388 0.18135012686252594 6769
1783602826493 0.5097641348838806 6770
1783602826653 0.18415388464927673 6771
1783602826766 0.5399644374847412 6772
1783602826888 0.26395925879478455 6773
1783602827028 0.23971737921237946 6774
1783602827148 0.06411312520503998 6775
1783602827272 0.06337792426347733 6776
1783602827398 0.21320752799510956 6777
1783602827509 0.07705134898424149 6778
1783602827632 0.15136216580867767 6779
1783602827750 0.2827230989933014 6780
1783602827865 0.21190407872200012 6781
1783602827988 0.33523255586624146 6782
1783602828086 0.18192853033542633 6783
1783602828183 0.24154843389987946 6784
1783602828290 0.1427416205406189 6785
1783602828430 0.08196575194597244 6786
1783602828577 0.21471913158893585 6787
1783602828753 0.27982962131500244 6788
1783602828888 0.20391805469989777 6789
1783602829051 0.46969088912010193 6790
1783602829171 0.17152293026447296 6791
1783602829320 0.4987056851387024 6792
1783602829420 0.30389025807380676 6793
1783602829547 1.1187405586242676 6794
1783602829653 0.16375534236431122 6795
1783602829765 0.8731517195701599 6796
1783602830005 0.20196926593780518 6797
1783602830114 0.30839115381240845 6798
1783602830234 0.2109908163547516 6799
1783602830333 0.256958931684494 6800
1783602830441 0.3804517984390259 6801
1783602830588 0.44288501143455505 6802
1783602830708 0.16153888404369354 6803
1783602830823 0.39510253071784973 6804
1783602831004 0.4781734347343445 6805
1783602831110 0.25755706429481506 6806
1783602831232 0.25787171721458435 6807
1783602831318 0.17299486696720123 6808
1783602831398 0.688754677772522 6809
1783602831481 0.2735311686992645 6810
1783602831572 0.4869610369205475 6811
1783602831689 0.1963859498500824 6812
1783602831823 0.5600022077560425 6813
1783602831943 0.06329285353422165 6814
1783602832046 0.1934375762939453 6815
1783602832169 0.3367777466773987 6816
1783602832271 0.40723395347595215 6817
1783602832421 0.17633050680160522 6818
1783602832534 0.29922181367874146 6819
1783602832665 0.09621448814868927 6820
1783602832784 0.41657310724258423 6821
1783602832933 0.5993541479110718 6822
1783602833042 0.2549436390399933 6823
1783602833157 0.185904398560524 6824
1783602833262 0.22047275304794312 6825
1783602833367 0.09183177351951599 6826
1783602833465 0.8130928874015808 6827
1783602833587 0.801093578338623 6828
1783602833712 0.2704835534095764 6829
1783602833850 0.4396522641181946 6830
1783602833971 0.44842180609703064 6831
1783602834089 0.4616132378578186 6832
1783602834196 0.17354127764701843 6833
1783602834288 0.3353542685508728 6834
1783602834416 0.12017438560724258 6835
1783602834520 0.48591601848602295 6836
1783602834626 0.22994071245193481 6837
1783602834740 0.24259860813617706 6838
1783602834862 0.1923036426305771 6839
1783602834977 0.3258121907711029 6840
1783602835082 0.6783270835876465 6841
1783602835184 0.5475314259529114 6842
1783602835309 0.05915828421711922 6843
1783602835422 0.12040980160236359 6844
1783602835546 0.26516062021255493 6845
1783602835658 0.7416747808456421 6846
1783602835779 0.2707134187221527 6847
1783602835907 0.2015681117773056 6848
1783602836048 0.25213316082954407 6849
1783602836181 0.4882044196128845 6850
1783602836310 0.18055661022663116 6851
1783602836426 0.39804694056510925 6852
1783602836541 0.3806234896183014 6853
1783602836651 0.8068506717681885 6854
1783602836772 0.2850065231323242 6855
1783602836871 0.6062341928482056 6856
1783602836969 0.1480199694633484 6857
1783602837077 0.18193678557872772 6858
1783602837181 0.4237056374549866 6859
1783602837284 0.24717770516872406 6860
1783602837406 0.619050920009613 6861
1783602837536 0.23759976029396057 6862
1783602837641 0.1520935595035553 6863
1783602837744 0.48760154843330383 6864
1783602837870 0.2862834930419922 6865
1783602837979 0.38604021072387695 6866
1783602838097 0.8810340166091919 6867
1783602838254 0.6038497686386108 6868
1783602838362 0.41763368248939514 6869
1783602838481 0.14531680941581726 6870
1783602838609 0.24771319329738617 6871
1783602838723 0.2981228530406952 6872
1783602838841 0.18407653272151947 6873
1783602838954 0.13267084956169128 6874
1783602839073 0.20911262929439545 6875
1783602839186 0.07146014273166656 6876
1783602839290 0.1686113178730011 6877
1783602839387 0.10797782987356186 6878
1783602839498 0.15854619443416595 6879
1783602839592 0.32385122776031494 6880
1783602839691 0.46450871229171753 6881
1783602839789 0.5276930928230286 6882
1783602839913 0.19332802295684814 6883
1783602840025 0.2059694528579712 6884
1783602840116 0.3150787055492401 6885
1783602840207 0.5727182030677795 6886
1783602840320 0.4495035409927368 6887
1783602840421 0.25645825266838074 6888
1783602840518 0.182138592004776 6889
1783602840622 0.1326618492603302 6890
1783602840714 0.16257955133914948 6891
1783602840814 0.5634387135505676 6892
1783602840945 0.5238180160522461 6893
1783602841079 0.3342117369174957 6894
1783602841201 0.12329674512147903 6895
1783602841318 0.33878421783447266 6896
1783602841420 0.5016627907752991 6897
1783602841535 0.4488927125930786 6898
1783602841639 0.4057196080684662 6899
1783602841740 0.964968740940094 6900
1783602841873 0.3520827293395996 6901
1783602842012 0.3407880961894989 6902
1783602842149 0.8538805246353149 6903
1783602842248 0.5051707029342651 6904
1783602842361 0.704038679599762 6905
1783602842494 0.12284868210554123 6906
1783602842604 0.14965641498565674 6907
1783602842719 0.17528334259986877 6908
1783602842817 0.11618524044752121 6909
1783602842932 0.7378355264663696 6910
1783602843024 0.5339643955230713 6911
1783602843112 0.45393437147140503 6912
1783602843231 0.12094828486442566 6913
1783602843353 0.1193646565079689 6914
1783602843481 0.15173684060573578 6915
1783602843670 0.1930309534072876 6916
1783602843782 0.4048883318901062 6917
1783602843946 0.07145332545042038 6918
1783602844036 0.30175819993019104 6919
1783602844127 0.333763986825943 6920
1783602844228 1.002143383026123 6921
1783602844320 0.2058097869157791 6922
1783602844415 0.7344391345977783 6923
1783602844505 0.6812419295310974 6924
1783602844619 0.5677945613861084 6925
1783602844713 0.1978127360343933 6926
1783602844845 0.4347151815891266 6927
1783602844971 0.34865039587020874 6928
1783602845122 0.34861379861831665 6929
1783602845251 0.38754045963287354 6930
1783602845384 0.17607107758522034 6931
1783602845510 0.26967114210128784 6932
1783602845628 1.022878885269165 6933
1783602845747 0.2954244911670685 6934
1783602845854 0.2551147937774658 6935
1783602845992 0.19936585426330566 6936
1783602846126 0.1395196169614792 6937
1783602846302 0.48909175395965576 6938
1783602846412 0.3672601878643036 6939
1783602846533 0.2365933656692505 6940
1783602846639 0.2859458923339844 6941
1783602846741 0.4346226751804352 6942
1783602846854 0.21340219676494598 6943
1783602846959 0.16627512872219086 6944
1783602847062 0.17263346910476685 6945
1783602847175 0.3883020579814911 6946
1783602847324 0.19910697638988495 6947
1783602847427 0.22311833500862122 6948
1783602847621 0.15884017944335938 6949
1783602847757 0.1404687613248825 6950
1783602847875 0.12339427322149277 6951
1783602847995 0.2631126344203949 6952
1783602848114 0.29345807433128357 6953
1783602848222 0.05511431396007538 6954
1783602848344 0.17529867589473724 6955
1783602848461 0.20170003175735474 6956
1783602848552 0.6284552216529846 6957
1783602848668 0.34210023283958435 6958
1783602848800 0.3323799669742584 6959
1783602848960 0.284372478723526 6960
1783602849071 0.19021625816822052 6961
1783602849185 0.37243393063545227 6962
1783602849294 0.15329445898532867 6963
1783602849400 0.40430453419685364 6964
1783602849501 0.47755613923072815 6965
1783602849608 0.2029438018798828 6966
1783602849715 0.27227842807769775 6967
1783602849822 0.16742800176143646 6968
1783602849930 0.3066932260990143 6969
1783602850052 0.2654007375240326 6970
1783602850168 0.371673583984375 6971
1783602850283 0.1312137395143509 6972
1783602850393 0.6050217151641846 6973
1783602850514 0.19458097219467163 6974
1783602850667 0.5343958139419556 6975
1783602850787 0.42539680004119873 6976
1783602850917 0.6262679100036621 6977
1783602851035 0.36587199568748474 6978
1783602851216 0.2843281030654907 6979
1783602851363 0.7008118033409119 6980
1783602851476 0.22967180609703064 6981
1783602851658 0.2458830177783966 6982
1783602851772 0.24951450526714325 6983
1783602851907 0.3087792694568634 6984
1783602852012 0.22033503651618958 6985
1783602852115 0.2529407739639282 6986
1783602852272 0.18399576842784882 6987
1783602852419 0.32983386516571045 6988
1783602852554 0.43133416771888733 6989
1783602852732 0.39069893956184387 6990
1783602852899 0.10557126998901367 6991
1783602853038 0.0714779645204544 6992
1783602853191 0.32587119936943054 6993
1783602853315 0.1422506421804428 6994
1783602853450 0.278856486082077 6995
1783602853594 0.346041738986969 6996
1783602853784 0.4344404637813568 6997
1783602853966 0.2977958023548126 6998
1783602854097 0.1982250213623047 6999
1783602854204 0.34294700622558594 7000
1783602854305 0.2539891004562378 7001
1783602854411 0.3467872738838196 7002
1783602854513 0.36428120732307434 7003
1783602854608 0.14076806604862213 7004
1783602854714 0.1654834896326065 7005
1783602854819 0.2490389049053192 7006
1783602854928 0.32063737511634827 7007
1783602855049 0.10290193557739258 7008
1783602855166 0.28620225191116333 7009
1783602855300 0.2355116754770279 7010
1783602855411 0.2668473720550537 7011
1783602855536 0.6669368147850037 7012
1783602855653 0.2595721483230591 7013
1783602855769 0.1684354543685913 7014
1783602855882 0.3189554810523987 7015
1783602855985 0.40004831552505493 7016
1783602856099 0.2703731060028076 7017
1783602856218 0.11274015158414841 7018
1783602856369 0.19005823135375977 7019
1783602856492 0.46240904927253723 7020
1783602856599 0.1046249121427536 7021
1783602856702 0.2562253177165985 7022
1783602856793 0.1979546844959259 7023
1783602856891 0.2151937484741211 7024
1783602856988 0.31954264640808105 7025
1783602857090 0.0963582694530487 7026
1783602857190 0.5653818845748901 7027
1783602857294 0.07095357775688171 7028
1783602857392 0.5049307346343994 7029
1783602857513 0.3235175311565399 7030
1783602857645 0.41768592596054077 7031
1783602857769 0.09811317920684814 7032
1783602857876 0.4635952413082123 7033
1783602857983 0.4476429522037506 7034
1783602858078 0.08935489505529404 7035
1783602858179 0.3945153057575226 7036
1783602858281 0.3844383955001831 7037
1783602858368 0.060440175235271454 7038
1783602858476 0.14482620358467102 7039
1783602858582 0.4481546878814697 7040
1783602858681 0.7931805849075317 7041
1783602858776 0.20141686499118805 7042
1783602858876 0.22641797363758087 7043
1783602858989 0.2991594970226288 7044
1783602859087 0.10442941635847092 7045
1783602859210 0.2517409324645996 7046
1783602859328 0.514531135559082 7047
1783602859435 0.2825222909450531 7048
1783602859562 0.44103753566741943 7049
1783602859656 0.5155901908874512 7050
1783602859750 0.23313088715076447 7051
1783602859852 0.1034499853849411 7052
1783602859955 0.19309356808662415 7053
1783602860054 0.4194929599761963 7054
1783602860166 0.3386329114437103 7055
1783602860278 0.3888497054576874 7056
1783602860374 0.16726426780223846 7057
1783602860471 0.3141908347606659 7058
1783602860574 0.3469899594783783 7059
1783602860676 0.672886848449707 7060
1783602860768 1.033410906791687 7061
1783602860884 0.5696896314620972 7062
1783602860980 0.19512706995010376 7063
1783602861074 0.13373106718063354 7064
1783602861171 0.396087110042572 7065
1783602861314 0.4088239371776581 7066
1783602861454 0.10580459982156754 7067
1783602861599 0.5185471177101135 7068
1783602861717 0.4696548581123352 7069
1783602861817 0.10088411718606949 7070
1783602861940 0.5370709300041199 7071
1783602862068 0.35201358795166016 7072
1783602862172 0.2790967524051666 7073
1783602862298 0.5959362387657166 7074
1783602862415 0.17328038811683655 7075
1783602862513 0.3938426673412323 7076
1783602862651 0.2241140753030777 7077
1783602862804 0.09713603556156158 7078
1783602862986 0.12171588093042374 7079
1783602863186 0.2580873668193817 7080
1783602863412 0.2357042133808136 7081
1783602863568 0.15334229171276093 7082
1783602863715 0.1593157798051834 7083
1783602863861 0.34357863664627075 7084
1783602864031 0.23040235042572021 7085
1783602864206 0.1656574010848999 7086
1783602864349 0.4356354773044586 7087
1783602864446 0.12539689242839813 7088
1783602864594 0.19133281707763672 7089
1783602864713 0.11240251362323761 7090
1783602864815 0.15097272396087646 7091
1783602864986 0.09514327347278595 7092
1783602865107 0.16978830099105835 7093
1783602865216 0.35479649901390076 7094
1783602865413 0.3536800742149353 7095
1783602865567 0.22739103436470032 7096
1783602865676 0.5627567768096924 7097
1783602865833 0.3156832456588745 7098
1783602865980 0.2611423134803772 7099
1783602866126 0.2829098105430603 7100
1783602866291 0.46522074937820435 7101
1783602866440 0.35972368717193604 7102
1783602866620 0.09737396240234375 7103
1783602866735 0.20215585827827454 7104
1783602866843 0.38418030738830566 7105
1783602866957 0.11870544403791428 7106
1783602867069 0.3344396650791168 7107
1783602867176 0.23277346789836884 7108
1783602867291 0.5537765622138977 7109
1783602867436 0.4652930498123169 7110
1783602867557 0.431275337934494 7111
1783602867677 0.6177279949188232 7112
1783602867830 0.4156821370124817 7113
1783602867966 0.32677432894706726 7114
1783602868090 0.21682338416576385 7115
1783602868196 0.2820538282394409 7116
1783602868303 0.15887190401554108 7117
1783602868428 0.31592682003974915 7118
1783602868545 0.28226161003112793 7119
1783602868644 0.2527525722980499 7120
1783602868765 0.20653142035007477 7121
1783602868866 0.3667878806591034 7122
1783602868970 0.16909389197826385 7123
1783602869093 0.29514575004577637 7124
1783602869228 0.15519021451473236 7125
1783602869342 0.2402218133211136 7126
1783602869456 0.09678598493337631 7127
1783602869606 0.18648028373718262 7128
1783602869712 0.26353251934051514 7129
1783602869848 0.3528454303741455 7130
1783602869969 0.08525388687849045 7131
1783602870083 0.24496863782405853 7132
1783602870212 0.17922845482826233 7133
1783602870348 0.7296752333641052 7134
1783602870476 0.24482297897338867 7135
1783602870603 0.1996363252401352 7136
1783602870726 0.10990840941667557 7137
1783602870845 0.31253039836883545 7138
1783602870951 0.31626689434051514 7139
1783602871050 0.13696643710136414 7140
1783602871162 0.1804289072751999 7141
1783602871271 0.34411996603012085 7142
1783602871376 0.2705601751804352 7143
1783602871490 0.4416545033454895 7144
1783602871660 0.39070799946784973 7145
1783602871782 0.35334882140159607 7146
1783602871880 0.2659948468208313 7147
1783602871980 0.7069613933563232 7148
1783602872081 0.2657613158226013 7149
1783602872202 0.11987306922674179 7150
1783602872317 0.45333132147789 7151
1783602872446 0.16431103646755219 7152
1783602872582 0.21730545163154602 7153
1783602872688 0.14028097689151764 7154
1783602872798 0.14673110842704773 7155
1783602872913 0.3004956841468811 7156
1783602873028 0.37854740023612976 7157
1783602873144 0.09141946583986282 7158
1783602873259 0.22537367045879364 7159
1783602873375 0.19106131792068481 7160
1783602873557 0.4190364181995392 7161
1783602873674 0.3022916615009308 7162
1783602873793 0.5254507064819336 7163
1783602873890 0.43627145886421204 7164
1783602874018 0.21286898851394653 7165
1783602874147 0.14561201632022858 7166
1783602874270 0.7492899894714355 7167
1783602874376 0.26558399200439453 7168
1783602874487 0.17688848078250885 7169
1783602874595 0.3346463143825531 7170
1783602874702 0.49896126985549927 7171
1783602874807 0.22207209467887878 7172
1783602874917 0.5954882502555847 7173
1783602875034 0.14960424602031708 7174
1783602875168 0.47599196434020996 7175
1783602875278 0.7351562976837158 7176
1783602875383 0.4202366769313812 7177
1783602875571 0.25619998574256897 7178
1783602875701 0.141038179397583 7179
1783602875813 0.08930099010467529 7180
1783602875942 0.3350251615047455 7181
1783602876085 0.12323874235153198 7182
1783602876225 0.438888818025589 7183
1783602876346 0.17393597960472107 7184
1783602876459 0.29634690284729004 7185
1783602876593 0.3723708689212799 7186
1783602876732 0.32685965299606323 7187
1783602876878 0.3400281071662903 7188
1783602876991 0.6086984872817993 7189
1783602877107 0.09587894380092621 7190
1783602877218 0.5915325880050659 7191
1783602877344 0.47816818952560425 7192
1783602877456 0.21311593055725098 7193
1783602877589 0.5416563153266907 7194
1783602877737 0.12820440530776978 7195
1783602877857 0.16168101131916046 7196
1783602877994 0.43255293369293213 7197
1783602878122 0.0865885317325592 7198
1783602878235 0.414803683757782 7199
1783602878353 0.1405458003282547 7200
1783602878473 0.2722758948802948 7201
1783602878583 0.09925156831741333 7202
1783602878689 0.2903446555137634 7203
1783602878794 0.1237788125872612 7204
1783602878902 0.20002101361751556 7205
1783602879004 0.38598379492759705 7206
1783602879100 0.15699994564056396 7207
1783602879240 0.14354224503040314 7208
1783602879370 0.15431886911392212 7209
1783602879489 0.10357904434204102 7210
1783602879590 0.2602734863758087 7211
1783602879688 0.1504339575767517 7212
1783602879789 0.17791205644607544 7213
1783602879903 0.2856600284576416 7214
1783602880001 0.20725339651107788 7215
1783602880108 0.387832373380661 7216
1783602880214 0.06812503188848495 7217
1783602880315 0.1745879054069519 7218
1783602880442 0.2583467364311218 7219
1783602880547 0.1625031679868698 7220
1783602880666 0.4136013090610504 7221
1783602880768 0.1480168104171753 7222
1783602880877 0.39476796984672546 7223
1783602881044 0.12489337474107742 7224
1783602881190 0.24164271354675293 7225
1783602881282 0.2613232135772705 7226
1783602881411 0.07531724870204926 7227
1783602881548 0.2544250786304474 7228
1783602881669 0.5390415191650391 7229
1783602881797 0.1753140687942505 7230
1783602881943 0.2550986111164093 7231
1783602882067 0.10846997052431107 7232
1783602882197 0.5152639150619507 7233
1783602882315 0.21808432042598724 7234
1783602882453 0.30321788787841797 7235
1783602882576 0.4457659125328064 7236
1783602882695 0.49142760038375854 7237
1783602882796 0.14462189376354218 7238
1783602882903 0.1251007467508316 7239
1783602883034 0.1436913162469864 7240
1783602883150 0.13874061405658722 7241
1783602883284 0.24064044654369354 7242
1783602883384 0.3136259615421295 7243
1783602883491 0.5526347160339355 7244
1783602883605 0.2517341375350952 7245
1783602883718 0.23529699444770813 7246
1783602883827 0.18197008967399597 7247
1783602883944 0.16252006590366364 7248
1783602884070 0.1818973422050476 7249
1783602884182 0.09436256438493729 7250
1783602884375 0.2866290509700775 7251
1783602884490 0.4687989056110382 7252
1783602884616 0.3492073118686676 7253
1783602884747 0.4537372589111328 7254
1783602884894 0.5592774748802185 7255
1783602884994 0.6818933486938477 7256
1783602885122 0.2783459424972534 7257
1783602885241 0.42498543858528137 7258
1783602885350 0.2325260043144226 7259
1783602885459 0.2137717455625534 7260
1783602885722 0.21295377612113953 7261
1783602885851 0.172137051820755 7262
1783602885980 0.12965911626815796 7263
1783602886089 0.30707448720932007 7264
1783602886196 0.5186534523963928 7265
1783602886301 0.42153480648994446 7266
1783602886410 0.7513628005981445 7267
1783602886546 0.3397391736507416 7268
1783602886729 0.3521449863910675 7269
1783602886899 0.29971957206726074 7270
1783602887107 0.33854302763938904 7271
1783602887301 0.4010436534881592 7272
1783602887491 0.37097808718681335 7273
1783602887652 0.13002833724021912 7274
1783602887754 0.05496210232377052 7275
1783602887881 0.35641172528266907 7276
1783602888004 0.2594236731529236 7277
1783602888125 0.22874648869037628 7278
1783602888279 0.1992354840040207 7279
1783602888408 0.22266721725463867 7280
1783602888527 0.13057835400104523 7281
1783602888645 0.06800910085439682 7282
1783602888751 0.4895610809326172 7283
1783602888944 0.18604765832424164 7284
1783602889140 0.17407260835170746 7285
1783602889298 0.49244600534439087 7286
1783602889444 0.4061698317527771 7287
1783602889576 0.06349587440490723 7288
1783602889731 0.38272133469581604 7289
1783602889877 0.6558955311775208 7290
1783602890013 0.1371392160654068 7291
1783602890131 0.0917627364397049 7292
1783602890267 0.27254518866539 7293
1783602890378 0.3318277597427368 7294
1783602890506 0.09328868985176086 7295
1783602890636 0.2785702645778656 7296
1783602890794 0.18031378090381622 7297
1783602890962 0.18810005486011505 7298
1783602891110 0.13519684970378876 7299
1783602891243 0.3026617169380188 7300
1783602891373 0.07466983050107956 7301
1783602891484 0.37753257155418396 7302
1783602891613 0.6333221197128296 7303
1783602891740 0.5768005847930908 7304
1783602891865 0.24374866485595703 7305
1783602891986 0.7401195168495178 7306
1783602892129 0.780502438545227 7307
1783602892343 0.5239472985267639 7308
1783602892457 0.11566299200057983 7309
1783602892564 0.8244965076446533 7310
1783602892680 0.4010397791862488 7311
1783602892826 0.41849228739738464 7312
1783602892937 0.16936425864696503 7313
1783602893057 0.3452288806438446 7314
1783602893179 0.5426621437072754 7315
1783602893310 0.3931608498096466 7316
1783602893431 0.14077486097812653 7317
1783602893557 0.11623760312795639 7318
1783602893693 0.19264346361160278 7319
1783602893807 0.3494671881198883 7320
1783602893924 0.23357202112674713 7321
1783602894034 0.1579018533229828 7322
1783602894129 0.20162205398082733 7323
1783602894247 0.10321265459060669 7324
1783602894380 0.36399972438812256 7325
1783602894498 0.2373463362455368 7326
1783602894619 0.29295143485069275 7327
1783602894768 0.5488705635070801 7328
1783602894894 0.2375752329826355 7329
1783602895029 0.06643687933683395 7330
1783602895157 0.2828344702720642 7331
1783602895312 0.08530636131763458 7332
1783602895443 0.12083153426647186 7333
1783602895603 0.2034674882888794 7334
1783602895785 0.14578881859779358 7335
1783602895983 0.32142582535743713 7336
1783602896147 0.1793595403432846 7337
1783602896315 0.1723090261220932 7338
1783602896459 0.08661282062530518 7339
1783602896614 0.23660430312156677 7340
1783602896735 0.40582528710365295 7341
1783602896847 0.26200440526008606 7342
1783602896950 0.20516462624073029 7343
1783602897056 0.5161152482032776 7344
1783602897171 0.09891323745250702 7345
1783602897300 0.11562874168157578 7346
1783602897435 0.565693199634552 7347
1783602897554 0.6433108448982239 7348
1783602897707 0.582262396812439 7349
1783602897830 0.3692735731601715 7350
1783602897942 0.1662740260362625 7351
1783602898064 0.2655535042285919 7352
1783602898178 0.22098425030708313 7353
1783602898280 0.1552809327840805 7354
1783602898381 0.10796461254358292 7355
1783602898506 0.3436318337917328 7356
1783602898645 0.1525450199842453 7357
1783602898791 0.3542720675468445 7358
1783602898915 0.15110623836517334 7359
1783602899019 0.30229681730270386 7360
1783602899128 0.12308724969625473 7361
1783602899254 0.2162599116563797 7362
1783602899365 0.3229796886444092 7363
1783602899490 0.2613956034183502 7364
1783602899652 0.21433891355991364 7365
1783602899842 0.37372514605522156 7366
1783602899988 0.42666083574295044 7367
1783602900160 0.23925085365772247 7368
1783602900305 0.37992143630981445 7369
1783602900418 0.32298144698143005 7370
1783602900554 0.2638089656829834 7371
1783602900686 0.3112182021141052 7372
1783602900795 0.12006740272045135 7373
1783602900931 0.3430509567260742 7374
1783602901054 0.3793157935142517 7375
1783602901194 0.24911047518253326 7376
1783602901334 0.44446876645088196 7377
1783602901449 0.2500680088996887 7378
1783602901575 0.13174386322498322 7379
1783602901681 0.11577846109867096 7380
1783602901796 0.19484443962574005 7381
1783602901923 0.16168615221977234 7382
1783602902047 0.19036436080932617 7383
1783602902171 0.3284429907798767 7384
1783602902316 0.15242241322994232 7385
1783602902453 0.13551294803619385 7386
1783602902580 0.1638546884059906 7387
1783602902709 0.23721842467784882 7388
1783602902824 0.24402953684329987 7389
1783602902945 0.2590831220149994 7390
1783602903060 0.172122985124588 7391
1783602903185 0.55795818567276 7392
1783602903295 0.43589887022972107 7393
1783602903410 0.1854146420955658 7394
1783602903540 0.0660092756152153 7395
1783602903664 0.33478406071662903 7396
1783602903799 0.1930128037929535 7397
1783602903951 0.5225389003753662 7398
1783602904074 0.5811893939971924 7399
1783602904196 0.1669187694787979 7400
1783602904358 0.2180791050195694 7401
1783602904478 0.5369706153869629 7402
1783602904609 0.21868079900741577 7403
1783602904742 0.2424149215221405 7404
1783602904861 0.3842749297618866 7405
1783602904983 0.31480616331100464 7406
1783602905122 0.1470363438129425 7407
1783602905232 0.5666468739509583 7408
1783602905331 0.1812913864850998 7409
1783602905447 0.37242430448532104 7410
1783602905577 0.2896658778190613 7411
1783602905728 0.47042611241340637 7412
1783602905891 0.24310794472694397 7413
1783602906028 0.32660841941833496 7414
1783602906149 0.40799063444137573 7415
1783602906258 0.4550795257091522 7416
1783602906376 0.1975030153989792 7417
1783602906502 0.49980467557907104 7418
1783602906621 0.4455418586730957 7419
1783602906746 0.5975115895271301 7420
1783602906890 0.14655977487564087 7421
1783602907020 0.31146249175071716 7422
1783602907160 0.1913132220506668 7423
1783602907293 0.7015092968940735 7424
1783602907452 0.5253722071647644 7425
1783602907599 0.17351776361465454 7426
1783602907746 0.45692288875579834 7427
1783602907877 0.28730201721191406 7428
1783602907993 0.5550530552864075 7429
1783602908119 0.10613206773996353 7430
1783602908249 0.2658386528491974 7431
1783602908371 0.3798319101333618 7432
1783602908499 0.39699122309684753 7433
1783602908631 0.48698997497558594 7434
1783602908881 0.13433757424354553 7435
1783602909121 0.2042016088962555 7436
1783602909315 0.48372718691825867 7437
1783602909477 0.5225529670715332 7438
1783602909735 0.15976351499557495 7439
1783602909973 0.19177338480949402 7440
1783602910198 0.40775346755981445 7441
1783602910482 0.2705853283405304 7442
1783602910706 0.11668576300144196 7443
1783602910904 0.3531675636768341 7444
1783602911105 0.35022038221359253 7445
1783602911230 0.13694192469120026 7446
1783602911403 0.29418694972991943 7447
1783602911567 0.2196594923734665 7448
1783602911766 0.2126624435186386 7449
1783602911985 0.5286442637443542 7450
1783602912225 0.43080785870552063 7451
1783602912453 0.3159625828266144 7452
1783602912643 0.21511052548885345 7453
1783602912893 0.23306412994861603 7454
1783602913149 0.7420263290405273 7455
1783602913380 0.19561521708965302 7456
1783602913607 0.2733047306537628 7457
1783602913830 0.19012446701526642 7458
1783602914107 0.475939005613327 7459
1783602914332 0.18092034757137299 7460
1783602914443 0.532330334186554 7461
1783602914639 0.302877277135849 7462
1783602914925 0.369579553604126 7463
1783602915162 0.18403173983097076 7464
1783602915510 0.24203240871429443 7465
1783602915728 0.12081009894609451 7466
1783602915945 0.12425587326288223 7467
1783602916115 0.09609261900186539 7468
1783602916292 0.27033287286758423 7469
1783602916474 0.32180055975914 7470
1783602916612 0.41398268938064575 7471
1783602916838 0.15383340418338776 7472
1783602917009 0.4792371094226837 7473
1783602917158 0.35293257236480713 7474
1783602917332 0.06475023925304413 7475
1783602917486 0.2366730123758316 7476
1783602917647 0.46612751483917236 7477
1783602917822 0.1678103506565094 7478
1783602918034 0.18236637115478516 7479
1783602918164 0.2510218620300293 7480
1783602918308 0.5180413126945496 7481
1783602918449 0.21230855584144592 7482
1783602918610 0.4471851587295532 7483
1783602918769 0.2526145875453949 7484
1783602918905 0.5245533585548401 7485
1783602919061 0.14275355637073517 7486
1783602919280 0.07323801517486572 7487
1783602919502 0.22854796051979065 7488
1783602919641 0.049730848520994186 7489
1783602919795 0.5660920143127441 7490
1783602919918 0.38621681928634644 7491
1783602920036 0.5277000069618225 7492
1783602920210 0.3151681423187256 7493
1783602920367 0.2624828517436981 7494
1783602920556 0.18618516623973846 7495
1783602920773 0.5028063654899597 7496
1783602920942 0.37036630511283875 7497
1783602921120 0.09470763057470322 7498
1783602921268 0.2882217764854431 7499
1783602922753 0.2593197822570801 7500
1783602922879 0.3003397285938263 7501
1783602923021 0.3695041239261627 7502
1783602923160 0.17772114276885986 7503
1783602923293 0.2987257242202759 7504
1783602923417 0.6483539938926697 7505
1783602923571 0.24951665103435516 7506
1783602923700 0.4158417284488678 7507
1783602923856 0.27769210934638977 7508
1783602923998 0.32524335384368896 7509
1783602924132 0.28633350133895874 7510
1783602924252 0.4826022982597351 7511
1783602924376 0.7039623856544495 7512
1783602924564 0.18209783732891083 7513
1783602924718 0.1541036069393158 7514
1783602924844 0.1813679188489914 7515
1783602924966 0.6710407733917236 7516
1783602925092 0.1563674360513687 7517
1783602925220 0.9745590686798096 7518
1783602925341 0.5915502905845642 7519
1783602925469 0.44778552651405334 7520
1783602925609 0.2615785002708435 7521
1783602925774 0.35711026191711426 7522
1783602925967 0.14662203192710876 7523
1783602926107 0.7414577007293701 7524
1783602926270 0.21965451538562775 7525
1783602926409 0.14939649403095245 7526
1783602926531 0.26045551896095276 7527
1783602926679 0.4750938415527344 7528
1783602926827 0.2798469066619873 7529
1783602926947 0.31445929408073425 7530
1783602927091 0.44288232922554016 7531
1783602927229 0.31352898478507996 7532
1783602927373 0.20469653606414795 7533
1783602927505 0.4295884668827057 7534
1783602927635 0.3047425150871277 7535
1783602927777 0.15933284163475037 7536
1783602927911 0.2326633185148239 7537
1783602928039 0.1349475234746933 7538
1783602928157 1.0017673969268799 7539
1783602928280 0.19570386409759521 7540
1783602928401 0.25676876306533813 7541
1783602928519 0.28030675649642944 7542
1783602928657 0.2621813714504242 7543
1783602928771 0.35764047503471375 7544
1783602928883 0.09786692261695862 7545
1783602929005 0.10675569623708725 7546
1783602929191 0.3367004692554474 7547
1783602929363 0.4106440842151642 7548
1783602929506 0.19173070788383484 7549
1783602929640 0.09461118280887604 7550
1783602929798 0.22941778600215912 7551
1783602929951 0.11089792847633362 7552
1783602930066 0.4405319392681122 7553
1783602930205 0.21193383634090424 7554
1783602930343 0.38008570671081543 7555
1783602930469 0.543672502040863 7556
1783602930589 0.28675901889801025 7557
1783602930694 0.16705316305160522 7558
1783602930825 0.17463171482086182 7559
1783602930959 0.2835875451564789 7560
1783602931102 0.40445947647094727 7561
1783602931259 0.4442106783390045 7562
1783602931428 0.17295067012310028 7563
1783602931587 0.1214907243847847 7564
1783602931721 0.30436962842941284 7565
1783602931854 0.16546228528022766 7566
1783602931998 0.5232900381088257 7567
1783602932131 0.18068479001522064 7568
1783602932272 0.3623075485229492 7569
1783602932434 0.14051231741905212 7570
1783602932583 0.23078055679798126 7571
1783602932708 0.05855613201856613 7572
1783602932853 0.4671007990837097 7573
1783602932981 0.2684996426105499 7574
1783602933118 0.1999717354774475 7575
1783602933250 0.15643247961997986 7576
1783602933378 0.3814527988433838 7577
1783602933504 0.20291659235954285 7578
1783602933628 0.20193608105182648 7579
1783602933783 0.4736388027667999 7580
1783602933903 0.4387919306755066 7581
1783602934035 0.19822080433368683 7582
1783602934165 0.21626998484134674 7583
1783602934304 0.12494358420372009 7584
1783602934445 0.1738644391298294 7585
1783602934606 0.3679608404636383 7586
1783602934736 0.15331420302391052 7587
1783602934879 0.28945276141166687 7588
1783602935034 0.08292742818593979 7589
1783602935164 0.27048617601394653 7590
1783602935284 0.3774663805961609 7591
1783602935408 0.36864766478538513 7592
1783602935541 0.19772657752037048 7593
1783602935702 0.47542059421539307 7594
1783602935832 0.09396304935216904 7595
1783602935944 0.29059597849845886 7596
1783602936059 0.04474872723221779 7597
1783602936188 0.6244089007377625 7598
1783602936323 0.09025786817073822 7599
1783602936464 0.13067959249019623 7600
1783602936573 0.28318166732788086 7601
1783602936686 0.38468167185783386 7602
1783602936835 0.36082422733306885 7603
1783602937002 0.1830032914876938 7604
1783602937184 0.4711257815361023 7605
1783602937312 0.3173452615737915 7606
1783602937444 0.07160620391368866 7607
1783602937583 0.4567685127258301 7608
1783602937748 0.3023136556148529 7609
1783602937875 0.36129966378211975 7610
1783602938007 0.07415055483579636 7611
1783602938163 0.135940819978714 7612
1783602938316 0.2457469254732132 7613
1783602938457 0.4376339316368103 7614
1783602938587 0.6553468704223633 7615
1783602938737 0.2582123577594757 7616
1783602938900 0.1652880609035492 7617
1783602939022 0.09626702964305878 7618
1783602939151 0.8598129749298096 7619
1783602939294 0.1556999534368515 7620
1783602939421 0.16684016585350037 7621
1783602939543 0.3979080319404602 7622
1783602939672 0.2766667306423187 7623
1783602939819 0.31979507207870483 7624
1783602939966 0.11253194510936737 7625
1783602940096 0.07006141543388367 7626
1783602940252 0.131699800491333 7627
1783602940384 0.41078558564186096 7628
1783602940524 0.2139037698507309 7629
1783602940669 0.5182275176048279 7630
1783602940804 0.48077505826950073 7631
1783602940914 0.21031440794467926 7632
1783602941045 0.37902846932411194 7633
1783602941181 0.24239423871040344 7634
1783602941318 0.470926970243454 7635
1783602941439 0.10738341510295868 7636
1783602941572 0.3117105960845947 7637
1783602941720 0.2791268527507782 7638
1783602941845 0.16573703289031982 7639
1783602941968 0.4259970486164093 7640
1783602942087 0.3850421905517578 7641
1783602942199 0.2871023714542389 7642
1783602942318 0.5236616134643555 7643
1783602942423 0.2600279450416565 7644
1783602942550 0.2356252670288086 7645
1783602942671 0.5176361203193665 7646
1783602942803 0.5142082571983337 7647
1783602942930 0.21497343480587006 7648
1783602943046 0.17130406200885773 7649
1783602943161 0.17167001962661743 7650
1783602943299 0.2762434482574463 7651
1783602943424 0.39576098322868347 7652
1783602943562 0.2624562978744507 7653
1783602943679 0.2541661560535431 7654
1783602943841 0.3432416319847107 7655
1783602943977 0.4008321464061737 7656
1783602944108 0.47805845737457275 7657
1783602944261 0.42679572105407715 7658
1783602944379 0.27690163254737854 7659
1783602944498 0.34268683195114136 7660
1783602944623 0.9659966230392456 7661
1783602944744 0.12241443246603012 7662
1783602944867 0.14133504033088684 7663
1783602944986 0.05819730460643768 7664
1783602945096 0.3522382378578186 7665
1783602945209 0.5629792809486389 7666
1783602945324 0.19671304523944855 7667
1783602945453 0.2513822615146637 7668
1783602945599 0.15882612764835358 7669
1783602945730 0.26943162083625793 7670
1783602945851 0.3641880750656128 7671
1783602945964 0.17302294075489044 7672
1783602946089 0.575491189956665 7673
1783602946220 0.2020786702632904 7674
1783602946361 0.5116699934005737 7675
1783602946486 0.18748588860034943 7676
1783602946617 0.5106047987937927 7677
1783602946800 0.3988491892814636 7678
1783602946934 0.2098308503627777 7679
1783602947056 0.35897305607795715 7680
1783602947224 0.14055317640304565 7681
1783602947328 0.21075983345508575 7682
1783602947454 0.33518484234809875 7683
1783602947586 0.3962072432041168 7684
1783602947729 0.38136962056159973 7685
1783602947853 0.5354821681976318 7686
1783602948002 0.2642149329185486 7687
1783602948156 0.12035883963108063 7688
1783602948288 0.119191974401474 7689
1783602948429 0.22941073775291443 7690
1783602948566 0.2755799889564514 7691
1783602948690 0.17985844612121582 7692
1783602948912 0.30722570419311523 7693
1783602949115 0.19459393620491028 7694
1783602949263 0.14964865148067474 7695
1783602949449 0.40408679842948914 7696
1783602949710 0.09271323680877686 7697
1783602949910 0.3688531517982483 7698
1783602950051 0.9264202117919922 7699
1783602950192 0.2210189253091812 7700
1783602950323 0.3644597828388214 7701
1783602950469 0.3422873318195343 7702
1783602950707 0.48390406370162964 7703
1783602950981 0.25589317083358765 7704
1783602951119 0.43700700998306274 7705
1783602951245 0.17781774699687958 7706
1783602951443 0.18382661044597626 7707
1783602951600 0.5986020565032959 7708
1783602951753 0.21876569092273712 7709
1783602951885 0.2093236744403839 7710
1783602952060 0.18612778186798096 7711
1783602952212 0.6707287430763245 7712
1783602952346 0.12213592976331711 7713
1783602952484 0.13300968706607819 7714
1783602952618 0.18168219923973083 7715
1783602952743 0.6033871173858643 7716
1783602952894 0.23503482341766357 7717
1783602953027 0.5098249316215515 7718
1783602953149 0.35490554571151733 7719
1783602953269 0.13801167905330658 7720
1783602953420 0.3549739718437195 7721
1783602953577 0.11170174181461334 7722
1783602953699 0.20897866785526276 7723
1783602953875 0.3698672652244568 7724
1783602954011 0.24453672766685486 7725
1783602954156 0.5637683272361755 7726
1783602954290 0.2946147620677948 7727
1783602954412 0.3202376365661621 7728
1783602954551 0.3304988443851471 7729
1783602954703 0.275718092918396 7730
1783602954846 0.23436690866947174 7731
1783602955003 0.6642831563949585 7732
1783602955129 0.0992148295044899 7733
1783602955246 0.5557547807693481 7734
1783602955364 0.533389151096344 7735
1783602955509 0.22956687211990356 7736
1783602955680 0.3754843473434448 7737
1783602955806 0.2953634262084961 7738
1783602955928 0.6133053302764893 7739
1783602956104 0.1895495355129242 7740
1783602956226 0.18817320466041565 7741
1783602956351 0.11716681718826294 7742
1783602956482 0.42313605546951294 7743
1783602956599 0.6517006158828735 7744
1783602956709 0.14217519760131836 7745
1783602956827 0.6205343008041382 7746
1783602956969 1.003719687461853 7747
1783602957108 0.21571114659309387 7748
1783602957249 0.5456315875053406 7749
1783602957372 0.3919277787208557 7750
1783602957496 0.31915199756622314 7751
1783602957631 0.18183879554271698 7752
1783602957807 0.26680299639701843 7753
1783602957958 0.11217206716537476 7754
1783602958102 0.09769505262374878 7755
1783602958216 0.09386823326349258 7756
1783602958342 0.39375039935112 7757
1783602958476 0.4801071882247925 7758
1783602958629 0.5084357857704163 7759
1783602958753 0.5968833565711975 7760
1783602958873 0.16765616834163666 7761
1783602959026 0.21069595217704773 7762
1783602959223 0.35570821166038513 7763
1783602959454 0.060017187148332596 7764
1783602959644 0.2385583519935608 7765
1783602959894 0.06527037173509598 7766
1783602960174 0.22240392863750458 7767
1783602960440 0.3879894018173218 7768
1783602960780 0.2896557152271271 7769
1783602960967 0.2671702206134796 7770
1783602961236 0.2943885624408722 7771
1783602961488 0.16799482703208923 7772
1783602961631 0.30829620361328125 7773
1783602961797 0.45771345496177673 7774
1783602961956 0.2843276560306549 7775
1783602962089 0.3798561096191406 7776
1783602962211 0.2565107047557831 7777
1783602962346 0.6834436655044556 7778
1783602962475 0.21400626003742218 7779
1783602962611 0.4519701898097992 7780
1783602962739 0.17728014290332794 7781
1783602962885 0.05427650362253189 7782
1783602963018 0.2898064851760864 7783
1783602963144 0.32443585991859436 7784
1783602963258 0.429008811712265 7785
1783602963385 0.18438483774662018 7786
1783602963503 0.1867283135652542 7787
1783602963643 0.2931058704853058 7788
1783602963772 0.307471364736557 7789
1783602963968 0.1115468293428421 7790
1783602964107 0.2831929326057434 7791
1783602964265 0.8108507394790649 7792
1783602964391 0.32484170794487 7793
1783602964548 0.14020882546901703 7794
1783602964687 0.3935856521129608 7795
1783602964799 0.37145572900772095 7796
1783602964956 0.10084422677755356 7797
1783602965091 0.24137353897094727 7798
1783602965227 0.2016630470752716 7799
1783602965371 0.13790850341320038 7800
1783602965506 0.31852057576179504 7801
1783602965651 0.18192251026630402 7802
1783602965783 0.16990995407104492 7803
1783602965921 0.18256813287734985 7804
1783602966051 0.2510579824447632 7805
1783602966167 0.26078957319259644 7806
1783602966310 0.2092747539281845 7807
1783602966454 0.19790750741958618 7808
1783602966589 0.4385356307029724 7809
1783602966751 0.35590335726737976 7810
1783602966878 0.22029440104961395 7811
1783602967038 0.12697933614253998 7812
1783602967187 0.3818591833114624 7813
1783602967330 0.37737753987312317 7814
1783602967456 0.16358818113803864 7815
1783602967577 0.42369261384010315 7816
1783602967708 0.37312638759613037 7817
1783602967829 0.26178497076034546 7818
1783602967979 0.1371740847826004 7819
1783602968144 0.16956891119480133 7820
1783602968275 0.17418333888053894 7821
1783602968384 0.7036520838737488 7822
1783602968491 0.48117145895957947 7823
1783602968601 0.3683876395225525 7824
1783602968721 0.09823640435934067 7825
1783602968844 0.24103547632694244 7826
1783602968959 0.3968617022037506 7827
1783602969097 0.24779894948005676 7828
1783602969233 0.3448784351348877 7829
1783602969374 0.06891673058271408 7830
1783602969508 0.3427673578262329 7831
1783602969634 0.7287907004356384 7832
1783602969765 0.3318665027618408 7833
1783602969878 0.5687295198440552 7834
1783602970021 0.181105837225914 7835
1783602970166 0.46344998478889465 7836
1783602970304 0.1736602634191513 7837
1783602970518 0.17847566306591034 7838
1783602970658 0.25667935609817505 7839
1783602970793 0.3433455526828766 7840
1783602970950 0.17241613566875458 7841
1783602971134 0.13025715947151184 7842
1783602971346 0.35754016041755676 7843
1783602971643 0.1563822627067566 7844
1783602971839 0.156715527176857 7845
1783602972108 0.13380548357963562 7846
1783602972369 0.12424170225858688 7847
1783602972507 0.2580159306526184 7848
1783602972672 0.27581775188446045 7849
1783602972786 0.23171640932559967 7850
1783602972908 1.0379241704940796 7851
1783602973042 0.4216824769973755 7852
1783602973161 0.3083164393901825 7853
1783602973297 0.15424945950508118 7854
1783602973424 0.41121959686279297 7855
1783602973613 0.14997239410877228 7856
1783602973821 0.16684786975383759 7857
1783602973966 0.23524746298789978 7858
1783602974122 0.6653755903244019 7859
1783602974261 0.16881853342056274 7860
1783602974402 0.7111086249351501 7861
1783602974562 0.06808257102966309 7862
1783602974693 0.08410102128982544 7863
1783602974818 0.2704642713069916 7864
1783602974950 0.08055073767900467 7865
1783602975076 0.2902718782424927 7866
1783602975203 0.237474262714386 7867
1783602975320 0.6261438727378845 7868
1783602975500 0.5292806029319763 7869
1783602975665 0.4008297324180603 7870
1783602975814 0.11960314214229584 7871
1783602975939 0.2646007239818573 7872
1783602976071 0.3333069682121277 7873
1783602976193 0.31917551159858704 7874
1783602976306 0.3332670331001282 7875
1783602976418 0.4300008714199066 7876
1783602976542 0.11463893949985504 7877
1783602976676 0.11574338376522064 7878
1783602976804 0.1999344676733017 7879
1783602976945 0.06506024301052094 7880
1783602977102 0.16844718158245087 7881
1783602977242 0.39899933338165283 7882
1783602977419 0.24998237192630768 7883
1783602977603 0.05458248034119606 7884
1783602977797 0.1355859637260437 7885
1783602977947 0.21078117191791534 7886
1783602978069 0.10684940963983536 7887
1783602978197 0.11574791371822357 7888
1783602978380 0.35466259717941284 7889
1783602978553 0.4171869456768036 7890
1783602978690 0.17340822517871857 7891
1783602978813 0.2216588854789734 7892
1783602978960 0.4351469576358795 7893
1783602979119 0.4936490058898926 7894
1783602979273 0.35290607810020447 7895
1783602979523 0.4009052813053131 7896
1783602979665 0.1883060187101364 7897
1783602979793 0.23482130467891693 7898
1783602979936 0.3447827398777008 7899
1783602980064 0.2217429280281067 7900
1783602980194 0.10797446221113205 7901
1783602980324 0.1575412154197693 7902
1783602980442 0.03468438237905502 7903
1783602980567 0.06819871068000793 7904
1783602980710 0.25318679213523865 7905
1783602980838 0.17350775003433228 7906
1783602980977 0.37549272179603577 7907
1783602981108 0.2756023705005646 7908
1783602981233 0.5468094348907471 7909
1783602981356 0.4402231276035309 7910
1783602981470 0.3194933831691742 7911
1783602981594 0.2028222680091858 7912
1783602981723 0.25098687410354614 7913
1783602981856 0.29823020100593567 7914
1783602981993 0.6006957292556763 7915
1783602982167 0.11787578463554382 7916
1783602982285 0.18834643065929413 7917
1783602982399 0.262565553188324 7918
1783602982539 0.9786629676818848 7919
1783602982669 0.2515186369419098 7920
1783602982783 0.4326113164424896 7921
1783602982895 0.3350556790828705 7922
1783602983003 0.09642556309700012 7923
1783602983126 0.14335189759731293 7924
1783602983251 0.3337356448173523 7925
1783602983392 0.1965876668691635 7926
1783602983505 0.11968766152858734 7927
1783602983632 0.24755749106407166 7928
1783602983789 0.2346348911523819 7929
1783602983921 0.26671504974365234 7930
1783602984060 0.12200866639614105 7931
1783602984190 0.17246830463409424 7932
1783602984340 0.7867565155029297 7933
1783602984452 0.10316836088895798 7934
1783602984569 0.6082718372344971 7935
1783602984693 0.601078987121582 7936
1783602984837 0.2476900964975357 7937
1783602984953 0.7145262360572815 7938
1783602985075 0.34220200777053833 7939
1783602985224 0.3571201264858246 7940
1783602985355 0.3134186863899231 7941
1783602985504 0.21091331541538239 7942
1783602985644 0.23877088725566864 7943
1783602985775 0.33197155594825745 7944
1783602985936 0.3435664474964142 7945
1783602986090 0.1111954003572464 7946
1783602986206 0.11929576843976974 7947
1783602986334 0.4535473883152008 7948
1783602986455 0.12841856479644775 7949
1783602986576 0.5913510918617249 7950
1783602986701 0.2634715735912323 7951
1783602986840 0.41272762417793274 7952
1783602986969 0.26555943489074707 7953
1783602987108 0.11100466549396515 7954
1783602987254 0.11675526946783066 7955
1783602987385 0.40668728947639465 7956
1783602987529 0.2186092585325241 7957
1783602987690 0.41455039381980896 7958
1783602987846 0.17502249777317047 7959
1783602987992 0.12335481494665146 7960
1783602988130 0.5968097448348999 7961
1783602988257 0.2831164002418518 7962
1783602988384 0.18021675944328308 7963
1783602988536 0.4288865923881531 7964
1783602988720 0.19468307495117188 7965
1783602988847 0.5306755900382996 7966
1783602988976 0.2838841378688812 7967
1783602989104 0.21688437461853027 7968
1783602989218 0.4624592363834381 7969
1783602989349 0.22507347166538239 7970
1783602989513 0.1648021787405014 7971
1783602989640 0.33785146474838257 7972
1783602989771 0.43202894926071167 7973
1783602989886 0.14652030169963837 7974
1783602990025 0.19292287528514862 7975
1783602990154 0.33541086316108704 7976
1783602990271 0.13614459335803986 7977
1783602990397 0.24939413368701935 7978
1783602990520 0.1456548124551773 7979
1783602990648 0.14187198877334595 7980
1783602990789 0.13913796842098236 7981
1783602990928 0.11240364611148834 7982
1783602991048 0.4090864658355713 7983
1783602991195 0.16588981449604034 7984
1783602991333 0.17319931089878082 7985
1783602991468 0.6868041157722473 7986
1783602991601 0.2990820109844208 7987
1783602991739 0.1229509487748146 7988
1783602991865 0.30360400676727295 7989
1783602992011 0.4732002913951874 7990
1783602992135 0.14410045742988586 7991
1783602992243 0.31449517607688904 7992
1783602992385 0.3020694851875305 7993
1783602992528 0.7785101532936096 7994
1783602992652 0.42778217792510986 7995
1783602992795 0.19555453956127167 7996
1783602992923 0.18693998456001282 7997
1783602993054 0.1751762181520462 7998
1783602993192 0.3307209610939026 7999
1783602993315 0.5738725662231445 8000
1783602993432 0.10153137892484665 8001
1783602993560 0.25628796219825745 8002
1783602993681 0.4633801281452179 8003
1783602993817 0.10270121693611145 8004
1783602993952 0.1798841655254364 8005
1783602994071 0.12172278016805649 8006
1783602994219 0.15765480697155 8007
1783602994361 0.47809305787086487 8008
1783602994530 0.41502076387405396 8009
1783602994660 0.550078809261322 8010
1783602994772 0.40766972303390503 8011
1783602994892 0.42152369022369385 8012
1783602995153 0.09883007407188416 8013
1783602995285 0.2074667364358902 8014
1783602995465 0.47769632935523987 8015
1783602995717 0.16895273327827454 8016
1783602995913 0.3808046281337738 8017
1783602996042 0.268300861120224 8018
1783602996287 0.38274478912353516 8019
1783602996468 0.3371928930282593 8020
1783602996606 0.2561299204826355 8021
1783602996733 0.16900646686553955 8022
1783602996923 0.17463023960590363 8023
1783602997157 0.21442918479442596 8024
1783602997374 0.5679273009300232 8025
1783602997564 0.25894227623939514 8026
1783602997801 0.34000635147094727 8027
1783602998011 0.6875437498092651 8028
1783602998216 0.20744973421096802 8029
1783602998385 0.7911868691444397 8030
1783602998507 0.47859618067741394 8031
1783602998649 0.1498798429965973 8032
1783602998786 0.1044280156493187 8033
1783602998928 0.30434650182724 8034
1783602999102 0.5774319171905518 8035
1783602999260 0.07186494022607803 8036
1783602999408 0.1436503678560257 8037
1783602999543 0.3194923400878906 8038
1783602999684 0.24896350502967834 8039
1783602999816 0.5342050194740295 8040
1783602999979 0.34143146872520447 8041
1783603000123 0.30079206824302673 8042
1783603000287 0.21726074814796448 8043
1783603000429 0.1641601324081421 8044
1783603000597 0.32961219549179077 8045
1783603000759 0.15059742331504822 8046
1783603000922 0.2752396762371063 8047
1783603001068 0.17508189380168915 8048
1783603001220 0.074287548661232 8049
1783603001363 0.18009936809539795 8050
1783603001520 0.4087163507938385 8051
1783603001718 0.5446568131446838 8052
1783603001894 0.4487086832523346 8053
1783603002029 0.19558629393577576 8054
1783603002168 0.06759895384311676 8055
1783603002293 0.2697542905807495 8056
1783603002419 0.41931310296058655 8057
1783603002578 0.27726009488105774 8058
1783603002695 0.28032320737838745 8059
1783603002857 0.15028421580791473 8060
1783603003044 0.23227182030677795 8061
1783603003173 0.2780364751815796 8062
1783603003303 0.26357370615005493 8063
1783603003421 0.6539322733879089 8064
1783603003574 0.43197304010391235 8065
1783603003698 0.41274288296699524 8066
1783603003835 0.25080597400665283 8067
1783603003969 0.17623426020145416 8068
1783603004118 0.17113308608531952 8069
1783603004263 0.569750964641571 8070
1783603004393 0.7016829252243042 8071
1783603004522 0.4423810541629791 8072
1783603004638 0.2493198961019516 8073
1783603004757 0.15916022658348083 8074
1783603004879 0.39208316802978516 8075
1783603005041 0.1123829185962677 8076
1783603005164 0.403503954410553 8077
1783603005298 0.4018256962299347 8078
1783603005432 0.37647461891174316 8079
1783603005587 0.16649024188518524 8080
1783603005758 0.3247224688529968 8081
1783603005878 0.3632080554962158 8082
1783603005994 0.33147093653678894 8083
1783603006139 0.14028051495552063 8084
1783603006254 0.282416969537735 8085
1783603006371 0.38764622807502747 8086
1783603006504 0.26838958263397217 8087
1783603006663 0.10071386396884918 8088
1783603006808 0.15943625569343567 8089
1783603006984 0.2091273069381714 8090
1783603007130 0.3110402226448059 8091
1783603007274 0.3085620403289795 8092
1783603007516 0.22983697056770325 8093
1783603007754 0.47426238656044006 8094
1783603007977 0.20330382883548737 8095
1783603008321 0.2863695025444031 8096
1783603008523 0.17756247520446777 8097
1783603008717 0.2137630432844162 8098
1783603008926 0.3393060863018036 8099
1783603009091 0.49317672848701477 8100
1783603009270 0.13756459951400757 8101
1783603009581 0.3418528735637665 8102
1783603009762 0.5642378330230713 8103
1783603009891 0.07521016150712967 8104
1783603010029 0.48778587579727173 8105
1783603010161 0.22012458741664886 8106
1783603010284 0.2825297713279724 8107
1783603010418 0.4080038070678711 8108
1783603010625 0.32160359621047974 8109
1783603010812 0.24862532317638397 8110
1783603011112 0.28107258677482605 8111
1783603011261 0.3693843483924866 8112
1783603011390 0.6660563349723816 8113
1783603011514 0.2702977955341339 8114
1783603011636 0.18151016533374786 8115
1783603011759 0.09514356404542923 8116
1783603011885 0.3552015721797943 8117
1783603012068 0.19757556915283203 8118
1783603012260 0.1919821798801422 8119
1783603012437 0.3509891629219055 8120
1783603012601 0.21296848356723785 8121
1783603012724 0.21557721495628357 8122
1783603012871 0.2329098880290985 8123
1783603013075 0.4835647642612457 8124
1783603013275 0.3352409601211548 8125
1783603013442 0.9068564176559448 8126
1783603013600 0.1282009333372116 8127
1783603013813 0.11465326696634293 8128
1783603014007 0.414923757314682 8129
1783603014212 0.6133235096931458 8130
1783603014392 0.20416660606861115 8131
1783603014555 0.31164634227752686 8132
1783603014757 0.15322427451610565 8133
1783603015002 0.14419257640838623 8134
1783603015162 0.29160311818122864 8135
1783603015337 0.3546728789806366 8136
1783603015554 0.32425716519355774 8137
1783603015773 0.4005226194858551 8138
1783603015974 0.151441290974617 8139
1783603016158 0.15208376944065094 8140
1783603016327 0.3910827040672302 8141
1783603016485 0.34789520502090454 8142
1783603016690 0.38241487741470337 8143
1783603016839 0.36751407384872437 8144
1783603017028 0.42295974493026733 8145
1783603017186 0.15881749987602234 8146
1783603017298 0.36401209235191345 8147
1783603017418 0.139947772026062 8148
1783603017560 0.04548955336213112 8149
1783603017700 0.12327031046152115 8150
1783603017843 0.19223882257938385 8151
1783603017963 0.30142083764076233 8152
1783603018079 0.22022734582424164 8153
1783603018211 0.16555704176425934 8154
1783603018329 0.09047894179821014 8155
1783603018457 0.5371461510658264 8156
1783603018598 0.19137488305568695 8157
1783603018716 0.32520708441734314 8158
1783603018835 0.0562380887567997 8159
1783603019000 0.14868378639221191 8160
1783603019163 0.2381673902273178 8161
1783603019311 0.29820579290390015 8162
1783603019454 0.15522944927215576 8163
1783603019592 0.354689359664917 8164
1783603019755 0.15134792029857635 8165
1783603019925 0.21618887782096863 8166
1783603020082 0.18455393612384796 8167
1783603020240 0.18457110226154327 8168
1783603020413 0.14151890575885773 8169
1783603020597 0.3807414472103119 8170
1783603020737 0.234842911362648 8171
1783603020906 0.326570063829422 8172
1783603021048 0.36579400300979614 8173
1783603021181 0.13805656135082245 8174
1783603021315 0.0859445184469223 8175
1783603021469 0.3996697664260864 8176
1783603021641 0.32989710569381714 8177
1783603021807 0.3154282867908478 8178
1783603021928 0.5670808553695679 8179
1783603022066 0.1630316525697708 8180
1783603022216 0.09968531131744385 8181
1783603022373 0.18045715987682343 8182
1783603022548 0.2549152672290802 8183
1783603022703 0.33055615425109863 8184
1783603022877 0.4234985113143921 8185
1783603023028 0.27069395780563354 8186
1783603023195 0.5794308185577393 8187
1783603023340 0.14368802309036255 8188
1783603023468 0.3742213547229767 8189
1783603023617 0.22073087096214294 8190
1783603023735 0.13367946445941925 8191
1783603023856 0.07469592988491058 8192
1783603024014 0.17348051071166992 8193
1783603024170 0.4027426540851593 8194
1783603024313 0.30602630972862244 8195
1783603024496 0.15256518125534058 8196
1783603024664 0.41385799646377563 8197
1783603024791 0.154536172747612 8198
1783603024931 0.4711983799934387 8199
1783603025078 0.07132551819086075 8200
1783603025221 0.2243678867816925 8201
1783603025367 0.2917271554470062 8202
1783603025550 0.1829860806465149 8203
1783603025741 0.5650269985198975 8204
1783603025897 0.3865683674812317 8205
1783603026045 0.12668998539447784 8206
1783603026165 0.2783298194408417 8207
1783603026281 0.1627722680568695 8208
1783603026421 0.24553968012332916 8209
1783603026569 0.7301877737045288 8210
1783603026706 0.41370880603790283 8211
1783603026836 0.29560214281082153 8212
1783603026978 0.4357544481754303 8213
1783603027111 0.1704389899969101 8214
1783603027240 0.7045553922653198 8215
1783603027371 0.29180389642715454 8216
1783603027501 0.06450741738080978 8217
1783603027631 0.5045827627182007 8218
1783603027771 0.23004761338233948 8219
1783603027909 0.30032142996788025 8220
1783603028069 0.45900335907936096 8221
1783603028226 0.18688072264194489 8222
1783603028370 0.1152321994304657 8223
1783603028516 0.07227928936481476 8224
1783603028659 0.21191135048866272 8225
1783603028802 0.3100923001766205 8226
1783603028938 0.21514035761356354 8227
1783603029074 0.21374890208244324 8228
1783603029196 0.41384652256965637 8229
1783603029346 0.5319863557815552 8230
1783603029498 0.14506842195987701 8231
1783603029633 0.10083107650279999 8232
1783603029761 0.18192315101623535 8233
1783603029893 0.6681801676750183 8234
1783603030029 0.13034231960773468 8235
1783603030150 0.23098880052566528 8236
1783603030276 0.30075302720069885 8237
1783603030393 0.5520803928375244 8238
1783603030531 0.23178331553936005 8239
1783603030656 0.5637009739875793 8240
1783603030798 0.26217934489250183 8241
1783603030925 0.3097662627696991 8242
1783603031065 0.3086845874786377 8243
1783603031204 0.3290962874889374 8244
1783603031342 0.1024809330701828 8245
1783603031460 0.1202608197927475 8246
1783603031590 0.24653925001621246 8247
1783603031716 0.18049128353595734 8248
1783603031851 0.3724607825279236 8249
1783603031991 0.1376037448644638 8250
1783603032111 0.3388737440109253 8251
1783603032225 0.39496442675590515 8252
1783603032365 0.10208063572645187 8253
1783603032518 0.3977225124835968 8254
1783603032656 0.5028993487358093 8255
1783603032775 0.08917153626680374 8256
1783603032901 0.2379199117422104 8257
1783603033048 0.43311724066734314 8258
1783603033176 0.36187586188316345 8259
1783603033311 0.19772085547447205 8260
1783603033437 0.23333024978637695 8261
1783603033568 0.13568389415740967 8262
1783603033685 0.10610758513212204 8263
1783603033828 0.546136200428009 8264
1783603033949 0.3836979568004608 8265
1783603034105 0.11544613540172577 8266
1783603034267 0.30707788467407227 8267
1783603034385 0.18797077238559723 8268
1783603034520 0.2698090672492981 8269
1783603034635 0.28138652443885803 8270
1783603034770 0.7497304677963257 8271
1783603034901 0.6291776895523071 8272
1783603035027 0.3347845673561096 8273
1783603035175 0.27387043833732605 8274
1783603035298 0.2871650755405426 8275
1783603035425 0.056554727256298065 8276
1783603035573 0.4142676293849945 8277
1783603035734 0.12707319855690002 8278
1783603035883 0.08627017587423325 8279
1783603036010 0.42759186029434204 8280
1783603036152 0.339910089969635 8281
1783603036293 0.44248220324516296 8282
1783603036434 0.2007978856563568 8283
1783603036576 0.19095700979232788 8284
1783603036701 0.08818357437849045 8285
1783603036852 0.1652699112892151 8286
1783603036993 0.3116689622402191 8287
1783603037137 0.21972166001796722 8288
1783603037272 0.3745691180229187 8289
1783603037403 0.21325314044952393 8290
1783603037534 0.1473778635263443 8291
1783603037666 0.744989812374115 8292
1783603037807 0.3810270428657532 8293
1783603037951 0.2835662066936493 8294
1783603038086 0.30787238478660583 8295
1783603038203 0.08749477565288544 8296
1783603038381 0.2920849621295929 8297
1783603038546 0.23989878594875336 8298
1783603038693 0.3283781409263611 8299
1783603038837 0.2550528049468994 8300
1783603038978 0.263227641582489 8301
1783603039136 0.4342375099658966 8302
1783603039275 0.08518432080745697 8303
1783603039418 0.4757135808467865 8304
1783603039588 0.4485216736793518 8305
1783603039732 0.5473003387451172 8306
1783603039864 0.19523541629314423 8307
1783603039984 0.23343193531036377 8308
1783603040124 0.14068906009197235 8309
1783603040254 0.16089864075183868 8310
1783603040382 0.2720390558242798 8311
1783603040504 0.358656108379364 8312
1783603040660 0.4039691090583801 8313
1783603040794 0.06470010429620743 8314
1783603040932 0.31370824575424194 8315
1783603041083 0.5796444416046143 8316
1783603041236 0.08482702821493149 8317
1783603041369 0.15945525467395782 8318
1783603041519 0.18192525207996368 8319
1783603041715 0.2832522392272949 8320
1783603041840 0.24954219162464142 8321
1783603041954 0.3686440885066986 8322
1783603042082 0.234360933303833 8323
1783603042206 0.3849915862083435 8324
1783603042328 0.6278775334358215 8325
1783603042479 0.22339403629302979 8326
1783603042651 0.12662014365196228 8327
1783603042792 0.60796058177948 8328
1783603042945 0.12811307609081268 8329
1783603043087 0.8598719239234924 8330
1783603043266 0.4025329649448395 8331
1783603043414 0.17649492621421814 8332
1783603043591 0.3011421859264374 8333
1783603043722 0.45675334334373474 8334
1783603043928 0.3828803300857544 8335
1783603044074 0.18824324011802673 8336
1783603044242 0.23052971065044403 8337
1783603044406 0.20230695605278015 8338
1783603044563 0.1378875970840454 8339
1783603044684 0.11886700987815857 8340
1783603044811 0.22359611093997955 8341
1783603044927 0.416341096162796 8342
1783603045097 0.2799552083015442 8343
1783603045267 0.5094192028045654 8344
1783603045411 0.08183187246322632 8345
1783603045549 0.2877274751663208 8346
1783603045722 0.16322892904281616 8347
1783603045867 0.20867717266082764 8348
1783603045990 0.32393401861190796 8349
1783603046118 0.0909724235534668 8350
1783603046282 0.15672427415847778 8351
1783603046433 0.08633448928594589 8352
1783603046673 0.27374380826950073 8353
1783603046921 0.37833863496780396 8354
1783603047077 0.3462483584880829 8355
1783603047244 0.35146403312683105 8356
1783603047418 0.15368543565273285 8357
1783603047600 0.42608755826950073 8358
1783603047846 0.2517518401145935 8359
1783603047993 0.15808165073394775 8360
1783603048161 0.15941287577152252 8361
1783603048316 0.5663375854492188 8362
1783603048523 0.1524021476507187 8363
1783603048716 0.3314707577228546 8364
1783603048976 0.4000505208969116 8365
1783603049148 0.2906525135040283 8366
1783603049289 0.33995291590690613 8367
1783603049496 0.2442561537027359 8368
1783603049682 0.2763071358203888 8369
1783603049863 0.6158496737480164 8370
1783603050027 0.21172502636909485 8371
1783603050186 0.17391537129878998 8372
1783603050438 0.034781623631715775 8373
1783603050574 0.35103681683540344 8374
1783603050714 0.40420955419540405 8375
1783603050868 0.17702841758728027 8376
1783603051016 0.19160796701908112 8377
1783603051135 0.13820959627628326 8378
1783603051247 0.1398652046918869 8379
1783603051367 0.21474047005176544 8380
1783603051483 0.14404721558094025 8381
1783603051636 0.46065881848335266 8382
1783603051771 0.20893807709217072 8383
1783603051911 0.3137826919555664 8384
1783603052063 0.2692376673221588 8385
1783603052215 0.16908368468284607 8386
1783603052369 0.4998503625392914 8387
1783603052506 0.0806151032447815 8388
1783603052636 0.593525767326355 8389
1783603052807 0.39791616797447205 8390
1783603052950 0.0812339261174202 8391
1783603053128 0.19565778970718384 8392
1783603053259 0.30171358585357666 8393
1783603053409 0.11373782902956009 8394
1783603053553 0.24713203310966492 8395
1783603053669 0.178719162940979 8396
1783603053818 0.09405893832445145 8397
1783603053950 0.034535832703113556 8398
1783603054087 0.4677065312862396 8399
1783603054229 0.7789092063903809 8400
1783603054381 0.21941500902175903 8401
1783603054500 0.27251100540161133 8402
1783603054624 0.1959693729877472 8403
1783603054737 0.21500389277935028 8404
1783603054857 0.2119160294532776 8405
1783603054981 0.43015024065971375 8406
1783603055155 0.4727177321910858 8407
1783603055305 0.4717538058757782 8408
1783603055456 0.16384558379650116 8409
1783603055720 0.18068157136440277 8410
1783603055875 0.09727208316326141 8411
1783603056015 0.28441691398620605 8412
1783603056143 0.3210667371749878 8413
1783603056283 0.23775796592235565 8414
1783603056427 0.22908367216587067 8415
1783603056567 0.5117822885513306 8416
1783603056701 0.6658819317817688 8417
1783603056872 0.43648627400398254 8418
1783603057021 0.9157743453979492 8419
1783603057142 0.3062211871147156 8420
1783603057277 0.1888578087091446 8421
1783603057410 0.1470848172903061 8422
1783603057536 0.19551776349544525 8423
1783603057652 0.2857889235019684 8424
1783603057777 0.16991259157657623 8425
1783603057917 0.25378406047821045 8426
1783603058056 0.4319664537906647 8427
1783603058200 0.04996485263109207 8428
1783603058339 0.19411669671535492 8429
1783603058462 0.16429181396961212 8430
1783603058575 0.2627806067466736 8431
1783603058705 0.18836358189582825 8432
1783603058826 0.4562493860721588 8433
1783603058955 0.14168959856033325 8434
1783603059103 0.4793523848056793 8435
1783603059234 0.3349120318889618 8436
1783603059387 0.2637579143047333 8437
1783603059545 0.23109067976474762 8438
1783603059687 0.20928820967674255 8439
1783603059815 0.08612996339797974 8440
1783603059932 0.4718523919582367 8441
1783603060038 0.20007647573947906 8442
1783603060148 0.17269863188266754 8443
1783603060262 0.13887950778007507 8444
1783603060369 0.17168742418289185 8445
1783603060489 0.4167977571487427 8446
1783603060606 0.33087486028671265 8447
1783603060728 0.2641845941543579 8448
1783603060864 0.3020090162754059 8449
1783603061010 0.3568914532661438 8450
1783603061120 0.2040940523147583 8451
1783603061243 0.20098771154880524 8452
1783603061359 0.29250267148017883 8453
1783603061481 0.24542173743247986 8454
1783603061603 0.44995468854904175 8455
1783603061730 0.22603802382946014 8456
1783603061877 0.5017970204353333 8457
1783603062018 0.33512991666793823 8458
1783603062148 0.4063955843448639 8459
1783603062276 0.3551410734653473 8460
1783603062416 0.5543068051338196 8461
1783603062532 0.444271445274353 8462
1783603062665 0.3529589772224426 8463
1783603062808 0.2548154890537262 8464
1783603062936 0.08127933740615845 8465
1783603063060 0.3393458425998688 8466
1783603063210 0.08662557601928711 8467
1783603063363 0.5965659022331238 8468
1783603063486 0.25764966011047363 8469
1783603063595 0.42116400599479675 8470
1783603063733 0.1361992210149765 8471
1783603063847 0.38621965050697327 8472
1783603063978 0.5010630488395691 8473
1783603064111 0.12290342152118683 8474
1783603064224 0.30511802434921265 8475
1783603064373 0.5030469298362732 8476
1783603064500 0.23363645374774933 8477
1783603064670 0.6101879477500916 8478
1783603064805 0.07230289280414581 8479
1783603064965 0.20267239212989807 8480
1783603065104 0.36645057797431946 8481
1783603065224 0.17567092180252075 8482
1783603065355 0.2501174509525299 8483
1783603065517 0.11415877193212509 8484
1783603065642 0.4508049786090851 8485
1783603065781 0.3038378357887268 8486
1783603065931 0.28362345695495605 8487
1783603066038 0.22116601467132568 8488
1783603066150 0.09191171079874039 8489
1783603066288 0.22837166488170624 8490
1783603066397 0.3630102276802063 8491
1783603066512 0.4054792821407318 8492
1783603066653 0.3065793514251709 8493
1783603066801 0.4017505943775177 8494
1783603066927 0.23758649826049805 8495
1783603067086 0.185034841299057 8496
1783603067279 0.5140050649642944 8497
1783603067385 0.1876167356967926 8498
1783603067481 0.30176493525505066 8499
1783603067579 0.23218077421188354 8500
1783603067711 0.1675594598054886 8501
1783603067975 0.34230154752731323 8502
1783603068198 0.37717464566230774 8503
1783603068355 0.8904950618743896 8504
1783603068645 0.29753467440605164 8505
1783603068849 0.8639722466468811 8506
1783603068985 0.2923150658607483 8507
1783603069134 0.514650285243988 8508
1783603069277 0.15112832188606262 8509
1783603069423 0.4673965573310852 8510
1783603069579 0.3234036862850189 8511
1783603069715 0.41962218284606934 8512
1783603069866 0.37092530727386475 8513
1783603070073 0.5309450030326843 8514
1783603070212 0.2748240828514099 8515
1783603070343 0.8439505100250244 8516
1783603070515 0.27292561531066895 8517
1783603070689 0.2788800597190857 8518
1783603070914 0.36368313431739807 8519
1783603071048 0.08554167300462723 8520
1783603071186 0.34486594796180725 8521
1783603071322 0.18103091418743134 8522
1783603071445 0.4945850968360901 8523
1783603071567 0.12426634132862091 8524
1783603071707 0.30778035521507263 8525
1783603071829 0.5447868704795837 8526
1783603072032 0.49268877506256104 8527
1783603072174 0.19177566468715668 8528
1783603072295 0.4605804979801178 8529
1783603072437 0.11269871890544891 8530
1783603072681 0.2442726194858551 8531
1783603072866 0.4724913537502289 8532
1783603073030 0.20324192941188812 8533
1783603073172 0.4897657632827759 8534
1783603073317 0.5312671661376953 8535
1783603073475 0.5626028776168823 8536
1783603073598 0.3790408670902252 8537
1783603073717 0.30261701345443726 8538
1783603073887 0.11872389912605286 8539
1783603074089 0.33889544010162354 8540
1783603074243 0.13780264556407928 8541
1783603074378 0.4209102690219879 8542
1783603074525 0.48098161816596985 8543
1783603074709 0.08430761843919754 8544
1783603074864 0.27202215790748596 8545
1783603075025 0.5659732818603516 8546
1783603075203 0.22370962798595428 8547
1783603075443 0.23925039172172546 8548
1783603075622 0.17682631313800812 8549
1783603075845 0.3771543502807617 8550
1783603076056 0.7123177647590637 8551
1783603076256 0.4457755386829376 8552
1783603076441 0.3394777476787567 8553
1783603076622 0.4343425929546356 8554
1783603076756 0.3350391983985901 8555
1783603076878 0.21527591347694397 8556
1783603077060 0.582845151424408 8557
1783603077232 0.13415409624576569 8558
1783603077396 0.3830554187297821 8559
1783603077518 0.2920040488243103 8560
1783603077644 0.28917554020881653 8561
1783603077884 0.2558250427246094 8562
1783603078063 0.14828665554523468 8563
1783603078224 0.09975377470254898 8564
1783603078393 0.17175161838531494 8565
1783603078531 0.4250935912132263 8566
1783603078670 0.2732091546058655 8567
1783603078821 0.2764061987400055 8568
1783603079001 0.2165519893169403 8569
1783603079258 0.2419413924217224 8570
1783603079393 0.23929961025714874 8571
1783603079525 0.4434531331062317 8572
1783603079654 0.3000025451183319 8573
1783603079816 0.29820629954338074 8574
1783603079948 0.16352520883083344 8575
1783603080083 0.32792776823043823 8576
1783603080192 0.21099252998828888 8577
1783603080340 0.22681933641433716 8578
1783603080498 0.11921608448028564 8579
1783603080639 0.14870043098926544 8580
1783603080780 0.22087116539478302 8581
1783603080909 0.47523918747901917 8582
1783603081042 0.8557224869728088 8583
1783603081198 0.1692872941493988 8584
1783603081322 0.3027788996696472 8585
1783603081457 0.21386881172657013 8586
1783603081607 0.4688972234725952 8587
1783603081753 0.12128147482872009 8588
1783603081973 0.19601541757583618 8589
1783603082127 0.17106740176677704 8590
1783603082263 0.5186665654182434 8591
1783603082389 0.6286713480949402 8592
1783603082514 0.07900922745466232 8593
1783603082676 0.15591605007648468 8594
1783603082825 0.2648720145225525 8595
1783603082956 0.3522859513759613 8596
1783603083080 0.3257472813129425 8597
1783603083233 0.7292554974555969 8598
1783603083365 0.3155159652233124 8599
1783603083483 0.4263390004634857 8600
1783603083619 0.2017696350812912 8601
1783603083729 0.18983721733093262 8602
1783603083855 0.10518202185630798 8603
1783603083982 0.30614298582077026 8604
1783603084110 0.27676981687545776 8605
1783603084239 0.5471163392066956 8606
1783603084368 0.33482131361961365 8607
1783603084495 0.09058378636837006 8608
1783603084622 0.3584197461605072 8609
1783603084751 0.14810597896575928 8610
1783603084885 0.3875379264354706 8611
1783603085023 0.2657357156276703 8612
1783603085154 0.37666934728622437 8613
1783603085273 0.42329782247543335 8614
1783603085383 0.2067982703447342 8615
1783603085500 0.3175244629383087 8616
1783603085640 0.22026127576828003 8617
1783603085769 0.34321582317352295 8618
1783603085888 0.25093647837638855 8619
1783603085996 0.7347074151039124 8620
1783603086116 0.13097251951694489 8621
1783603086226 0.1064351499080658 8622
1783603086344 0.10417713224887848 8623
1783603086478 0.3821761906147003 8624
1783603086599 0.27143481373786926 8625
1783603086741 0.22752328217029572 8626
1783603086914 0.3196367621421814 8627
1783603087077 0.6576178669929504 8628
1783603087206 0.10022810846567154 8629
1783603087319 0.1476736217737198 8630
1783603087517 0.08927346020936966 8631
1783603087624 0.1567952036857605 8632
1783603087725 0.18504051864147186 8633
1783603087835 0.1808493435382843 8634
1783603087940 0.2709512412548065 8635
1783603088051 0.05206338316202164 8636
1783603088155 0.23675814270973206 8637
1783603088282 0.3855760395526886 8638
1783603088401 0.5831407904624939 8639
1783603088520 0.11554668098688126 8640
1783603088634 0.8482053279876709 8641
1783603088747 0.10474398732185364 8642
1783603088863 0.1649126410484314 8643
1783603088977 0.4186698794364929 8644
1783603089115 0.295119047164917 8645
1783603089222 0.3759160339832306 8646
1783603089351 0.08631634712219238 8647
1783603089492 0.20101770758628845 8648
1783603089667 0.13993282616138458 8649
1783603089824 0.14471378922462463 8650
1783603089931 0.20239447057247162 8651
1783603090029 0.26009780168533325 8652
1783603090154 0.1766948699951172 8653
1783603090259 0.07617323100566864 8654
1783603090365 0.18570750951766968 8655
1783603090482 0.5230148434638977 8656
1783603090585 0.2059819996356964 8657
1783603090725 0.2773161232471466 8658
1783603090843 0.15054647624492645 8659
1783603090977 0.6563025712966919 8660
1783603091090 0.298649400472641 8661
1783603091210 0.09293682128190994 8662
1783603091336 0.31078505516052246 8663
1783603091472 0.5179134607315063 8664
1783603091609 0.36395782232284546 8665
1783603091727 0.6488929986953735 8666
1783603091845 0.2588731348514557 8667
1783603091978 0.5302614569664001 8668
1783603092121 0.2980702519416809 8669
1783603092246 0.14655664563179016 8670
1783603092378 0.522286057472229 8671
1783603092499 0.09323801845312119 8672
1783603092608 0.18682613968849182 8673
1783603092761 0.20500828325748444 8674
1783603092906 0.19262993335723877 8675
1783603093074 0.1697389930486679 8676
1783603093183 0.2083159238100052 8677
1783603093318 0.22534437477588654 8678
1783603093463 0.5392077565193176 8679
1783603093585 0.25631633400917053 8680
1783603093706 0.17087458074092865 8681
1783603093856 0.2796412408351898 8682
1783603093991 0.1395341008901596 8683
1783603094133 0.4661587178707123 8684
1783603094271 0.2791888415813446 8685
1783603094413 0.2494025081396103 8686
1783603094564 0.4994134306907654 8687
1783603094705 0.4145943224430084 8688
1783603094808 0.382722944021225 8689
1783603094918 0.20581874251365662 8690
1783603095045 0.14205875992774963 8691
1783603095203 0.05880928412079811 8692
1783603095379 0.28160205483436584 8693
1783603095529 0.09110914170742035 8694
1783603095636 0.23309367895126343 8695
1783603095732 0.16621063649654388 8696
1783603095862 0.05258258804678917 8697
1783603096009 0.1227303221821785 8698
1783603096127 0.4340492784976959 8699
1783603096260 0.2835251986980438 8700
1783603096392 0.31057971715927124 8701
1783603096548 0.20211170613765717 8702
1783603096701 0.13663963973522186 8703
1783603096867 0.3599547743797302 8704
1783603097008 0.27300962805747986 8705
1783603097173 0.38912010192871094 8706
1783603097321 0.6628989577293396 8707
1783603097440 0.4370163381099701 8708
1783603097581 0.34554770588874817 8709
1783603097728 0.3417093753814697 8710
1783603097844 0.25573787093162537 8711
1783603097981 0.31794825196266174 8712
1783603098108 0.23735713958740234 8713
1783603098262 0.5874701738357544 8714
1783603098411 0.35434696078300476 8715
1783603098553 0.30533623695373535 8716
1783603098672 0.12187060713768005 8717
1783603098807 0.34224933385849 8718
1783603098948 0.41759246587753296 8719
1783603099105 0.555377185344696 8720
1783603099270 0.2855401933193207 8721
1783603099422 0.3654647469520569 8722
1783603099523 0.330192893743515 8723
1783603099679 0.35715606808662415 8724
1783603099940 0.09127197414636612 8725
1783603100058 0.4410710036754608 8726
1783603100211 0.34537774324417114 8727
1783603100386 0.7674432992935181 8728
1783603100518 0.289737343788147 8729
1783603100701 0.3148757517337799 8730
1783603100837 0.3373151421546936 8731
1783603100980 0.1923125684261322 8732
1783603101107 0.29990696907043457 8733
1783603101248 0.1930832862854004 8734
1783603101365 0.09396430850028992 8735
1783603101492 0.2579405903816223 8736
1783603101605 0.1765473634004593 8737
1783603101752 0.14967003464698792 8738
1783603101901 0.0998990535736084 8739
1783603102055 0.3377927839756012 8740
1783603102167 0.1333610713481903 8741
1783603102277 0.09653449058532715 8742
1783603102412 0.18194912374019623 8743
1783603102529 0.3194129467010498 8744
1783603102645 0.3476385772228241 8745
1783603102766 0.1640334129333496 8746
1783603102922 0.4057998061180115 8747
1783603103046 0.39246073365211487 8748
1783603103158 0.24831818044185638 8749
1783603103265 0.4858740568161011 8750
1783603103359 0.3610987961292267 8751
1783603103476 0.29678475856781006 8752
1783603103626 0.1471497118473053 8753
1783603103777 0.5258118510246277 8754
1783603103892 0.47968000173568726 8755
1783603104076 0.2743947505950928 8756
1783603104199 0.1708308607339859 8757
1783603104359 0.2615581452846527 8758
1783603104483 0.6203228831291199 8759
1783603104599 0.25545480847358704 8760
1783603104770 0.16320312023162842 8761
1783603104933 0.517124354839325 8762
1783603105064 0.09838862717151642 8763
1783603105206 0.16684459149837494 8764
1783603105350 0.3353859782218933 8765
1783603105491 0.8819503784179688 8766
1783603105596 0.04784790426492691 8767
1783603105690 0.33406898379325867 8768
1783603105839 0.3307458162307739 8769
1783603106006 0.730183482170105 8770
1783603106130 0.7545812129974365 8771
1783603106270 0.1815211921930313 8772
1783603106397 0.3382090926170349 8773
1783603106535 0.3450544476509094 8774
1783603106687 0.2798858880996704 8775
1783603106817 0.40287506580352783 8776
1783603106981 0.24019098281860352 8777
1783603107097 0.1383168250322342 8778
1783603107246 0.2932962477207184 8779
1783603107393 0.43966540694236755 8780
1783603107545 0.35120701789855957 8781
1783603107672 0.6845275163650513 8782
1783603107800 0.3643060028553009 8783
1783603107956 0.12910383939743042 8784
1783603108142 0.22265996038913727 8785
1783603108286 0.20313338935375214 8786
1783603108453 0.24292436242103577 8787
1783603108619 0.3280814290046692 8788
1783603108746 0.08776228874921799 8789
1783603108849 0.18744482100009918 8790
1783603108953 0.097221739590168 8791
1783603109069 0.11731213331222534 8792
1783603109198 0.4135698974132538 8793
1783603109336 0.14319351315498352 8794
1783603109450 0.1728338748216629 8795
1783603109581 0.41209548711776733 8796
1783603109751 0.35419338941574097 8797
1783603109907 0.33917081356048584 8798
1783603110047 0.22273831069469452 8799
1783603110169 0.3216025233268738 8800
1783603110288 0.3391232490539551 8801
1783603110421 0.2604944705963135 8802
1783603110570 0.21749399602413177 8803
1783603110731 0.23522302508354187 8804
1783603110868 0.34240952134132385 8805
1783603111010 0.32741376757621765 8806
1783603111186 0.3432384133338928 8807
1783603111377 0.159292533993721 8808
1783603111511 0.3966129422187805 8809
1783603111643 0.5803735256195068 8810
1783603111768 0.253986656665802 8811
1783603111901 0.36554235219955444 8812
1783603112029 0.5337895154953003 8813
1783603112175 0.24453093111515045 8814
1783603112360 0.37063077092170715 8815
1783603112525 0.1379295438528061 8816
1783603112639 0.39509159326553345 8817
1783603112740 0.07912085205316544 8818
1783603112870 0.3414689600467682 8819
1783603113020 0.5087479948997498 8820
1783603113142 0.20070937275886536 8821
1783603113317 0.11754126101732254 8822
1783603113468 0.2507103979587555 8823
1783603113614 0.30321913957595825 8824
1783603113739 0.23075082898139954 8825
1783603113897 0.6834570169448853 8826
1783603114014 0.09204383939504623 8827
1783603114123 0.0641210526227951 8828
1783603114245 0.5604337453842163 8829
1783603114377 0.16303084790706635 8830
1783603114530 0.47879600524902344 8831
1783603114671 0.4775540828704834 8832
1783603114810 0.21158161759376526 8833
1783603114948 0.08382564038038254 8834
1783603115172 0.282701700925827 8835
1783603115305 0.14278832077980042 8836
1783603115439 0.13725422322750092 8837
1783603115555 0.3931400179862976 8838
1783603115665 0.2394236922264099 8839
1783603115779 0.26503437757492065 8840
1783603115926 0.09152921289205551 8841
1783603116088 0.28705260157585144 8842
1783603116241 0.1316138058900833 8843
1783603116365 0.28715547919273376 8844
1783603116506 0.6287434101104736 8845
1783603116666 0.2641432285308838 8846
1783603116858 0.22432424128055573 8847
1783603117036 0.4760994613170624 8848
1783603117179 0.2873183786869049 8849
1783603117341 0.12883269786834717 8850
1783603117486 0.21423497796058655 8851
1783603117648 0.4590798616409302 8852
1783603117767 0.08347397297620773 8853
1783603117886 0.2084556668996811 8854
1783603118005 0.7731603980064392 8855
1783603118147 0.07569596916437149 8856
1783603118334 0.06516226381063461 8857
1783603118491 0.21340100467205048 8858
1783603118625 0.6428214907646179 8859
1783603118748 0.27097082138061523 8860
1783603118928 0.17650488018989563 8861
1783603119038 0.3424702286720276 8862
1783603119167 0.2880425751209259 8863
1783603119305 0.28432992100715637 8864
1783603119448 0.289039671421051 8865
1783603119562 0.250995934009552 8866
1783603119675 0.10296666622161865 8867
1783603119846 0.22975105047225952 8868
1783603119966 0.41640710830688477 8869
1783603120254 0.41919180750846863 8870
1783603120380 0.18758700788021088 8871
1783603120499 0.46137532591819763 8872
1783603120638 0.1658622920513153 8873
1783603120755 0.12583611905574799 8874
1783603120883 0.17649389803409576 8875
1783603121033 0.48423677682876587 8876
1783603121149 0.13137610256671906 8877
1783603121249 0.11052370071411133 8878
1783603121424 0.23999403417110443 8879
1783603121548 0.18041525781154633 8880
1783603121663 0.08812372386455536 8881
1783603121775 0.46950259804725647 8882
1783603121947 0.20495973527431488 8883
1783603122123 0.6516181826591492 8884
1783603122268 0.33119118213653564 8885
1783603122426 0.18851447105407715 8886
1783603122573 0.1675836145877838 8887
1783603122671 0.3257245421409607 8888
1783603122773 0.6009818911552429 8889
1783603122871 0.08520005643367767 8890
1783603122968 0.37369659543037415 8891
1783603123058 0.3097796142101288 8892
1783603123187 0.3661043047904968 8893
1783603123331 0.1476621776819229 8894
1783603123482 0.2389342486858368 8895
1783603123636 0.2402583807706833 8896
1783603123785 0.06461579352617264 8897
1783603123934 0.2893233597278595 8898
1783603124049 0.17309391498565674 8899
1783603124143 0.8935322165489197 8900
1783603124253 0.08256097137928009 8901
1783603124359 1.0012013912200928 8902
1783603124529 0.2383633255958557 8903
1783603124701 0.3657402992248535 8904
1783603124861 0.369490385055542 8905
1783603125002 0.5965250134468079 8906
1783603125136 0.32387250661849976 8907
1783603125256 0.46847087144851685 8908
1783603125375 0.12041221559047699 8909
1783603125470 0.25203704833984375 8910
1783603125610 0.5084553360939026 8911
1783603125715 0.2717452943325043 8912
1783603125843 0.22782684862613678 8913
1783603126022 0.4255080819129944 8914
1783603126197 0.4461893141269684 8915
1783603126352 0.06743147224187851 8916
1783603126617 0.7571833729743958 8917
1783603126739 0.4825265407562256 8918
1783603126903 0.16458244621753693 8919
1783603127065 0.27609142661094666 8920
1783603127218 0.3077675700187683 8921
1783603127379 0.18247509002685547 8922
1783603127514 0.4538699984550476 8923
1783603127695 0.2600955665111542 8924
1783603127846 0.32868894934654236 8925
1783603127939 0.3880263864994049 8926
1783603128037 0.345552921295166 8927
1783603128185 0.21513883769512177 8928
1783603128290 0.2865777015686035 8929
1783603128389 0.20367154479026794 8930
1783603128503 0.36536088585853577 8931
1783603128633 0.06275150179862976 8932
1783603128771 0.1829584538936615 8933
1783603128869 0.2181587666273117 8934
1783603129005 0.14292217791080475 8935
1783603129109 0.2594836354255676 8936
1783603129215 0.3994738459587097 8937
1783603129327 0.17788928747177124 8938
1783603129476 0.3847513198852539 8939
1783603129586 0.14353857934474945 8940
1783603129709 0.09872040897607803 8941
1783603129839 0.7861459851264954 8942
1783603129948 0.24301929771900177 8943
1783603130086 0.11613354086875916 8944
1783603130230 0.3024410903453827 8945
1783603130376 0.11177051067352295 8946
1783603130504 0.29994842410087585 8947
1783603130649 0.38059669733047485 8948
1783603130804 0.5354679226875305 8949
1783603130959 0.4784376323223114 8950
1783603131108 0.16331075131893158 8951
1783603131288 0.19497860968112946 8952
1783603131454 0.6227809190750122 8953
1783603131722 0.20782943069934845 8954
1783603131872 0.2611334025859833 8955
1783603132015 0.34084174036979675 8956
1783603132154 0.3984505832195282 8957
1783603132306 0.6206415891647339 8958
1783603132464 0.7191430330276489 8959
1783603132611 0.14830555021762848 8960
1783603132771 0.4135746359825134 8961
1783603132919 0.2599852979183197 8962
1783603133036 0.38357314467430115 8963
1783603133140 0.29445967078208923 8964
1783603133256 0.306407630443573 8965
1783603133400 0.4390160143375397 8966
1783603133549 0.12656554579734802 8967
1783603133671 0.07382183521986008 8968
1783603133797 0.6276015639305115 8969
1783603133987 0.42977282404899597 8970
1783603134173 0.3964598476886749 8971
1783603134334 0.05810480937361717 8972
1783603134493 0.3203740417957306 8973
1783603134665 0.6319737434387207 8974
1783603134818 0.13685967028141022 8975
1783603135001 0.25534769892692566 8976
1783603135173 0.48411110043525696 8977
1783603135303 0.2197609394788742 8978
1783603135468 0.2587759792804718 8979
1783603135590 0.3109525144100189 8980
1783603135694 0.2378227561712265 8981
1783603135793 0.23580466210842133 8982
1783603135896 0.3351246416568756 8983
1783603136028 0.2711014151573181 8984
1783603136161 0.29690030217170715 8985
1783603136304 0.16451649367809296 8986
1783603136462 0.5235889554023743 8987
1783603136606 0.513228178024292 8988
1783603136753 0.26588207483291626 8989
1783603136868 0.36121177673339844 8990
1783603136970 0.3058445453643799 8991
1783603137067 0.2655142843723297 8992
1783603137191 0.4825770854949951 8993
1783603137320 0.31412366032600403 8994
1783603137427 0.194830983877182 8995
1783603137567 0.17844031751155853 8996
1783603137719 0.21764904260635376 8997
1783603137868 0.49918368458747864 8998
1783603137995 0.41085290908813477 8999
1783603138117 0.15015339851379395 9000
1783603138258 0.2795466184616089 9001
1783603138400 0.37495025992393494 9002
1783603138547 0.292428195476532 9003
1783603138701 0.3086259067058563 9004
1783603138831 0.4541638493537903 9005
1783603138983 0.4797792434692383 9006
1783603139116 0.14041028916835785 9007
1783603139236 0.422913134098053 9008
1783603139389 0.4622565805912018 9009
1783603139498 0.21727173030376434 9010
1783603139605 0.21780487895011902 9011
1783603139735 0.38776955008506775 9012
1783603139890 0.34359198808670044 9013
1783603140026 0.3322688937187195 9014
1783603140162 0.35972121357917786 9015
1783603140307 0.5420289635658264 9016
1783603140450 0.19821752607822418 9017
1783603140573 0.3092586100101471 9018
1783603140683 0.08192255347967148 9019
1783603140791 0.056546907871961594 9020
1783603140945 0.18692104518413544 9021
1783603141082 0.38239380717277527 9022
1783603141227 0.14630362391471863 9023
1783603141367 0.1913631409406662 9024
1783603141549 0.5574842691421509 9025
1783603141693 0.6927244067192078 9026
1783603141818 0.1968793421983719 9027
1783603141925 0.2774811387062073 9028
1783603142016 0.39970862865448 9029
1783603142133 0.4184560775756836 9030
1783603142275 0.33833634853363037 9031
1783603142384 0.4075849950313568 9032
1783603142492 0.07473384588956833 9033
1783603142599 0.5536543726921082 9034
1783603142726 0.19711443781852722 9035
1783603142835 0.24020913243293762 9036
1783603142973 0.18880406022071838 9037
1783603143151 0.19802984595298767 9038
1783603143283 0.17356610298156738 9039
1783603143430 0.23642536997795105 9040
1783603143556 0.271792471408844 9041
1783603143707 0.47597193717956543 9042
1783603143867 0.8115068674087524 9043
1783603144034 0.3100155293941498 9044
1783603144183 0.1903124451637268 9045
1783603144322 0.20102907717227936 9046
1783603144442 0.13766974210739136 9047
1783603144551 0.2027110457420349 9048
1783603144689 0.40145617723464966 9049
1783603144810 0.27368679642677307 9050
1783603144970 0.19999952614307404 9051
1783603145127 0.28804275393486023 9052
1783603145295 0.18182964622974396 9053
1783603145467 0.4142279624938965 9054
1783603145603 0.27642253041267395 9055
1783603145709 0.27385568618774414 9056
1783603145819 0.0827900767326355 9057
1783603145940 0.1590961068868637 9058
1783603146102 0.2542524039745331 9059
1783603146244 0.07885526120662689 9060
1783603146389 0.3414253890514374 9061
1783603146517 0.23608382046222687 9062
1783603146636 0.09938796609640121 9063
1783603146754 0.10276027023792267 9064
1783603146867 0.38698363304138184 9065
1783603146968 0.40692946314811707 9066
1783603147073 0.687180757522583 9067
1783603147181 0.2353522777557373 9068
1783603147292 0.19304464757442474 9069
1783603147442 0.48507797718048096 9070
1783603147564 0.4660837650299072 9071
1783603147675 0.15520475804805756 9072
1783603147786 0.27564558386802673 9073
1783603147905 0.1072489321231842 9074
1783603148069 0.270878404378891 9075
1783603148237 0.1736786812543869 9076
1783603148369 0.3714689612388611 9077
1783603148477 0.5318249464035034 9078
1783603148638 0.6541023850440979 9079
1783603148758 0.05822601914405823 9080
1783603148862 0.45075076818466187 9081
1783603148995 0.17027926445007324 9082
1783603149151 0.4022384583950043 9083
1783603149269 0.2946456968784332 9084
1783603149376 0.33411484956741333 9085
1783603149521 0.2382933646440506 9086
1783603149640 0.325939804315567 9087
1783603149745 0.30385830998420715 9088
1783603149850 0.21305453777313232 9089
1783603149970 0.3022390305995941 9090
1783603150137 0.2505425810813904 9091
1783603150312 0.33105233311653137 9092
1783603150499 0.12968768179416656 9093
1783603150683 0.04931852966547012 9094
1783603150797 0.9065222144126892 9095
1783603150916 0.1671895682811737 9096
1783603151028 0.5014530420303345 9097
1783603151154 0.1857208013534546 9098
1783603151292 0.3223762512207031 9099
1783603151431 0.15015915036201477 9100
1783603151614 0.7257523536682129 9101
1783603151771 0.1345338374376297 9102
1783603151915 0.37468355894088745 9103
1783603152067 0.4918265640735626 9104
1783603152182 0.5406040549278259 9105
1783603152313 0.7306936383247375 9106
1783603152458 0.2659763693809509 9107
1783603152589 0.08011099696159363 9108
1783603152710 0.32178741693496704 9109
1783603152865 0.23340865969657898 9110
1783603153044 0.24311211705207825 9111
1783603153183 0.2814894914627075 9112
1783603153360 0.17352208495140076 9113
1783603153480 0.2616004943847656 9114
1783603153594 0.3697977364063263 9115
1783603153715 0.4115520715713501 9116
1783603153872 0.4016643762588501 9117
1783603154040 0.18171527981758118 9118
1783603154204 0.5558251738548279 9119
1783603154366 0.2626512050628662 9120
1783603154482 0.2079978883266449 9121
1783603154614 0.195503368973732 9122
1783603154740 0.251926064491272 9123
1783603154868 0.20198127627372742 9124
1783603155037 0.315787672996521 9125
1783603155211 0.7341788411140442 9126
1783603155371 0.31083300709724426 9127
1783603155552 0.4482104778289795 9128
1783603155676 0.6714379787445068 9129
1783603155776 0.27604788541793823 9130
1783603155886 0.49965915083885193 9131
1783603156001 0.151101216673851 9132
1783603156099 0.6089017391204834 9133
1783603156211 0.4347420632839203 9134
1783603156335 0.2304437756538391 9135
1783603156440 0.08895254135131836 9136
1783603156564 0.3184247612953186 9137
1783603156666 0.2737085521221161 9138
1783603156772 0.47663629055023193 9139
1783603156869 0.11056177318096161 9140
1783603156992 0.13094764947891235 9141
1783603157132 0.24119877815246582 9142
1783603157240 0.13669143617153168 9143
1783603157353 0.18561780452728271 9144
1783603157472 0.4843188524246216 9145
1783603157569 0.044659730046987534 9146
1783603157722 0.0828186571598053 9147
1783603157866 0.39651620388031006 9148
1783603158021 0.35335463285446167 9149
1783603158169 0.0694262832403183 9150
1783603158346 0.25451114773750305 9151
1783603158518 0.29254022240638733 9152
1783603158631 0.17405965924263 9153
1783603158771 0.547846794128418 9154
1783603158894 0.19056619703769684 9155
1783603159049 0.3043542802333832 9156
1783603159212 0.23072020709514618 9157
1783603159380 0.06722723692655563 9158
1783603159514 0.44642433524131775 9159
1783603159613 0.32055363059043884 9160
1783603159739 0.3446347713470459 9161
1783603159876 0.40854984521865845 9162
1783603160018 0.217570960521698 9163
1783603160207 0.6722444891929626 9164
1783603160403 0.14368490874767303 9165
1783603160579 0.9349043369293213 9166
1783603160713 0.13534030318260193 9167
1783603160815 0.23575782775878906 9168
1783603160941 1.0601505041122437 9169
1783603161061 0.311069130897522 9170
1783603161211 0.4287946820259094 9171
1783603161371 0.1278412640094757 9172
1783603161546 0.3050357401371002 9173
1783603161695 0.29827776551246643 9174
1783603161801 0.6201607584953308 9175
1783603161914 0.14413011074066162 9176
1783603162070 0.3727591633796692 9177
1783603162247 0.30509355664253235 9178
1783603162401 0.169496089220047 9179
1783603162517 0.24276652932167053 9180
1783603162649 0.20931224524974823 9181
1783603162842 0.27771589159965515 9182
1783603162969 0.23183061182498932 9183
1783603163137 0.055476535111665726 9184
1783603163277 0.24382290244102478 9185
1783603163466 0.48651841282844543 9186
1783603163621 0.08883136510848999 9187
1783603163766 0.1631254255771637 9188
1783603163892 0.225986510515213 9189
1783603164014 0.03732096403837204 9190
1783603164132 0.08018787950277328 9191
1783603164257 0.1381981521844864 9192
1783603164405 0.31685298681259155 9193
1783603164552 0.18836113810539246 9194
1783603164708 0.43329480290412903 9195
1783603164906 0.24639160931110382 9196
1783603165056 0.22884491086006165 9197
1783603165166 0.25691384077072144 9198
1783603165266 0.1406073123216629 9199
1783603165356 0.3323700726032257 9200
1783603165452 0.07822762429714203 9201
1783603165550 0.01804412342607975 9202
1783603165657 0.08540165424346924 9203
1783603165744 0.11436377465724945 9204
1783603165845 0.2525600492954254 9205
1783603165966 0.2594395875930786 9206
1783603166073 0.15640303492546082 9207
1783603166254 0.14923785626888275 9208
1783603166402 0.3663341999053955 9209
1783603166577 0.47089388966560364 9210
1783603166750 0.19817142188549042 9211
1783603166888 0.21906790137290955 9212
1783603167044 0.1486872434616089 9213
1783603167188 0.3382909595966339 9214
1783603167399 0.43438178300857544 9215
1783603167512 0.5109665989875793 9216
1783603167655 0.09679146856069565 9217
1783603167803 0.2713715732097626 9218
1783603167962 0.5988568663597107 9219
1783603168104 0.08122511953115463 9220
1783603168272 0.5588066577911377 9221
1783603168391 0.3844492733478546 9222
1783603168544 0.2618774473667145 9223
1783603168731 0.21363410353660583 9224
1783603168842 0.32816848158836365 9225
1783603168972 0.5995442271232605 9226
1783603169131 0.26487797498703003 9227
1783603169278 0.5646085739135742 9228
1783603169484 0.1846102774143219 9229
1783603169581 0.33768776059150696 9230
1783603169716 0.06546486169099808 9231
1783603169994 0.5342796444892883 9232
1783603170129 0.0863693356513977 9233
1783603170229 0.12192177772521973 9234
1783603170360 0.2528510093688965 9235
1783603170496 0.3337082266807556 9236
1783603170650 0.24990352988243103 9237
1783603170822 0.2010779231786728 9238
1783603170955 0.1064624935388565 9239
1783603171116 0.4471695125102997 9240
1783603171303 0.2757759690284729 9241
1783603171413 0.05900481343269348 9242
1783603171543 0.22497369349002838 9243
1783603171668 0.3755243420600891 9244
1783603171776 0.6923754811286926 9245
1783603171899 0.33795392513275146 9246
1783603172002 0.29180479049682617 9247
1783603172107 0.17212052643299103 9248
1783603172212 0.5813623070716858 9249
1783603172326 0.16025196015834808 9250
1783603172464 0.13186366856098175 9251
1783603172623 0.12861385941505432 9252
1783603172742 0.27705925703048706 9253
1783603172845 0.166042298078537 9254
1783603172957 0.720516562461853 9255
1783603173058 0.2034839242696762 9256
1783603173188 0.16032369434833527 9257
1783603173305 0.40600496530532837 9258
1783603173408 0.35499972105026245 9259
1783603173508 0.5689934492111206 9260
1783603173603 0.36546245217323303 9261
1783603173711 0.29291364550590515 9262
1783603173828 0.1272183209657669 9263
1783603173936 0.6666317582130432 9264
1783603174026 0.27785781025886536 9265
1783603174149 0.219588965177536 9266
1783603174240 0.2359650731086731 9267
1783603174328 0.2407417595386505 9268
1783603174423 0.25482475757598877 9269
1783603174527 0.20705661177635193 9270
1783603174620 0.31234434247016907 9271
1783603174716 0.16675668954849243 9272
1783603174813 0.5028981566429138 9273
1783603174920 0.19078300893306732 9274
1783603175021 0.47555235028266907 9275
1783603175119 0.24236510694026947 9276
1783603175221 0.7973302006721497 9277
1783603175312 0.4785820543766022 9278
1783603175406 0.2575775682926178 9279
1783603175507 0.33311784267425537 9280
1783603175608 0.1330488622188568 9281
1783603175707 0.1516428142786026 9282
1783603175825 0.15073905885219574 9283
1783603175987 0.047577209770679474 9284
1783603176132 0.17678160965442657 9285
1783603176385 0.19926989078521729 9286
1783603176551 0.5427539944648743 9287
1783603176690 0.3854634761810303 9288
1783603176833 0.5348392724990845 9289
1783603176980 0.15580491721630096 9290
1783603177105 0.20021796226501465 9291
1783603177262 0.146336168050766 9292
1783603177398 0.08396539092063904 9293
1783603177527 0.07146517932415009 9294
1783603177717 0.4754233658313751 9295
1783603177900 0.18038040399551392 9296
1783603178046 0.16450189054012299 9297
1783603178187 0.2473990023136139 9298
1783603178348 0.3897852599620819 9299
1783603178498 0.24043138325214386 9300
1783603178663 0.22062280774116516 9301
1783603178813 0.605628490447998 9302
1783603178980 0.22028790414333344 9303
1783603179126 0.15000806748867035 9304
1783603179247 0.26684707403182983 9305
1783603179431 0.07952738553285599 9306
1783603179539 0.28592580556869507 9307
1783603179653 0.47818925976753235 9308
1783603179810 0.26883307099342346 9309
1783603179965 0.31405436992645264 9310
1783603180135 0.22757594287395477 9311
1783603180363 0.40848812460899353 9312
1783603180517 0.4602203965187073 9313
1783603180680 0.6157952547073364 9314
1783603180830 0.3342599868774414 9315
1783603180993 0.21650578081607819 9316
1783603181149 0.29761937260627747 9317
1783603181296 0.09943196177482605 9318
1783603181423 0.22837331891059875 9319
1783603181645 0.30811062455177307 9320
1783603181785 0.0934869796037674 9321
1783603181933 0.08301199972629547 9322
1783603182103 0.6385942101478577 9323
1783603182247 0.3351500332355499 9324
1783603182379 0.14556899666786194 9325
1783603182529 0.43982526659965515 9326
1783603182658 0.36500418186187744 9327
1783603182797 0.15602590143680573 9328
1783603182948 0.26331186294555664 9329
1783603183157 0.7042466402053833 9330
1783603183284 0.44604822993278503 9331
1783603183441 0.20222412049770355 9332
1783603183594 0.17663109302520752 9333
1783603183742 0.2040797770023346 9334
1783603183890 0.1490696221590042 9335
1783603184038 0.2758285105228424 9336
1783603184211 0.12026467174291611 9337
1783603184380 0.6836004853248596 9338
1783603184514 0.34555909037590027 9339
1783603184620 0.092323437333107 9340
1783603184755 0.12762443721294403 9341
1783603184895 0.28007715940475464 9342
1783603185052 0.10760863125324249 9343
1783603185227 0.14018739759922028 9344
1783603185380 0.40960824489593506 9345
1783603185539 0.2694845199584961 9346
1783603185682 0.37314146757125854 9347
1783603185783 0.38479021191596985 9348
1783603185901 0.20120608806610107 9349
1783603186063 0.3714175820350647 9350
1783603186231 0.16613639891147614 9351
1783603186361 0.4283650517463684 9352
1783603186497 0.3695436716079712 9353
1783603186652 0.21727605164051056 9354
1783603186802 0.052636969834566116 9355
1783603186945 0.09899795800447464 9356
1783603187098 0.4801822006702423 9357
1783603187263 0.5640862584114075 9358
1783603187403 0.21411952376365662 9359
1783603187550 0.2829364836215973 9360
1783603187694 0.23855701088905334 9361
1783603187838 0.5884550213813782 9362
1783603187950 0.20669567584991455 9363
1783603188086 0.6352630257606506 9364
1783603188261 0.19547246396541595 9365
1783603188400 0.3667927086353302 9366
1783603188526 0.43230828642845154 9367
1783603188696 0.3450544774532318 9368
1783603188850 0.18046900629997253 9369
1783603188966 0.22822336852550507 9370
1783603189093 0.2031707465648651 9371
1783603189248 0.32276198267936707 9372
1783603189485 0.23324857652187347 9373
1783603189592 0.42082247138023376 9374
