1783603357991 20.22088623046875 0
1783603358139 15.202942848205566 1
1783603358241 16.77602767944336 2
1783603358404 13.04684829711914 3
1783603358531 15.123348236083984 4
1783603358661 15.073234558105469 5
1783603358817 13.562453269958496 6
1783603358959 13.139782905578613 7
1783603359100 9.602596282958984 8
1783603359216 10.025516510009766 9
1783603359368 9.04109001159668 10
1783603359534 13.932250022888184 11
1783603359667 13.089642524719238 12
1783603359771 11.0064697265625 13
1783603359914 12.176163673400879 14
1783603360059 7.241199970245361 15
1783603360196 7.455085754394531 16
1783603360282 6.657154560089111 17
1783603360432 6.0596537590026855 18
1783603360587 7.320892333984375 19
1783603360734 5.327694416046143 20
1783603360884 5.424177646636963 21
1783603361034 6.509505748748779 22
1783603361170 6.733283042907715 23
1783603361303 8.20767879486084 24
1783603361437 4.923214912414551 25
1783603361591 4.3868913650512695 26
1783603361749 4.831018447875977 27
1783603361926 4.197789669036865 28
1783603362063 3.6463255882263184 29
1783603362221 3.7145934104919434 30
1783603362367 3.8803822994232178 31
1783603362465 4.459593772888184 32
1783603362625 2.3674588203430176 33
1783603362779 3.2990119457244873 34
1783603362946 3.2744669914245605 35
1783603363061 2.7911458015441895 36
1783603363379 2.332697629928589 37
1783603363492 2.450049877166748 38
1783603363618 2.3543496131896973 39
1783603363766 2.2470507621765137 40
1783603363924 2.2879586219787598 41
1783603364046 2.0958642959594727 42
1783603364198 1.9092164039611816 43
1783603364336 1.6587762832641602 44
1783603364623 1.9845328330993652 45
1783603364764 1.5648263692855835 46
1783603364915 1.7183406352996826 47
1783603365068 1.544222354888916 48
1783603365216 1.2458503246307373 49
1783603365350 1.098247766494751 50
1783603365503 1.197966456413269 51
1783603365643 1.5353431701660156 52
1783603365830 1.1934009790420532 53
1783603365938 1.306809663772583 54
1783603366088 1.1513209342956543 55
1783603366239 1.2378672361373901 56
1783603366384 1.3101915121078491 57
1783603366492 1.2997565269470215 58
1783603366652 1.1409119367599487 59
1783603366776 1.2021061182022095 60
1783603366918 1.0769085884094238 61
1783603367164 1.0124211311340332 62
1783603367302 1.2422081232070923 63
1783603367417 0.9314834475517273 64
1783603367576 1.0335290431976318 65
1783603367703 0.7236427068710327 66
1783603367828 1.012413740158081 67
1783603367988 0.7985646724700928 68
1783603368167 0.9348247051239014 69
1783603368317 0.9315271973609924 70
1783603368557 0.8157657384872437 71
1783603368746 0.8924704194068909 72
1783603368879 0.8596868515014648 73
1783603368993 0.8842641711235046 74
1783603369127 0.9345430731773376 75
1783603369264 1.094037652015686 76
1783603369415 0.8677401542663574 77
1783603369552 0.6789045929908752 78
1783603369667 0.9069021940231323 79
1783603369815 0.6884168982505798 80
1783603369993 0.9135416150093079 81
1783603370120 0.6907199025154114 82
1783603370282 0.9329769611358643 83
1783603370432 0.8910837173461914 84
1783603370586 0.8576111793518066 85
1783603370769 0.8809724450111389 86
1783603370934 0.8700471520423889 87
1783603371159 0.8148378729820251 88
1783603371312 1.0521234273910522 89
1783603371443 0.8996713161468506 90
1783603371577 0.7811213135719299 91
1783603371689 0.9603750705718994 92
1783603371841 0.9916270971298218 93
1783603371979 0.6994026899337769 94
1783603372107 1.0958415269851685 95
1783603372244 0.5942020416259766 96
1783603372566 0.8023344278335571 97
1783603372711 0.7713974714279175 98
1783603372815 0.7886380553245544 99
1783603372970 0.8105292320251465 100
1783603373106 0.8471342325210571 101
1783603373216 0.7703416347503662 102
1783603373328 0.5830654501914978 103
1783603373456 0.6723401546478271 104
1783603373613 0.7491282820701599 105
1783603373768 0.7496640086174011 106
1783603373943 0.5422540307044983 107
1783603374050 0.8569484353065491 108
1783603374210 0.8157378435134888 109
1783603374359 0.5818663239479065 110
1783603374469 1.0283631086349487 111
1783603374619 0.5911040306091309 112
1783603374760 0.7618426084518433 113
1783603374900 0.5947040319442749 114
1783603375111 0.7755613923072815 115
1783603375262 0.722981333732605 116
1783603375415 0.8612377643585205 117
1783603375563 0.7227328419685364 118
1783603375711 0.7454832196235657 119
1783603375827 0.7400791049003601 120
1783603375922 0.484646737575531 121
1783603376046 0.6613661050796509 122
1783603376178 0.7257315516471863 123
1783603376320 0.8031012415885925 124
1783603376465 0.7794851064682007 125
1783603376566 0.5813961625099182 126
1783603376699 0.679715096950531 127
1783603376863 0.7257720232009888 128
1783603376998 0.5233555436134338 129
1783603377138 0.8106490969657898 130
1783603377291 0.6131295561790466 131
1783603377427 0.5807027816772461 132
1783603377615 0.7633399367332458 133
1783603377743 0.6477430462837219 134
1783603377833 0.7876716256141663 135
1783603377921 0.7381882071495056 136
1783603378043 0.3306038975715637 137
1783603378154 0.49076521396636963 138
1783603378277 0.5300050377845764 139
1783603378396 0.6823519468307495 140
1783603378513 0.67221599817276 141
1783603378626 0.5776508450508118 142
1783603378711 0.5445184111595154 143
1783603378823 0.666837215423584 144
1783603378968 0.6950434446334839 145
1783603379066 0.543045699596405 146
1783603379157 0.5653486251831055 147
1783603379254 0.5488195419311523 148
1783603379367 0.7040216326713562 149
1783603379469 0.5794656276702881 150
1783603379577 0.660624623298645 151
1783603379676 0.6106474995613098 152
1783603379766 0.7476873397827148 153
1783603379866 0.5596007704734802 154
1783603379962 0.6939517259597778 155
1783603380221 0.5103392004966736 156
1783603380336 0.7320676445960999 157
1783603380431 0.6663084030151367 158
1783603380526 0.505633533000946 159
1783603380634 0.45550328493118286 160
1783603380732 0.7649903297424316 161
1783603380828 0.5528910756111145 162
1783603380940 0.37928134202957153 163
1783603381046 0.545907735824585 164
1783603381148 0.6840214729309082 165
1783603381255 0.5415673851966858 166
1783603381365 0.6180001497268677 167
1783603381546 0.5529179573059082 168
1783603381639 0.6753956079483032 169
1783603381737 0.47705820202827454 170
1783603381839 0.42271098494529724 171
1783603381956 0.6355962753295898 172
1783603382066 0.46139347553253174 173
1783603382170 0.7733567357063293 174
1783603382291 0.6929347515106201 175
1783603382393 0.4165399372577667 176
1783603382492 0.8374093770980835 177
1783603382596 0.7299442291259766 178
1783603382733 0.37696442008018494 179
1783603382944 0.5235908627510071 180
1783603383111 0.6806673407554626 181
1783603383259 0.8538816571235657 182
1783603383367 0.5640987157821655 183
1783603383490 0.5783148407936096 184
1783603383623 0.9245074987411499 185
1783603383744 0.5797564387321472 186
1783603383841 0.6459009051322937 187
1783603383943 0.6729710102081299 188
1783603384109 0.5323987007141113 189
1783603384211 0.6660248637199402 190
1783603384307 0.39722082018852234 191
1783603384392 0.44853663444519043 192
1783603384508 0.4615756571292877 193
1783603384606 0.6400882005691528 194
1783603384727 0.5400050282478333 195
1783603384842 0.6551024913787842 196
1783603384980 0.28056904673576355 197
1783603385145 0.7364183068275452 198
1783603385410 0.7643498182296753 199
1783603385530 0.8033643960952759 200
1783603385664 0.4557601511478424 201
1783603385797 0.4349306523799896 202
1783603385903 0.3898470997810364 203
1783603385996 0.7139071226119995 204
1783603386126 0.4703521132469177 205
1783603386284 0.9597353935241699 206
1783603386431 0.5603371858596802 207
1783603386695 0.3828381299972534 208
1783603386842 0.33867818117141724 209
1783603386991 0.5359094142913818 210
1783603387128 0.7364172339439392 211
1783603387282 0.4036034941673279 212
1783603387413 0.5458727478981018 213
1783603387560 0.4192652106285095 214
1783603387682 0.47317442297935486 215
1783603387912 0.45291590690612793 216
1783603388078 0.6929652690887451 217
1783603388245 0.7696824669837952 218
1783603388391 0.30947667360305786 219
1783603388522 0.5958440899848938 220
1783603388675 0.47477152943611145 221
1783603388788 0.47094112634658813 222
1783603388928 0.6469760537147522 223
1783603389064 0.4863997995853424 224
1783603389210 0.6477042436599731 225
1783603389390 0.5805604457855225 226
1783603389528 0.49935442209243774 227
1783603389642 0.42203330993652344 228
1783603389752 0.5148328542709351 229
1783603389893 0.6455662846565247 230
1783603390016 0.5861197710037231 231
1783603390166 0.36217841506004333 232
1783603390297 0.2311328649520874 233
1783603390444 0.7081953883171082 234
1783603390713 0.9765380024909973 235
1783603390877 0.4339851140975952 236
1783603391004 0.6276429891586304 237
1783603391150 0.7890823483467102 238
1783603391286 0.686600923538208 239
1783603391440 0.5112355351448059 240
1783603391593 0.4606703817844391 241
1783603391749 0.4063321352005005 242
1783603391959 0.5530079007148743 243
1783603392079 0.3883194327354431 244
1783603392204 0.34723547101020813 245
1783603392356 0.6447489857673645 246
1783603392504 0.5669249892234802 247
1783603392634 0.8190128207206726 248
1783603392769 0.5106465816497803 249
1783603392883 0.38898152112960815 250
1783603393035 0.38451963663101196 251
1783603393182 0.38147860765457153 252
1783603393378 0.5306733250617981 253
1783603393535 0.6502856612205505 254
1783603393684 0.4708130359649658 255
1783603393838 0.9678152203559875 256
1783603393959 0.4320448338985443 257
1783603394130 0.5537067651748657 258
1783603394247 0.40656986832618713 259
1783603394381 0.652215301990509 260
1783603394612 0.33864927291870117 261
1783603394712 0.5564098954200745 262
1783603394829 0.6241891384124756 263
1783603394931 0.5320993661880493 264
1783603395054 0.5933568477630615 265
1783603395159 0.5255645513534546 266
1783603395278 0.30895307660102844 267
1783603395371 0.5140864253044128 268
1783603395484 0.39823201298713684 269
1783603395597 0.5785714983940125 270
1783603395713 0.7331874370574951 271
1783603395862 0.4163525402545929 272
1783603395960 0.7721569538116455 273
1783603396080 0.697542667388916 274
1783603396216 0.36200401186943054 275
1783603396359 0.4195769429206848 276
1783603396499 0.7755468487739563 277
1783603396664 0.3129602074623108 278
1783603396828 0.5432425141334534 279
1783603396978 0.5536014437675476 280
1783603397106 0.5426948666572571 281
1783603397296 0.5756916999816895 282
1783603397440 0.4225015938282013 283
1783603397546 0.7977151870727539 284
1783603397688 0.3812367022037506 285
1783603397806 0.39283186197280884 286
1783603397919 0.4111129343509674 287
1783603398050 0.5166653394699097 288
1783603398160 0.4956541359424591 289
1783603398276 0.376039057970047 290
1783603398452 0.3790731132030487 291
1783603398571 0.4448528289794922 292
1783603398682 0.4816732704639435 293
1783603398800 0.415283739566803 294
1783603398920 0.7242040634155273 295
1783603399063 0.7893097400665283 296
1783603399211 0.43160101771354675 297
1783603399342 0.24691687524318695 298
1783603399485 0.2719736099243164 299
1783603399700 0.5935753583908081 300
1783603399853 0.3554067015647888 301
1783603399987 0.4187863767147064 302
1783603400156 0.28901198506355286 303
1783603400281 0.4368656873703003 304
1783603400416 0.3956495225429535 305
1783603400565 0.3831951916217804 306
1783603400695 0.5034741759300232 307
1783603400832 0.5661624670028687 308
1783603400983 0.4280231297016144 309
1783603401161 0.6533944010734558 310
1783603401293 0.6289809942245483 311
1783603401452 0.32135966420173645 312
1783603401591 0.4851139187812805 313
1783603401709 0.47052884101867676 314
1783603401809 0.39438021183013916 315
1783603401900 0.32588866353034973 316
1783603401989 0.5091879367828369 317
1783603402098 0.5443395972251892 318
1783603402204 0.585253894329071 319
1783603402321 0.47487112879753113 320
1783603402437 0.43570899963378906 321
1783603402536 0.5288283824920654 322
1783603402642 0.4554160535335541 323
1783603402752 0.7678890228271484 324
1783603402853 0.4162744879722595 325
1783603402954 0.4701864421367645 326
1783603403052 0.36371058225631714 327
1783603403133 0.5672246813774109 328
1783603403241 0.4916636347770691 329
1783603403360 0.44340723752975464 330
1783603403472 0.44168826937675476 331
1783603403584 0.3901093304157257 332
1783603403701 0.3399006426334381 333
1783603403809 0.32292789220809937 334
1783603403925 0.6905449032783508 335
1783603404037 0.47633370757102966 336
1783603404147 0.600121021270752 337
1783603404247 0.5933910608291626 338
1783603404355 0.4782399535179138 339
1783603404454 0.6061573028564453 340
1783603404551 0.3957616984844208 341
1783603404791 0.5376389622688293 342
1783603404948 0.27331674098968506 343
1783603405057 0.2507186532020569 344
1783603405159 0.639975905418396 345
1783603405272 0.41030004620552063 346
1783603405399 0.46320632100105286 347
1783603405505 0.307489275932312 348
1783603405615 0.36866477131843567 349
1783603405723 0.47801968455314636 350
1783603405853 0.24907666444778442 351
1783603405952 0.3531126379966736 352
1783603406061 0.4414176046848297 353
1783603406240 0.6401031017303467 354
1783603406350 0.45467260479927063 355
1783603406467 0.2611696720123291 356
1783603406568 0.6239712238311768 357
1783603406687 0.45528432726860046 358
1783603406811 0.3164602518081665 359
1783603406975 0.45829376578330994 360
1783603407130 0.7429394125938416 361
1783603407427 0.532102644443512 362
1783603407600 0.35406485199928284 363
1783603407754 0.5178634524345398 364
1783603407955 0.38069242238998413 365
1783603408107 0.5493466854095459 366
1783603408272 0.38113874197006226 367
1783603408437 0.4807816743850708 368
1783603408583 0.2379997968673706 369
1783603408858 0.5243733525276184 370
1783603409021 0.352599561214447 371
1783603409194 0.3590589463710785 372
1783603409331 0.605254590511322 373
1783603409506 0.4099273979663849 374
1783603409631 0.5114421248435974 375
1783603409715 0.4721120297908783 376
1783603409808 0.7210208773612976 377
1783603410043 0.6921912431716919 378
1783603410200 0.5336816310882568 379
1783603410353 0.5669040679931641 380
1783603410501 0.2536504566669464 381
1783603410630 0.45400044322013855 382
1783603410811 0.2543421983718872 383
1783603410942 0.38065797090530396 384
1783603411096 0.3085951805114746 385
1783603411265 0.5503072142601013 386
1783603411522 0.666632890701294 387
1783603411666 0.48231980204582214 388
1783603411821 0.5664882063865662 389
1783603411960 0.2955872118473053 390
1783603412130 0.6332852244377136 391
1783603412305 0.4168283939361572 392
1783603412459 0.3576306998729706 393
1783603412683 0.5756443738937378 394
1783603412785 0.25139927864074707 395
1783603412913 0.1887078732252121 396
1783603413025 0.6271363496780396 397
1783603413140 0.49282336235046387 398
1783603413249 0.3316778838634491 399
1783603413369 0.5322608351707458 400
1783603413477 0.567505419254303 401
1783603413591 0.3533965051174164 402
1783603413716 0.44550850987434387 403
1783603413988 0.4968622624874115 404
1783603414087 0.798241138458252 405
1783603414206 0.35824519395828247 406
1783603414295 0.33236056566238403 407
1783603414392 0.4365306794643402 408
1783603414491 0.48699474334716797 409
1783603414619 0.36606401205062866 410
1783603414732 0.30407413840293884 411
1783603414832 0.43395498394966125 412
1783603414933 0.220913365483284 413
1783603415037 0.22489440441131592 414
1783603415137 0.34631603956222534 415
1783603415342 0.5667635798454285 416
1783603415454 0.36915382742881775 417
1783603415549 0.520787239074707 418
1783603415662 0.2719278633594513 419
1783603415763 0.6190577745437622 420
1783603415880 0.5070281624794006 421
1783603415972 0.438642680644989 422
1783603416070 0.4434370994567871 423
1783603416176 0.4861113727092743 424
1783603416293 0.3501580059528351 425
1783603416526 0.3320290744304657 426
1783603416635 0.34220394492149353 427
1783603416734 0.5326292514801025 428
1783603416853 0.4082334041595459 429
1783603416954 0.34472107887268066 430
1783603417063 0.6666240096092224 431
1783603417166 0.4201275408267975 432
1783603417281 0.4831681251525879 433
1783603417445 0.6048536896705627 434
1783603417593 0.3860877752304077 435
1783603417787 0.2814980447292328 436
1783603417959 0.367917537689209 437
1783603418097 0.7493070960044861 438
1783603418246 0.3939814567565918 439
1783603418405 0.5382569432258606 440
1783603418577 0.48119133710861206 441
1783603418740 0.32421788573265076 442
1783603418848 0.2039063423871994 443
1783603419005 0.3406221866607666 444
1783603419207 0.49568888545036316 445
1783603419364 0.48433762788772583 446
1783603419483 0.42615723609924316 447
1783603419649 0.33956378698349 448
1783603419780 0.40285542607307434 449
1783603419927 0.37724578380584717 450
1783603420078 0.5312511920928955 451
1783603420239 0.704569399356842 452
1783603420450 0.29829466342926025 453
1783603420592 0.6789138913154602 454
1783603420690 0.5262556076049805 455
1783603420859 0.6853054761886597 456
1783603420981 0.4541994631290436 457
1783603421085 0.4552854597568512 458
1783603421221 0.34487149119377136 459
1783603421399 0.29348307847976685 460
1783603421556 0.47825878858566284 461
1783603421801 0.520087480545044 462
1783603421931 0.24263805150985718 463
1783603422035 0.47508668899536133 464
1783603422146 0.34865543246269226 465
1783603422263 0.39372798800468445 466
1783603422375 0.42739444971084595 467
1783603422468 0.2653864026069641 468
1783603422593 0.6725001931190491 469
1783603422708 0.42519107460975647 470
1783603422826 0.44795525074005127 471
1783603422962 0.5941460728645325 472
1783603423157 0.18590547144412994 473
1783603423290 0.22069326043128967 474
1783603423427 0.4600113332271576 475
1783603423592 0.3415704071521759 476
1783603423759 0.4392685294151306 477
1783603423895 0.1922752410173416 478
1783603423994 0.3080218732357025 479
1783603424074 0.650555431842804 480
1783603424180 0.6119236946105957 481
1783603424304 0.1800546795129776 482
1783603424431 0.34023547172546387 483
1783603424532 0.2885363698005676 484
1783603424632 0.33168432116508484 485
1783603424745 0.37363240122795105 486
1783603424868 0.34635525941848755 487
1783603424993 0.3570280969142914 488
1783603425102 0.48354271054267883 489
1783603425226 0.4453680217266083 490
1783603425344 0.3203127980232239 491
1783603425463 0.5564242601394653 492
1783603425570 0.3304907977581024 493
1783603425680 0.28774362802505493 494
1783603425776 0.4604458808898926 495
1783603425881 0.3456408381462097 496
1783603425982 0.4846290647983551 497
1783603426101 0.5435495972633362 498
1783603426225 0.30716201663017273 499
1783603426338 0.4167724549770355 500
1783603426447 0.28905370831489563 501
1783603426569 0.24591118097305298 502
1783603426678 0.5289884209632874 503
1783603426796 0.559540867805481 504
1783603426908 0.36509427428245544 505
1783603427022 0.41831281781196594 506
1783603427124 0.5783071517944336 507
1783603427242 0.4954131841659546 508
1783603427353 0.2396581768989563 509
1783603427473 0.4284801781177521 510
1783603427586 0.24795596301555634 511
1783603427699 0.6387507319450378 512
1783603427812 0.46629834175109863 513
1783603427946 0.6296371221542358 514
1783603428229 0.28530097007751465 515
1783603428372 0.184064581990242 516
1783603428539 0.4460442364215851 517
1783603428698 0.3222474455833435 518
1783603428832 0.4522830545902252 519
1783603428940 0.27662941813468933 520
1783603429084 0.24068686366081238 521
1783603429246 0.4084637463092804 522
1783603429477 0.21624641120433807 523
1783603429613 0.30623069405555725 524
1783603429761 0.26720330119132996 525
1783603429890 0.2553447186946869 526
1783603430029 0.2564101219177246 527
1783603430189 0.48440486192703247 528
1783603430339 0.3039475381374359 529
1783603430504 0.34035274386405945 530
1783603430677 0.19972631335258484 531
1783603430810 0.6464651823043823 532
1783603430928 0.41981983184814453 533
1783603431015 0.5912357568740845 534
1783603431141 0.21134763956069946 535
1783603431309 0.32457971572875977 536
1783603431456 0.60145103931427 537
1783603431609 0.433302640914917 538
1783603431752 0.4625248312950134 539
1783603431900 0.3990596532821655 540
1783603432065 0.30215781927108765 541
1783603432259 0.6874229907989502 542
1783603432409 0.3825768232345581 543
1783603432548 0.5374481081962585 544
1783603432728 0.4451778829097748 545
1783603432863 0.24499638378620148 546
1783603433003 0.2965419590473175 547
1783603433143 0.5884382724761963 548
1783603433280 0.3465622365474701 549
1783603433478 0.28180992603302 550
1783603433642 0.33239254355430603 551
1783603433783 0.3251799941062927 552
1783603433935 0.4729907810688019 553
1783603434035 0.49624931812286377 554
1783603434141 0.7309371829032898 555
1783603434236 0.38948604464530945 556
1783603434347 0.5989028811454773 557
1783603434444 0.5031594038009644 558
1783603434550 0.2547697126865387 559
1783603434706 0.6617265343666077 560
1783603434846 0.21053798496723175 561
1783603434945 0.1849171221256256 562
1783603435057 0.5496580600738525 563
1783603435138 0.38176989555358887 564
1783603435241 0.3984139859676361 565
1783603435338 0.6226375102996826 566
1783603435445 0.13916538655757904 567
1783603435552 0.3766443133354187 568
1783603435656 0.8167951107025146 569
1783603435758 0.19088423252105713 570
1783603435874 0.3588024377822876 571
1783603435975 0.3780422508716583 572
1783603436078 0.5969635844230652 573
1783603436176 0.39779117703437805 574
1783603436289 0.6819025278091431 575
1783603436397 0.31723666191101074 576
1783603436492 0.3675517141819 577
1783603436593 0.39793211221694946 578
1783603436671 0.3761758506298065 579
1783603436768 0.30317041277885437 580
1783603436889 0.5333886742591858 581
1783603436995 0.2547560930252075 582
1783603437098 0.47731101512908936 583
1783603437190 0.47933897376060486 584
1783603437329 0.6733859181404114 585
1783603437430 0.32966166734695435 586
1783603437550 0.27216005325317383 587
1783603437674 0.38907817006111145 588
1783603437785 0.3314277231693268 589
1783603437882 0.22090557217597961 590
1783603437987 0.44585058093070984 591
1783603438133 0.5721787810325623 592
1783603438274 0.4769812226295471 593
1783603438434 0.4258261024951935 594
1783603438593 0.2801463305950165 595
1783603438755 0.347154438495636 596
1783603438890 0.39380788803100586 597
1783603439032 0.5294946432113647 598
1783603439168 0.4499976336956024 599
1783603439329 0.8813951015472412 600
1783603439471 0.2663232386112213 601
1783603439610 0.1994953453540802 602
1783603439751 0.3085084557533264 603
1783603439901 0.5247330665588379 604
1783603440059 0.5284503698348999 605
1783603440227 0.3710954785346985 606
1783603440390 0.568798303604126 607
1783603440541 0.28411832451820374 608
1783603440672 0.3728838860988617 609
1783603440825 0.26455655694007874 610
1783603440940 0.47811567783355713 611
1783603441091 0.33150750398635864 612
1783603441259 0.6126347780227661 613
1783603441419 0.5497442483901978 614
1783603441557 0.44841286540031433 615
1783603441699 0.558260440826416 616
1783603441859 0.2943616211414337 617
1783603442046 0.303111732006073 618
1783603442176 0.7500049471855164 619
1783603442316 0.3044281601905823 620
1783603442593 0.5920276045799255 621
1783603442749 0.6970660090446472 622
1783603442891 0.31573155522346497 623
1783603443038 0.4162314534187317 624
1783603443145 0.31696954369544983 625
1783603443247 0.5338497757911682 626
1783603443329 0.30823346972465515 627
1783603443457 0.5218574404716492 628
1783603443575 0.5078219771385193 629
1783603443708 0.4238837659358978 630
1783603443839 0.46805357933044434 631
1783603443948 0.5969852805137634 632
1783603444066 0.216651052236557 633
1783603444183 0.3313383460044861 634
1783603444293 0.7711576819419861 635
1783603444399 0.3925865888595581 636
1783603444516 0.37766698002815247 637
1783603444639 0.7097974419593811 638
1783603444762 0.2536381781101227 639
1783603444871 0.2763397693634033 640
1783603445001 0.42837750911712646 641
1783603445154 0.355357825756073 642
1783603445277 0.42781224846839905 643
1783603445443 0.5301592350006104 644
1783603445578 0.36873286962509155 645
1783603445713 0.38634082674980164 646
1783603445907 0.4595198631286621 647
1783603446009 0.3717532157897949 648
1783603446133 0.38496315479278564 649
1783603446275 0.6810647249221802 650
1783603446412 0.33011382818222046 651
1783603446523 0.3266521990299225 652
1783603446621 0.33911648392677307 653
1783603446709 0.3755273222923279 654
1783603446815 0.9380702376365662 655
1783603446912 0.44397684931755066 656
1783603447000 0.3779586851596832 657
1783603447120 0.5030859708786011 658
1783603447225 0.7006264328956604 659
1783603447333 0.4931808114051819 660
1783603447586 0.286496639251709 661
1783603447693 0.44884318113327026 662
1783603447807 0.708054780960083 663
1783603447930 0.3428364098072052 664
1783603448040 0.43637576699256897 665
1783603448149 0.3260132074356079 666
1783603448289 0.4010339379310608 667
1783603448428 0.5202005505561829 668
1783603448571 0.47163155674934387 669
1783603448774 0.386075496673584 670
1783603448937 0.4740719795227051 671
1783603449057 0.23076185584068298 672
1783603449163 0.6966153383255005 673
1783603449247 0.42428383231163025 674
1783603449353 0.7633827924728394 675
1783603449450 0.4203621447086334 676
1783603449557 0.23485368490219116 677
1783603449667 0.5633639693260193 678
1783603449772 0.22174207866191864 679
1783603449872 0.5425102710723877 680
1783603449963 0.42030957341194153 681
1783603450149 0.35126793384552 682
1783603450338 0.49188268184661865 683
1783603450510 0.42834794521331787 684
1783603450665 0.4587056636810303 685
1783603450839 0.2817254066467285 686
1783603450981 0.48288625478744507 687
1783603451125 0.27823540568351746 688
1783603451266 0.27144643664360046 689
1783603451454 0.5200332403182983 690
1783603451626 0.37361714243888855 691
1783603451787 0.3724108934402466 692
1783603451928 0.39186474680900574 693
1783603452055 0.20156548917293549 694
1783603452200 0.2983318865299225 695
1783603452329 0.6896684765815735 696
1783603452487 0.43045181035995483 697
1783603452757 0.39468392729759216 698
1783603452940 0.43191564083099365 699
1783603453091 0.2241649627685547 700
1783603453252 0.4881451427936554 701
1783603453382 0.25791463255882263 702
1783603453523 0.3745647966861725 703
1783603453673 0.24780552089214325 704
1783603453836 0.4445544183254242 705
1783603453974 0.4164358377456665 706
1783603454145 0.3977859616279602 707
1783603454259 0.11305323988199234 708
1783603454366 0.429495632648468 709
1783603454470 0.27674323320388794 710
1783603454580 0.5183190107345581 711
1783603454674 0.516374945640564 712
1783603454785 0.25545796751976013 713
1783603454908 0.23124264180660248 714
1783603455033 0.2940085828304291 715
1783603455157 0.179355651140213 716
1783603455381 0.573684811592102 717
1783603455497 0.40412840247154236 718
1783603455602 0.5707518458366394 719
1783603455725 0.484454482793808 720
1783603455857 0.3049931228160858 721
1783603455950 0.5287919640541077 722
1783603456039 0.3466775715351105 723
1783603456139 0.4606374502182007 724
1783603456252 0.35306477546691895 725
1783603456364 0.3371586799621582 726
1783603456483 0.3535749614238739 727
1783603456594 0.37254685163497925 728
1783603456708 0.3920751214027405 729
1783603456819 0.24252361059188843 730
1783603456932 0.6317703127861023 731
1783603457033 0.311248779296875 732
1783603457131 0.36109793186187744 733
1783603457236 0.19508753716945648 734
1783603457351 0.5967490673065186 735
1783603457449 0.4711259603500366 736
1783603457560 0.3159767985343933 737
1783603457670 0.4753391146659851 738
1783603457876 0.3499169647693634 739
1783603457992 0.2990474998950958 740
1783603458096 0.5811164975166321 741
1783603458207 0.34024691581726074 742
1783603458308 0.3207421600818634 743
1783603458422 0.4949951469898224 744
1783603458532 0.36133670806884766 745
1783603458653 0.2464205026626587 746
1783603458757 0.3260689675807953 747
1783603458851 0.43858903646469116 748
1783603458954 0.324230432510376 749
1783603459043 0.18459585309028625 750
1783603459164 0.4918175935745239 751
1783603459305 0.6617001295089722 752
1783603459458 0.34355464577674866 753
1783603459583 0.2775862216949463 754
1783603459726 0.7456880211830139 755
1783603459852 0.2455676645040512 756
1783603460018 0.2594122290611267 757
1783603460138 0.23448847234249115 758
1783603460274 0.5506235361099243 759
1783603460472 0.19556711614131927 760
1783603460614 0.6753632426261902 761
1783603460773 0.45148468017578125 762
1783603460925 0.38396263122558594 763
1783603461088 0.42243242263793945 764
1783603461213 0.7181149125099182 765
1783603461345 0.5016805529594421 766
1783603461504 0.20050370693206787 767
1783603461731 0.17397457361221313 768
1783603461878 0.4356245994567871 769
1783603462057 0.5097606182098389 770
1783603462298 0.39784538745880127 771
1783603462448 0.23174867033958435 772
1783603462607 0.43028444051742554 773
1783603462745 0.30075201392173767 774
1783603462898 0.591585636138916 775
1783603463031 0.30143582820892334 776
1783603463187 0.6340451836585999 777
1783603463345 0.2977313697338104 778
1783603463483 0.2324954867362976 779
1783603463628 0.2901056110858917 780
1783603463773 0.5573036670684814 781
1783603463890 0.9371352195739746 782
1783603464075 0.4639110565185547 783
1783603464365 0.36665764451026917 784
1783603464487 0.5018060207366943 785
1783603464646 0.4195392429828644 786
1783603464811 0.3720117211341858 787
1783603464947 0.5331483483314514 788
1783603465106 0.25778356194496155 789
1783603465255 0.500861644744873 790
1783603465425 0.5723079442977905 791
1783603465557 0.21917405724525452 792
1783603465724 0.1634957194328308 793
1783603465891 0.15298177301883698 794
1783603465978 0.3429124057292938 795
1783603466124 0.30012908577919006 796
1783603466275 0.3932000994682312 797
1783603466435 0.3702866733074188 798
1783603466588 0.6819284558296204 799
1783603466737 0.3097400963306427 800
1783603467034 0.6073336601257324 801
1783603467171 0.16190975904464722 802
1783603467305 0.755381166934967 803
1783603467439 0.158701092004776 804
1783603467541 0.38889434933662415 805
1783603467654 0.19305941462516785 806
1783603467750 0.5356601476669312 807
1783603467858 0.35893499851226807 808
1783603467969 0.464424192905426 809
1783603468084 0.300326943397522 810
1783603468215 0.9999845623970032 811
1783603468315 0.8243683576583862 812
1783603468395 0.2547319531440735 813
1783603468495 0.4854543209075928 814
1783603468611 0.40042394399642944 815
1783603468737 0.24773551523685455 816
1783603468859 0.4007038474082947 817
1783603468983 0.2785501480102539 818
1783603469093 0.2461145520210266 819
1783603469211 0.3291025459766388 820
1783603469330 0.5186206102371216 821
1783603469457 0.3064018487930298 822
1783603469631 0.5229193568229675 823
1783603469743 0.2976369857788086 824
1783603469838 0.40039685368537903 825
1783603469947 0.27018943428993225 826
1783603470054 0.50616455078125 827
1783603470143 0.5948559045791626 828
1783603470270 0.6629194617271423 829
1783603470390 0.3397267758846283 830
1783603470502 0.40709397196769714 831
1783603470629 0.7218908667564392 832
1783603470772 0.41768115758895874 833
1783603470882 0.46369096636772156 834
1783603470989 0.37489065527915955 835
1783603471082 0.39768731594085693 836
1783603471188 0.49005717039108276 837
1783603471284 0.35249218344688416 838
1783603471412 0.21201612055301666 839
1783603471528 0.27299851179122925 840
1783603471631 0.4571838974952698 841
1783603471711 0.3386153280735016 842
1783603471823 0.4961816072463989 843
1783603471960 0.2099258005619049 844
1783603472076 0.25589656829833984 845
1783603472174 0.5395775437355042 846
1783603472287 0.5895788073539734 847
1783603472399 0.3460123538970947 848
1783603472512 0.4111618399620056 849
1783603472621 0.436428040266037 850
1783603472735 0.41035065054893494 851
1783603472886 0.4273160398006439 852
1783603473008 0.2094464898109436 853
1783603473228 0.942607581615448 854
1783603473358 0.35879892110824585 855
1783603473471 0.39574766159057617 856
1783603473619 0.43524980545043945 857
1783603473792 0.5296393632888794 858
1783603473948 0.3592149317264557 859
1783603474107 0.4901568293571472 860
1783603474240 0.4671361744403839 861
1783603474377 0.20835888385772705 862
1783603474535 0.298755943775177 863
1783603474724 0.594621479511261 864
1783603474884 0.5492318272590637 865
1783603475026 0.4134226143360138 866
1783603475158 0.5667049288749695 867
1783603475321 0.48219209909439087 868
1783603475493 0.2419556975364685 869
1783603475636 0.3982681334018707 870
1783603475820 0.45200175046920776 871
1783603475915 0.16150550544261932 872
1783603476014 0.45640307664871216 873
1783603476160 0.31476008892059326 874
1783603476316 0.2439173012971878 875
1783603476491 0.5068254470825195 876
1783603476631 0.4850897789001465 877
1783603476762 0.33149203658103943 878
1783603476924 0.37618348002433777 879
1783603477074 0.477556049823761 880
1783603477230 0.44862228631973267 881
1783603477347 0.20423905551433563 882
1783603477501 0.32803812623023987 883
1783603477628 0.6062295436859131 884
1783603477764 0.35300418734550476 885
1783603477875 0.6945610642433167 886
1783603478008 0.37719595432281494 887
1783603478123 0.4049544036388397 888
1783603478258 0.3786136507987976 889
1783603478447 0.2960189878940582 890
1783603478599 0.3096961975097656 891
1783603478715 0.39299312233924866 892
1783603478836 0.20610135793685913 893
1783603478964 0.7347705364227295 894
1783603479104 0.2276652306318283 895
1783603479260 0.2182256281375885 896
1783603479423 0.478195458650589 897
1783603479577 0.41884005069732666 898
1783603479713 0.28907522559165955 899
1783603479815 0.49272412061691284 900
1783603479920 0.38662189245224 901
1783603480048 0.16570845246315002 902
1783603480201 0.4903630316257477 903
1783603480361 0.312098890542984 904
1783603480480 0.34663209319114685 905
1783603480607 0.4649651050567627 906
1783603480752 0.3039848506450653 907
1783603481033 0.17453069984912872 908
1783603481164 0.2748517692089081 909
1783603481327 0.26066693663597107 910
1783603481493 0.36374813318252563 911
1783603481629 0.2514004111289978 912
1783603481798 0.2656584680080414 913
1783603481955 0.6274575591087341 914
1783603482087 0.3179667294025421 915
1783603482246 0.3041684925556183 916
1783603482411 0.3143860101699829 917
1783603482555 0.15626084804534912 918
1783603482709 0.26312097907066345 919
1783603482826 0.2805153727531433 920
1783603482975 0.22547747194766998 921
1783603483128 0.31383848190307617 922
1783603483270 0.3452290892601013 923
1783603483428 0.28594768047332764 924
1783603483740 0.5412206649780273 925
1783603483876 0.4724975526332855 926
1783603484045 0.26585549116134644 927
1783603484206 0.3959834575653076 928
1783603484345 0.3527786433696747 929
1783603484490 0.31843966245651245 930
1783603484635 0.21221721172332764 931
1783603484765 0.39450183510780334 932
1783603485014 0.36704951524734497 933
1783603485187 0.466513991355896 934
1783603485305 0.28257715702056885 935
1783603485437 0.5122705698013306 936
1783603485600 0.5178812146186829 937
1783603485755 0.4826244115829468 938
1783603485922 0.18680743873119354 939
1783603486018 0.4623338282108307 940
1783603486141 0.5860307216644287 941
1783603486287 0.256945937871933 942
1783603486438 0.555974543094635 943
1783603486577 0.695885956287384 944
1783603486723 0.24054300785064697 945
1783603486856 0.554269552230835 946
1783603487012 0.2222106158733368 947
1783603487179 0.22018466889858246 948
1783603487344 0.44715332984924316 949
1783603487641 0.18306921422481537 950
1783603487786 0.2178252786397934 951
1783603487942 0.48058462142944336 952
1783603488103 0.18595413863658905 953
1783603488255 0.390390008687973 954
1783603488391 0.40774840116500854 955
1783603488526 0.44516485929489136 956
1783603488646 0.24209561944007874 957
1783603488757 0.339685320854187 958
1783603488919 0.5523221492767334 959
1783603489043 0.3588300943374634 960
1783603489170 0.33818161487579346 961
1783603489294 0.620323121547699 962
1783603489426 0.24149738252162933 963
1783603489545 0.5205791592597961 964
1783603489643 0.3659493625164032 965
1783603489771 0.5070099830627441 966
1783603489883 0.5149237513542175 967
1783603490018 0.3005323112010956 968
1783603490140 0.5287501811981201 969
1783603490273 0.5879567265510559 970
1783603490378 0.6711888313293457 971
1783603490495 0.35134249925613403 972
1783603490624 0.6817970275878906 973
1783603490762 0.4311380982398987 974
1783603490885 0.6064285635948181 975
1783603491024 0.5319401621818542 976
1783603491154 0.37677067518234253 977
1783603491265 0.5457779765129089 978
1783603491438 0.383339524269104 979
1783603491586 0.3911227881908417 980
1783603491685 0.14910365641117096 981
1783603491817 0.27256354689598083 982
1783603491941 0.36945828795433044 983
1783603492045 0.6930714249610901 984
1783603492168 0.3599455654621124 985
1783603492286 0.289163738489151 986
1783603492428 0.45312798023223877 987
1783603492536 0.23675131797790527 988
1783603492824 0.222121462225914 989
1783603492940 1.2390531301498413 990
1783603493083 0.4630908668041229 991
1783603493202 0.33180123567581177 992
1783603493340 0.4134092628955841 993
1783603493472 0.4946037232875824 994
1783603493611 0.35802215337753296 995
1783603493769 0.18550872802734375 996
1783603494129 0.36241549253463745 997
1783603494265 0.6263599395751953 998
1783603494407 0.24076798558235168 999
1783603494560 0.1506589949131012 1000
1783603494732 0.30158600211143494 1001
1783603494869 0.5597177147865295 1002
1783603495017 0.4207828938961029 1003
1783603495151 0.5795086026191711 1004
1783603495434 0.22333963215351105 1005
1783603495575 0.3073032796382904 1006
1783603495749 0.7599799633026123 1007
1783603495938 0.44549503922462463 1008
1783603496034 0.14494770765304565 1009
1783603496187 0.22454094886779785 1010
1783603496347 0.8884401321411133 1011
1783603496472 0.5045478940010071 1012
1783603496785 0.2925914525985718 1013
1783603496939 0.588176965713501 1014
1783603497114 0.4430851936340332 1015
1783603497269 0.518114447593689 1016
1783603497427 0.4050208628177643 1017
1783603497568 0.18608082830905914 1018
1783603497682 0.3229871392250061 1019
1783603497834 0.26949650049209595 1020
1783603498039 0.4268016815185547 1021
1783603498218 0.18936987221240997 1022
1783603498369 0.25045472383499146 1023
1783603498477 0.32719677686691284 1024
1783603498592 0.3549204468727112 1025
1783603498695 0.32317081093788147 1026
1783603498786 0.48305535316467285 1027
1783603498893 0.16239522397518158 1028
1783603498973 0.1334899514913559 1029
1783603499083 0.2694341838359833 1030
1783603499178 0.39926788210868835 1031
1783603499372 0.26171016693115234 1032
1783603499491 0.5535349249839783 1033
1783603499598 0.34099921584129333 1034
1783603499706 0.24256566166877747 1035
1783603499799 0.23700189590454102 1036
1783603499898 0.24536800384521484 1037
1783603500003 0.2581455409526825 1038
1783603500148 0.2355683296918869 1039
1783603500297 0.32369863986968994 1040
1783603500412 0.5089470148086548 1041
1783603500538 0.2593845725059509 1042
1783603500646 0.20606374740600586 1043
1783603500756 0.272128701210022 1044
1783603500870 0.1425183117389679 1045
1783603501020 0.39054495096206665 1046
1783603501140 0.3208221197128296 1047
1783603501257 0.4677322208881378 1048
1783603501383 0.3777267634868622 1049
1783603501491 0.5355848073959351 1050
1783603501624 0.3179275393486023 1051
1783603501731 0.3150210678577423 1052
1783603501851 0.29807573556900024 1053
1783603501974 0.5716659426689148 1054
1783603502102 0.428811639547348 1055
1783603502216 0.31604552268981934 1056
1783603502332 0.29337844252586365 1057
1783603502466 0.26714131236076355 1058
1783603502574 0.2882402539253235 1059
1783603502689 0.1543252170085907 1060
1783603502787 0.3121384084224701 1061
1783603502907 0.30614227056503296 1062
1783603503001 0.18046589195728302 1063
1783603503222 0.19508983194828033 1064
1783603503335 0.18105930089950562 1065
1783603503444 0.2393588125705719 1066
1783603503540 0.6117150187492371 1067
1783603503656 0.43928802013397217 1068
1783603503818 0.17403340339660645 1069
1783603503972 0.24406178295612335 1070
1783603504146 0.19481252133846283 1071
1783603504289 0.15945059061050415 1072
1783603504461 0.36342912912368774 1073
1783603504686 0.2784424126148224 1074
1783603504835 0.24175947904586792 1075
1783603505000 0.3652968406677246 1076
1783603505105 0.2874864935874939 1077
1783603505250 0.4868202209472656 1078
1783603505375 0.24519942700862885 1079
1783603505489 0.3160938024520874 1080
1783603505652 0.20729349553585052 1081
1783603505845 0.31405848264694214 1082
1783603505984 0.674690842628479 1083
1783603506088 0.4545653760433197 1084
1783603506239 0.2873218357563019 1085
1783603506395 0.6436275839805603 1086
1783603506534 0.27950572967529297 1087
1783603506648 0.26979076862335205 1088
1783603506801 0.6406890749931335 1089
1783603506952 0.29429659247398376 1090
1783603507215 0.1552623212337494 1091
1783603507363 0.32609641551971436 1092
1783603507561 0.37952545285224915 1093
1783603507678 0.4534371495246887 1094
1783603507828 0.17619454860687256 1095
1783603507951 0.473153293132782 1096
1783603508071 0.4830145835876465 1097
1783603508172 0.17305253446102142 1098
1783603508287 0.13483500480651855 1099
1783603508438 0.1905922293663025 1100
1783603508563 0.4161844551563263 1101
1783603508680 0.3207135796546936 1102
1783603508766 0.1491614580154419 1103
1783603508874 0.4996815323829651 1104
1783603508963 0.2236754149198532 1105
1783603509084 0.2932615578174591 1106
1783603509200 0.6092259287834167 1107
1783603509318 0.21644753217697144 1108
1783603509445 0.28936806321144104 1109
1783603509561 0.5563414692878723 1110
1783603509717 0.40003588795661926 1111
1783603509828 0.31724923849105835 1112
1783603509938 0.3227585256099701 1113
1783603510057 0.4623936116695404 1114
1783603510167 0.19992861151695251 1115
1783603510251 0.22122584283351898 1116
1783603510364 0.7756302952766418 1117
1783603510479 0.2830573618412018 1118
1783603510574 0.32790517807006836 1119
1783603510707 0.3074047863483429 1120
1783603510820 0.3061094880104065 1121
1783603511034 0.49340635538101196 1122
1783603511215 0.3857273459434509 1123
1783603511329 0.3454035818576813 1124
1783603511446 0.29434934258461 1125
1783603511586 0.4534754455089569 1126
1783603511701 0.25735998153686523 1127
1783603511894 0.23847529292106628 1128
1783603512085 0.6365271210670471 1129
1783603512240 0.9096939563751221 1130
1783603512514 0.2656983733177185 1131
1783603512665 0.22036676108837128 1132
1783603512779 0.18509480357170105 1133
1783603512903 0.40989044308662415 1134
1783603513019 0.4763467311859131 1135
1783603513134 0.3162826597690582 1136
1783603513255 0.29225441813468933 1137
1783603513352 0.1609654426574707 1138
1783603513449 0.3326176404953003 1139
1783603513563 0.45546576380729675 1140
1783603513814 0.6626025438308716 1141
1783603513976 0.48442772030830383 1142
1783603514122 0.4606892466545105 1143
1783603514286 0.2830314040184021 1144
1783603514450 0.5329923033714294 1145
1783603514603 0.23659278452396393 1146
1783603514742 0.35594215989112854 1147
1783603515056 0.3174614906311035 1148
1783603515219 0.15643452107906342 1149
1783603515382 0.38550469279289246 1150
1783603515519 0.460109144449234 1151
1783603515619 0.21293562650680542 1152
1783603515721 0.60749351978302 1153
1783603515820 0.4167659282684326 1154
1783603515925 0.21994264423847198 1155
1783603516013 0.4425080716609955 1156
1783603516118 0.5634201169013977 1157
1783603516233 0.33001789450645447 1158
1783603516372 0.4914174973964691 1159
1783603516476 0.475198358297348 1160
1783603516579 0.28761905431747437 1161
1783603516718 0.155538409948349 1162
1783603516853 0.39323994517326355 1163
1783603517011 0.1687106043100357 1164
1783603517153 0.5279488563537598 1165
1783603517298 0.16770493984222412 1166
1783603517457 0.28296464681625366 1167
1783603517694 0.23366598784923553 1168
1783603517813 0.7020785808563232 1169
1783603517937 0.5303585529327393 1170
1783603518052 0.3168043792247772 1171
1783603518164 0.37827444076538086 1172
1783603518270 0.21517372131347656 1173
1783603518376 0.259670615196228 1174
1783603518486 0.4959494173526764 1175
1783603518590 0.5485211610794067 1176
1783603518671 0.2811543047428131 1177
1783603518779 0.43056267499923706 1178
1783603518887 0.5910041332244873 1179
1783603518991 0.40479835867881775 1180
1783603519114 0.4491804540157318 1181
1783603519249 0.23162436485290527 1182
1783603519358 0.2217101752758026 1183
1783603519481 0.5286511182785034 1184
1783603519591 0.3424667716026306 1185
1783603519691 0.31003639101982117 1186
1783603519800 0.3044879734516144 1187
1783603519912 0.3396255671977997 1188
1783603520179 0.34729892015457153 1189
1783603520295 0.2574932873249054 1190
1783603520397 0.5015000104904175 1191
1783603520515 0.19489802420139313 1192
1783603520630 0.5074285268783569 1193
1783603520767 0.5024653673171997 1194
1783603520890 0.47244200110435486 1195
1783603521055 0.3164428174495697 1196
1783603521187 0.4292920231819153 1197
1783603521327 0.1631181240081787 1198
1783603521600 0.5401503443717957 1199
1783603521749 0.43752363324165344 1200
1783603521900 0.3088291585445404 1201
1783603522067 0.35027456283569336 1202
1783603522247 0.2643895745277405 1203
1783603522392 0.5362227559089661 1204
1783603522538 0.48588302731513977 1205
1783603522789 0.38849642872810364 1206
1783603522921 0.3075169622898102 1207
1783603523036 0.3183877170085907 1208
1783603523160 0.2673340141773224 1209
1783603523269 0.2779284417629242 1210
1783603523376 0.22255219519138336 1211
1783603523472 0.27905333042144775 1212
1783603523574 0.4397425055503845 1213
1783603523688 0.2781400680541992 1214
1783603523824 0.3573327958583832 1215
1783603524127 0.5405042767524719 1216
1783603524248 0.17858237028121948 1217
1783603524415 0.3327309489250183 1218
1783603524532 0.30798816680908203 1219
1783603524671 0.4455191195011139 1220
1783603524774 0.29535770416259766 1221
1783603524895 0.21453401446342468 1222
1783603525014 0.38683491945266724 1223
1783603525129 0.43313267827033997 1224
1783603525260 0.26269015669822693 1225
1783603525374 0.25802451372146606 1226
1783603525500 0.25051799416542053 1227
1783603525621 0.21315091848373413 1228
1783603525728 0.2613603472709656 1229
1783603525842 0.2768299877643585 1230
1783603525955 0.3850107192993164 1231
1783603526059 0.15736372768878937 1232
1783603526154 0.6599099040031433 1233
1783603526251 0.4330640137195587 1234
1783603526352 0.18936361372470856 1235
1783603526457 0.298916220664978 1236
1783603526608 0.23201952874660492 1237
1783603526720 0.3303963541984558 1238
1783603526806 0.5280460715293884 1239
1783603526896 0.2362862229347229 1240
1783603527025 0.22477973997592926 1241
1783603527124 0.2126949429512024 1242
1783603527255 0.7249952554702759 1243
1783603527386 0.405923992395401 1244
1783603527510 0.4765233099460602 1245
1783603527638 0.347526878118515 1246
1783603527743 0.13063664734363556 1247
1783603527864 0.29829370975494385 1248
1783603527977 0.104639433324337 1249
1783603528086 0.3050326704978943 1250
1783603528207 0.5121501088142395 1251
1783603528313 0.3855026662349701 1252
1783603528438 0.36327511072158813 1253
1783603528560 0.4250219166278839 1254
1783603528683 0.1563803106546402 1255
1783603528839 0.4602484405040741 1256
1783603529037 0.18615221977233887 1257
1783603529167 0.24172763526439667 1258
1783603529269 0.2103399783372879 1259
1783603529408 0.11182381957769394 1260
1783603529562 0.6092175841331482 1261
1783603529739 0.43867769837379456 1262
1783603529843 0.24939025938510895 1263
1783603529969 0.36820468306541443 1264
1783603530136 0.38875076174736023 1265
1783603530272 0.200970858335495 1266
1783603530439 0.22999641299247742 1267
1783603530552 0.28383514285087585 1268
1783603530651 0.40467819571495056 1269
1783603530799 0.4510469138622284 1270
1783603530932 0.25421181321144104 1271
1783603531101 0.11869925260543823 1272
1783603531236 0.5725243091583252 1273
1783603531348 0.6850996613502502 1274
1783603531462 0.280824214220047 1275
1783603531743 0.5809919834136963 1276
1783603531914 0.35167261958122253 1277
1783603532054 0.1693001091480255 1278
1783603532234 0.458121657371521 1279
1783603532317 0.7437486052513123 1280
1783603532447 0.2935642600059509 1281
1783603532623 0.3168615400791168 1282
1783603532730 0.3083154559135437 1283
1783603533002 0.43335962295532227 1284
1783603533169 0.16441462934017181 1285
1783603533321 0.1646488904953003 1286
1783603533444 0.4961738884449005 1287
1783603533610 0.3063077926635742 1288
1783603533755 0.367013156414032 1289
1783603533898 0.7177359461784363 1290
1783603534048 0.41701602935791016 1291
1783603534284 0.45982256531715393 1292
1783603534467 0.26330775022506714 1293
1783603534618 0.31610894203186035 1294
1783603534815 0.179966002702713 1295
1783603534981 0.30592477321624756 1296
1783603535129 0.26034852862358093 1297
1783603535263 0.762867271900177 1298
1783603535417 0.30084365606307983 1299
1783603535664 0.2582264244556427 1300
1783603535820 0.3943246603012085 1301
1783603535952 0.3159080445766449 1302
1783603536047 0.27960285544395447 1303
1783603536205 0.22757208347320557 1304
1783603536355 0.20395149290561676 1305
1783603536523 0.18250437080860138 1306
1783603536665 0.2289046198129654 1307
1783603536892 0.3873322308063507 1308
1783603537029 0.43084290623664856 1309
1783603537163 0.2697306275367737 1310
1783603537308 0.28182971477508545 1311
1783603537480 0.3361804187297821 1312
1783603537628 0.522680401802063 1313
1783603537773 0.22266054153442383 1314
1783603537919 0.3852514326572418 1315
1783603538104 0.5155361294746399 1316
1783603538352 0.549311101436615 1317
1783603538501 0.41800057888031006 1318
1783603538649 0.4003382921218872 1319
1783603538793 0.2070222795009613 1320
1783603538930 0.29802119731903076 1321
1783603539098 0.3407457768917084 1322
1783603539249 0.2981569766998291 1323
1783603539383 0.19421885907649994 1324
1783603539551 0.09386483579874039 1325
1783603539697 0.31042250990867615 1326
1783603539802 0.1844300478696823 1327
1783603539899 0.3231077492237091 1328
1783603540029 0.4537813663482666 1329
1783603540184 0.3780532479286194 1330
1783603540350 0.4480110704898834 1331
1783603540564 0.09738412499427795 1332
1783603540689 0.22623026371002197 1333
1783603540826 0.10697849839925766 1334
1783603540947 0.47497987747192383 1335
1783603541063 0.14457575976848602 1336
1783603541182 0.2549162805080414 1337
1783603541284 0.3149402141571045 1338
1783603541396 0.26548224687576294 1339
1783603541493 0.35804063081741333 1340
1783603541613 0.09916595369577408 1341
1783603541732 0.5161413550376892 1342
1783603541850 0.2961081266403198 1343
1783603541956 0.31593501567840576 1344
1783603542061 0.32347285747528076 1345
1783603542217 0.30943042039871216 1346
1783603542332 0.37065955996513367 1347
1783603542455 0.18185202777385712 1348
1783603542567 0.21751856803894043 1349
1783603542696 0.28373637795448303 1350
1783603542793 0.2980533540248871 1351
1783603542891 0.2905699908733368 1352
1783603543010 0.2835458815097809 1353
1783603543130 0.35064253211021423 1354
1783603543240 0.1862872838973999 1355
1783603543369 0.28616175055503845 1356
1783603543478 0.2906534969806671 1357
1783603543575 0.31863927841186523 1358
1783603543685 0.3027816116809845 1359
1783603543798 0.2429220825433731 1360
1783603543910 0.42851242423057556 1361
1783603544037 0.4209311902523041 1362
1783603544175 0.5270756483078003 1363
1783603544289 0.4408912658691406 1364
1783603544400 0.5761191844940186 1365
1783603544513 0.23794952034950256 1366
1783603544643 0.3363053500652313 1367
1783603544763 0.8145342469215393 1368
1783603544864 0.36198264360427856 1369
1783603545016 0.34470081329345703 1370
1783603545153 0.4830865263938904 1371
1783603545308 0.4358087480068207 1372
1783603545446 0.24520300328731537 1373
1783603545586 0.26051753759384155 1374
1783603545731 0.21342052519321442 1375
1783603545871 0.18130366504192352 1376
1783603546029 0.3792038857936859 1377
1783603546171 0.10760875791311264 1378
1783603546347 0.4379773736000061 1379
1783603546501 0.7170690894126892 1380
1783603546657 0.3282999098300934 1381
1783603546799 0.35431143641471863 1382
1783603546952 0.3397224247455597 1383
1783603547089 0.2620086669921875 1384
1783603547293 0.5693661570549011 1385
1783603547452 0.7184908390045166 1386
1783603547615 0.2524814009666443 1387
1783603547749 0.3777022957801819 1388
1783603547880 0.4279805123806 1389
1783603548023 0.2063215672969818 1390
1783603548180 0.21727721393108368 1391
1783603548336 0.3831325173377991 1392
1783603548604 0.261692076921463 1393
1783603548814 0.28411105275154114 1394
1783603548948 0.5048060417175293 1395
1783603549102 0.36008763313293457 1396
1783603549231 0.1441437304019928 1397
1783603549397 0.4227370321750641 1398
1783603549538 0.3219081461429596 1399
1783603549733 0.6418843269348145 1400
1783603549863 0.44468626379966736 1401
1783603550015 0.23089738190174103 1402
1783603550179 0.29824885725975037 1403
1783603550313 0.25070950388908386 1404
1783603550497 0.24196624755859375 1405
1783603550650 0.3773992657661438 1406
1783603550817 0.16217292845249176 1407
1783603550939 0.17832520604133606 1408
1783603551051 0.23276402056217194 1409
1783603551220 0.34263044595718384 1410
1783603551331 0.23348107933998108 1411
1783603551426 0.391622930765152 1412
1783603551535 0.19723470509052277 1413
1783603551626 0.21393929421901703 1414
1783603551746 0.3892677426338196 1415
1783603551864 0.13051903247833252 1416
1783603551962 0.8981693983078003 1417
1783603552072 0.34651172161102295 1418
1783603552151 0.17884117364883423 1419
1783603552253 0.4583524167537689 1420
1783603552350 0.7016230821609497 1421
1783603552504 0.7049729228019714 1422
1783603552640 0.5249274969100952 1423
1783603552753 0.2415190041065216 1424
1783603552858 0.5109312534332275 1425
1783603552981 0.28558579087257385 1426
1783603553095 0.37940284609794617 1427
1783603553201 0.15322718024253845 1428
1783603553316 0.24776914715766907 1429
1783603553432 0.3046136200428009 1430
1783603553548 0.3431559205055237 1431
1783603553673 0.39995792508125305 1432
1783603553789 0.37625399231910706 1433
1783603553912 0.3520585298538208 1434
1783603554030 0.3213212192058563 1435
1783603554148 0.3970375657081604 1436
1783603554250 0.45766323804855347 1437
1783603554352 0.5783641338348389 1438
1783603554445 0.4055233299732208 1439
1783603554548 0.39560550451278687 1440
1783603554658 0.5638502836227417 1441
1783603554778 0.29872754216194153 1442
1783603554889 0.25975075364112854 1443
1783603555008 0.30960190296173096 1444
1783603555118 0.17041537165641785 1445
1783603555210 0.29453855752944946 1446
1783603555302 0.38377055525779724 1447
1783603555411 0.22347882390022278 1448
1783603555535 0.5458046197891235 1449
1783603555651 0.22328153252601624 1450
1783603555763 0.3490355610847473 1451
1783603555869 0.2479933500289917 1452
1783603555983 0.4004982113838196 1453
1783603556074 0.3020060956478119 1454
1783603556344 0.5664438009262085 1455
1783603556459 0.32129886746406555 1456
1783603556543 0.5942488312721252 1457
1783603556629 0.46125686168670654 1458
1783603556727 0.5096051096916199 1459
1783603556841 0.4014885127544403 1460
1783603556967 0.754213809967041 1461
1783603557078 0.19264601171016693 1462
1783603557199 0.3138737380504608 1463
1783603557307 0.49131131172180176 1464
1783603557403 0.24214878678321838 1465
1783603557513 0.1569153368473053 1466
1783603557669 0.17274649441242218 1467
1783603557767 0.342888742685318 1468
1783603557853 0.43008193373680115 1469
1783603557960 0.28448209166526794 1470
1783603558078 0.2318563610315323 1471
1783603558177 0.18831588327884674 1472
1783603558286 0.4521331787109375 1473
1783603558410 0.2280225157737732 1474
1783603558528 0.2676708400249481 1475
1783603558646 0.263537734746933 1476
1783603558767 0.4759649634361267 1477
1783603558884 0.5372265577316284 1478
1783603558979 0.08451464772224426 1479
1783603559093 0.5748733878135681 1480
1783603559209 0.3039233982563019 1481
1783603559359 0.4236189126968384 1482
1783603559504 0.2922172546386719 1483
1783603559646 0.230971097946167 1484
1783603559784 0.24673859775066376 1485
1783603559919 0.3609084486961365 1486
1783603560163 0.30388346314430237 1487
1783603560309 0.2591041624546051 1488
1783603560482 0.33212265372276306 1489
1783603560698 0.5255892276763916 1490
1783603560879 0.269639790058136 1491
1783603561065 0.16776393353939056 1492
1783603561316 0.5812910199165344 1493
1783603561486 0.2237432301044464 1494
1783603561612 0.40678393840789795 1495
1783603561778 0.11455699801445007 1496
1783603561965 0.34844207763671875 1497
1783603562102 0.35190051794052124 1498
1783603562298 0.38580191135406494 1499
1783603562440 0.5303193926811218 1500
1783603562613 0.3268679082393646 1501
1783603562883 0.10871043801307678 1502
1783603563049 0.12181967496871948 1503
1783603563161 0.2223149985074997 1504
1783603563328 0.4435538053512573 1505
1783603563462 0.4395409822463989 1506
1783603563615 0.18731428682804108 1507
1783603563749 0.5256718993186951 1508
1783603563901 0.2585708498954773 1509
1783603564196 0.4717145562171936 1510
1783603564324 0.2985534071922302 1511
1783603564510 0.5509029626846313 1512
1783603564647 0.46431994438171387 1513
1783603564796 0.2877357602119446 1514
1783603564948 0.4284675717353821 1515
1783603565069 0.14168144762516022 1516
1783603565346 0.1693742871284485 1517
1783603565472 0.47648778557777405 1518
1783603565571 0.24128298461437225 1519
1783603565665 0.510449230670929 1520
1783603565790 0.10841594636440277 1521
1783603565941 0.46169665455818176 1522
1783603566026 0.36623162031173706 1523
1783603566149 0.30809998512268066 1524
1783603566265 0.2854699194431305 1525
1783603566387 0.27102231979370117 1526
1783603566514 0.3508923053741455 1527
1783603566664 0.4585445821285248 1528
1783603566793 0.3853013813495636 1529
1783603566898 0.16528372466564178 1530
1783603567037 0.3057319223880768 1531
1783603567157 0.3530215919017792 1532
1783603567261 0.2903014123439789 1533
1783603567381 0.1529809683561325 1534
1783603567498 0.33305951952934265 1535
1783603567619 0.3168753683567047 1536
1783603567726 0.26250454783439636 1537
1783603567852 0.32292574644088745 1538
1783603567988 0.30325332283973694 1539
1783603568096 0.30826666951179504 1540
1783603568196 0.257482647895813 1541
1783603568293 0.22408103942871094 1542
1783603568415 0.7897216081619263 1543
1783603568516 0.19267022609710693 1544
1783603568608 0.3066372573375702 1545
1783603568712 0.3082225024700165 1546
1783603568806 0.3719047009944916 1547
1783603568898 0.3593478798866272 1548
1783603569004 0.15717920660972595 1549
1783603569110 0.6093729734420776 1550
1783603569265 0.5124146342277527 1551
1783603569373 0.2602427899837494 1552
1783603569483 0.3887542486190796 1553
1783603569603 0.1655721515417099 1554
1783603569712 0.3080633282661438 1555
1783603569825 0.5700684785842896 1556
1783603569957 0.22402505576610565 1557
1783603570083 0.14540918171405792 1558
1783603570201 0.2634618878364563 1559
1783603570317 0.21460366249084473 1560
1783603570429 0.2043350785970688 1561
1783603570554 0.3421032428741455 1562
1783603570676 0.26014477014541626 1563
1783603570798 0.3990345597267151 1564
1783603570917 0.2026880830526352 1565
1783603571032 0.13794097304344177 1566
1783603571149 0.5530312657356262 1567
1783603571270 0.41645777225494385 1568
1783603571357 0.1429017186164856 1569
1783603571454 0.3476024568080902 1570
1783603571577 0.12254197150468826 1571
1783603571748 0.2981019616127014 1572
1783603571864 0.22407735884189606 1573
1783603571956 0.07044817507266998 1574
1783603572068 0.6162312030792236 1575
1783603572181 0.2942101061344147 1576
1783603572341 0.17378605902194977 1577
1783603572455 0.27604541182518005 1578
1783603572604 0.4705001711845398 1579
1783603572736 0.7083058953285217 1580
1783603572898 0.12998944520950317 1581
1783603573257 0.5191945433616638 1582
1783603573426 0.45395156741142273 1583
1783603573617 0.5147544741630554 1584
1783603573749 0.2697739005088806 1585
1783603573923 0.3814018666744232 1586
1783603574053 0.5137466788291931 1587
1783603574172 0.1865665316581726 1588
1783603574340 0.8591820597648621 1589
1783603574460 0.2054152488708496 1590
1783603574580 0.30813726782798767 1591
1783603574691 0.4284115731716156 1592
1783603574799 0.34027889370918274 1593
1783603574895 0.7930871248245239 1594
1783603575000 0.2513517439365387 1595
1783603575117 0.4398726224899292 1596
1783603575281 0.41726407408714294 1597
1783603575470 0.18415352702140808 1598
1783603575679 0.24102340638637543 1599
1783603575792 0.3466539680957794 1600
1783603575975 0.5275006890296936 1601
1783603576067 0.3958033323287964 1602
1783603576218 0.3772260248661041 1603
1783603576380 0.25177791714668274 1604
1783603576529 0.3543330729007721 1605
1783603576689 0.3171297013759613 1606
1783603576893 0.334447979927063 1607
1783603577083 0.17354567348957062 1608
1783603577247 0.3334733545780182 1609
1783603577382 0.38324207067489624 1610
1783603577529 0.4208410978317261 1611
1783603577693 0.25481468439102173 1612
1783603577929 0.3585284650325775 1613
1783603578050 0.37853381037712097 1614
1783603578191 0.21551848948001862 1615
1783603578319 0.34727564454078674 1616
1783603578420 0.38541531562805176 1617
1783603578537 0.19046887755393982 1618
1783603578643 0.10566297918558121 1619
1783603578738 0.5066116452217102 1620
1783603578833 0.33658069372177124 1621
1783603578911 0.18692609667778015 1622
1783603579012 0.26216214895248413 1623
1783603579123 0.2160474807024002 1624
1783603579222 0.40134456753730774 1625
1783603579308 0.2808839976787567 1626
1783603579425 0.3996381163597107 1627
1783603579535 0.16421076655387878 1628
1783603579638 0.14414528012275696 1629
1783603579747 0.3170681297779083 1630
1783603579851 0.32792195677757263 1631
1783603579926 0.34677231311798096 1632
1783603580019 0.3337615728378296 1633
1783603580106 0.2266615629196167 1634
1783603580218 0.35624247789382935 1635
1783603580352 0.27086344361305237 1636
1783603580525 0.21996819972991943 1637
1783603580792 0.4924484193325043 1638
1783603580966 0.15497998893260956 1639
1783603581115 0.515888512134552 1640
1783603581225 0.20668308436870575 1641
1783603581334 0.46376338601112366 1642
1783603581438 0.38111892342567444 1643
1783603581543 0.21944314241409302 1644
1783603581657 0.20406615734100342 1645
1783603581761 0.1683887392282486 1646
1783603581856 0.10582786053419113 1647
1783603581993 0.3189302384853363 1648
1783603582114 0.17480187118053436 1649
1783603582221 0.4317016005516052 1650
1783603582319 0.5985121726989746 1651
1783603582418 0.19791240990161896 1652
1783603582529 0.3954963982105255 1653
1783603582621 0.33923742175102234 1654
1783603582742 0.4164452850818634 1655
1783603582842 0.4476798176765442 1656
1783603582954 0.402558296918869 1657
1783603583059 0.2788718342781067 1658
1783603583172 0.32339394092559814 1659
1783603583300 0.3465224504470825 1660
1783603583432 0.31021595001220703 1661
1783603583536 0.4977913498878479 1662
1783603583636 0.4292221963405609 1663
1783603583744 0.3776008188724518 1664
1783603583856 0.2246047854423523 1665
1783603583965 0.34281453490257263 1666
1783603584091 0.25009211897850037 1667
1783603584217 0.3044559061527252 1668
1783603584366 0.4014051854610443 1669
1783603584746 0.3612617552280426 1670
1783603584883 0.2263389527797699 1671
1783603585044 0.24761554598808289 1672
1783603585145 0.3380168080329895 1673
1783603585244 0.258598655462265 1674
1783603585341 0.4357398748397827 1675
1783603585467 0.17234769463539124 1676
1783603585571 0.15327994525432587 1677
1783603585675 0.21777236461639404 1678
1783603585754 0.42196109890937805 1679
1783603585864 0.17669469118118286 1680
1783603585978 0.10071659833192825 1681
1783603586110 0.18028606474399567 1682
1783603586220 0.4682824909687042 1683
1783603586357 0.44931524991989136 1684
1783603586513 0.8153153657913208 1685
1783603586657 0.18881456553936005 1686
1783603586815 0.3278358578681946 1687
1783603586950 0.6839251518249512 1688
1783603587064 0.44832995533943176 1689
1783603587296 0.1264917403459549 1690
1783603587455 0.12702888250350952 1691
1783603587625 0.25960874557495117 1692
1783603587789 0.24962390959262848 1693
1783603587948 0.6858128309249878 1694
1783603588114 0.36312419176101685 1695
1783603588232 0.430667906999588 1696
1783603588372 0.37610316276550293 1697
1783603588590 0.4945283830165863 1698
1783603588749 0.5254400372505188 1699
1783603588871 0.3554743230342865 1700
1783603589017 0.19384995102882385 1701
1783603589175 0.35032400488853455 1702
1783603589311 0.17746688425540924 1703
1783603589480 0.3908563554286957 1704
1783603589618 0.20528753101825714 1705
1783603589826 0.2056172490119934 1706
1783603589941 0.14629822969436646 1707
1783603590069 0.1893603652715683 1708
1783603590194 0.3759446144104004 1709
1783603590299 0.7005934715270996 1710
1783603590409 0.22763025760650635 1711
1783603590511 0.3235485553741455 1712
1783603590635 0.5181552171707153 1713
1783603590738 0.3228967487812042 1714
1783603590819 0.430065393447876 1715
1783603590911 0.3017168939113617 1716
1783603591009 0.2205796241760254 1717
1783603591167 0.3476373255252838 1718
1783603591295 0.32192733883857727 1719
1783603591410 0.34462299942970276 1720
1783603591504 0.3510545492172241 1721
1783603591594 0.4520537555217743 1722
1783603591696 0.2399287223815918 1723
1783603591790 0.4678373634815216 1724
1783603591899 0.6666677594184875 1725
1783603592006 0.2993035316467285 1726
1783603592128 0.1122952252626419 1727
1783603592261 0.5558465719223022 1728
1783603592390 0.39201146364212036 1729
1783603592509 0.1801505833864212 1730
1783603592608 0.26567181944847107 1731
1783603592700 0.3198308050632477 1732
1783603592821 0.250152051448822 1733
1783603592941 0.35770270228385925 1734
1783603593057 0.2760089039802551 1735
1783603593177 0.2227316051721573 1736
1783603593291 0.33047112822532654 1737
1783603593406 0.77135169506073 1738
1783603593523 0.3071735203266144 1739
1783603593643 0.26705408096313477 1740
1783603593763 0.16949917376041412 1741
1783603593900 0.299170583486557 1742
1783603594009 0.3005753457546234 1743
1783603594096 0.46083250641822815 1744
1783603594211 0.2502281367778778 1745
1783603594322 0.3237638771533966 1746
1783603594426 0.38937774300575256 1747
1783603594540 0.3973828852176666 1748
1783603594641 0.23373155295848846 1749
1783603594725 0.3691934049129486 1750
1783603594858 0.39941343665122986 1751
1783603595024 0.3091154396533966 1752
1783603595134 0.18470841646194458 1753
1783603595252 0.5394845008850098 1754
1783603595382 0.34676599502563477 1755
1783603595533 0.18822619318962097 1756
1783603595657 0.48874086141586304 1757
1783603595799 0.35065099596977234 1758
1783603595948 0.5024949312210083 1759
1783603596054 0.1386062204837799 1760
1783603596279 0.5329059958457947 1761
1783603596408 0.22446386516094208 1762
1783603596557 0.4656815528869629 1763
1783603596662 0.6003485918045044 1764
1783603596799 0.3456467390060425 1765
1783603596940 0.1782454550266266 1766
1783603597084 0.11956527084112167 1767
1783603597212 0.3562527894973755 1768
1783603597322 0.21009708940982819 1769
1783603597522 0.21212780475616455 1770
1783603597700 0.1194230318069458 1771
1783603597843 0.2515098452568054 1772
1783603597991 0.2842295169830322 1773
1783603598143 0.24644367396831512 1774
1783603598293 0.26947808265686035 1775
1783603598439 0.41711440682411194 1776
1783603598586 0.4019014835357666 1777
1783603598765 0.43912479281425476 1778
1783603598948 0.36772945523262024 1779
1783603599084 0.4559076428413391 1780
1783603599202 0.7005114555358887 1781
1783603599324 0.18254850804805756 1782
1783603599470 0.323451966047287 1783
1783603599599 0.11260227113962173 1784
1783603599727 0.33032187819480896 1785
1783603599841 0.26047900319099426 1786
1783603600178 0.18250957131385803 1787
1783603600348 0.27693474292755127 1788
1783603600478 0.3955618143081665 1789
1783603600598 0.34354037046432495 1790
1783603600717 0.22556370496749878 1791
1783603600822 0.37605994939804077 1792
1783603600927 0.17278052866458893 1793
1783603601019 0.2600586712360382 1794
1783603601110 0.2838198244571686 1795
1783603601219 0.425633043050766 1796
1783603601326 0.522783100605011 1797
1783603601512 0.329041987657547 1798
1783603601642 0.3981088399887085 1799
1783603601764 0.3724667429924011 1800
1783603601889 0.40757694840431213 1801
1783603602004 0.26096776127815247 1802
1783603602126 0.2546389102935791 1803
1783603602248 0.2414618283510208 1804
1783603602362 0.46313929557800293 1805
1783603602478 0.08993076533079147 1806
1783603602587 0.2682045102119446 1807
1783603602693 0.31169623136520386 1808
1783603602874 0.30465438961982727 1809
1783603602997 0.21921303868293762 1810
1783603603119 0.2324560582637787 1811
1783603603234 0.36104336380958557 1812
1783603603335 0.28599223494529724 1813
1783603603443 0.2558998763561249 1814
1783603603560 0.18388678133487701 1815
1783603603678 0.739025890827179 1816
1783603603788 0.22274616360664368 1817
1783603603890 0.20737066864967346 1818
1783603604054 0.5172954797744751 1819
1783603604172 0.5386183857917786 1820
1783603604308 0.16475962102413177 1821
1783603604461 0.20301486551761627 1822
1783603604613 0.3704909086227417 1823
1783603604766 0.3621791899204254 1824
1783603604889 0.11452259123325348 1825
1783603605013 0.4244116544723511 1826
1783603605148 0.45341411232948303 1827
1783603605397 0.2403193712234497 1828
1783603605509 0.3972524404525757 1829
1783603605632 0.504416823387146 1830
1783603605760 0.6668717861175537 1831
1783603605864 0.3547199070453644 1832
1783603605981 0.20708975195884705 1833
1783603606072 0.6796159744262695 1834
1783603606183 0.2741331160068512 1835
1783603606286 0.24372786283493042 1836
1783603606415 0.1445857435464859 1837
1783603606582 0.1627497524023056 1838
1783603606715 0.4269394874572754 1839
1783603606827 0.18382161855697632 1840
1783603606926 0.2590442895889282 1841
1783603607045 0.33699285984039307 1842
1783603607153 0.5212321281433105 1843
1783603607279 0.2421105057001114 1844
1783603607397 0.3131028115749359 1845
1783603607507 0.24783553183078766 1846
1783603607605 0.9761924147605896 1847
1783603607717 0.3127099573612213 1848
1783603607838 0.24395281076431274 1849
1783603607992 0.05764509364962578 1850
1783603608130 0.30475908517837524 1851
1783603608241 0.3610953688621521 1852
1783603608345 0.2448481023311615 1853
1783603608444 0.1778154820203781 1854
1783603608536 0.2711464464664459 1855
1783603608651 0.1518474817276001 1856
1783603608768 0.517401933670044 1857
1783603608888 0.35165688395500183 1858
1783603608994 0.3723270297050476 1859
1783603609088 0.4233957529067993 1860
1783603609207 0.4785318076610565 1861
1783603609316 0.2002459019422531 1862
1783603609416 0.44554007053375244 1863
1783603609567 0.27024126052856445 1864
1783603609714 0.3209843933582306 1865
1783603609846 0.34178411960601807 1866
1783603609987 0.2300814986228943 1867
1783603610122 0.5141556859016418 1868
1783603610275 0.39619046449661255 1869
1783603610457 0.32021182775497437 1870
1783603610588 0.12792587280273438 1871
1783603610746 0.4972018599510193 1872
1783603610908 0.30738282203674316 1873
1783603611043 0.20389364659786224 1874
1783603611971 0.2609969973564148 1875
1783603612139 0.34958693385124207 1876
1783603612295 0.21050278842449188 1877
1783603612470 0.31823036074638367 1878
1783603612607 0.18409396708011627 1879
1783603612775 0.3767901360988617 1880
1783603612921 0.33140453696250916 1881
1783603613062 0.21740326285362244 1882
1783603613244 0.1622525304555893 1883
1783603613417 0.13338325917720795 1884
1783603613578 0.5926056504249573 1885
1783603613712 0.10663748532533646 1886
1783603613865 0.15901997685432434 1887
1783603614028 0.2163630723953247 1888
1783603614174 0.2858192026615143 1889
1783603614344 0.5125571489334106 1890
1783603614591 0.3039332926273346 1891
1783603614740 0.2611667215824127 1892
1783603614868 0.7771373391151428 1893
1783603614998 0.2826870083808899 1894
1783603615150 0.13462013006210327 1895
1783603615267 0.3065665662288666 1896
1783603615393 0.3314867615699768 1897
1783603615519 0.394379585981369 1898
1783603615637 0.46561282873153687 1899
1783603615755 0.2431710958480835 1900
1783603615871 0.32218319177627563 1901
1783603615999 0.18883872032165527 1902
1783603616093 0.32303985953330994 1903
1783603616219 0.1755678504705429 1904
1783603616336 0.3147498369216919 1905
1783603616454 0.42887985706329346 1906
1783603616567 0.2800176441669464 1907
1783603616687 0.22788052260875702 1908
1783603616816 0.17288847267627716 1909
1783603616977 0.28039512038230896 1910
1783603617103 0.14846040308475494 1911
1783603617211 0.3831577003002167 1912
1783603617313 0.2560485005378723 1913
1783603617455 0.383850634098053 1914
1783603617568 0.31449341773986816 1915
1783603617740 0.14162608981132507 1916
1783603617901 0.5397928357124329 1917
1783603618101 0.3846823573112488 1918
1783603618265 0.3891147971153259 1919
1783603618384 0.48559698462486267 1920
1783603618491 0.5528287887573242 1921
1783603618615 0.42956292629241943 1922
1783603618735 0.3878074288368225 1923
1783603618830 0.35161808133125305 1924
1783603618944 0.2587946355342865 1925
1783603619088 0.6768203973770142 1926
1783603619187 0.2786024510860443 1927
1783603619308 0.36547860503196716 1928
1783603619523 0.2600610852241516 1929
1783603619630 0.4948769807815552 1930
1783603619732 0.23784030973911285 1931
1783603619854 0.21845833957195282 1932
1783603619972 0.17532384395599365 1933
1783603620095 0.5473395586013794 1934
1783603620200 0.3372541069984436 1935
1783603620289 0.27591514587402344 1936
1783603620414 0.22959354519844055 1937
1783603620526 0.31125327944755554 1938
1783603620621 0.2228906899690628 1939
1783603620800 0.20245958864688873 1940
1783603620923 0.16641674935817719 1941
1783603621040 0.13803932070732117 1942
1783603621155 0.24187177419662476 1943
1783603621264 0.3084738254547119 1944
1783603621376 0.28013670444488525 1945
1783603621488 0.3654120862483978 1946
1783603621633 0.2338927686214447 1947
1783603621768 0.1649760752916336 1948
1783603621933 0.2190115749835968 1949
1783603622105 0.34454864263534546 1950
1783603622270 0.2629595994949341 1951
1783603622406 0.1342180371284485 1952
1783603622506 0.15315406024456024 1953
1783603622593 0.2814691960811615 1954
1783603622675 0.07537829130887985 1955
1783603622790 0.3136322498321533 1956
1783603622915 0.38243064284324646 1957
1783603623019 0.28711533546447754 1958
1783603623107 0.1641114056110382 1959
1783603623216 0.5187349915504456 1960
1783603623330 0.6830476522445679 1961
1783603623492 0.24047592282295227 1962
1783603623645 0.8769163489341736 1963
1783603623814 0.4528700113296509 1964
1783603623904 0.28071022033691406 1965
1783603624061 0.29920512437820435 1966
1783603624186 0.19981765747070312 1967
1783603624341 0.29328981041908264 1968
1783603624492 0.46175912022590637 1969
1783603624830 0.43819496035575867 1970
1783603624959 0.2814519703388214 1971
1783603625074 0.26647767424583435 1972
1783603625207 0.2578650712966919 1973
1783603625342 0.32737478613853455 1974
1783603625489 0.38088124990463257 1975
1783603625634 0.46515652537345886 1976
1783603625780 0.6084803938865662 1977
1783603626007 0.20531810820102692 1978
1783603626104 0.7009532451629639 1979
1783603626205 0.3216601312160492 1980
1783603626359 0.44160196185112 1981
1783603626507 0.3184625208377838 1982
1783603626640 0.7834044098854065 1983
1783603626774 0.3586587905883789 1984
1783603626940 0.4954562783241272 1985
1783603627072 0.3551951050758362 1986
1783603627374 0.3670554459095001 1987
1783603627514 0.34872788190841675 1988
1783603627682 0.19529107213020325 1989
1783603627825 0.9379032850265503 1990
1783603627961 0.3553098440170288 1991
1783603628140 0.24400955438613892 1992
1783603628276 0.16045893728733063 1993
1783603628424 0.2516774535179138 1994
1783603628570 0.3427366316318512 1995
1783603628697 0.33301636576652527 1996
1783603628809 0.36561039090156555 1997
1783603628918 0.15237092971801758 1998
1783603629028 0.2964860498905182 1999
1783603629126 0.21834051609039307 2000
1783603629229 0.2921445667743683 2001
1783603629321 0.7536696195602417 2002
1783603629435 0.22569924592971802 2003
1783603629546 0.2378644049167633 2004
1783603629653 0.34331125020980835 2005
1783603629804 0.5489738583564758 2006
1783603629924 0.280758261680603 2007
1783603630037 0.203006774187088 2008
1783603630152 0.28360265493392944 2009
1783603630267 0.20825575292110443 2010
1783603630404 0.36049211025238037 2011
1783603630522 0.2449023574590683 2012
1783603630633 0.11819642782211304 2013
1783603630739 0.45695918798446655 2014
1783603630837 0.3885446786880493 2015
1783603630937 0.4179554283618927 2016
1783603631024 0.19966021180152893 2017
1783603631185 0.5737725496292114 2018
1783603631323 0.7239725589752197 2019
1783603631407 0.40263596177101135 2020
1783603631510 0.33089473843574524 2021
1783603631591 0.4462500512599945 2022
1783603631682 0.19930364191532135 2023
1783603631771 0.44056886434555054 2024
1783603631866 0.2701018452644348 2025
1783603632002 0.7065785527229309 2026
1783603632123 0.13968314230442047 2027
1783603632237 0.39099475741386414 2028
1783603632408 0.13870511949062347 2029
1783603632583 0.20886968076229095 2030
1783603632687 0.0610685721039772 2031
1783603632785 0.19092153012752533 2032
1783603632883 0.18031583726406097 2033
1783603632975 0.502515971660614 2034
1783603633073 0.20134375989437103 2035
1783603633185 0.364425390958786 2036
1783603633298 0.22118668258190155 2037
1783603633439 0.3388995826244354 2038
1783603633558 0.16719186305999756 2039
1783603633778 0.13340246677398682 2040
1783603633885 0.5001943111419678 2041
1783603634000 0.26064321398735046 2042
1783603634117 0.5029114484786987 2043
1783603634231 0.172162264585495 2044
1783603634342 0.22409440577030182 2045
1783603634460 0.32303735613822937 2046
1783603634571 0.3927263021469116 2047
1783603634693 0.274292528629303 2048
1783603634817 0.3755362629890442 2049
1783603634940 0.26926735043525696 2050
1783603635140 0.25839710235595703 2051
1783603635265 0.31157755851745605 2052
1783603635393 0.20556241273880005 2053
1783603635509 0.2593650221824646 2054
1783603635631 0.24646516144275665 2055
1783603635777 0.37970444560050964 2056
1783603635924 0.7066150903701782 2057
1783603636048 0.5439308285713196 2058
1783603636150 0.3947288691997528 2059
1783603636495 0.2682369649410248 2060
1783603636621 0.24245451390743256 2061
1783603636743 0.6743775010108948 2062
1783603636848 0.10736250132322311 2063
1783603636956 0.4660097658634186 2064
1783603637063 0.08982332795858383 2065
1783603637190 0.6248975396156311 2066
1783603637302 0.11068612337112427 2067
1783603637403 0.27789169549942017 2068
1783603637496 0.1669503152370453 2069
1783603637759 0.25472089648246765 2070
1783603637918 0.16046351194381714 2071
1783603638125 0.5991194248199463 2072
1783603638276 0.46604782342910767 2073
1783603638398 0.488949179649353 2074
1783603638539 0.6435341238975525 2075
1783603638696 0.23313485085964203 2076
1783603638845 0.3388739228248596 2077
1783603639075 0.27971580624580383 2078
1783603639246 0.17994153499603271 2079
1783603639407 0.43230149149894714 2080
1783603639543 0.4964759349822998 2081
1783603639688 0.35631993412971497 2082
1783603639839 0.09096352756023407 2083
1783603639971 0.394573450088501 2084
1783603640122 0.21747033298015594 2085
1783603640256 0.63370680809021 2086
1783603640451 0.5188937187194824 2087
1783603640576 0.5938212275505066 2088
1783603640763 0.15928395092487335 2089
1783603640880 0.5076059699058533 2090
1783603641040 0.2885310649871826 2091
1783603641193 0.2036386877298355 2092
1783603641325 0.3630763590335846 2093
1783603641473 0.27929919958114624 2094
1783603641598 0.23305949568748474 2095
1783603641823 0.28512489795684814 2096
1783603641931 0.5007588267326355 2097
1783603642046 0.1405639499425888 2098
1783603642154 0.24895144999027252 2099
1783603642262 0.3161036968231201 2100
1783603642376 0.4045981466770172 2101
1783603642482 0.4716450572013855 2102
1783603642597 0.4137958288192749 2103
1783603642707 0.4550243020057678 2104
1783603642816 0.8177707195281982 2105
1783603642997 0.15151548385620117 2106
1783603643168 0.31143733859062195 2107
1783603643268 0.23250900208950043 2108
1783603643367 0.6215158104896545 2109
1783603643484 0.4328234791755676 2110
1783603643596 0.6167553067207336 2111
1783603643702 0.2225782871246338 2112
1783603643822 0.32770705223083496 2113
1783603643919 0.5393121242523193 2114
1783603644005 0.23268143832683563 2115
1783603644099 0.39305752515792847 2116
1783603644194 0.37674272060394287 2117
1783603644358 0.2623545527458191 2118
1783603644476 0.2608564794063568 2119
1783603644592 0.6076192259788513 2120
1783603644699 0.27344775199890137 2121
1783603644804 0.2158026546239853 2122
1783603644901 0.2660730183124542 2123
1783603645010 0.44889795780181885 2124
1783603645117 0.18642787635326385 2125
1783603645228 0.15780313313007355 2126
1783603645344 0.34057924151420593 2127
1783603645518 0.26162388920783997 2128
1783603645650 0.2454206943511963 2129
1783603645747 0.7487654685974121 2130
1783603645860 0.3253921866416931 2131
1783603645961 0.15368424355983734 2132
1783603646054 0.5419403314590454 2133
1783603646143 0.30368873476982117 2134
1783603646250 0.49062302708625793 2135
1783603646353 0.2718023657798767 2136
1783603646471 0.39998719096183777 2137
1783603646595 0.433941125869751 2138
1783603646700 0.18554405868053436 2139
1783603646898 0.39888423681259155 2140
1783603647025 0.2537558972835541 2141
1783603647125 0.21255695819854736 2142
1783603647234 0.12856300175189972 2143
1783603647356 0.428648978471756 2144
1783603647472 0.3029073476791382 2145
1783603647629 0.650545060634613 2146
1783603647758 0.19558531045913696 2147
1783603647944 0.34275150299072266 2148
1783603648109 0.5758506655693054 2149
1783603648259 0.48700469732284546 2150
1783603648442 0.5271891355514526 2151
1783603648587 0.3318815231323242 2152
1783603648704 0.1847766488790512 2153
1783603648802 0.5388416051864624 2154
1783603648905 0.37616607546806335 2155
1783603648987 0.7599276900291443 2156
1783603649083 0.15416623651981354 2157
1783603649198 0.38087424635887146 2158
1783603649312 0.48855599761009216 2159
1783603649425 0.16189110279083252 2160
1783603649531 0.2644641101360321 2161
1783603649626 0.37915536761283875 2162
1783603649733 0.4864063858985901 2163
1783603649849 0.4407711923122406 2164
1783603649953 0.4941136837005615 2165
1783603650056 0.6444718837738037 2166
1783603650175 0.49292245507240295 2167
1783603650289 0.380167156457901 2168
1783603650419 0.188878133893013 2169
1783603650543 0.209855854511261 2170
1783603650776 0.2944276034832001 2171
1783603650913 0.24599915742874146 2172
1783603651016 0.19949577748775482 2173
1783603651120 0.3011576235294342 2174
1783603651242 0.20029175281524658 2175
1783603651340 0.16203393042087555 2176
1783603651438 0.1060374304652214 2177
1783603651549 0.06269093602895737 2178
1783603651673 0.3218168020248413 2179
1783603651782 0.17368817329406738 2180
1783603651968 0.27152219414711 2181
1783603652105 0.4519314169883728 2182
1783603652232 0.10657902806997299 2183
1783603652365 0.1900697648525238 2184
1783603652523 0.4116119146347046 2185
1783603652676 0.22129137814044952 2186
1783603652824 0.17330464720726013 2187
1783603652972 0.26209336519241333 2188
1783603653112 0.3941098153591156 2189
1783603653320 0.2099023163318634 2190
1783603653473 0.5792081356048584 2191
1783603653610 0.40183451771736145 2192
1783603653775 0.10635915398597717 2193
1783603653950 0.14786049723625183 2194
1783603654052 0.20203368365764618 2195
1783603654176 0.5917471647262573 2196
1783603654328 0.4252505898475647 2197
1783603654496 0.36610865592956543 2198
1783603654788 0.46080735325813293 2199
1783603654942 0.7679700255393982 2200
1783603655080 0.3875245451927185 2201
1783603655182 0.1310814470052719 2202
1783603655333 0.3486507833003998 2203
1783603655478 0.45984095335006714 2204
1783603655610 0.36207062005996704 2205
1783603655915 0.14081984758377075 2206
1783603656048 0.4057309627532959 2207
1783603656148 0.2702663242816925 2208
1783603656276 0.4985905885696411 2209
1783603656439 0.41268837451934814 2210
1783603656609 0.1621382087469101 2211
1783603656715 0.2930908203125 2212
1783603656836 0.21378906071186066 2213
1783603656957 0.3640722930431366 2214
1783603657080 0.2279890924692154 2215
1783603657235 0.2601234018802643 2216
1783603657334 0.18677471578121185 2217
1783603657451 0.26663637161254883 2218
1783603657569 0.25064828991889954 2219
1783603657661 0.352694571018219 2220
1783603657751 0.19862177968025208 2221
1783603657861 0.057261671870946884 2222
1783603657974 0.42199820280075073 2223
1783603658083 0.13217738270759583 2224
1783603658190 0.16642312705516815 2225
1783603658302 0.28794512152671814 2226
1783603658418 0.31843456625938416 2227
1783603658538 0.3087548017501831 2228
1783603658639 0.12350233644247055 2229
1783603658754 0.08691675215959549 2230
1783603658873 0.24806636571884155 2231
1783603658986 0.6251698732376099 2232
1783603659104 0.5079127550125122 2233
1783603659240 0.23430798947811127 2234
1783603659355 0.739907443523407 2235
1783603659465 0.33060750365257263 2236
1783603659588 0.2805401086807251 2237
1783603659768 0.5676600337028503 2238
1783603659874 0.1772320419549942 2239
1783603659956 0.1830696314573288 2240
1783603660062 0.468189537525177 2241
1783603660167 0.19708183407783508 2242
1783603660266 0.2383275181055069 2243
1783603660351 1.0968596935272217 2244
1783603660451 0.4912492632865906 2245
1783603660538 0.24225738644599915 2246
1783603660639 0.772437334060669 2247
1783603660750 0.12125695496797562 2248
1783603660842 0.5702356100082397 2249
1783603661174 0.33546867966651917 2250
1783603661272 0.18385130167007446 2251
1783603661394 0.2979141175746918 2252
1783603661492 0.2259557694196701 2253
1783603661610 0.2077236920595169 2254
1783603661722 0.2504417896270752 2255
1783603661868 0.3530893325805664 2256
1783603662007 0.13682198524475098 2257
1783603662210 0.17212162911891937 2258
1783603662472 0.1641044169664383 2259
1783603662627 0.3373779058456421 2260
1783603662757 0.18344159424304962 2261
1783603662923 0.24806877970695496 2262
1783603663036 0.2035406529903412 2263
1783603663200 0.30778634548187256 2264
1783603663359 0.2707599997520447 2265
1783603663542 0.5578680634498596 2266
1783603663754 0.3913699984550476 2267
1783603663929 0.23371389508247375 2268
1783603664078 0.3003022074699402 2269
1783603664229 0.1870986968278885 2270
1783603664475 0.26248815655708313 2271
1783603664640 0.1922772079706192 2272
1783603664987 0.7081537842750549 2273
1783603665138 0.27856549620628357 2274
1783603665289 0.32699456810951233 2275
1783603665440 0.3136875033378601 2276
1783603665605 0.2816145420074463 2277
1783603665730 0.31617841124534607 2278
1783603665860 0.33503997325897217 2279
1783603665999 0.3582112193107605 2280
1783603666094 0.19698387384414673 2281
1783603666222 0.4270486831665039 2282
1783603666352 0.5153828263282776 2283
1783603666470 0.7025346159934998 2284
1783603666587 0.41315609216690063 2285
1783603666704 0.4753596782684326 2286
1783603666822 0.19970208406448364 2287
1783603666936 0.558880090713501 2288
1783603667058 0.29715093970298767 2289
1783603667144 0.5694922804832458 2290
1783603667229 0.367337167263031 2291
1783603667335 0.4201854467391968 2292
1783603667519 0.22204972803592682 2293
1783603667640 0.7482419013977051 2294
1783603667762 0.655029296875 2295
1783603667898 0.30126699805259705 2296
1783603668019 0.08754105865955353 2297
1783603668144 0.4897526502609253 2298
1783603668260 0.21350713074207306 2299
1783603668392 0.20499102771282196 2300
1783603668502 0.11703211069107056 2301
1783603668601 0.44898033142089844 2302
1783603668720 0.20121102035045624 2303
1783603668867 0.3006647527217865 2304
1783603668983 0.24714688956737518 2305
1783603669105 0.20755863189697266 2306
1783603669218 0.2492799162864685 2307
1783603669328 0.11915656179189682 2308
1783603669447 0.15639276802539825 2309
1783603669557 0.4857998192310333 2310
1783603669681 0.33740079402923584 2311
1783603669790 0.4652934670448303 2312
1783603669901 0.0919468030333519 2313
1783603670033 0.24937285482883453 2314
1783603670154 0.46144652366638184 2315
1783603670271 0.3599366545677185 2316
1783603670404 0.4571090042591095 2317
1783603670516 0.21174585819244385 2318
1783603670632 0.20290660858154297 2319
1783603670748 0.23894003033638 2320
1783603670846 0.32881680130958557 2321
1783603670971 0.05900569632649422 2322
1783603671132 0.454787939786911 2323
1783603671481 0.4909859597682953 2324
1783603671639 0.6508867740631104 2325
1783603671795 0.32041338086128235 2326
1783603671919 0.629536509513855 2327
1783603672087 0.3632875084877014 2328
1783603672242 0.2244909107685089 2329
1783603672394 0.1098659411072731 2330
1783603672709 0.3351527750492096 2331
1783603672872 0.1403166800737381 2332
1783603673008 0.18817894160747528 2333
1783603673136 0.2700178921222687 2334
1783603673290 0.35597479343414307 2335
1783603673437 0.18218746781349182 2336
1783603673575 0.2306676059961319 2337
1783603673739 0.31053027510643005 2338
1783603674008 0.16746674478054047 2339
1783603674156 0.4487927258014679 2340
1783603674317 0.1429147869348526 2341
1783603674454 0.34570327401161194 2342
1783603674596 0.4455344080924988 2343
1783603674779 0.20776914060115814 2344
1783603674915 0.15269190073013306 2345
1783603675087 0.10848157852888107 2346
1783603675201 0.35479310154914856 2347
1783603675413 0.858738899230957 2348
1783603675556 0.544642448425293 2349
1783603675722 0.19927829504013062 2350
1783603675866 0.1449315845966339 2351
1783603675968 0.3664822578430176 2352
1783603676060 0.16207215189933777 2353
1783603676162 0.3360639810562134 2354
1783603676281 0.30906447768211365 2355
1783603676390 0.20880502462387085 2356
1783603676486 0.42668962478637695 2357
1783603676611 0.32004478573799133 2358
1783603676722 0.42519649863243103 2359
1783603676844 0.6517921686172485 2360
1783603676949 0.5292764902114868 2361
1783603677063 0.5146787762641907 2362
1783603677181 0.5069089531898499 2363
1783603677295 0.4302777647972107 2364
1783603677410 0.2857787013053894 2365
1783603677528 0.29927027225494385 2366
1783603677649 0.3993050754070282 2367
1783603677782 0.4638174772262573 2368
1783603677899 0.18890933692455292 2369
1783603678002 0.27727609872817993 2370
1783603678113 0.09220508486032486 2371
1783603678220 0.683467447757721 2372
1783603678333 0.5386651754379272 2373
1783603678453 0.4455643892288208 2374
1783603678555 0.15248587727546692 2375
1783603678665 0.15901848673820496 2376
1783603678772 0.631866991519928 2377
1783603678892 0.2755153775215149 2378
1783603679013 0.2864130139350891 2379
1783603679145 0.39781948924064636 2380
1783603679264 0.23139680922031403 2381
1783603679357 0.2568567991256714 2382
1783603679453 0.345257431268692 2383
1783603679537 0.3751990795135498 2384
1783603679641 0.3077891767024994 2385
1783603679753 0.8400933742523193 2386
1783603679869 0.3387077748775482 2387
1783603679970 0.10850126296281815 2388
1783603680085 0.2105335146188736 2389
1783603680208 0.18749269843101501 2390
1783603680335 0.32724472880363464 2391
1783603680458 0.2556932866573334 2392
1783603680584 0.1746927797794342 2393
1783603680699 0.2085028439760208 2394
1783603680803 0.3998225927352905 2395
1783603680924 0.21009503304958344 2396
1783603681048 0.5445935130119324 2397
1783603681159 0.3830888867378235 2398
1783603681284 0.43585988879203796 2399
1783603681401 0.16108430922031403 2400
1783603681526 0.38127338886260986 2401
1783603681669 0.326984703540802 2402
1783603681783 0.3877393305301666 2403
1783603681929 0.4396360218524933 2404
1783603682046 0.3899918794631958 2405
1783603682141 0.23708109557628632 2406
1783603682252 0.3028848171234131 2407
1783603682363 0.2363722026348114 2408
1783603682465 0.5411180257797241 2409
1783603682567 0.23984891176223755 2410
1783603682655 0.14858143031597137 2411
1783603682746 0.4725106656551361 2412
1783603682856 0.31620368361473083 2413
1783603683006 0.3724534809589386 2414
1783603683192 0.3177120089530945 2415
1783603683336 0.281913161277771 2416
1783603683476 0.24215088784694672 2417
1783603683657 0.146299347281456 2418
1783603683812 0.3734222650527954 2419
1783603683967 0.1991237998008728 2420
1783603684107 0.9278548955917358 2421
1783603684341 0.2970034182071686 2422
1783603684496 0.1828102469444275 2423
1783603684660 0.27206918597221375 2424
1783603684824 0.20403368771076202 2425
1783603684955 0.49377313256263733 2426
1783603685069 0.3040301203727722 2427
1783603685185 0.20299816131591797 2428
1783603685304 0.32604140043258667 2429
1783603685422 0.28422021865844727 2430
1783603685583 0.39018452167510986 2431
1783603685685 0.41070201992988586 2432
1783603685780 0.32273927330970764 2433
1783603685894 0.27661749720573425 2434
1783603686079 0.2739581763744354 2435
1783603686219 0.40414077043533325 2436
1783603686387 0.14369650185108185 2437
1783603686517 0.3058303892612457 2438
1783603686944 0.507672905921936 2439
1783603687108 0.2857414484024048 2440
1783603687268 0.21341048181056976 2441
1783603687411 0.28969287872314453 2442
1783603687554 0.2607649564743042 2443
1783603687700 0.19112910330295563 2444
1783603687864 0.473464697599411 2445
1783603688020 0.19556322693824768 2446
1783603688184 0.2830001711845398 2447
1783603688414 0.5019789934158325 2448
1783603688573 0.23347477614879608 2449
1783603688701 0.1256314218044281 2450
1783603688831 0.21390803158283234 2451
1783603688995 0.2700994312763214 2452
1783603689161 0.285746306180954 2453
1783603689297 0.23994866013526917 2454
1783603689582 0.49388614296913147 2455
1783603689724 0.19468483328819275 2456
1783603689873 0.2020094096660614 2457
1783603689988 0.3104240298271179 2458
1783603690108 0.4933609962463379 2459
1783603690237 0.16313084959983826 2460
1783603690349 0.3491430878639221 2461
1783603690460 0.2652466893196106 2462
1783603690566 0.5507864356040955 2463
1783603690700 0.1296699047088623 2464
1783603690827 0.13250873982906342 2465
1783603690950 0.25406286120414734 2466
1783603691075 0.2900369465351105 2467
1783603691184 0.31958243250846863 2468
1783603691315 0.19162574410438538 2469
1783603691411 0.32020729780197144 2470
1783603691498 0.2969830632209778 2471
1783603691616 0.21675549447536469 2472
1783603691729 0.36390921473503113 2473
1783603691836 0.204115629196167 2474
1783603691972 0.1801021695137024 2475
1783603692128 0.18445433676242828 2476
1783603692238 0.431066632270813 2477
1783603692353 0.25566500425338745 2478
1783603692467 0.33513763546943665 2479
1783603692592 0.17066198587417603 2480
1783603692700 0.20105455815792084 2481
1783603692810 0.3114272654056549 2482
1783603692932 0.4163735508918762 2483
1783603693041 0.1783604919910431 2484
1783603693168 0.18501825630664825 2485
1783603693404 0.22388318181037903 2486
1783603693535 0.2549677789211273 2487
1783603693653 0.22591857612133026 2488
1783603693769 0.7379184365272522 2489
1783603693886 0.4531446397304535 2490
1783603694003 0.15538911521434784 2491
1783603694128 0.13195684552192688 2492
1783603694243 0.6103795170783997 2493
1783603694343 0.19804006814956665 2494
1783603694459 0.28926941752433777 2495
1783603694558 0.27163228392601013 2496
1783603694694 0.18737778067588806 2497
1783603694812 0.40947628021240234 2498
1783603694907 0.1547025740146637 2499
1783603695016 0.20471146702766418 2500
1783603695124 0.32155320048332214 2501
1783603695250 0.32246822118759155 2502
1783603695364 0.36820727586746216 2503
1783603695501 0.2971031963825226 2504
1783603695625 0.33508217334747314 2505
1783603695729 0.23313726484775543 2506
1783603695870 0.5333888530731201 2507
1783603695994 0.10851694643497467 2508
1783603696092 0.29459089040756226 2509
1783603696182 0.4009816646575928 2510
1783603696289 0.3861011266708374 2511
1783603696399 0.7329674959182739 2512
1783603696525 0.18421515822410583 2513
1783603696624 0.4163469076156616 2514
1783603696731 0.507107138633728 2515
1783603696843 0.21991051733493805 2516
1783603696945 0.20924997329711914 2517
1783603697041 0.19782713055610657 2518
1783603697224 0.3783298134803772 2519
1783603697337 0.4530499279499054 2520
1783603697448 0.44252845644950867 2521
1783603697554 0.49068981409072876 2522
1783603697655 0.2234150469303131 2523
1783603697753 0.26642927527427673 2524
1783603697849 0.27609410881996155 2525
1783603697948 0.31551775336265564 2526
1783603698099 0.3280032277107239 2527
1783603698242 0.5615448951721191 2528
1783603698397 0.5065897703170776 2529
1783603698612 0.22125989198684692 2530
1783603698767 0.38577064871788025 2531
1783603698895 0.36247822642326355 2532
1783603699030 0.26530519127845764 2533
1783603699199 0.4465997517108917 2534
1783603699372 0.49479126930236816 2535
1783603699550 0.4098880887031555 2536
1783603699703 0.2627367675304413 2537
1783603699887 0.33353638648986816 2538
1783603700007 0.4852353036403656 2539
1783603700175 0.25369080901145935 2540
1783603700327 0.3008645474910736 2541
1783603700477 0.3550661504268646 2542
1783603700617 0.4127401113510132 2543
1783603700769 0.41949647665023804 2544
1783603700957 0.2603137195110321 2545
1783603701085 0.45549899339675903 2546
1783603701281 0.44388025999069214 2547
1783603701456 0.10204518586397171 2548
1783603701608 0.4400550127029419 2549
1783603701777 0.23392288386821747 2550
1783603701922 0.2694984972476959 2551
1783603702055 0.3010996878147125 2552
1783603702166 0.42075952887535095 2553
1783603702319 0.17372646927833557 2554
1783603702436 0.4556674361228943 2555
1783603702524 0.5088879466056824 2556
1783603702634 0.1297769993543625 2557
1783603702746 0.2708715796470642 2558
1783603702882 0.22428582608699799 2559
1783603702995 0.534489631652832 2560
1783603703167 0.12854550778865814 2561
1783603703265 0.2635486125946045 2562
1783603703360 0.19358140230178833 2563
1783603703633 0.6678512096405029 2564
1783603703834 0.3422107398509979 2565
1783603703967 0.5056424736976624 2566
1783603704084 0.2964935898780823 2567
1783603704184 0.4355070888996124 2568
1783603704289 0.16590024530887604 2569
1783603704407 0.35868966579437256 2570
1783603704533 0.22701230645179749 2571
1783603704666 0.18941523134708405 2572
1783603704765 0.38030919432640076 2573
1783603704863 0.33193710446357727 2574
1783603705012 0.09320191293954849 2575
1783603705133 0.6714248657226562 2576
1783603705250 0.23172588646411896 2577
1783603705362 0.16666129231452942 2578
1783603705460 0.3130345344543457 2579
1783603705544 0.33267226815223694 2580
1783603705666 0.37510594725608826 2581
1783603705782 0.19274431467056274 2582
1783603705878 0.15268835425376892 2583
1783603706021 0.5054804086685181 2584
1783603706123 0.4962678849697113 2585
1783603706229 0.1426476091146469 2586
1783603706396 0.20647862553596497 2587
1783603706518 0.22779856622219086 2588
1783603706610 0.28195860981941223 2589
1783603706732 0.1048462986946106 2590
1783603706869 0.20346446335315704 2591
1783603706997 0.29771170020103455 2592
1783603707119 0.28607064485549927 2593
1783603707234 0.09464433044195175 2594
1783603707486 0.2563767433166504 2595
1783603707642 0.23455435037612915 2596
1783603707745 0.25866907835006714 2597
1783603707865 0.19245032966136932 2598
1783603707984 0.43218639492988586 2599
1783603708108 0.2768714129924774 2600
1783603708240 0.5034342408180237 2601
1783603708404 0.5133589506149292 2602
1783603708561 0.5695919394493103 2603
1783603708892 0.2710249125957489 2604
1783603709036 0.2547716498374939 2605
1783603709188 0.17125222086906433 2606
1783603709350 0.40258559584617615 2607
1783603709491 0.14500172436237335 2608
1783603709634 0.4674339294433594 2609
1783603709772 0.2836761176586151 2610
1783603709919 0.3575136065483093 2611
1783603710082 0.21718111634254456 2612
1783603710264 0.35717907547950745 2613
1783603710382 0.28505998849868774 2614
1783603710507 0.17676228284835815 2615
1783603710631 0.5422144532203674 2616
1783603710751 0.16845574975013733 2617
1783603710870 0.12128274142742157 2618
1783603710992 0.2441529482603073 2619
1783603711132 0.2035997360944748 2620
1783603711253 0.07507865130901337 2621
1783603711488 0.322742223739624 2622
1783603711640 0.25303560495376587 2623
1783603711779 0.4274844825267792 2624
1783603711930 0.2898530960083008 2625
1783603712132 0.1935291439294815 2626
1783603712269 0.23960189521312714 2627
1783603712418 0.4035901725292206 2628
1783603712641 0.366850882768631 2629
1783603712847 0.20309340953826904 2630
1783603712977 0.841614305973053 2631
1783603713153 0.17446322739124298 2632
1783603713267 0.22896751761436462 2633
1783603713396 0.48526903986930847 2634
1783603713572 0.2575647830963135 2635
1783603713721 0.44943472743034363 2636
1783603713894 0.32041141390800476 2637
1783603714175 0.4131353497505188 2638
1783603714318 0.2458927184343338 2639
1783603714466 0.2966921031475067 2640
1783603714618 0.5497132539749146 2641
1783603714782 0.4021742641925812 2642
1783603714937 0.48556822538375854 2643
1783603715313 0.4768919348716736 2644
1783603715432 0.17816896736621857 2645
1783603715531 0.3165627121925354 2646
1783603715640 0.3929045498371124 2647
1783603715759 0.15112999081611633 2648
1783603715881 0.41135677695274353 2649
1783603715998 0.12994976341724396 2650
1783603716097 0.34410127997398376 2651
1783603716188 0.21038691699504852 2652
1783603716284 0.4059070944786072 2653
1783603716591 0.4261986315250397 2654
1783603716729 0.7007054090499878 2655
1783603716818 0.17012618482112885 2656
1783603716898 0.45451414585113525 2657
1783603716997 0.18374282121658325 2658
1783603717138 0.3592604696750641 2659
1783603717266 0.6339551210403442 2660
1783603717353 0.2697228491306305 2661
1783603717446 0.240193709731102 2662
1783603717542 0.7235615849494934 2663
1783603717662 0.49037349224090576 2664
1783603717784 0.16513073444366455 2665
1783603717901 0.20283393561840057 2666
1783603718025 0.3167933225631714 2667
1783603718129 0.40168964862823486 2668
1783603718227 0.29999297857284546 2669
1783603718339 0.30410563945770264 2670
1783603718452 0.38850295543670654 2671
1783603718573 0.4253304898738861 2672
1783603718682 0.4418521523475647 2673
1783603718814 0.2841481864452362 2674
1783603718928 0.33477988839149475 2675
1783603719169 0.31241774559020996 2676
1783603719296 0.09488530457019806 2677
1783603719415 0.5183359384536743 2678
1783603719528 0.4570028483867645 2679
1783603719683 0.22726112604141235 2680
1783603719818 0.4630192816257477 2681
1783603719931 0.18758870661258698 2682
1783603720049 0.10236114263534546 2683
1783603720143 0.20779147744178772 2684
1783603720250 0.15191760659217834 2685
1783603720428 0.5582414269447327 2686
1783603720601 0.30236750841140747 2687
1783603720709 0.34266161918640137 2688
1783603720809 0.5895913243293762 2689
1783603720911 0.31738853454589844 2690
1783603721013 0.3059382736682892 2691
1783603721129 0.41044536232948303 2692
1783603721243 0.3433721959590912 2693
1783603721361 0.3869587182998657 2694
1783603721490 0.33193299174308777 2695
1783603721588 0.5867421627044678 2696
1783603721717 0.3335200548171997 2697
1783603721876 0.3801783621311188 2698
1783603721996 0.4447144865989685 2699
1783603722101 0.6068371534347534 2700
1783603722200 0.21618139743804932 2701
1783603722303 0.7232301831245422 2702
1783603722420 0.3329876959323883 2703
1783603722554 0.2316676378250122 2704
1783603722675 0.20653297007083893 2705
1783603722801 0.2086900770664215 2706
1783603722934 0.657831609249115 2707
1783603723040 0.2702629268169403 2708
1783603723150 0.25358837842941284 2709
1783603723244 0.7115164399147034 2710
1783603723364 0.23914757370948792 2711
1783603723500 0.2448965609073639 2712
1783603723647 0.21388836205005646 2713
1783603723774 0.49492985010147095 2714
1783603723873 0.37597060203552246 2715
1783603723961 0.29973292350769043 2716
1783603724063 0.15723757445812225 2717
1783603724179 0.2861541211605072 2718
1783603724317 0.31655171513557434 2719
1783603724482 0.3055891990661621 2720
1783603724622 0.5174774527549744 2721
1783603724758 0.40256550908088684 2722
1783603724901 0.22504426538944244 2723
1783603725057 0.24893949925899506 2724
1783603725213 0.6948198676109314 2725
1783603725380 0.8170347809791565 2726
1783603725522 0.3265700042247772 2727
1783603725701 0.260975182056427 2728
1783603725837 0.5404113531112671 2729
1783603726055 0.15745535492897034 2730
1783603726169 0.3552604019641876 2731
1783603726316 0.5693643093109131 2732
1783603726452 0.4092961847782135 2733
1783603726586 0.4541349709033966 2734
1783603726733 0.6692535877227783 2735
1783603726884 0.6697126030921936 2736
1783603727050 0.2256356179714203 2737
1783603727226 0.38817745447158813 2738
1783603727386 0.358690470457077 2739
1783603727531 0.27417081594467163 2740
1783603727682 0.3101598918437958 2741
1783603727831 0.7277563810348511 2742
1783603727969 0.23337137699127197 2743
1783603728162 0.172946497797966 2744
1783603728352 0.1145702674984932 2745
1783603728499 0.2760368287563324 2746
1783603728665 0.352987140417099 2747
1783603728802 0.22478729486465454 2748
1783603728946 0.11732446402311325 2749
1783603729093 0.14944307506084442 2750
1783603729214 0.37221550941467285 2751
1783603729332 0.1492421180009842 2752
1783603729457 0.48428767919540405 2753
1783603729581 0.31358060240745544 2754
1783603729699 0.3984810709953308 2755
1783603729819 0.30839425325393677 2756
1783603729929 0.22610849142074585 2757
1783603730035 0.21223171055316925 2758
1783603730159 0.1749279797077179 2759
1783603730289 0.36000263690948486 2760
1783603730416 0.2507496476173401 2761
1783603730538 0.5773547291755676 2762
1783603730661 0.1102263405919075 2763
1783603730788 0.6615137457847595 2764
1783603730902 0.1862410306930542 2765
1783603731030 0.22921960055828094 2766
1783603731161 0.3735964000225067 2767
1783603731280 0.27075427770614624 2768
1783603731390 0.44977959990501404 2769
1783603731495 0.3506801426410675 2770
1783603731604 0.4056391716003418 2771
1783603731715 0.9517114758491516 2772
1783603731866 0.4836026430130005 2773
1783603732070 0.18003211915493011 2774
1783603732275 0.45769134163856506 2775
1783603732420 0.400389701128006 2776
1783603732563 0.5332448482513428 2777
1783603732719 0.5844356417655945 2778
1783603732862 0.45749935507774353 2779
1783603733025 0.2695114016532898 2780
1783603733187 0.21152925491333008 2781
1783603733355 0.2993549704551697 2782
1783603733548 0.15674133598804474 2783
1783603733690 0.3513990044593811 2784
1783603733830 0.36642637848854065 2785
1783603733975 0.39659008383750916 2786
1783603734127 0.4361172318458557 2787
1783603734274 0.2527308166027069 2788
1783603734418 0.6221061944961548 2789
1783603734562 0.3787454664707184 2790
1783603734738 0.09474659711122513 2791
1783603734928 0.4421654939651489 2792
1783603735048 0.10215500742197037 2793
1783603735173 0.45240968465805054 2794
1783603735310 0.15614844858646393 2795
1783603735453 0.23075652122497559 2796
1783603735594 0.24277007579803467 2797
1783603735739 0.48875167965888977 2798
1783603735859 0.24332237243652344 2799
1783603736015 0.25054216384887695 2800
1783603736131 0.26879557967185974 2801
1783603736241 0.3929537534713745 2802
1783603736377 0.24910476803779602 2803
1783603736524 0.278734028339386 2804
1783603736683 0.13022711873054504 2805
1783603736878 0.2418404519557953 2806
1783603737063 0.35313284397125244 2807
1783603737223 0.34231749176979065 2808
1783603737424 0.45619484782218933 2809
1783603737559 0.5901361703872681 2810
1783603737755 0.30531176924705505 2811
1783603737885 0.21684041619300842 2812
1783603737997 0.3159514367580414 2813
1783603738131 0.15356536209583282 2814
1783603738292 0.10034053772687912 2815
1783603738437 0.20754823088645935 2816
1783603738597 0.1489098221063614 2817
1783603738770 0.4280424118041992 2818
1783603738897 0.5824670195579529 2819
1783603738994 0.28496724367141724 2820
1783603739128 0.21159733831882477 2821
1783603739274 0.06965834647417068 2822
1783603739421 0.37790629267692566 2823
1783603739562 0.29611143469810486 2824
1783603739692 0.24592554569244385 2825
1783603739837 0.08100269734859467 2826
1783603739948 0.5278476476669312 2827
1783603740079 0.19948452711105347 2828
1783603740179 0.37967532873153687 2829
1783603740276 0.4090980589389801 2830
1783603740412 0.37627220153808594 2831
1783603740549 0.15308965742588043 2832
1783603740691 0.17999394237995148 2833
1783603740810 0.31602737307548523 2834
1783603740936 0.19074399769306183 2835
1783603741070 0.24588792026042938 2836
1783603741189 0.33769354224205017 2837
1783603741324 0.20684626698493958 2838
1783603741451 0.281035840511322 2839
1783603741553 0.204313263297081 2840
1783603741664 0.2241346538066864 2841
1783603741784 0.2817067801952362 2842
1783603741908 0.8247464895248413 2843
1783603742036 0.36943501234054565 2844
1783603742148 0.14427891373634338 2845
1783603742271 0.3077527582645416 2846
1783603742404 0.15378493070602417 2847
1783603742560 0.190749391913414 2848
1783603742697 0.28529879450798035 2849
1783603742822 0.3427775502204895 2850
1783603742926 0.7490140199661255 2851
1783603743033 0.23982983827590942 2852
1783603743149 0.1272381693124771 2853
1783603743239 0.4326420724391937 2854
1783603743373 0.5931673049926758 2855
1783603743481 1.3418210744857788 2856
1783603743613 0.1647508591413498 2857
1783603743749 0.5211551785469055 2858
1783603743913 0.3374089300632477 2859
1783603744057 1.1106401681900024 2860
1783603744172 0.50777268409729 2861
1783603744303 0.15263798832893372 2862
1783603744424 0.6570574641227722 2863
1783603744585 0.22171537578105927 2864
1783603744712 0.3753044009208679 2865
1783603744853 0.4999340772628784 2866
1783603744993 0.27173909544944763 2867
1783603745111 0.35591819882392883 2868
1783603745245 0.4005714952945709 2869
1783603745356 0.6157217025756836 2870
1783603745472 0.3684462308883667 2871
1783603745591 0.19304436445236206 2872
1783603745712 0.563839316368103 2873
1783603745836 0.8125541806221008 2874
1783603745961 0.14699015021324158 2875
1783603746079 0.6933424472808838 2876
1783603746176 0.20570862293243408 2877
1783603746282 0.7462595701217651 2878
1783603746447 0.46329522132873535 2879
1783603746592 0.29623764753341675 2880
1783603746692 0.27353838086128235 2881
1783603746796 0.22201912105083466 2882
1783603746950 0.05159244313836098 2883
1783603747075 0.2539789080619812 2884
1783603747198 0.6376929879188538 2885
1783603747359 0.3152526915073395 2886
1783603747509 0.2546365559101105 2887
1783603747661 0.29956966638565063 2888
1783603747809 0.2590892016887665 2889
1783603747942 0.37046128511428833 2890
1783603748082 0.4274328947067261 2891
1783603748219 0.11237109452486038 2892
1783603748341 0.6231577396392822 2893
1783603748461 0.5922386050224304 2894
1783603748600 0.28028029203414917 2895
1783603748747 0.14838849008083344 2896
1783603748862 0.4398394525051117 2897
1783603748998 0.29743584990501404 2898
1783603749129 0.38547831773757935 2899
1783603749264 0.2037278562784195 2900
1783603749365 0.2550714612007141 2901
1783603749477 0.40960168838500977 2902
1783603749608 0.38880977034568787 2903
1783603749732 0.530371904373169 2904
1783603749878 0.18345633149147034 2905
1783603749980 0.5069067478179932 2906
1783603750097 0.17269253730773926 2907
1783603750236 0.805164098739624 2908
1783603750407 0.4399358034133911 2909
1783603750521 0.5057950615882874 2910
1783603750624 0.20238792896270752 2911
1783603750743 0.2018594890832901 2912
1783603750911 0.10752523690462112 2913
1783603751032 0.49578559398651123 2914
1783603751149 0.45831120014190674 2915
1783603751282 0.0720822811126709 2916
1783603751403 0.4020974040031433 2917
1783603751562 0.3381430208683014 2918
1783603751779 0.2409578412771225 2919
1783603751904 0.3502335846424103 2920
1783603752029 0.31204602122306824 2921
1783603752161 0.05068559572100639 2922
1783603752271 0.7180747985839844 2923
1783603752404 0.24988709390163422 2924
1783603752543 0.47110581398010254 2925
1783603752677 0.2535404860973358 2926
1783603752814 0.4284711182117462 2927
1783603752965 0.2921934127807617 2928
1783603753108 0.21837976574897766 2929
1783603753225 0.19826345145702362 2930
1783603753374 0.3897807002067566 2931
1783603753507 0.3714986741542816 2932
1783603753666 0.40550047159194946 2933
1783603753794 0.49882882833480835 2934
1783603753917 0.29699376225471497 2935
1783603754037 0.22850728034973145 2936
1783603754255 0.595178484916687 2937
1783603754399 0.27222949266433716 2938
1783603754517 0.47889983654022217 2939
1783603754632 0.4151800870895386 2940
1783603754765 0.18682746589183807 2941
1783603754916 0.43860119581222534 2942
1783603755059 0.2892534136772156 2943
1783603755195 0.44489309191703796 2944
1783603755349 0.2620031535625458 2945
1783603755478 0.299685001373291 2946
1783603755643 0.3445187211036682 2947
1783603755798 0.2036595195531845 2948
1783603755932 0.6067950129508972 2949
1783603756069 0.2084401547908783 2950
1783603756160 0.36233049631118774 2951
1783603756280 0.41159316897392273 2952
1783603756411 0.3463636040687561 2953
1783603756536 0.636055588722229 2954
1783603756670 0.19498541951179504 2955
1783603756872 0.5962085127830505 2956
1783603757022 0.6528531312942505 2957
1783603757156 0.38608789443969727 2958
1783603757309 0.5080664157867432 2959
1783603757461 0.28649935126304626 2960
1783603757571 0.20685036480426788 2961
1783603757693 0.27029526233673096 2962
1783603757839 0.9103574752807617 2963
1783603757978 0.5019951462745667 2964
1783603758157 0.3972012996673584 2965
1783603758289 0.4673362672328949 2966
1783603758406 0.4050339460372925 2967
1783603758525 0.49992167949676514 2968
1783603758660 0.09134640544652939 2969
1783603758788 0.30219268798828125 2970
1783603758911 0.2966720163822174 2971
1783603759073 0.1986798793077469 2972
1783603759235 0.31987112760543823 2973
1783603759359 0.5075375437736511 2974
1783603759506 0.3439846634864807 2975
1783603759621 0.3548504114151001 2976
1783603759746 0.28253576159477234 2977
1783603759890 0.2971276640892029 2978
1783603760032 0.32637453079223633 2979
1783603760161 0.07371136546134949 2980
1783603760290 0.3137803375720978 2981
1783603760419 0.20726953446865082 2982
1783603760519 0.20978380739688873 2983
1783603760628 0.32045772671699524 2984
1783603760758 0.642396092414856 2985
1783603760879 0.2802685499191284 2986
1783603760983 0.24544978141784668 2987
1783603761125 0.2141336351633072 2988
1783603761257 0.5546785593032837 2989
1783603761412 0.34717318415641785 2990
1783603761535 0.23567400872707367 2991
1783603761682 0.3965027630329132 2992
1783603761846 0.20814016461372375 2993
1783603761990 0.2992672920227051 2994
1783603762138 0.2809602916240692 2995
1783603762307 0.1614321619272232 2996
1783603762436 0.6076019406318665 2997
1783603762560 0.04353438317775726 2998
1783603762691 0.1354411542415619 2999
1783603762841 0.201112762093544 3000
1783603762998 0.7124534845352173 3001
1783603763156 0.3512337803840637 3002
1783603763403 0.20563922822475433 3003
1783603763544 0.17841467261314392 3004
1783603763713 0.12307044118642807 3005
1783603763856 0.1841748058795929 3006
1783603764011 0.24829070270061493 3007
1783603764140 0.25085654854774475 3008
1783603764448 0.2037585973739624 3009
1783603764664 0.1360933929681778 3010
1783603764814 0.31895485520362854 3011
1783603764933 0.4528747797012329 3012
1783603765027 0.23203881084918976 3013
1783603765142 0.3145526051521301 3014
1783603765287 0.2953350841999054 3015
1783603765446 0.22514230012893677 3016
1783603765580 0.20102649927139282 3017
1783603765720 0.25610822439193726 3018
1783603765954 0.21229586005210876 3019
1783603766083 0.17260928452014923 3020
1783603766170 0.36488139629364014 3021
1783603766383 0.28365394473075867 3022
1783603766541 0.21692048013210297 3023
1783603766839 0.48985379934310913 3024
1783603767030 0.35655614733695984 3025
1783603767189 0.43084633350372314 3026
1783603767354 0.33122381567955017 3027
1783603767497 0.3866190016269684 3028
1783603767697 0.25068774819374084 3029
1783603767847 0.20208238065242767 3030
1783603767995 0.5453981757164001 3031
1783603768184 0.26033079624176025 3032
1783603768337 0.2121099829673767 3033
1783603768713 0.15615524351596832 3034
1783603768875 0.18135689198970795 3035
1783603769041 0.3404366075992584 3036
1783603769188 0.14784084260463715 3037
1783603769379 0.3206687569618225 3038
1783603769545 0.12489532679319382 3039
1783603769701 0.40222710371017456 3040
1783603769865 0.2852453589439392 3041
1783603769987 0.7874132394790649 3042
1783603770114 0.3804836869239807 3043
1783603770257 0.2109573632478714 3044
1783603770383 0.25220388174057007 3045
1783603770502 0.09899301826953888 3046
1783603770669 0.09898021072149277 3047
1783603770815 0.3272491991519928 3048
1783603770975 0.17257334291934967 3049
1783603771168 0.7210183143615723 3050
1783603771299 0.3632064461708069 3051
1783603771410 0.32578352093696594 3052
1783603771513 0.2985510230064392 3053
1783603771627 0.33893585205078125 3054
1783603771749 0.35146787762641907 3055
1783603771892 0.1815928965806961 3056
1783603772066 0.14610113203525543 3057
1783603772176 0.7214130759239197 3058
1783603772293 0.12893013656139374 3059
1783603772434 0.44840455055236816 3060
1783603772573 0.3004491329193115 3061
1783603772701 0.12007786333560944 3062
1783603772866 0.3573917746543884 3063
1783603773011 0.5460061430931091 3064
1783603773175 0.37188124656677246 3065
1783603773310 0.2228441685438156 3066
1783603773439 0.262606143951416 3067
1783603773571 0.3148108720779419 3068
1783603773728 0.07560736685991287 3069
1783603773874 0.7230364680290222 3070
1783603773999 0.630775511264801 3071
1783603774124 0.19385048747062683 3072
1783603774302 0.3630386292934418 3073
1783603774464 0.19733235239982605 3074
1783603774602 0.08106064051389694 3075
1783603774723 0.33808043599128723 3076
1783603774857 0.49105507135391235 3077
1783603775067 0.3275125026702881 3078
1783603775203 0.33037233352661133 3079
1783603775341 0.5108836889266968 3080
1783603775481 0.26460620760917664 3081
1783603775617 0.5844264030456543 3082
1783603775754 0.8261844515800476 3083
1783603775879 0.34070464968681335 3084
1783603776018 0.1763181835412979 3085
1783603776149 0.6186529397964478 3086
1783603776277 0.18842944502830505 3087
1783603776442 0.6035111546516418 3088
1783603776602 0.17002396285533905 3089
1783603776764 0.10770530998706818 3090
1783603776896 0.17442254722118378 3091
1783603777014 0.6849449872970581 3092
1783603777155 0.3141777813434601 3093
1783603777317 0.5650588870048523 3094
1783603777451 0.21635472774505615 3095
1783603777882 0.3868338465690613 3096
1783603778033 0.7584872841835022 3097
1783603778183 0.366291880607605 3098
1783603778333 0.17167928814888 3099
1783603778481 0.20317481458187103 3100
1783603778633 0.3750022053718567 3101
1783603778764 0.28517425060272217 3102
1783603778955 0.29591912031173706 3103
1783603779132 0.08970829844474792 3104
1783603779285 0.14945164322853088 3105
1783603779441 0.18602138757705688 3106
1783603779581 0.19700315594673157 3107
1783603779703 0.1202647015452385 3108
1783603779913 0.5672814249992371 3109
1783603780004 0.12830132246017456 3110
1783603780136 0.35673269629478455 3111
1783603780331 0.2241397351026535 3112
1783603780504 0.16936273872852325 3113
1783603780655 0.19619779288768768 3114
1783603780803 0.1593027412891388 3115
1783603780928 0.17536304891109467 3116
1783603781073 0.47691941261291504 3117
1783603781204 0.1807001680135727 3118
1783603781339 0.07659143209457397 3119
1783603781497 0.1754428744316101 3120
1783603781667 0.22136858105659485 3121
1783603781814 0.5109412670135498 3122
1783603781956 0.07753204554319382 3123
1783603782116 0.1542670577764511 3124
1783603782290 0.3674567937850952 3125
1783603782436 0.21199294924736023 3126
1783603782622 0.2185206562280655 3127
1783603782763 0.5765355229377747 3128
1783603782919 0.18708395957946777 3129
1783603783139 0.1659703254699707 3130
1783603783305 0.45592594146728516 3131
1783603783430 0.152182936668396 3132
1783603783591 0.21872082352638245 3133
1783603783762 0.03757093846797943 3134
1783603783910 0.5102530121803284 3135
1783603784072 1.0261824131011963 3136
1783603784279 0.2635733187198639 3137
1783603784419 0.24650606513023376 3138
1783603784521 0.2516399919986725 3139
1783603784675 0.1839366853237152 3140
1783603784846 0.27402251958847046 3141
1783603784983 0.35463187098503113 3142
1783603785145 0.41080206632614136 3143
1783603785296 0.1148914247751236 3144
1783603785467 0.37925267219543457 3145
1783603785681 0.15846899151802063 3146
1783603785832 0.35352033376693726 3147
1783603785967 0.21069534122943878 3148
1783603786103 0.46862101554870605 3149
1783603786208 0.20736780762672424 3150
1783603786367 0.13787077367305756 3151
1783603786503 0.3342670798301697 3152
1783603786608 0.46652862429618835 3153
1783603786763 0.05634286254644394 3154
1783603786910 0.5264012813568115 3155
1783603787067 0.2847291827201843 3156
1783603787212 0.3627663254737854 3157
1783603787356 0.32097381353378296 3158
1783603787494 0.28763920068740845 3159
1783603787660 0.6361355185508728 3160
1783603787810 0.7460429072380066 3161
1783603787946 0.21623359620571136 3162
1783603788181 0.14654278755187988 3163
1783603788328 0.2238963544368744 3164
1783603788480 0.18914471566677094 3165
1783603788633 0.3906475603580475 3166
1783603788760 0.2805310785770416 3167
1783603788893 0.25257745385169983 3168
1783603789016 0.21582606434822083 3169
1783603789147 0.6329596638679504 3170
1783603789279 0.656916618347168 3171
1783603789546 0.2630420923233032 3172
1783603789682 0.4556984007358551 3173
1783603789859 0.2711767554283142 3174
1783603789976 0.38579028844833374 3175
1783603790177 0.19502387940883636 3176
1783603790312 0.2477482557296753 3177
1783603790498 0.20550760626792908 3178
1783603790646 0.35660380125045776 3179
1783603790797 0.5991355776786804 3180
1783603790948 0.4395543336868286 3181
1783603791076 0.26491135358810425 3182
1783603791211 0.1072826087474823 3183
1783603791316 0.4696578085422516 3184
1783603791469 0.11483068764209747 3185
1783603791613 0.13653595745563507 3186
1783603791743 0.19098035991191864 3187
1783603791878 0.20318226516246796 3188
1783603792018 0.7813335061073303 3189
1783603792200 0.18123064935207367 3190
1783603792336 0.1571924388408661 3191
1783603792499 0.43121859431266785 3192
1783603792648 0.17546232044696808 3193
1783603792787 0.1848558783531189 3194
1783603792954 0.2412921041250229 3195
1783603793108 0.47725847363471985 3196
1783603793262 0.33117637038230896 3197
1783603793588 0.4364672303199768 3198
1783603793757 0.4425985813140869 3199
1783603793871 0.34134742617607117 3200
1783603794019 0.46044498682022095 3201
1783603794169 0.15519578754901886 3202
1783603794291 0.39921048283576965 3203
1783603794424 0.2921988070011139 3204
1783603794576 0.5822508335113525 3205
1783603794904 0.5388613939285278 3206
1783603795029 0.18604986369609833 3207
1783603795158 0.2545683979988098 3208
1783603795286 0.2966330051422119 3209
1783603795410 0.24001280963420868 3210
1783603795572 0.314557284116745 3211
1783603795724 0.2150947004556656 3212
1783603795835 0.24533112347126007 3213
1783603796075 0.20339134335517883 3214
1783603796173 0.3088637888431549 3215
1783603796326 0.22015321254730225 3216
1783603796410 0.4059652090072632 3217
1783603796517 0.13473919034004211 3218
1783603796638 0.1589316576719284 3219
1783603796789 0.28056323528289795 3220
1783603796931 0.11149495840072632 3221
1783603797080 0.21102342009544373 3222
1783603797389 0.4054858386516571 3223
1783603797527 0.5825188159942627 3224
1783603797683 0.264790415763855 3225
1783603797825 0.30528557300567627 3226
1783603797978 0.25055545568466187 3227
1783603798131 0.19513347744941711 3228
1783603798316 0.10674768686294556 3229
1783603798450 0.33683666586875916 3230
1783603798625 0.2710559368133545 3231
1783603798823 0.4041942358016968 3232
1783603798957 0.4118766784667969 3233
1783603799065 0.125416561961174 3234
1783603799217 0.6457540392875671 3235
1783603799368 0.1564963459968567 3236
1783603799513 0.12870219349861145 3237
1783603799649 0.36285802721977234 3238
1783603799811 0.14254923164844513 3239
1783603799994 0.2813495993614197 3240
1783603800116 0.4504500925540924 3241
1783603800273 0.41339340806007385 3242
1783603800444 0.32481735944747925 3243
1783603800587 0.18651090562343597 3244
1783603800709 0.22756986320018768 3245
1783603800864 0.37878549098968506 3246
1783603801003 0.46676236391067505 3247
1783603801240 0.42598840594291687 3248
1783603801378 0.3065926432609558 3249
1783603801528 0.2412714660167694 3250
1783603801666 0.28985077142715454 3251
1783603801814 0.16760237514972687 3252
1783603801959 0.15008197724819183 3253
1783603802128 0.3779204487800598 3254
1783603802272 0.22277122735977173 3255
1783603802431 0.37669599056243896 3256
1783603802544 0.1035049706697464 3257
1783603802706 0.20339125394821167 3258
1783603802846 0.6830493211746216 3259
1783603802969 0.08174264430999756 3260
1783603803114 0.4694115221500397 3261
1783603803270 0.5945742726325989 3262
1783603803414 0.24503104388713837 3263
1783603803555 0.4114244878292084 3264
1783603803698 0.3697928786277771 3265
1783603803931 0.24650581181049347 3266
1783603804080 0.2590711712837219 3267
1783603804250 0.8175960779190063 3268
1783603804398 0.2737659215927124 3269
1783603804521 0.3737797141075134 3270
1783603804674 0.34224799275398254 3271
1783603804802 0.14159782230854034 3272
1783603804964 0.12762248516082764 3273
1783603805162 0.2624213397502899 3274
1783603805326 0.12173563987016678 3275
1783603805477 0.31406527757644653 3276
1783603805623 0.10868600010871887 3277
1783603805754 1.0786691904067993 3278
1783603805940 0.1538754552602768 3279
1783603806111 0.3736402094364166 3280
1783603806207 0.1921250969171524 3281
1783603806369 0.31380048394203186 3282
1783603806520 0.21886171400547028 3283
1783603806612 0.3131832480430603 3284
1783603806736 0.3890780806541443 3285
1783603806877 0.3197373151779175 3286
1783603806989 0.1711917370557785 3287
1783603807144 0.20089282095432281 3288
1783603807277 0.23070365190505981 3289
1783603807413 0.34879201650619507 3290
1783603807759 0.7966271638870239 3291
1783603807941 0.24432149529457092 3292
1783603808086 0.2510032057762146 3293
1783603808235 0.4137519896030426 3294
1783603808376 0.2049826979637146 3295
1783603808512 0.44613441824913025 3296
1783603808659 0.3158552348613739 3297
1783603808796 0.34349262714385986 3298
1783603808962 0.25171178579330444 3299
1783603809248 0.6289729475975037 3300
1783603809356 0.20753861963748932 3301
1783603809497 0.28859952092170715 3302
1783603809646 0.1067974790930748 3303
1783603809778 0.16367028653621674 3304
1783603809947 0.496896356344223 3305
1783603810046 0.26663321256637573 3306
1783603810210 0.29686111211776733 3307
1783603810444 0.19195912778377533 3308
1783603810580 0.715958297252655 3309
1783603810713 0.40469157695770264 3310
1783603810832 0.4468943774700165 3311
1783603811004 0.3680785298347473 3312
1783603811160 0.24516314268112183 3313
1783603811326 0.10838107764720917 3314
1783603811460 0.35894709825515747 3315
1783603811778 0.25463834404945374 3316
1783603811952 0.2683476209640503 3317
1783603812106 0.31087565422058105 3318
1783603812279 0.30003875494003296 3319
1783603812417 0.3215031623840332 3320
1783603812542 0.16295135021209717 3321
1783603812658 0.25271251797676086 3322
1783603812788 0.14275005459785461 3323
1783603812973 0.47599363327026367 3324
1783603813131 0.5103464126586914 3325
1783603813280 0.24729977548122406 3326
1783603813425 0.3377966582775116 3327
1783603813562 0.25844812393188477 3328
1783603813704 0.25584059953689575 3329
1783603813847 0.25750023126602173 3330
1783603814027 0.22710329294204712 3331
1783603814180 0.47043704986572266 3332
1783603814416 0.23252227902412415 3333
1783603814562 0.20833101868629456 3334
1783603814708 0.5147947669029236 3335
1783603814846 0.39815106987953186 3336
1783603814997 0.2490578442811966 3337
1783603815124 0.45054975152015686 3338
1783603815286 0.29846176505088806 3339
1783603815459 0.2605848014354706 3340
1783603815677 0.1260063350200653 3341
1783603815826 0.153538316488266 3342
1783603815925 0.3816329538822174 3343
1783603816055 0.5421093702316284 3344
1783603816152 0.44110918045043945 3345
1783603816239 0.23532459139823914 3346
1783603816349 0.2220582664012909 3347
1783603816473 0.12460828572511673 3348
1783603816577 0.5245466232299805 3349
1783603816681 0.36087602376937866 3350
1783603816796 0.3787894546985626 3351
1783603816970 0.24278616905212402 3352
1783603817068 0.06212170794606209 3353
1783603817158 0.2125234305858612 3354
1783603817264 0.21372084319591522 3355
1783603817398 0.227156862616539 3356
1783603817494 0.5372099280357361 3357
1783603817622 0.6683002710342407 3358
1783603817746 0.4002681374549866 3359
1783603817878 0.43933647871017456 3360
1783603817993 0.18912442028522491 3361
1783603818106 0.27895569801330566 3362
1783603818229 0.23956403136253357 3363
1783603818320 0.4714795649051666 3364
1783603818430 0.16905654966831207 3365
1783603818553 0.18001559376716614 3366
1783603818657 0.3830502927303314 3367
1783603818770 0.6531760692596436 3368
1783603818875 0.10898219794034958 3369
1783603818989 0.10270082205533981 3370
1783603819081 0.19285671412944794 3371
1783603819197 0.1344153732061386 3372
1783603819308 0.10252724587917328 3373
1783603819437 0.40599286556243896 3374
1783603819534 0.32232120633125305 3375
1783603819641 0.4904247224330902 3376
1783603819731 0.3601393699645996 3377
1783603819829 0.268919438123703 3378
1783603819951 0.15735891461372375 3379
1783603820059 0.26425957679748535 3380
1783603820181 0.6889879703521729 3381
1783603820284 0.2362505942583084 3382
1783603820385 0.13911664485931396 3383
1783603820520 0.11628606915473938 3384
1783603820657 0.3392677903175354 3385
1783603820789 0.23752057552337646 3386
1783603820891 0.3017820417881012 3387
1783603820988 0.1918012648820877 3388
1783603821077 0.5220745801925659 3389
1783603821192 0.5346406698226929 3390
1783603821291 0.3563551604747772 3391
1783603821376 0.24987155199050903 3392
1783603821484 0.36664003133773804 3393
1783603821566 0.31832730770111084 3394
1783603821653 0.3522722125053406 3395
1783603821752 0.4279112219810486 3396
1783603821847 0.44331955909729004 3397
1783603821960 0.6431735754013062 3398
1783603822069 0.3086049258708954 3399
1783603822185 0.2879263758659363 3400
1783603822294 0.32058802247047424 3401
1783603822399 0.4561927914619446 3402
1783603822546 0.3659965693950653 3403
1783603822656 0.42147839069366455 3404
1783603822776 0.24227452278137207 3405
1783603822894 0.15353478491306305 3406
1783603823018 0.158183753490448 3407
1783603823222 0.39535248279571533 3408
1783603823333 0.12104149907827377 3409
1783603823441 0.1695813536643982 3410
1783603823555 0.24710790812969208 3411
1783603823672 0.23663774132728577 3412
1783603823789 0.12208940833806992 3413
1783603823923 0.27358192205429077 3414
1783603824032 0.5275598764419556 3415
1783603824146 0.1848718374967575 3416
1783603824236 0.12383551150560379 3417
1783603824324 0.180402934551239 3418
1783603824452 0.11589649319648743 3419
1783603824557 0.3560631573200226 3420
1783603824667 0.14087048172950745 3421
1783603824770 1.073061227798462 3422
1783603824862 0.40506961941719055 3423
1783603824953 0.19085831940174103 3424
1783603825042 0.4733215570449829 3425
1783603825144 0.6625138521194458 3426
1783603825273 0.5993934273719788 3427
1783603825390 0.27926337718963623 3428
1783603825499 0.1713448017835617 3429
1783603825654 0.41952329874038696 3430
1783603825789 0.2841848134994507 3431
1783603825886 0.08412569016218185 3432
1783603825974 0.7418776750564575 3433
1783603826096 0.17053169012069702 3434
1783603826183 0.2925858795642853 3435
1783603826323 0.2659943401813507 3436
1783603826482 0.6682209372520447 3437
1783603826626 0.1414923518896103 3438
1783603826762 0.5987773537635803 3439
1783603827014 0.29084229469299316 3440
1783603827170 0.13935157656669617 3441
1783603827332 0.15762023627758026 3442
1783603827481 0.39244988560676575 3443
1783603827612 0.2279537320137024 3444
1783603827760 0.370357871055603 3445
1783603827904 0.2921324372291565 3446
1783603828046 0.47482627630233765 3447
1783603828213 0.619253396987915 3448
1783603828424 0.16302931308746338 3449
1783603828580 0.21260295808315277 3450
1783603828759 0.33292850852012634 3451
1783603828923 0.22000816464424133 3452
1783603829064 0.30230915546417236 3453
1783603829234 0.3783995807170868 3454
1783603829372 0.13048423826694489 3455
1783603829627 0.14792564511299133 3456
1783603829782 0.1500653475522995 3457
1783603829925 0.1699005514383316 3458
1783603830041 0.5481013655662537 3459
1783603830158 0.21799367666244507 3460
1783603830273 0.1094711497426033 3461
1783603830380 0.14612527191638947 3462
1783603830486 0.17022059857845306 3463
1783603830607 0.6634324193000793 3464
1783603830727 0.21106228232383728 3465
1783603830897 0.1161000207066536 3466
1783603831017 0.2606731653213501 3467
1783603831147 0.17710311710834503 3468
1783603831305 0.3693009912967682 3469
1783603831459 0.2824873924255371 3470
1783603831588 0.22091151773929596 3471
1783603831730 0.5476837158203125 3472
1783603831877 0.3228045105934143 3473
1783603831989 0.5292097926139832 3474
1783603832123 0.32239916920661926 3475
1783603832232 0.3448408544063568 3476
1783603832341 0.28000763058662415 3477
1783603832445 0.12212598323822021 3478
1783603832548 0.3373296558856964 3479
1783603832649 0.2529820203781128 3480
1783603832736 0.39142751693725586 3481
1783603832831 0.409523606300354 3482
1783603832936 0.27584874629974365 3483
1783603833022 0.7262718677520752 3484
1783603833118 0.3281913101673126 3485
1783603833221 0.3040641248226166 3486
1783603833326 0.10520290583372116 3487
1783603833443 0.3733450472354889 3488
1783603833554 0.2660338580608368 3489
1783603833649 0.28045654296875 3490
1783603833764 0.18594442307949066 3491
1783603833883 0.1918623298406601 3492
1783603833996 0.49696072936058044 3493
1783603834094 0.45458734035491943 3494
1783603834174 0.22351226210594177 3495
1783603834281 0.6289766430854797 3496
1783603834382 0.1692291498184204 3497
1783603834485 0.22799497842788696 3498
1783603834613 0.16417196393013 3499
1783603834736 0.6022176742553711 3500
1783603834841 0.1975656896829605 3501
1783603834954 0.16849441826343536 3502
1783603835055 0.39610669016838074 3503
1783603835167 0.6948293447494507 3504
1783603835292 0.17010483145713806 3505
1783603835406 0.5152410864830017 3506
1783603835519 0.3325570821762085 3507
1783603835609 0.22134658694267273 3508
1783603835713 0.28079503774642944 3509
1783603835832 0.11934909224510193 3510
1783603835964 0.4583386182785034 3511
1783603836085 0.35161811113357544 3512
1783603836176 0.22003814578056335 3513
1783603836288 0.3542424738407135 3514
1783603836390 0.7384708523750305 3515
1783603836495 0.2664293348789215 3516
1783603836611 0.36110755801200867 3517
1783603836737 0.4883177578449249 3518
1783603836870 0.16458509862422943 3519
1783603837005 0.21035173535346985 3520
1783603837148 0.21876148879528046 3521
1783603837289 0.1262696385383606 3522
1783603837418 0.45366984605789185 3523
1783603837577 0.17547975480556488 3524
1783603837725 0.4365271031856537 3525
1783603837925 0.11992568522691727 3526
1783603838041 0.15498444437980652 3527
1783603838141 0.5362612009048462 3528
1783603838247 0.24301296472549438 3529
1783603838367 0.5668562054634094 3530
1783603838531 0.26314207911491394 3531
1783603838665 0.4093697965145111 3532
1783603838771 0.4845302402973175 3533
1783603838856 0.2124483287334442 3534
1783603838956 0.5554407238960266 3535
1783603839057 0.22417375445365906 3536
1783603839170 0.3787789046764374 3537
1783603839262 0.42282921075820923 3538
1783603839367 0.36189723014831543 3539
1783603839466 0.20912961661815643 3540
1783603839558 0.3328012228012085 3541
1783603839656 0.11356133222579956 3542
1783603839767 0.26667842268943787 3543
1783603839905 0.2119932621717453 3544
1783603840013 0.1442001312971115 3545
1783603840106 0.32730191946029663 3546
1783603840194 0.32198986411094666 3547
1783603840302 0.36075496673583984 3548
1783603840416 0.2958986759185791 3549
1783603840528 0.6527204513549805 3550
1783603840629 0.20757520198822021 3551
1783603840725 0.2234266996383667 3552
1783603840844 0.2191033810377121 3553
1783603840981 0.40930789709091187 3554
1783603841098 0.18159841001033783 3555
1783603841224 0.2634143531322479 3556
1783603841315 0.5470664501190186 3557
1783603841441 0.3589613437652588 3558
1783603841560 0.38784587383270264 3559
1783603841653 0.1338987499475479 3560
1783603841742 0.5812845230102539 3561
1783603841848 0.2842787504196167 3562
1783603841957 0.39460092782974243 3563
1783603842074 0.27722352743148804 3564
1783603842178 0.06587778776884079 3565
1783603842290 0.08757491409778595 3566
1783603842426 0.21167413890361786 3567
1783603842536 0.4049513638019562 3568
1783603842652 0.2734299302101135 3569
1783603842772 0.28731995820999146 3570
1783603842884 0.24849532544612885 3571
1783603842996 0.3744206130504608 3572
1783603843096 0.262169748544693 3573
1783603843216 0.17494498193264008 3574
1783603843319 0.11515786498785019 3575
1783603843419 0.28613701462745667 3576
1783603843531 0.4493439793586731 3577
1783603843645 0.41132548451423645 3578
1783603843759 0.21378657221794128 3579
1783603843854 0.6057966947555542 3580
1783603843973 0.5021445155143738 3581
1783603844092 0.25879207253456116 3582
1783603844190 0.3536306321620941 3583
1783603844322 0.21454854309558868 3584
1783603844499 0.15493497252464294 3585
1783603844669 1.0707532167434692 3586
1783603844873 0.29243671894073486 3587
1783603845032 0.1861790269613266 3588
1783603845168 0.5843601226806641 3589
1783603845314 0.38446226716041565 3590
1783603845472 0.32137271761894226 3591
1783603845631 0.3132016658782959 3592
1783603845772 0.3208688795566559 3593
1783603845913 0.36038827896118164 3594
1783603846082 0.492124080657959 3595
1783603846201 0.25589627027511597 3596
1783603846341 0.1869434416294098 3597
1783603846524 0.10276850312948227 3598
1783603846675 0.24000298976898193 3599
1783603846811 0.2618783712387085 3600
1783603846943 0.3574758470058441 3601
1783603847078 0.33241307735443115 3602
1783603847227 0.6817901134490967 3603
1783603847372 0.1969093680381775 3604
1783603847509 0.34952056407928467 3605
1783603847701 0.2792326807975769 3606
1783603847840 0.2778007388114929 3607
1783603847976 0.22642327845096588 3608
1783603848105 0.1684907227754593 3609
1783603848250 0.5037193298339844 3610
1783603848407 0.06263529509305954 3611
1783603848558 0.17662253975868225 3612
1783603848712 0.3396393656730652 3613
1783603848918 0.3534291982650757 3614
1783603849053 0.3822328448295593 3615
1783603849163 0.40919235348701477 3616
1783603849287 0.7044422030448914 3617
1783603849432 0.4468316435813904 3618
1783603849562 0.45201775431632996 3619
1783603849710 0.4781002998352051 3620
1783603849851 0.18415212631225586 3621
1783603850070 0.43724650144577026 3622
1783603850181 0.3030947148799896 3623
1783603850334 0.5883553624153137 3624
1783603850457 0.09845347702503204 3625
1783603850673 0.2689592242240906 3626
1783603850806 0.1786533147096634 3627
1783603850951 0.23486950993537903 3628
1783603851072 0.7185344099998474 3629
1783603851245 0.21996942162513733 3630
1783603851395 0.20876005291938782 3631
1783603851529 0.2538405954837799 3632
1783603851653 0.17099997401237488 3633
1783603851813 0.4801090657711029 3634
1783603851933 0.4592081606388092 3635
1783603852077 0.16453929245471954 3636
1783603852254 0.2184927761554718 3637
1783603852401 0.12196726351976395 3638
1783603852592 0.661228597164154 3639
1783603852771 0.22252538800239563 3640
1783603852915 0.349405437707901 3641
1783603853029 0.5475835800170898 3642
1783603853166 0.11642184108495712 3643
1783603853319 0.4286606013774872 3644
1783603853465 0.23875169456005096 3645
1783603853583 0.21787698566913605 3646
1783603853736 0.679379940032959 3647
1783603853878 0.2733567953109741 3648
1783603854038 0.13725106418132782 3649
1783603854202 0.67231684923172 3650
1783603854335 0.2424871325492859 3651
1783603854478 0.5872229337692261 3652
1783603854585 0.4182884693145752 3653
1783603854711 0.19013342261314392 3654
1783603854873 0.2948501706123352 3655
1783603855041 0.3263312578201294 3656
1783603855175 0.4971807301044464 3657
1783603855433 0.7881497144699097 3658
1783603855576 0.34245601296424866 3659
1783603855697 0.3730599880218506 3660
1783603855844 0.30920305848121643 3661
1783603855992 0.4391995072364807 3662
1783603856154 0.3041315972805023 3663
1783603856247 0.12927867472171783 3664
1783603856405 0.18704728782176971 3665
1783603856562 0.1946755200624466 3666
1783603856753 0.3673372268676758 3667
1783603856890 0.1239432543516159 3668
1783603857024 0.48778030276298523 3669
1783603857186 0.16779914498329163 3670
1783603857321 0.25525733828544617 3671
1783603857470 0.4394415616989136 3672
1783603857598 0.12479200959205627 3673
1783603857735 0.2717331051826477 3674
1783603857859 0.4670977294445038 3675
1783603858011 0.27064913511276245 3676
1783603858160 0.3958892822265625 3677
1783603858319 0.35008785128593445 3678
1783603858471 0.20558391511440277 3679
1783603858580 0.05455884709954262 3680
1783603858723 0.3474445939064026 3681
1783603858857 0.32939010858535767 3682
1783603859023 0.354064404964447 3683
1783603859239 0.28992506861686707 3684
1783603859390 0.2692108154296875 3685
1783603859515 0.3563399910926819 3686
1783603859640 0.4351125657558441 3687
1783603859769 0.4215703308582306 3688
1783603859907 0.3421475887298584 3689
1783603860018 0.30382001399993896 3690
1783603860118 0.24868716299533844 3691
1783603860283 0.2936369776725769 3692
1783603860440 0.1885058730840683 3693
1783603860575 0.362770140171051 3694
1783603860708 0.1832287609577179 3695
1783603860832 0.2851572334766388 3696
1783603860966 0.45851266384124756 3697
1783603861101 0.17026224732398987 3698
1783603861224 0.47733908891677856 3699
1783603861373 0.13075274229049683 3700
1783603861491 0.4286446273326874 3701
1783603861606 0.5132215619087219 3702
1783603861717 0.4263601005077362 3703
1783603861818 0.3931919038295746 3704
1783603861946 0.28156939148902893 3705
1783603862099 0.42528659105300903 3706
1783603862235 0.49950382113456726 3707
1783603862346 0.3912906050682068 3708
1783603862493 0.3844831883907318 3709
1783603862633 0.519676685333252 3710
1783603862768 0.5322929620742798 3711
1783603862966 0.40803253650665283 3712
1783603863105 0.3933665454387665 3713
1783603863255 0.3123900294303894 3714
1783603863385 0.17087170481681824 3715
1783603863538 0.27356404066085815 3716
1783603863698 0.2319169044494629 3717
1783603863831 0.2759546935558319 3718
1783603863962 0.1792578548192978 3719
1783603864114 0.2373344749212265 3720
1783603864322 0.13390977680683136 3721
1783603864476 0.20893386006355286 3722
1783603864635 0.4058666229248047 3723
1783603864788 0.3087058365345001 3724
1783603864924 0.27705350518226624 3725
1783603865086 0.10024357587099075 3726
1783603865214 0.3448272943496704 3727
1783603865354 0.18651044368743896 3728
1783603865759 0.18333448469638824 3729
1783603865878 0.07758688926696777 3730
1783603866032 0.2520555853843689 3731
1783603866134 0.21930904686450958 3732
1783603866258 0.09529493749141693 3733
1783603866429 0.5313869714736938 3734
1783603866553 0.08150126039981842 3735
1783603866692 0.10145197063684464 3736
1783603866836 0.4480072855949402 3737
1783603867028 0.330846905708313 3738
1783603867233 0.09599486738443375 3739
1783603867353 0.2215973138809204 3740
1783603867498 0.5374500155448914 3741
1783603867613 0.2518584430217743 3742
1783603867759 0.2462037354707718 3743
1783603867919 0.48040032386779785 3744
1783603868059 0.30823972821235657 3745
1783603868249 0.22660963237285614 3746
1783603868390 0.1036970242857933 3747
1783603868538 0.32113146781921387 3748
1783603868675 0.47304728627204895 3749
1783603869304 0.2644917964935303 3750
1783603869418 0.1711476445198059 3751
1783603869575 0.28879159688949585 3752
1783603869711 0.44149383902549744 3753
1783603869828 0.2568743824958801 3754
1783603869953 0.7872014045715332 3755
1783603870078 0.07030198723077774 3756
1783603870246 0.06851334124803543 3757
1783603870387 0.197668194770813 3758
1783603870531 0.23161914944648743 3759
1783603870686 0.1808994710445404 3760
1783603870932 0.33620887994766235 3761
1783603871066 0.2736331820487976 3762
1783603871178 0.671201765537262 3763
1783603871309 0.2907564640045166 3764
1783603871428 0.32419633865356445 3765
1783603871552 0.6234834790229797 3766
1783603871681 0.315188467502594 3767
1783603871761 0.26415470242500305 3768
1783603871861 0.5001540780067444 3769
1783603871972 0.29526567459106445 3770
1783603872085 0.10586538910865784 3771
1783603872188 0.10796314477920532 3772
1783603872293 0.4278661906719208 3773
1783603872388 0.29882484674453735 3774
1783603872501 0.22771623730659485 3775
1783603872619 0.16690102219581604 3776
1783603872765 0.5233336687088013 3777
1783603872911 0.19634035229682922 3778
1783603873035 0.3703756332397461 3779
1783603873157 0.4652046859264374 3780
1783603873281 0.23192134499549866 3781
1783603873385 0.2379358559846878 3782
1783603873495 0.250744491815567 3783
1783603873605 0.15412096679210663 3784
1783603873738 0.4358067810535431 3785
1783603873852 0.8578462600708008 3786
1783603873981 0.1274564117193222 3787
1783603874097 0.138472780585289 3788
1783603874219 0.33241206407546997 3789
1783603874350 0.186160147190094 3790
1783603874657 0.3833698332309723 3791
1783603874811 0.2987593710422516 3792
1783603874959 0.09763044863939285 3793
1783603875085 0.1169247105717659 3794
1783603875225 0.39973682165145874 3795
1783603875325 0.28820303082466125 3796
1783603875473 0.06858263164758682 3797
1783603875579 0.1477646678686142 3798
1783603875737 0.2475530356168747 3799
1783603876014 0.15994222462177277 3800
1783603876133 0.619760274887085 3801
1783603876233 0.08994550257921219 3802
1783603876357 0.24887509644031525 3803
1783603876475 0.08613423258066177 3804
1783603876606 0.2719758450984955 3805
1783603876709 0.40757229924201965 3806
1783603876841 0.24203379452228546 3807
1783603876984 0.22648723423480988 3808
1783603877267 0.2963259220123291 3809
1783603877379 0.24948640167713165 3810
1783603877503 0.25682681798934937 3811
1783603877623 0.4081383943557739 3812
1783603877744 0.3710896968841553 3813
1783603877889 0.4278361201286316 3814
1783603878016 0.2449282556772232 3815
1783603878168 0.34494563937187195 3816
1783603878303 0.23484857380390167 3817
1783603878558 0.17738263309001923 3818
1783603878709 0.6089726090431213 3819
1783603878832 0.7775152325630188 3820
1783603878972 0.4644807279109955 3821
1783603879102 0.1548609584569931 3822
1783603879201 0.21022453904151917 3823
1783603879335 0.20660746097564697 3824
1783603879476 0.13098594546318054 3825
1783603879592 0.3666541576385498 3826
1783603879746 0.40846648812294006 3827
1783603879904 0.5199281573295593 3828
1783603880049 0.22187034785747528 3829
1783603880158 0.24668653309345245 3830
1783603880296 0.38343536853790283 3831
1783603880407 0.2674562633037567 3832
1783603880542 0.5240792632102966 3833
1783603880627 0.5332385897636414 3834
1783603880731 0.3467344641685486 3835
1783603880867 0.28373056650161743 3836
1783603881025 0.26302987337112427 3837
1783603881219 0.1721995621919632 3838
1783603881349 0.42251700162887573 3839
1783603881499 0.23186060786247253 3840
1783603881636 0.1379079669713974 3841
1783603881747 0.15656672418117523 3842
1783603881846 0.24850904941558838 3843
1783603881971 0.055081382393836975 3844
1783603882087 0.49542155861854553 3845
1783603882252 0.15227745473384857 3846
1783603882384 0.48504871129989624 3847
1783603882500 0.5419854521751404 3848
1783603882597 0.1006828024983406 3849
1783603882691 0.17621876299381256 3850
1783603882778 0.4093329608440399 3851
1783603882871 0.3919779658317566 3852
1783603882958 0.6273530125617981 3853
1783603883054 0.16701523959636688 3854
1783603883143 0.27188217639923096 3855
1783603883244 0.12762700021266937 3856
1783603883340 0.49542367458343506 3857
1783603883444 0.057394471019506454 3858
1783603883552 0.240190327167511 3859
1783603883670 0.1729559302330017 3860
1783603883782 0.46782752871513367 3861
1783603883873 0.35041651129722595 3862
1783603883965 0.43926557898521423 3863
1783603884071 0.2171248495578766 3864
1783603884187 0.22645695507526398 3865
1783603884272 0.5105759501457214 3866
1783603884371 0.21451623737812042 3867
1783603884457 0.5688437223434448 3868
1783603884552 0.4663888216018677 3869
1783603884636 0.2943517863750458 3870
1783603884752 0.22838982939720154 3871
1783603884847 0.18560349941253662 3872
1783603884946 0.46745964884757996 3873
1783603885046 0.1952260434627533 3874
1783603885146 0.26840347051620483 3875
1783603885232 0.5280938148498535 3876
1783603885327 0.3649453818798065 3877
1783603885434 0.251491904258728 3878
1783603885536 0.08662104606628418 3879
1783603885611 0.3835611939430237 3880
1783603885708 0.337175577878952 3881
1783603885785 0.5364725589752197 3882
1783603885865 0.5473662614822388 3883
1783603885942 0.33438053727149963 3884
1783603886033 0.1587609350681305 3885
1783603886141 0.5120689868927002 3886
1783603886236 0.2444797158241272 3887
1783603886333 0.4480913281440735 3888
1783603886431 0.07781040668487549 3889
1783603886531 0.19822397828102112 3890
1783603886626 0.13330893218517303 3891
1783603886736 0.21206215023994446 3892
1783603886846 0.2325350046157837 3893
1783603886951 0.2717025876045227 3894
1783603887042 0.2545219957828522 3895
1783603887152 0.47773870825767517 3896
1783603887262 0.25769877433776855 3897
1783603887388 0.30690842866897583 3898
1783603887509 0.18579845130443573 3899
1783603887636 0.4881565570831299 3900
1783603887753 0.14345087110996246 3901
1783603887863 0.4187772870063782 3902
1783603887958 0.15056900680065155 3903
1783603888067 0.2780871093273163 3904
1783603888172 0.29065433144569397 3905
1783603888272 0.12850452959537506 3906
1783603888375 0.7244744896888733 3907
1783603888482 0.31042447686195374 3908
1783603888584 0.22135663032531738 3909
1783603888683 0.37688496708869934 3910
1783603888836 0.16114108264446259 3911
1783603888949 0.14810684323310852 3912
1783603889071 0.2599351704120636 3913
1783603889160 0.1441865861415863 3914
1783603889262 0.44534382224082947 3915
1783603889365 0.17511078715324402 3916
1783603889464 0.2971600592136383 3917
1783603889556 0.22971659898757935 3918
1783603889638 0.6835401058197021 3919
1783603889722 0.267829954624176 3920
1783603889813 0.09288753569126129 3921
1783603889905 0.5244058966636658 3922
1783603890010 0.15830741822719574 3923
1783603890091 0.3874092698097229 3924
1783603890171 0.15992344915866852 3925
1783603890274 0.1735740453004837 3926
1783603890375 0.16851985454559326 3927
1783603890478 0.18965868651866913 3928
1783603890588 0.46141013503074646 3929
1783603890669 0.26455384492874146 3930
1783603890746 0.11256803572177887 3931
1783603890842 0.24568767845630646 3932
1783603890927 0.6234933733940125 3933
1783603891020 0.43687599897384644 3934
1783603891138 0.4150092601776123 3935
1783603891231 0.2985946834087372 3936
1783603891353 0.25093209743499756 3937
1783603891456 0.3051794171333313 3938
1783603891606 0.24559807777404785 3939
1783603891765 0.4998185932636261 3940
1783603891926 0.15941520035266876 3941
1783603892040 0.8797511458396912 3942
1783603892197 0.34097492694854736 3943
1783603892370 0.7928476333618164 3944
1783603892592 0.33998534083366394 3945
1783603892711 0.31841275095939636 3946
1783603892871 0.14941483736038208 3947
1783603893014 0.5469343662261963 3948
1783603893123 0.4176430404186249 3949
1783603893218 0.10661313682794571 3950
1783603893325 0.2707575261592865 3951
1783603893458 0.4290236234664917 3952
1783603893640 0.22474533319473267 3953
1783603893801 0.7365825176239014 3954
1783603893952 0.3590738773345947 3955
1783603894100 0.18363426625728607 3956
1783603894207 0.3557925820350647 3957
1783603894327 0.26556557416915894 3958
1783603894454 0.5464497804641724 3959
1783603894571 0.09975413233041763 3960
1783603894711 0.2323831468820572 3961
1783603894834 0.19885504245758057 3962
1783603895189 0.6252619028091431 3963
1783603895319 0.254133403301239 3964
1783603895456 0.21339371800422668 3965
1783603895603 0.22394515573978424 3966
1783603895706 0.30811744928359985 3967
1783603895855 0.6503087878227234 3968
1783603896018 0.30780652165412903 3969
1783603896151 0.31526148319244385 3970
1783603896255 0.49808990955352783 3971
1783603896399 0.18532584607601166 3972
1783603896487 0.2837144136428833 3973
1783603896570 1.1106436252593994 3974
1783603896674 0.3839585781097412 3975
1783603896760 0.3361475169658661 3976
1783603896840 0.28667739033699036 3977
1783603896931 0.16321420669555664 3978
1783603897030 0.1379537582397461 3979
1783603897124 0.31033337116241455 3980
1783603897224 0.28308361768722534 3981
1783603897304 0.36593443155288696 3982
1783603897390 0.29710981249809265 3983
1783603897492 0.5533685088157654 3984
1783603897591 0.38740265369415283 3985
1783603897698 0.23674815893173218 3986
1783603897782 0.2675289213657379 3987
1783603897894 0.5733035206794739 3988
1783603897980 0.1927887350320816 3989
1783603898072 0.3295832872390747 3990
1783603898170 0.4998592138290405 3991
1783603898283 0.577660083770752 3992
1783603898397 0.31377002596855164 3993
1783603898502 0.13070517778396606 3994
1783603898604 0.10625733435153961 3995
1783603898692 0.6399368047714233 3996
1783603898790 0.10480391979217529 3997
1783603898904 0.17000620067119598 3998
1783603898992 0.31941327452659607 3999
1783603899088 0.43013808131217957 4000
1783603899180 0.15356716513633728 4001
1783603899297 0.22799278795719147 4002
1783603899394 0.2891988158226013 4003
1783603899502 0.3571760654449463 4004
1783603899596 0.5959845185279846 4005
1783603899695 0.22290562093257904 4006
1783603899785 0.21606318652629852 4007
1783603899903 0.2509180009365082 4008
1783603900007 0.3071489930152893 4009
1783603900100 0.17297838628292084 4010
1783603900199 0.18707393109798431 4011
1783603900295 0.06537899374961853 4012
1783603900403 0.41748046875 4013
1783603900505 0.32134318351745605 4014
1783603900587 0.16121931374073029 4015
1783603900677 0.18926279246807098 4016
1783603900776 0.13551723957061768 4017
1783603900864 0.38997745513916016 4018
1783603900968 0.3113256096839905 4019
1783603901061 0.2664501667022705 4020
1783603901162 0.31136009097099304 4021
1783603901293 0.4163163900375366 4022
1783603901401 0.27479588985443115 4023
1783603901487 0.19914281368255615 4024
1783603901576 0.2494022697210312 4025
1783603901670 0.25291356444358826 4026
1783603901772 0.4548684358596802 4027
1783603901856 0.40683451294898987 4028
1783603901951 0.10453630238771439 4029
1783603902045 0.45025745034217834 4030
1783603902136 0.2574271559715271 4031
1783603902219 0.08874386548995972 4032
1783603902312 0.43434733152389526 4033
1783603902410 0.08673609793186188 4034
1783603902670 0.26666581630706787 4035
1783603902757 0.07036977261304855 4036
1783603902849 0.23266616463661194 4037
1783603902969 0.2318323701620102 4038
1783603903062 0.154130756855011 4039
1783603903146 0.19194886088371277 4040
1783603903239 0.4652586281299591 4041
1783603903328 0.37707412242889404 4042
1783603903425 0.1359434574842453 4043
1783603903535 0.06393550336360931 4044
1783603903652 0.3250201940536499 4045
1783603903773 0.4214825928211212 4046
1783603903874 0.10087765753269196 4047
1783603904000 0.15657679736614227 4048
1783603904079 0.4691726565361023 4049
1783603904173 0.11528351157903671 4050
1783603904280 0.3473958373069763 4051
1783603904352 0.2955075204372406 4052
1783603904450 0.6444369554519653 4053
1783603904535 0.22905924916267395 4054
1783603904639 0.2411753535270691 4055
1783603904788 0.3061009347438812 4056
1783603904921 0.2543574571609497 4057
1783603905208 0.1479288786649704 4058
1783603905359 0.3508501946926117 4059
1783603905497 0.5628789067268372 4060
1783603905642 0.2559221088886261 4061
1783603905788 0.34139734506607056 4062
1783603905922 0.1987512707710266 4063
1783603906071 0.09503277391195297 4064
1783603906175 0.5657814741134644 4065
1783603906270 0.65237957239151 4066
1783603906439 0.2840360999107361 4067
1783603906606 0.07000895589590073 4068
1783603906718 0.6818188428878784 4069
1783603906857 0.4108060300350189 4070
1783603906981 0.08398135006427765 4071
1783603907129 0.42184191942214966 4072
1783603907254 0.11355312913656235 4073
1783603907397 0.26359379291534424 4074
1783603907539 0.4964523911476135 4075
1783603907866 0.4503195583820343 4076
1783603908017 0.08002117276191711 4077
1783603908151 0.11687646806240082 4078
1783603908293 0.25890490412712097 4079
1783603908436 0.5296047925949097 4080
1783603908561 0.32996976375579834 4081
1783603908700 0.27873438596725464 4082
1783603908794 0.2979239225387573 4083
1783603908888 0.14821507036685944 4084
1783603908998 0.28628453612327576 4085
1783603909117 0.1482800990343094 4086
1783603909227 0.2604585587978363 4087
1783603909330 0.5204708576202393 4088
1783603909425 0.41087237000465393 4089
1783603909516 0.2096501737833023 4090
1783603909624 0.23732343316078186 4091
1783603909714 0.12209704518318176 4092
1783603909810 0.14734333753585815 4093
1783603909922 0.7301009893417358 4094
1783603910024 0.47384965419769287 4095
1783603910108 0.20821084082126617 4096
1783603910217 0.3438035845756531 4097
1783603910346 0.6577878594398499 4098
1783603910450 0.26066353917121887 4099
1783603910551 0.6149381399154663 4100
1783603910653 0.14073799550533295 4101
1783603910752 0.21891523897647858 4102
1783603910852 0.2457340955734253 4103
1783603910967 0.13209858536720276 4104
1783603911058 0.6949694752693176 4105
1783603911163 0.2216479778289795 4106
1783603911259 0.3374122977256775 4107
1783603911343 0.28672918677330017 4108
1783603911443 0.2511829733848572 4109
1783603911545 0.23195187747478485 4110
1783603911647 0.2769158184528351 4111
1783603911736 0.33743149042129517 4112
1783603911822 0.24842163920402527 4113
1783603911920 0.45237499475479126 4114
1783603912007 0.21918785572052002 4115
1783603912095 0.4016801118850708 4116
1783603912202 0.3118707239627838 4117
1783603912293 0.21014054119586945 4118
1783603912396 0.2953214943408966 4119
1783603912504 0.7780122756958008 4120
1783603912604 0.07280605286359787 4121
1783603912711 0.20734697580337524 4122
1783603912826 0.4289303719997406 4123
1783603912946 0.397249311208725 4124
1783603913071 0.19987811148166656 4125
1783603913190 0.6590656638145447 4126
1783603913303 0.37924522161483765 4127
1783603913425 0.22856207191944122 4128
1783603913549 0.08914521336555481 4129
1783603913644 0.1670762002468109 4130
1783603913750 0.3371063470840454 4131
1783603913834 0.513520359992981 4132
1783603913933 0.6603734493255615 4133
1783603914050 0.14988183975219727 4134
1783603914178 0.18171024322509766 4135
1783603914295 0.22773893177509308 4136
1783603914411 0.4032045900821686 4137
1783603914528 0.11684936285018921 4138
1783603914628 0.1663007140159607 4139
1783603914717 0.5835794806480408 4140
1783603914817 0.1857280433177948 4141
1783603914969 0.36045506596565247 4142
1783603915136 0.32218462228775024 4143
1783603915382 0.2706579566001892 4144
1783603915517 0.25346678495407104 4145
1783603915672 0.28769999742507935 4146
1783603915796 0.4227210283279419 4147
1783603915942 0.17317931354045868 4148
1783603916124 0.4182071387767792 4149
1783603916230 0.4848291575908661 4150
1783603916334 0.1326204538345337 4151
1783603916504 0.310901015996933 4152
1783603916699 0.311172217130661 4153
1783603916825 0.19448401033878326 4154
1783603916953 0.5156749486923218 4155
1783603917093 0.11194929480552673 4156
1783603917248 0.2034044861793518 4157
1783603917393 0.32796478271484375 4158
1783603917516 0.7056925892829895 4159
1783603917666 0.3516259491443634 4160
1783603917885 0.6793555617332458 4161
1783603918020 0.39480313658714294 4162
1783603918159 0.5211889743804932 4163
1783603918306 0.1073780208826065 4164
1783603918467 0.9212940335273743 4165
1783603918610 0.43624991178512573 4166
1783603918770 0.6121131181716919 4167
1783603918873 0.09938285499811172 4168
1783603919000 0.48640722036361694 4169
1783603919161 0.5163187384605408 4170
1783603919319 0.19160698354244232 4171
1783603919452 0.2793070673942566 4172
1783603919612 0.18836291134357452 4173
1783603919725 0.2602752149105072 4174
1783603919825 0.2858596742153168 4175
1783603919916 0.4899294972419739 4176
1783603920039 0.48649871349334717 4177
1783603920131 0.099100261926651 4178
1783603920230 0.2785717248916626 4179
1783603920324 0.1663222759962082 4180
1783603920440 0.27937403321266174 4181
1783603920537 0.47296932339668274 4182
1783603920628 0.21469290554523468 4183
1783603920724 0.20602494478225708 4184
1783603920814 0.7187829613685608 4185
1783603920899 0.15236517786979675 4186
1783603920975 0.22532199323177338 4187
1783603921076 0.49080657958984375 4188
1783603921159 0.3750625252723694 4189
1783603921268 0.38413679599761963 4190
1783603921346 0.3509747385978699 4191
1783603921425 0.2759810984134674 4192
1783603921551 0.318938285112381 4193
1783603921676 0.3710508644580841 4194
1783603921766 0.2548917829990387 4195
1783603921869 0.38168445229530334 4196
1783603921970 0.2724760174751282 4197
1783603922068 0.7162471413612366 4198
1783603922160 0.04348675534129143 4199
1783603922246 0.459695428609848 4200
1783603922346 0.26214009523391724 4201
1783603922446 0.5781035423278809 4202
1783603922564 0.15454484522342682 4203
1783603922678 0.4961928427219391 4204
1783603922805 0.4061676859855652 4205
1783603922918 0.22045186161994934 4206
1783603923007 0.21635320782661438 4207
1783603923121 0.4083983600139618 4208
1783603923214 0.27429020404815674 4209
1783603923334 0.25701478123664856 4210
1783603923439 0.2530956566333771 4211
1783603923522 0.37843412160873413 4212
1783603923628 0.5506141185760498 4213
1783603923750 0.20734113454818726 4214
1783603923856 0.5723332762718201 4215
1783603923944 0.5032672882080078 4216
1783603924052 0.21749535202980042 4217
1783603924186 0.19286146759986877 4218
1783603924294 0.08710203319787979 4219
1783603924410 0.6314108967781067 4220
1783603924515 0.24534207582473755 4221
1783603924600 0.3555237650871277 4222
1783603924718 0.3653041124343872 4223
1783603924804 0.4762876629829407 4224
1783603924915 0.5559906959533691 4225
1783603925016 0.4452647566795349 4226
1783603925129 0.2712298035621643 4227
1783603925353 0.15495412051677704 4228
1783603925465 0.20711100101470947 4229
1783603925563 0.2201680690050125 4230
1783603925683 0.6504642367362976 4231
1783603925806 0.29372885823249817 4232
1783603925907 0.28947359323501587 4233
1783603926004 0.1159701943397522 4234
1783603926132 0.3851322531700134 4235
1783603926215 0.2337699830532074 4236
1783603926297 0.4098711311817169 4237
1783603926380 0.548434853553772 4238
1783603926484 0.1192358210682869 4239
1783603926589 0.4059211313724518 4240
1783603926702 0.3690434694290161 4241
1783603926835 0.44599929451942444 4242
1783603926968 0.33418723940849304 4243
1783603927101 0.13710352778434753 4244
1783603927271 0.13967731595039368 4245
1783603927424 0.2081049084663391 4246
1783603927566 0.41863906383514404 4247
1783603927791 0.1770441234111786 4248
1783603927956 0.3290799558162689 4249
1783603928074 0.24154596030712128 4250
1783603928230 0.4008179306983948 4251
1783603928352 0.5484369993209839 4252
1783603928500 0.4517693519592285 4253
1783603928640 0.1089107021689415 4254
1783603928775 0.15466205775737762 4255
1783603928886 0.22304007411003113 4256
1783603929046 0.4537561535835266 4257
1783603929147 0.19189944863319397 4258
1783603929268 0.6433699131011963 4259
1783603929417 0.29151374101638794 4260
1783603929565 0.587337851524353 4261
1783603929726 0.1748005598783493 4262
1783603929865 0.22559136152267456 4263
1783603930036 0.1852344572544098 4264
1783603930143 0.2256455272436142 4265
1783603930271 0.26144516468048096 4266
1783603930434 0.2526322603225708 4267
1783603930579 0.2748814821243286 4268
1783603930711 0.35297349095344543 4269
1783603930864 0.5995293855667114 4270
1783603930989 0.7825068831443787 4271
1783603931112 0.5293132066726685 4272
1783603931254 0.10453914105892181 4273
1783603931383 0.548037052154541 4274
1783603931512 0.23103642463684082 4275
1783603931696 0.11571510136127472 4276
1783603931840 0.18956874310970306 4277
1783603932000 0.1963004171848297 4278
1783603932153 0.3273760974407196 4279
1783603932304 0.14419293403625488 4280
1783603932418 0.21986934542655945 4281
1783603932568 0.1499837338924408 4282
1783603932711 0.4194662272930145 4283
1783603932952 0.20916816592216492 4284
1783603933089 0.3474060595035553 4285
1783603933205 0.43036553263664246 4286
1783603933352 0.11249002069234848 4287
1783603933467 0.13277249038219452 4288
1783603933612 0.15332520008087158 4289
1783603933762 0.4162634611129761 4290
1783603933919 0.3595532476902008 4291
1783603934259 0.13740266859531403 4292
1783603934428 0.1950003057718277 4293
1783603934571 0.22032375633716583 4294
1783603934723 0.15639974176883698 4295
1783603934827 0.34906044602394104 4296
1783603934921 0.04987568035721779 4297
1783603935028 0.2750023901462555 4298
1783603935130 0.4086363911628723 4299
1783603935236 0.2520260512828827 4300
1783603935359 0.2808823585510254 4301
1783603935470 0.2669283449649811 4302
1783603935590 0.5092328190803528 4303
1783603935691 0.43743255734443665 4304
1783603935763 0.22475768625736237 4305
1783603935863 0.36217010021209717 4306
1783603935947 0.18427357077598572 4307
1783603936042 0.4270866811275482 4308
1783603936169 0.2820192873477936 4309
1783603936255 0.4014350175857544 4310
1783603936344 0.14522957801818848 4311
1783603936439 0.1810830682516098 4312
1783603936517 0.417928546667099 4313
1783603936608 0.3710865378379822 4314
1783603936695 0.25926730036735535 4315
1783603936840 0.07694423943758011 4316
1783603936943 0.15011978149414062 4317
1783603937052 0.44629010558128357 4318
1783603937162 0.3043474853038788 4319
1783603937264 0.5868771076202393 4320
1783603937356 0.4815872311592102 4321
1783603937448 0.16109374165534973 4322
1783603937537 0.43564826250076294 4323
1783603937627 0.15512070059776306 4324
1783603937718 0.2061886489391327 4325
1783603937799 0.6303536891937256 4326
1783603937911 0.2914518415927887 4327
1783603938019 0.3589065968990326 4328
1783603938122 0.22160498797893524 4329
1783603938214 0.321917325258255 4330
1783603938314 0.15664014220237732 4331
1783603938417 0.3940330743789673 4332
1783603938494 0.6900823712348938 4333
1783603938581 0.18283958733081818 4334
1783603938674 0.2528948187828064 4335
1783603938762 0.3892499506473541 4336
1783603938863 0.075478196144104 4337
1783603938958 0.9816046357154846 4338
1783603939049 0.09421689063310623 4339
1783603939154 0.1515539586544037 4340
1783603939277 0.13447138667106628 4341
1783603939369 0.12419019639492035 4342
1783603939468 0.31971657276153564 4343
1783603939573 0.034564871340990067 4344
1783603939658 0.25618764758110046 4345
1783603939759 0.19110959768295288 4346
1783603939866 0.22902259230613708 4347
1783603939977 0.548382580280304 4348
1783603940076 0.43018072843551636 4349
1783603940179 0.29394403100013733 4350
1783603940257 0.11651742458343506 4351
1783603940363 0.28949299454689026 4352
1783603940468 0.4681137800216675 4353
1783603940571 0.14427141845226288 4354
1783603940663 0.43197399377822876 4355
1783603940746 0.6987903118133545 4356
1783603940847 0.5593656301498413 4357
1783603940948 0.10596433281898499 4358
1783603941046 0.2602936327457428 4359
1783603941146 0.26806744933128357 4360
1783603941249 0.20996920764446259 4361
1783603941333 0.13073807954788208 4362
1783603941434 0.2787262201309204 4363
1783603941516 0.4313042163848877 4364
1783603941896 0.1795067936182022 4365
1783603941996 0.05521825700998306 4366
1783603942086 0.3285362124443054 4367
1783603942191 0.3408675789833069 4368
1783603942287 0.34539884328842163 4369
1783603942395 0.17840689420700073 4370
1783603942484 0.31393784284591675 4371
1783603942576 0.6397613883018494 4372
1783603942671 0.3638068437576294 4373
1783603942769 0.362261563539505 4374
1783603942864 0.4194619953632355 4375
1783603942978 0.4741138517856598 4376
1783603943093 0.18641923367977142 4377
1783603943177 0.12285793572664261 4378
1783603943263 0.23675145208835602 4379
1783603943367 0.2935238778591156 4380
1783603943473 0.5954045653343201 4381
1783603943552 0.20498590171337128 4382
1783603943658 0.368883341550827 4383
1783603943760 0.32571810483932495 4384
1783603943853 0.2175208330154419 4385
1783603943941 0.19202975928783417 4386
1783603944034 0.3498815894126892 4387
1783603944367 0.288950651884079 4388
1783603944494 0.2970581352710724 4389
1783603944583 0.2944619059562683 4390
1783603944678 0.39010724425315857 4391
1783603944786 0.535852313041687 4392
1783603944883 0.2670682966709137 4393
1783603944964 0.28531384468078613 4394
1783603945060 0.42010557651519775 4395
1783603945143 0.21755744516849518 4396
1783603945251 0.19239674508571625 4397
1783603945364 0.133513942360878 4398
1783603945487 0.5860125422477722 4399
1783603945625 0.497685968875885 4400
1783603945738 0.6009413599967957 4401
1783603945834 0.21756711602210999 4402
1783603945945 0.14861483871936798 4403
1783603946070 0.3020085096359253 4404
1783603946203 0.3355424404144287 4405
1783603946295 0.13907481729984283 4406
1783603946463 0.27538928389549255 4407
1783603946615 0.42787131667137146 4408
1783603946765 0.19049707055091858 4409
1783603946941 0.17811593413352966 4410
1783603947081 0.3810933232307434 4411
1783603947238 0.3147761821746826 4412
1783603947400 0.35703226923942566 4413
1783603947551 0.34068065881729126 4414
1783603947700 0.1260250210762024 4415
1783603947864 0.35969191789627075 4416
1783603948042 0.148264080286026 4417
1783603948183 0.2687821090221405 4418
1783603948350 0.3363887071609497 4419
1783603948515 0.24546493589878082 4420
1783603948678 0.30286166071891785 4421
1783603948827 0.2732866108417511 4422
1783603948955 0.2983134984970093 4423
1783603949091 0.3647851049900055 4424
1783603949206 0.5682932138442993 4425
1783603949347 0.21733123064041138 4426
1783603949517 0.4355353116989136 4427
1783603949652 0.18380805850028992 4428
1783603949785 0.8052852749824524 4429
1783603949916 0.3196054995059967 4430
1783603950017 0.4736971855163574 4431
1783603950114 0.46782630681991577 4432
1783603950207 0.423910528421402 4433
1783603950310 0.16412881016731262 4434
1783603950416 0.1398596316576004 4435
1783603950527 0.1599588692188263 4436
1783603950696 0.2623404562473297 4437
1783603950801 0.3362775444984436 4438
1783603950905 0.404820054769516 4439
1783603951051 0.1350962072610855 4440
1783603951204 0.8833287954330444 4441
1783603951352 0.29067307710647583 4442
1783603951488 0.2411992847919464 4443
1783603951642 0.5216490030288696 4444
1783603951786 0.22737379372119904 4445
1783603951949 0.09790937602519989 4446
1783603952044 0.8073083162307739 4447
1783603952146 0.3541392683982849 4448
1783603952272 0.4788069725036621 4449
1783603952357 0.306488573551178 4450
1783603952448 0.1639273464679718 4451
1783603952537 0.25668078660964966 4452
1783603952636 0.1649656742811203 4453
1783603952747 0.26609957218170166 4454
1783603952858 0.40032756328582764 4455
1783603952946 0.33637937903404236 4456
1783603953047 0.5838991403579712 4457
1783603953372 0.34759774804115295 4458
1783603953486 0.1538729965686798 4459
1783603953583 0.21162714064121246 4460
1783603953659 0.49729055166244507 4461
1783603953774 0.6010239124298096 4462
1783603953899 0.47143790125846863 4463
1783603954001 0.19996866583824158 4464
1783603954092 0.3589775860309601 4465
1783603954167 0.3317132890224457 4466
1783603954261 0.41044163703918457 4467
1783603954357 0.15225593745708466 4468
1783603954650 0.28474676609039307 4469
1783603954741 0.5257165431976318 4470
1783603954813 0.31663739681243896 4471
1783603954899 0.27040961384773254 4472
1783603954995 0.26837435364723206 4473
1783603955095 0.2675122320652008 4474
1783603955179 0.17290040850639343 4475
1783603955291 0.34816715121269226 4476
1783603955380 0.4646141529083252 4477
1783603955485 0.4200489819049835 4478
1783603955564 0.1528581827878952 4479
1783603955680 0.28833940625190735 4480
1783603955802 0.22685156762599945 4481
1783603955910 0.4441801607608795 4482
1783603956014 0.26311251521110535 4483
1783603956111 0.2735966742038727 4484
1783603956215 0.10493183881044388 4485
1783603956315 0.0980180948972702 4486
1783603956404 0.28950026631355286 4487
1783603956497 0.46339404582977295 4488
1783603956587 0.49688073992729187 4489
1783603956699 0.29729941487312317 4490
1783603956800 0.11837253719568253 4491
1783603956895 0.19296690821647644 4492
1783603957056 0.526682436466217 4493
1783603957163 0.06354304403066635 4494
1783603957314 0.3909924030303955 4495
1783603957467 0.2575078308582306 4496
1783603957614 0.15274842083454132 4497
1783603957781 0.45926791429519653 4498
1783603957913 0.38600271940231323 4499
1783603958065 0.3213430643081665 4500
1783603958198 0.3607059121131897 4501
1783603958353 0.13345184922218323 4502
1783603958509 0.48737066984176636 4503
1783603958689 0.25084322690963745 4504
1783603958842 0.1954420506954193 4505
1783603958953 0.3074800968170166 4506
1783603959044 0.19834652543067932 4507
1783603959146 0.310957670211792 4508
1783603959242 0.4356706440448761 4509
1783603959333 0.1820233017206192 4510
1783603959433 0.32759416103363037 4511
1783603959538 0.40289515256881714 4512
1783603959642 0.5038675665855408 4513
1783603959739 0.5534581542015076 4514
1783603959829 0.06506137549877167 4515
1783603959920 0.37814339995384216 4516
1783603960051 0.17791961133480072 4517
1783603960169 0.2285047024488449 4518
1783603960315 0.41422009468078613 4519
1783603960426 0.377175897359848 4520
1783603960544 0.2336510270833969 4521
1783603960696 0.11189793050289154 4522
1783603960945 0.372348815202713 4523
1783603961064 0.2845100462436676 4524
1783603961163 0.34852567315101624 4525
1783603961241 0.30344149470329285 4526
1783603961327 0.2703357934951782 4527
1783603961422 0.260280579328537 4528
1783603961509 0.3095533847808838 4529
1783603961606 0.4345541000366211 4530
1783603961689 0.2925183176994324 4531
1783603961766 0.562843918800354 4532
1783603961865 0.19563135504722595 4533
1783603961975 0.414387583732605 4534
1783603962073 0.4029582440853119 4535
1783603962188 0.5901339650154114 4536
1783603962275 0.15608447790145874 4537
1783603962354 0.20022110641002655 4538
1783603962450 0.2983846962451935 4539
1783603962536 0.291951060295105 4540
1783603962628 0.127285897731781 4541
1783603962706 0.1716451197862625 4542
1783603962799 0.2919064164161682 4543
1783603962893 0.6191627979278564 4544
1783603962997 0.3555704951286316 4545
1783603963111 0.36601534485816956 4546
1783603963206 0.2996622323989868 4547
1783603963306 0.26329800486564636 4548
1783603963417 0.2159321904182434 4549
1783603963519 0.3534904420375824 4550
1783603963613 0.2459106594324112 4551
1783603963696 0.15722385048866272 4552
1783603963793 0.26366615295410156 4553
1783603963883 0.30081993341445923 4554
1783603963981 0.2166237235069275 4555
1783603964076 0.15678255259990692 4556
1783603964165 0.11501086503267288 4557
1783603964257 0.8743449449539185 4558
1783603964352 0.3696797490119934 4559
1783603964459 0.131147101521492 4560
1783603964676 0.1365620195865631 4561
1783603964777 0.4276807904243469 4562
1783603964874 0.20778010785579681 4563
1783603964966 0.20647291839122772 4564
1783603965047 0.17124803364276886 4565
1783603965137 0.33712905645370483 4566
1783603965239 0.11625064164400101 4567
1783603965327 0.367017537355423 4568
1783603965406 0.36982443928718567 4569
1783603965511 0.15775814652442932 4570
1783603965599 0.3480141758918762 4571
1783603965692 0.36246734857559204 4572
1783603965873 0.5538617372512817 4573
1783603965981 0.6793439984321594 4574
1783603966073 0.27942150831222534 4575
1783603966173 0.5804773569107056 4576
1783603966259 0.5740640163421631 4577
1783603966365 0.2986735701560974 4578
1783603966522 0.237127423286438 4579
1783603966681 0.5364234447479248 4580
1783603966818 0.5366204977035522 4581
1783603966940 0.3543584644794464 4582
1783603967210 0.3070499002933502 4583
1783603967326 0.22034788131713867 4584
1783603967479 0.48088085651397705 4585
1783603967622 0.17534372210502625 4586
1783603967767 0.15040145814418793 4587
1783603967916 0.14505843818187714 4588
1783603968060 0.1475808173418045 4589
1783603968222 0.26061275601387024 4590
1783603968373 0.3005164563655853 4591
1783603968634 0.15618695318698883 4592
1783603968771 0.24037425220012665 4593
1783603968924 0.37881019711494446 4594
1783603969087 0.5335540175437927 4595
1783603969225 0.6001307368278503 4596
1783603969333 0.43599024415016174 4597
1783603969480 0.3488980829715729 4598
1783603969617 0.09139245003461838 4599
1783603969943 0.312216579914093 4600
1783603970085 0.25537198781967163 4601
1783603970196 0.1720309853553772 4602
1783603970284 0.32373806834220886 4603
1783603970377 0.6661950349807739 4604
1783603970487 0.3861742615699768 4605
1783603970605 0.26425355672836304 4606
1783603970691 0.506434440612793 4607
1783603970777 0.42166489362716675 4608
1783603970869 0.48432567715644836 4609
1783603970959 0.23985417187213898 4610
1783603971058 0.47519391775131226 4611
1783603971172 0.3502102494239807 4612
1783603971270 0.4730931520462036 4613
1783603971387 0.2763785421848297 4614
1783603971489 0.07835668325424194 4615
1783603971594 0.29013895988464355 4616
1783603971702 0.4436578154563904 4617
1783603971806 0.26563572883605957 4618
1783603971894 0.2611670196056366 4619
1783603971977 0.23046466708183289 4620
1783603972063 0.309881329536438 4621
1783603972168 0.20801059901714325 4622
1783603972417 0.1596275120973587 4623
1783603972523 0.3702879548072815 4624
1783603972624 0.2006920427083969 4625
1783603972742 0.39146092534065247 4626
1783603972834 0.37608546018600464 4627
1783603972923 0.1312199831008911 4628
1783603973036 0.39757323265075684 4629
1783603973199 0.2777075171470642 4630
1783603973342 0.1343880444765091 4631
1783603973460 0.07886940985918045 4632
1783603973556 0.16804251074790955 4633
1783603973696 0.3785748779773712 4634
1783603973791 0.3180202841758728 4635
1783603973882 0.15610633790493011 4636
1783603973996 0.3348194360733032 4637
1783603974097 0.26454874873161316 4638
1783603974223 0.6803381443023682 4639
1783603974312 0.375874400138855 4640
1783603974410 0.7040064930915833 4641
1783603974505 0.07003818452358246 4642
1783603974591 0.3084639310836792 4643
1783603974692 0.30554866790771484 4644
1783603974808 0.06012238189578056 4645
1783603974994 0.2459779679775238 4646
1783603975104 0.4241636395454407 4647
1783603975228 0.31978124380111694 4648
1783603975324 0.3999715745449066 4649
1783603975413 0.10600505024194717 4650
1783603975519 0.3838180601596832 4651
1783603975625 0.26670560240745544 4652
1783603975737 0.44788432121276855 4653
1783603975831 0.042439620941877365 4654
1783603975936 0.14695945382118225 4655
1783603976031 0.22590582072734833 4656
1783603976210 0.1519554704427719 4657
1783603976299 0.05216120183467865 4658
1783603976381 0.10944399237632751 4659
1783603976472 0.2741270959377289 4660
1783603976563 0.21411912143230438 4661
1783603976644 0.31499943137168884 4662
1783603976740 0.11704746633768082 4663
1783603976835 0.5831543803215027 4664
1783603976942 0.45971786975860596 4665
1783603977041 0.36510559916496277 4666
1783603977140 0.5152658224105835 4667
1783603977233 0.13333065807819366 4668
1783603977322 0.3960475027561188 4669
1783603977437 0.09731114655733109 4670
1783603977532 0.17561209201812744 4671
1783603977613 0.22450268268585205 4672
1783603977700 0.2648021876811981 4673
1783603977810 0.31668391823768616 4674
1783603977922 0.297278493642807 4675
1783603978030 0.4682045876979828 4676
1783603978134 0.12161155045032501 4677
1783603978287 0.4418700635433197 4678
1783603978420 0.24663221836090088 4679
1783603978527 0.14631220698356628 4680
1783603978776 0.39272505044937134 4681
1783603978910 0.338455468416214 4682
1783603979063 0.28264257311820984 4683
1783603979231 0.2027665376663208 4684
1783603979356 0.5748371481895447 4685
1783603979501 0.24499087035655975 4686
1783603979620 0.3956054747104645 4687
1783603979740 0.2578871250152588 4688
1783603979894 0.4557082951068878 4689
1783603980046 0.07205936312675476 4690
1783603980148 0.3960108757019043 4691
1783603980285 0.17865833640098572 4692
1783603980440 0.505824625492096 4693
1783603980597 0.4188513457775116 4694
1783603980737 0.30816325545310974 4695
1783603980875 0.2644485831260681 4696
1783603981033 0.40622904896736145 4697
1783603981217 0.27846813201904297 4698
1783603981353 0.40277400612831116 4699
1783603981490 0.3754899203777313 4700
1783603981629 0.07056517899036407 4701
1783603981759 0.09541381895542145 4702
1783603981918 0.1850578486919403 4703
1783603982096 0.6199802160263062 4704
1783603982239 0.3943316340446472 4705
1783603982376 0.08451556414365768 4706
1783603982529 0.429934024810791 4707
1783603982634 0.27884310483932495 4708
1783603982771 0.07178808003664017 4709
1783603982908 0.5973102450370789 4710
1783603983035 0.38595229387283325 4711
1783603983200 0.5344844460487366 4712
1783603983344 0.05369492620229721 4713
1783603983504 0.15878456830978394 4714
1783603983802 0.6736929416656494 4715
1783603983928 0.1942785084247589 4716
1783603984074 0.08267545700073242 4717
1783603984207 0.41724693775177 4718
1783603984348 0.07491190731525421 4719
1783603984509 0.038258716464042664 4720
1783603984658 0.28373032808303833 4721
1783603984795 0.38560497760772705 4722
1783603984908 0.36529725790023804 4723
1783603985050 0.2346956580877304 4724
1783603985210 0.2523162364959717 4725
1783603985315 0.08879783004522324 4726
1783603985427 0.18893314898014069 4727
1783603985529 0.5474843382835388 4728
1783603985640 0.21806184947490692 4729
1783603985754 0.42930787801742554 4730
1783603985853 0.15035682916641235 4731
1783603985957 0.2269226461648941 4732
1783603986049 0.13347379863262177 4733
1783603986146 0.26021572947502136 4734
1783603986238 0.345133900642395 4735
1783603986446 0.18335840106010437 4736
1783603986551 0.48146510124206543 4737
1783603986650 0.372657835483551 4738
1783603986742 0.4538135230541229 4739
1783603986835 0.29741770029067993 4740
1783603986910 0.2651764154434204 4741
1783603987009 0.33642134070396423 4742
1783603987106 0.4126852750778198 4743
1783603987200 0.19007904827594757 4744
1783603987299 0.17944495379924774 4745
1783603987398 0.10673721879720688 4746
1783603987504 0.33558017015457153 4747
1783603987605 0.7385061383247375 4748
1783603987810 0.25193941593170166 4749
1783603987923 0.4534347355365753 4750
1783603988038 0.23322390019893646 4751
1783603988137 0.3331625461578369 4752
1783603988235 0.5930139422416687 4753
1783603988335 0.17664574086666107 4754
1783603988436 0.18619631230831146 4755
1783603988534 0.7309656143188477 4756
1783603988630 0.48324254155158997 4757
1783603988736 0.03862522169947624 4758
1783603988847 0.19444571435451508 4759
1783603989019 0.18943871557712555 4760
1783603989126 0.44265320897102356 4761
1783603989221 0.11523768305778503 4762
1783603989311 0.2501721978187561 4763
1783603989404 0.11435306072235107 4764
1783603989501 0.33581963181495667 4765
1783603989598 0.32601264119148254 4766
1783603989710 0.34166696667671204 4767
1783603989798 0.465660035610199 4768
1783603989906 0.15280210971832275 4769
1783603990002 0.5034306049346924 4770
1783603990124 0.205232173204422 4771
1783603990225 0.21812841296195984 4772
1783603990318 0.24938799440860748 4773
1783603990423 0.3698933720588684 4774
1783603990518 0.3253174424171448 4775
1783603990609 0.47507449984550476 4776
1783603990718 0.07565721869468689 4777
1783603990815 0.2830439805984497 4778
1783603990920 0.15993010997772217 4779
1783603991023 0.5045995116233826 4780
1783603991135 0.26058992743492126 4781
1783603991227 0.25719818472862244 4782
1783603991343 0.3796241879463196 4783
1783603991481 0.3657921850681305 4784
1783603991611 0.3393281102180481 4785
1783603991703 0.18033744394779205 4786
1783603991880 0.5032484531402588 4787
1783603991972 0.20413604378700256 4788
1783603992066 0.28835275769233704 4789
1783603992178 0.517829179763794 4790
1783603992299 0.33867180347442627 4791
1783603992399 0.6196562051773071 4792
1783603992489 0.3839016556739807 4793
1783603992586 0.49576687812805176 4794
1783603992686 0.2602232098579407 4795
1783603992836 0.617659330368042 4796
1783603992944 0.3298177123069763 4797
1783603993036 0.26010164618492126 4798
1783603993145 0.07765751332044601 4799
1783603993231 0.39451467990875244 4800
1783603993328 0.16578440368175507 4801
1783603993444 0.2694852948188782 4802
1783603993539 0.14239370822906494 4803
1783603993631 0.2080632597208023 4804
1783603993721 0.053190574049949646 4805
1783603993823 0.41484302282333374 4806
1783603993938 0.6356998085975647 4807
1783603994032 0.09176207333803177 4808
1783603994140 0.3486572206020355 4809
1783603994218 0.5554106831550598 4810
1783603994298 0.42888718843460083 4811
1783603994410 0.1479751467704773 4812
1783603994524 0.14095288515090942 4813
1783603994631 0.3617405295372009 4814
1783603994728 0.4851934313774109 4815
1783603994838 0.3063904345035553 4816
1783603994926 0.6964364051818848 4817
1783603995028 0.22400209307670593 4818
1783603995128 0.6399549841880798 4819
1783603995280 0.12883853912353516 4820
1783603995388 0.356778621673584 4821
1783603995484 0.49432283639907837 4822
1783603995581 0.23177467286586761 4823
1783603995682 0.2034899741411209 4824
1783603995842 0.5481601357460022 4825
1783603995961 0.21300068497657776 4826
1783603996056 0.21181181073188782 4827
1783603996183 0.4314758777618408 4828
1783603996269 0.1460937261581421 4829
1783603996347 0.4115707576274872 4830
1783603996674 0.26152801513671875 4831
1783603996840 0.6479595303535461 4832
1783603996982 0.2023286372423172 4833
1783603997154 0.35788506269454956 4834
1783603997327 0.21761150658130646 4835
1783603997460 0.507222592830658 4836
1783603997598 0.22791792452335358 4837
1783603997743 0.3436441123485565 4838
1783603998031 0.7098280191421509 4839
1783603998178 0.27518197894096375 4840
1783603998322 0.2823924422264099 4841
1783603998462 0.19068729877471924 4842
1783603998574 0.22664883732795715 4843
1783603998693 0.18171872198581696 4844
1783603998832 0.1850501447916031 4845
1783603998992 0.13122886419296265 4846
1783603999146 0.3319670557975769 4847
1783603999329 0.13721245527267456 4848
1783603999467 0.1969459056854248 4849
1783603999608 0.11841695755720139 4850
1783603999726 0.2222146838903427 4851
1783603999879 0.1182938814163208 4852
1783604000060 0.12565577030181885 4853
1783604000159 0.07050289958715439 4854
1783604000318 0.30564871430397034 4855
1783604000493 0.35472384095191956 4856
1783604000643 0.2938479483127594 4857
1783604000731 0.15442825853824615 4858
1783604000891 0.08748550713062286 4859
1783604001052 0.23988887667655945 4860
1783604001205 0.14025814831256866 4861
1783604001318 0.24048373103141785 4862
1783604001419 0.09263970702886581 4863
1783604001509 0.27716177701950073 4864
1783604001604 0.18738198280334473 4865
1783604001755 0.20717161893844604 4866
1783604001867 0.16981105506420135 4867
1783604001958 0.4472292363643646 4868
1783604002055 0.1645396202802658 4869
1783604002167 0.2940559685230255 4870
1783604002262 0.5751871466636658 4871
1783604002372 0.4486030042171478 4872
1783604002478 0.8745923042297363 4873
1783604002567 0.23473286628723145 4874
1783604002661 0.6852639317512512 4875
1783604002762 0.3012531101703644 4876
1783604002883 0.280300498008728 4877
1783604002991 0.40844035148620605 4878
1783604003098 0.3402012288570404 4879
1783604003204 0.42573875188827515 4880
1783604003310 0.7194313406944275 4881
1783604003408 0.1211666464805603 4882
1783604003511 0.7516056895256042 4883
1783604003595 0.5699131488800049 4884
1783604003682 0.4640128016471863 4885
1783604003790 0.3160322308540344 4886
1783604003887 0.1962013989686966 4887
1783604003984 0.1283428817987442 4888
1783604004075 0.25512266159057617 4889
1783604004169 0.44406047463417053 4890
1783604004275 0.1081174835562706 4891
1783604004401 0.2293427735567093 4892
1783604004495 0.26926499605178833 4893
1783604004576 0.5865240097045898 4894
1783604004674 0.2891846001148224 4895
1783604004784 0.22525912523269653 4896
1783604004875 0.2874252200126648 4897
1783604004962 0.34003475308418274 4898
1783604005073 0.2902061343193054 4899
1783604005181 0.17754915356636047 4900
1783604005289 0.3479577898979187 4901
1783604005378 0.6301900744438171 4902
1783604005486 0.1566922515630722 4903
1783604005610 0.26823315024375916 4904
1783604005736 0.607221245765686 4905
1783604005841 0.39179274439811707 4906
1783604005934 0.0721953734755516 4907
1783604006022 0.7173988223075867 4908
1783604006133 0.09263232350349426 4909
1783604006245 0.10117033123970032 4910
1783604006337 0.4622070789337158 4911
1783604006421 0.23557913303375244 4912
1783604006517 0.28456932306289673 4913
1783604006603 0.39202597737312317 4914
1783604006692 0.20649835467338562 4915
1783604006936 0.1822890192270279 4916
1783604007052 0.14078204333782196 4917
1783604007173 0.3370347321033478 4918
1783604007290 0.5192714333534241 4919
1783604007400 0.1512335240840912 4920
1783604007509 0.3313717842102051 4921
1783604007599 0.23226824402809143 4922
1783604007689 0.3472437858581543 4923
1783604007784 0.2315210998058319 4924
1783604007891 0.261593222618103 4925
1783604007989 0.34394386410713196 4926
1783604008083 0.4104389250278473 4927
1783604008185 0.4001721739768982 4928
1783604008326 0.28321999311447144 4929
1783604008456 0.39141586422920227 4930
1783604008610 0.09415613114833832 4931
1783604008739 0.22135086357593536 4932
1783604008883 0.4031962752342224 4933
1783604009024 0.13269299268722534 4934
1783604009126 0.5072575211524963 4935
1783604009277 0.3882916271686554 4936
1783604009448 0.3618440628051758 4937
1783604009662 0.13712430000305176 4938
1783604009789 0.64078688621521 4939
1783604009910 0.3542307913303375 4940
1783604010095 0.2941383123397827 4941
1783604010206 0.1852591186761856 4942
1783604010347 0.3522866666316986 4943
1783604010496 0.25835099816322327 4944
1783604010603 0.3437967896461487 4945
1783604010827 0.2108936905860901 4946
1783604010985 0.5987780094146729 4947
1783604011110 0.18341034650802612 4948
1783604011257 0.3058004379272461 4949
1783604011435 0.3316817581653595 4950
1783604011587 0.3844958245754242 4951
1783604011757 0.39119642972946167 4952
1783604011873 0.18996378779411316 4953
1783604012058 0.3040772080421448 4954
1783604012271 0.09853364527225494 4955
1783604012416 0.3234616816043854 4956
1783604012565 0.049706898629665375 4957
1783604012696 0.23949608206748962 4958
1783604012826 0.3620377779006958 4959
1783604012958 0.18518942594528198 4960
1783604013102 0.41108474135398865 4961
1783604013228 0.2883986532688141 4962
1783604013324 0.17231254279613495 4963
1783604013449 0.048195187002420425 4964
1783604013563 0.18189215660095215 4965
1783604013677 0.24541547894477844 4966
1783604013809 0.3007875382900238 4967
1783604013927 0.42038634419441223 4968
1783604014046 0.45786696672439575 4969
1783604014143 0.39082860946655273 4970
1783604014243 0.35308629274368286 4971
1783604014331 0.0970354899764061 4972
1783604014421 0.49859777092933655 4973
1783604014538 0.2623305022716522 4974
1783604014698 0.08510521799325943 4975
1783604014805 0.5187177062034607 4976
1783604014902 0.4446380138397217 4977
1783604015015 0.16505762934684753 4978
1783604015137 0.5272626876831055 4979
1783604015260 0.20824889838695526 4980
1783604015374 0.5463995337486267 4981
1783604015489 0.2303849756717682 4982
1783604015615 0.38000234961509705 4983
1783604015746 0.22853794693946838 4984
1783604015890 0.7360079884529114 4985
1783604016003 0.10487399250268936 4986
1783604016127 0.316175639629364 4987
1783604016253 0.30800288915634155 4988
1783604016342 0.5078629851341248 4989
1783604016449 0.15589402616024017 4990
1783604016541 0.6782670021057129 4991
1783604016628 0.46700161695480347 4992
1783604016731 0.29190900921821594 4993
1783604016827 0.13357476890087128 4994
1783604016907 0.054805465042591095 4995
1783604017003 0.18424266576766968 4996
1783604017109 0.5045719742774963 4997
1783604017205 0.4413655698299408 4998
1783604017317 0.3144565224647522 4999
1783604017409 0.3074420094490051 5000
1783604017503 0.5557044744491577 5001
1783604017600 0.4795128107070923 5002
1783604017700 0.6492139101028442 5003
1783604017790 0.3689882159233093 5004
1783604017887 0.4323238730430603 5005
1783604018006 0.17873768508434296 5006
1783604018120 0.44337737560272217 5007
1783604018225 0.1859624832868576 5008
1783604018326 0.2662304639816284 5009
1783604018430 0.6828071475028992 5010
1783604018580 0.5324482917785645 5011
1783604018697 0.1997271180152893 5012
1783604018828 0.33856987953186035 5013
1783604018954 0.515769898891449 5014
1783604019098 0.32916495203971863 5015
1783604019256 0.2999694347381592 5016
1783604019366 0.15162518620491028 5017
1783604019520 0.43897056579589844 5018
1783604019768 0.5441033840179443 5019
1783604019914 0.5156344771385193 5020
1783604020082 0.20456887781620026 5021
1783604020214 0.21823593974113464 5022
1783604020364 0.2113945186138153 5023
1783604020518 0.5120249390602112 5024
1783604020660 0.8729503154754639 5025
1783604020768 0.31843101978302 5026
1783604020876 0.45272067189216614 5027
1783604020983 0.3870478570461273 5028
1783604021243 0.1781921088695526 5029
1783604021378 0.11976845562458038 5030
1783604021504 0.274593710899353 5031
1783604021670 0.27752894163131714 5032
1783604021793 0.2463034838438034 5033
1783604021942 0.21066342294216156 5034
1783604022065 0.311023473739624 5035
1783604022240 0.1946869045495987 5036
1783604022410 0.40704062581062317 5037
1783604022544 0.7459700703620911 5038
1783604022695 0.4313508868217468 5039
1783604022826 0.11051478981971741 5040
1783604022931 0.4945404827594757 5041
1783604023039 0.22292038798332214 5042
1783604023147 0.6037935018539429 5043
1783604023283 0.21372351050376892 5044
1783604023460 0.24043799936771393 5045
1783604023564 0.43410685658454895 5046
1783604023665 0.273815780878067 5047
1783604023768 0.6382004618644714 5048
1783604023852 0.45980706810951233 5049
1783604023936 0.15776099264621735 5050
1783604024018 0.15658056735992432 5051
1783604024099 0.22720548510551453 5052
1783604024201 0.48145490884780884 5053
1783604024302 0.08913314342498779 5054
1783604024419 0.3041466176509857 5055
1783604024520 0.39318743348121643 5056
1783604024613 0.3404494524002075 5057
1783604024721 0.21643462777137756 5058
1783604024855 0.2949351370334625 5059
1783604024995 0.2615715563297272 5060
1783604025092 0.3030882179737091 5061
1783604025184 0.23951300978660583 5062
1783604025286 0.779444694519043 5063
1783604025388 0.16714690625667572 5064
1783604025487 0.3979560136795044 5065
1783604025590 0.37134653329849243 5066
1783604025689 0.2602876126766205 5067
1783604025786 0.5840911269187927 5068
1783604025910 0.2123207151889801 5069
1783604026027 0.17576883733272552 5070
1783604026168 0.44772613048553467 5071
1783604026282 0.3366730213165283 5072
1783604026372 0.2667548358440399 5073
1783604026452 0.20043563842773438 5074
1783604026537 0.16535040736198425 5075
1783604026639 0.29998520016670227 5076
1783604026748 0.32367393374443054 5077
1783604026839 0.6917318105697632 5078
1783604026931 0.24507814645767212 5079
1783604027025 0.19340576231479645 5080
1783604027115 0.07350872457027435 5081
1783604027205 0.22003169357776642 5082
1783604027296 0.10432498157024384 5083
1783604027408 0.281798392534256 5084
1783604027550 0.4543769955635071 5085
1783604027647 0.0650431364774704 5086
1783604027757 0.21681059896945953 5087
1783604027854 0.49212995171546936 5088
1783604027970 0.3713245391845703 5089
1783604028058 0.35466468334198 5090
1783604028156 0.19654490053653717 5091
1783604028255 0.5815310478210449 5092
1783604028359 0.19108101725578308 5093
1783604028485 0.9755502939224243 5094
1783604028580 0.6464042663574219 5095
1783604028709 0.19344063103199005 5096
1783604028835 0.5041961669921875 5097
1783604028926 0.30960777401924133 5098
1783604029019 0.274572491645813 5099
1783604029126 0.4412570297718048 5100
1783604029226 0.3854355216026306 5101
1783604029322 0.38726088404655457 5102
1783604029435 0.5182269811630249 5103
1783604029537 0.17119745910167694 5104
1783604029649 0.6151819825172424 5105
1783604029747 0.7765783071517944 5106
1783604029883 0.10900267213582993 5107
1783604030027 0.15211792290210724 5108
1783604030155 0.2653713524341583 5109
1783604030277 0.12872454524040222 5110
1783604030398 0.5257595181465149 5111
1783604030495 0.18660606443881989 5112
1783604030610 0.5638484954833984 5113
1783604030714 0.28886154294013977 5114
1783604030825 0.3410809636116028 5115
1783604030927 0.4031853973865509 5116
1783604031014 0.5628030896186829 5117
1783604031341 0.21479585766792297 5118
1783604031471 0.1981738805770874 5119
1783604031582 0.26666656136512756 5120
1783604031724 0.35907089710235596 5121
1783604031852 0.32914531230926514 5122
1783604032007 0.33331024646759033 5123
1783604032122 0.14051085710525513 5124
1783604032270 0.2629907727241516 5125
1783604032440 0.5407081842422485 5126
1783604032593 0.24299660325050354 5127
1783604032793 0.3833213448524475 5128
1783604032941 0.3356071412563324 5129
1783604033063 0.5762666463851929 5130
1783604033199 0.40004122257232666 5131
1783604033302 0.18623781204223633 5132
1783604033464 0.7634568810462952 5133
1783604033643 0.29298049211502075 5134
1783604033777 0.40915390849113464 5135
1783604034050 0.18549895286560059 5136
1783604034187 0.4446263909339905 5137
1783604034315 0.5648766756057739 5138
1783604034416 0.6282281279563904 5139
1783604034574 0.20422209799289703 5140
1783604034719 0.43328216671943665 5141
1783604034841 0.3014829158782959 5142
1783604034992 0.4551098048686981 5143
1783604035146 0.30068308115005493 5144
1783604035353 0.0990733802318573 5145
1783604035486 0.14252710342407227 5146
1783604035638 0.1589595377445221 5147
1783604035792 0.15731143951416016 5148
1783604035932 0.3232937157154083 5149
1783604036100 0.49044591188430786 5150
1783604036270 0.717661440372467 5151
1783604036376 0.19695867598056793 5152
1783604036583 0.4714069366455078 5153
1783604036722 0.23388329148292542 5154
1783604036874 0.362306147813797 5155
1783604037014 0.4406057894229889 5156
1783604037156 0.5133534669876099 5157
1783604037298 0.45592227578163147 5158
1783604037455 0.36622190475463867 5159
1783604037572 0.3462042212486267 5160
1783604037687 0.2504516839981079 5161
1783604037799 0.3592105805873871 5162
1783604037939 0.2397157996892929 5163
1783604038040 0.1093558669090271 5164
1783604038136 0.3772587180137634 5165
1783604038232 0.34144073724746704 5166
1783604038331 0.31068816781044006 5167
1783604038443 0.3816993832588196 5168
1783604038557 0.23813045024871826 5169
1783604038666 0.32920926809310913 5170
1783604038775 0.26340219378471375 5171
1783604038892 0.10523276776075363 5172
1783604039066 0.24734383821487427 5173
1783604039175 0.18460434675216675 5174
1783604039304 0.28174033761024475 5175
1783604039412 0.21543122828006744 5176
1783604039526 0.28875163197517395 5177
1783604039616 0.16208909451961517 5178
1783604039712 0.2140321284532547 5179
1783604039811 0.1646711826324463 5180
1783604039901 0.564061164855957 5181
1783604039982 0.3602129817008972 5182
1783604040096 0.2394132763147354 5183
1783604040196 0.12579305469989777 5184
1783604040312 0.27968505024909973 5185
1783604040416 0.1627109795808792 5186
1783604040515 0.19796118140220642 5187
1783604040617 0.32331690192222595 5188
1783604040707 0.36061516404151917 5189
1783604040787 0.31930190324783325 5190
1783604040891 0.572105348110199 5191
1783604040971 0.13938874006271362 5192
1783604041071 0.10430515557527542 5193
1783604041157 0.35272806882858276 5194
1783604041260 0.358336865901947 5195
1783604041362 0.13880655169487 5196
1783604041456 0.211513951420784 5197
1783604041563 0.5899969339370728 5198
1783604041701 0.16585078835487366 5199
1783604041815 0.24985618889331818 5200
1783604041915 0.4283715486526489 5201
1783604042015 0.10420285910367966 5202
1783604042118 0.2433207780122757 5203
1783604042226 0.27236416935920715 5204
1783604042318 0.07200359553098679 5205
1783604042411 0.16043826937675476 5206
1783604042508 0.2370339334011078 5207
1783604042593 0.22517229616641998 5208
1783604042682 0.4542224407196045 5209
1783604042783 0.11509515345096588 5210
1783604042891 0.39385986328125 5211
1783604042988 0.25367602705955505 5212
1783604043086 0.2822886109352112 5213
1783604043190 0.2200799584388733 5214
1783604043289 0.31289809942245483 5215
1783604043383 0.24810726940631866 5216
1783604043482 0.8085007667541504 5217
1783604043578 0.19693011045455933 5218
1783604043666 0.1765206754207611 5219
1783604043774 0.33204248547554016 5220
1783604043868 0.9003051519393921 5221
1783604043953 0.31254735589027405 5222
1783604044062 0.2773295044898987 5223
1783604044166 0.08895515650510788 5224
1783604044257 0.2526535391807556 5225
1783604044344 0.27915653586387634 5226
1783604044451 0.3578023314476013 5227
1783604044546 0.13434536755084991 5228
1783604044641 0.6392601728439331 5229
1783604044737 0.2692417502403259 5230
1783604044821 0.2334768921136856 5231
1783604044921 0.19779247045516968 5232
1783604045043 0.10917142033576965 5233
1783604045134 0.15986178815364838 5234
1783604045225 0.3646041750907898 5235
1783604045328 0.27534613013267517 5236
1783604045450 0.15395984053611755 5237
1783604045545 0.17226839065551758 5238
1783604045631 0.30664190649986267 5239
1783604045728 0.42439737915992737 5240
1783604045886 0.1270722895860672 5241
1783604046035 0.4350302517414093 5242
1783604046187 0.14191581308841705 5243
1783604046299 0.2829369902610779 5244
1783604046402 0.35065749287605286 5245
1783604046686 0.10700560361146927 5246
1783604046787 0.23143532872200012 5247
1783604046890 0.18272632360458374 5248
1783604046974 0.3819442093372345 5249
1783604047068 0.37150731682777405 5250
1783604047175 0.220288947224617 5251
1783604047269 0.19548003375530243 5252
1783604047368 0.09393465518951416 5253
1783604047471 0.3455980122089386 5254
1783604047590 0.2810664772987366 5255
1783604047708 0.27994129061698914 5256
1783604047865 0.16484703123569489 5257
1783604048059 0.2747458219528198 5258
1783604048202 0.1851835548877716 5259
1783604048346 0.11325404793024063 5260
1783604048477 0.21632573008537292 5261
1783604048614 0.3152517080307007 5262
1783604048726 0.0701165497303009 5263
1783604048825 0.32791587710380554 5264
1783604048914 0.20703533291816711 5265
1783604049002 0.3298318386077881 5266
1783604049140 0.14928248524665833 5267
1783604049234 0.643054723739624 5268
1783604049329 0.44799813628196716 5269
1783604049446 0.37600070238113403 5270
1783604049548 0.4463041424751282 5271
1783604049674 0.11423373967409134 5272
1783604049820 0.2656792104244232 5273
1783604049983 0.3809666335582733 5274
1783604050126 0.18318752944469452 5275
1783604050230 0.2355649769306183 5276
1783604050427 0.7472779750823975 5277
1783604050535 0.14969316124916077 5278
1783604050644 0.5785549879074097 5279
1783604050747 0.5186898112297058 5280
1783604050854 0.25902867317199707 5281
1783604050949 0.3183991611003876 5282
1783604051053 0.35666006803512573 5283
1783604051152 0.11322282999753952 5284
1783604051241 0.10351856797933578 5285
1783604051342 0.6207224130630493 5286
1783604051446 0.39264851808547974 5287
1783604051536 0.1652122586965561 5288
1783604051750 0.24005962908267975 5289
1783604051874 0.1841002106666565 5290
1783604051977 0.20898626744747162 5291
1783604052075 0.16240514814853668 5292
1783604052186 0.262844443321228 5293
1783604052279 0.13782379031181335 5294
1783604052389 0.30199894309043884 5295
1783604052490 0.4622204303741455 5296
1783604052601 0.30577781796455383 5297
1783604052701 0.17228195071220398 5298
1783604052807 0.33353814482688904 5299
1783604052907 0.5055467486381531 5300
1783604053027 0.3807286322116852 5301
1783604053146 0.2561870217323303 5302
1783604053255 0.11265773326158524 5303
1783604053337 0.3216342031955719 5304
1783604053427 0.6011573076248169 5305
1783604053522 0.21092282235622406 5306
1783604053614 0.25563180446624756 5307
1783604053713 0.34512409567832947 5308
1783604053818 0.12880471348762512 5309
1783604053917 0.3900243043899536 5310
1783604053990 0.6049609780311584 5311
1783604054087 0.1577274203300476 5312
1783604054215 0.3513977825641632 5313
1783604054333 0.46704035997390747 5314
1783604054448 0.461933434009552 5315
1783604054553 0.25477495789527893 5316
1783604054640 0.3446923792362213 5317
1783604054731 0.28002437949180603 5318
1783604054841 0.4427219033241272 5319
1783604054984 0.17353223264217377 5320
1783604055141 0.040124449878931046 5321
1783604055294 0.3687402606010437 5322
1783604055656 0.3259056508541107 5323
1783604055790 0.2518109977245331 5324
1783604055901 0.43269866704940796 5325
1783604056030 0.44639456272125244 5326
1783604056197 0.24467815458774567 5327
1783604056314 0.04650503024458885 5328
1783604056447 0.698904812335968 5329
1783604056588 0.3161091208457947 5330
1783604056736 0.17992356419563293 5331
1783604056888 0.19435714185237885 5332
1783604057026 0.23064875602722168 5333
1783604057153 0.24044007062911987 5334
1783604057289 0.5081015825271606 5335
1783604057444 0.3117193877696991 5336
1783604057602 0.09038244932889938 5337
1783604057743 0.38381150364875793 5338
1783604057896 0.35563501715660095 5339
1783604058006 0.4055941700935364 5340
1783604058225 0.3341647982597351 5341
1783604058358 0.3908972144126892 5342
1783604058498 0.12959446012973785 5343
1783604058644 0.1637614667415619 5344
1783604058806 0.452110230922699 5345
1783604058952 0.2513558864593506 5346
1783604059047 0.31854745745658875 5347
1783604059179 0.23498214781284332 5348
1783604059484 0.2705327272415161 5349
1783604059634 0.22792969644069672 5350
1783604059712 0.1343626081943512 5351
1783604059801 0.06478561460971832 5352
1783604059898 0.412990540266037 5353
1783604060008 0.48894011974334717 5354
1783604060095 0.13002371788024902 5355
1783604060210 0.19993779063224792 5356
1783604060320 0.27189379930496216 5357
1783604060396 0.32959434390068054 5358
1783604060495 0.23610052466392517 5359
1783604060602 0.304552286863327 5360
1783604060706 0.08335999399423599 5361
1783604060800 0.185689777135849 5362
1783604060893 0.45918312668800354 5363
1783604060993 0.1329776644706726 5364
1783604061082 0.3182535469532013 5365
1783604061162 0.5380336046218872 5366
1783604061256 0.1681007444858551 5367
1783604061341 0.174967959523201 5368
1783604061443 0.17651371657848358 5369
1783604061658 0.2096923142671585 5370
1783604061754 0.10252424329519272 5371
1783604061843 0.3153485357761383 5372
1783604061996 0.22852851450443268 5373
1783604062085 0.4401564300060272 5374
1783604062179 0.14163894951343536 5375
1783604062287 0.10503603518009186 5376
1783604062382 0.0833577960729599 5377
1783604062481 0.11292903125286102 5378
1783604062583 0.3201127350330353 5379
1783604062679 0.18267568945884705 5380
1783604062775 0.2716980576515198 5381
1783604062868 0.2293272763490677 5382
1783604062967 0.2631745934486389 5383
1783604063055 0.3211292326450348 5384
1783604063157 0.3275918960571289 5385
1783604063270 0.16517947614192963 5386
1783604063366 0.24142368137836456 5387
1783604063462 0.7696924209594727 5388
1783604063570 0.0475824736058712 5389
1783604063667 0.21156376600265503 5390
1783604063757 0.25577017664909363 5391
1783604063857 0.2322319597005844 5392
1783604063955 0.2591337561607361 5393
1783604064048 0.3211686909198761 5394
1783604064152 0.4429309666156769 5395
1783604064240 0.15087711811065674 5396
1783604064355 0.645226001739502 5397
1783604064474 0.18667243421077728 5398
1783604064573 0.29791179299354553 5399
1783604064666 0.38483086228370667 5400
1783604064751 0.19539788365364075 5401
1783604064858 0.42535272240638733 5402
1783604064940 0.17634844779968262 5403
1783604065039 0.42041513323783875 5404
1783604065127 0.24024900794029236 5405
1783604065230 0.4793713092803955 5406
1783604065320 0.1766744703054428 5407
1783604065418 0.15770892798900604 5408
1783604065523 0.2655433118343353 5409
1783604065759 0.188215434551239 5410
1783604065862 0.585610568523407 5411
1783604065982 0.06893862783908844 5412
1783604066128 0.5580304861068726 5413
1783604066272 0.8109786510467529 5414
1783604066358 0.3699691891670227 5415
1783604066493 0.38779574632644653 5416
1783604066646 0.20050516724586487 5417
1783604066799 0.17813381552696228 5418
1783604066995 0.5509448051452637 5419
1783604067172 0.1212015300989151 5420
1783604067305 0.5094895362854004 5421
1783604067459 0.4495842754840851 5422
1783604067612 0.347992479801178 5423
1783604067752 0.21080616116523743 5424
1783604067862 0.21995662152767181 5425
1783604067959 0.3349430561065674 5426
1783604068054 0.20127226412296295 5427
1783604068149 0.11551249772310257 5428
1783604068259 0.49665412306785583 5429
1783604068361 0.2008080780506134 5430
1783604068450 0.416293203830719 5431
1783604068539 0.3748664855957031 5432
1783604068624 0.10557696968317032 5433
1783604068716 0.16174811124801636 5434
1783604068809 0.35623589158058167 5435
1783604068901 0.1868235021829605 5436
1783604068987 0.38828045129776 5437
1783604069081 0.15523222088813782 5438
1783604069188 0.1760188490152359 5439
1783604069288 0.3419320583343506 5440
1783604069386 0.1981704831123352 5441
1783604069496 0.2563784420490265 5442
1783604069598 0.19190271198749542 5443
1783604069685 0.5556753873825073 5444
1783604069783 0.5743730664253235 5445
1783604069885 0.6326541304588318 5446
1783604069977 0.38886794447898865 5447
1783604070070 0.2980990409851074 5448
1783604070165 0.4414474666118622 5449
1783604070259 0.18451718986034393 5450
1783604070348 0.15565906465053558 5451
1783604070441 0.22906948626041412 5452
1783604070540 0.2226134091615677 5453
1783604070653 0.23544056713581085 5454
1783604070758 0.20768599212169647 5455
1783604070915 0.5444709062576294 5456
1783604071003 0.632102370262146 5457
1783604071108 0.18452680110931396 5458
1783604071198 0.18672090768814087 5459
1783604071287 0.19283351302146912 5460
1783604071387 0.24757245182991028 5461
1783604071475 0.3429577052593231 5462
1783604071575 0.3869819939136505 5463
1783604071660 0.48671412467956543 5464
1783604071772 0.19664573669433594 5465
1783604071886 0.22015982866287231 5466
1783604071991 0.17448236048221588 5467
1783604072103 0.4542192220687866 5468
1783604072226 0.8643733859062195 5469
1783604072317 0.12663693726062775 5470
1783604072406 0.5321099162101746 5471
1783604072497 0.5310410857200623 5472
1783604072586 0.25354716181755066 5473
1783604072680 0.4521004855632782 5474
1783604072772 0.1865650713443756 5475
1783604072873 0.1553935408592224 5476
1783604072979 0.47605472803115845 5477
1783604073068 0.3643530011177063 5478
1783604073165 0.40914469957351685 5479
1783604073274 0.23655080795288086 5480
1783604073384 0.406122088432312 5481
1783604073484 0.42899850010871887 5482
1783604073584 0.12463220953941345 5483
1783604073663 0.2632410526275635 5484
1783604073756 0.3082951307296753 5485
1783604073855 0.20196914672851562 5486
1783604073953 0.05884215608239174 5487
1783604074090 0.38191232085227966 5488
1783604074243 0.3936524987220764 5489
1783604074394 0.22414448857307434 5490
1783604074555 0.5326515436172485 5491
1783604074792 0.3616761565208435 5492
1783604074920 0.03512648865580559 5493
1783604075047 0.42803022265434265 5494
1783604075193 0.25634971261024475 5495
1783604075324 0.15707001090049744 5496
1783604075458 0.368287593126297 5497
1783604075603 0.3142643868923187 5498
1783604075745 0.09575776010751724 5499
1783604076123 0.16019508242607117 5500
1783604076273 0.30758070945739746 5501
1783604076356 0.4812226891517639 5502
1783604076505 0.6054069995880127 5503
1783604076613 0.5964206457138062 5504
1783604076767 0.28501543402671814 5505
1783604076907 0.22651407122612 5506
1783604077072 0.4160192310810089 5507
1783604077298 0.21987734735012054 5508
1783604077421 0.8211315274238586 5509
1783604077535 0.24454055726528168 5510
1783604077697 0.5002456903457642 5511
1783604077811 0.48931723833084106 5512
1783604077960 0.4213584363460541 5513
1783604078107 0.35840415954589844 5514
1783604078202 0.4464108347892761 5515
1783604078340 0.17209596931934357 5516
1783604078551 0.14955733716487885 5517
1783604078744 0.07603706419467926 5518
1783604078835 0.8375420570373535 5519
1783604078944 0.24532735347747803 5520
1783604079055 0.11608847975730896 5521
1783604079148 0.23243162035942078 5522
1783604079260 0.2106361836194992 5523
1783604079357 0.10099763423204422 5524
1783604079451 0.2175062745809555 5525
1783604079539 0.33576929569244385 5526
1783604079644 0.3875269889831543 5527
1783604079749 0.2375953197479248 5528
1783604079901 0.14317043125629425 5529
1783604080017 0.2772555351257324 5530
1783604080113 0.1485048085451126 5531
1783604080220 0.31091415882110596 5532
1783604080322 0.3837796449661255 5533
1783604080413 0.2724328339099884 5534
1783604080503 0.3175860047340393 5535
1783604080591 0.424146443605423 5536
1783604080683 0.2514023780822754 5537
1783604080786 0.3635949492454529 5538
1783604080873 0.12957246601581573 5539
1783604080964 0.10932628810405731 5540
1783604081079 0.1912514567375183 5541
1783604081237 0.20766188204288483 5542
1783604081339 0.23506705462932587 5543
1783604081432 0.43881258368492126 5544
1783604081552 0.3033177852630615 5545
1783604081642 0.6001739501953125 5546
1783604081734 0.2405340075492859 5547
1783604081834 0.2530985474586487 5548
1783604081935 0.2661171853542328 5549
1783604082041 0.18277579545974731 5550
1783604082137 0.3398686647415161 5551
1783604082244 0.29880285263061523 5552
1783604082353 0.05134143307805061 5553
1783604082468 0.2340337187051773 5554
1783604082574 0.12153959274291992 5555
1783604082683 0.6831612586975098 5556
1783604082790 0.3472849726676941 5557
1783604082881 0.3305574655532837 5558
1783604082983 0.4917239546775818 5559
1783604083087 0.12990613281726837 5560
1783604083175 0.5560337901115417 5561
1783604083270 0.20279747247695923 5562
1783604083387 0.5070874094963074 5563
1783604083488 0.12120047211647034 5564
1783604083580 0.5194746851921082 5565
1783604083694 0.14638078212738037 5566
1783604083789 0.7996423840522766 5567
1783604083866 0.27158287167549133 5568
1783604083975 0.38449159264564514 5569
1783604084056 0.44162681698799133 5570
1783604084161 0.09732135385274887 5571
1783604084279 0.6774850487709045 5572
1783604084403 0.06027908995747566 5573
1783604084514 0.12496431171894073 5574
1783604084625 0.16235242784023285 5575
1783604084715 0.10551547259092331 5576
1783604084824 0.5537045001983643 5577
1783604084983 0.24497607350349426 5578
1783604085087 0.5037545561790466 5579
1783604085192 0.17624004185199738 5580
1783604085306 0.5744410157203674 5581
1783604085417 0.3366621434688568 5582
1783604085536 0.25533029437065125 5583
1783604085629 0.04557092860341072 5584
1783604085718 0.3159690201282501 5585
1783604085801 0.16578137874603271 5586
1783604085894 0.21234914660453796 5587
1783604086023 0.7335294485092163 5588
1783604086173 0.3569507896900177 5589
1783604086284 0.8093951344490051 5590
1783604086369 0.309553325176239 5591
1783604086471 0.19795869290828705 5592
1783604086576 0.3273167610168457 5593
1783604086666 0.25591644644737244 5594
1783604086755 0.1692301630973816 5595
1783604086837 0.29808035492897034 5596
1783604086925 0.34005242586135864 5597
1783604087041 0.25492584705352783 5598
1783604087174 0.2961922287940979 5599
1783604087306 0.1933782547712326 5600
1783604087434 0.3707958459854126 5601
1783604087634 0.3992128372192383 5602
1783604087784 0.25449857115745544 5603
1783604087900 0.060806918889284134 5604
1783604088033 0.2700370252132416 5605
1783604088166 0.8110498189926147 5606
1783604088267 0.3119158148765564 5607
1783604088406 0.344442218542099 5608
1783604088533 0.34960055351257324 5609
1783604088699 0.18004663288593292 5610
1783604088933 0.311509370803833 5611
1783604089070 0.16831547021865845 5612
1783604089197 0.0911397859454155 5613
1783604089333 0.3895474672317505 5614
1783604089474 0.3474053144454956 5615
1783604089601 0.7434148788452148 5616
1783604089715 0.6004490852355957 5617
1783604089853 0.29920417070388794 5618
1783604090205 0.320763498544693 5619
1783604090354 0.08318226784467697 5620
1783604090503 0.32736706733703613 5621
1783604090642 0.1369570940732956 5622
1783604090781 0.20617887377738953 5623
1783604090915 0.2849404513835907 5624
