1783781962391 2.8435542583465576 0
1783781962585 3.3493363857269287 1
1783781962705 3.8934741020202637 2
1783781962854 4.686127662658691 3
1783781962978 5.185582160949707 4
1783781963118 5.595768928527832 5
1783781963244 6.855628490447998 6
1783781963377 8.152935028076172 7
1783781963511 7.85255241394043 8
1783781963618 10.375828742980957 9
1783781963780 10.054733276367188 10
1783781963896 12.14876937866211 11
1783781964044 13.625460624694824 12
1783781964177 14.314813613891602 13
1783781964305 15.082664489746094 14
1783781964444 17.637306213378906 15
1783781964575 20.098947525024414 16
1783781964713 17.972415924072266 17
1783781964861 23.112916946411133 18
1783781965061 22.213430404663086 19
1783781965212 28.185283660888672 20
1783781965349 30.644514083862305 21
1783781965485 30.323156356811523 22
1783781965601 32.77274703979492 23
1783781965725 32.70123291015625 24
1783781965863 39.988189697265625 25
1783781965986 39.0828857421875 26
1783781966114 47.716697692871094 27
1783781966255 49.68415069580078 28
1783781966416 50.77893829345703 29
1783781966524 48.035343170166016 30
1783781966660 53.79560852050781 31
1783781966801 58.61856460571289 32
1783781966925 66.9770278930664 33
1783781967059 72.36923217773438 34
1783781967200 69.10716247558594 35
1783781967325 72.58409118652344 36
1783781967460 81.05343627929688 37
1783781967631 79.68499755859375 38
1783781967770 101.67385864257812 39
1783781967903 86.06617736816406 40
1783781968033 98.74017333984375 41
1783781968157 111.4605941772461 42
1783781968301 101.73323822021484 43
1783781968432 111.22831726074219 44
1783781968555 117.12088012695312 45
1783781968675 106.80421447753906 46
1783781968792 118.72549438476562 47
1783781968910 122.90544891357422 48
1783781969054 118.82904815673828 49
1783781969188 128.9747314453125 50
1783781969316 140.0457305908203 51
1783781969447 129.5072784423828 52
1783781969557 120.47267150878906 53
1783781969687 140.50738525390625 54
1783781969811 144.471923828125 55
1783781969943 137.15977478027344 56
1783781970125 174.88900756835938 57
1783781970259 132.03590393066406 58
1783781970397 146.12118530273438 59
1783781970526 153.18783569335938 60
1783781970676 157.60940551757812 61
1783781970813 161.4698944091797 62
1783781970950 153.43507385253906 63
1783781971097 166.68663024902344 64
1783781971226 145.7220916748047 65
1783781971325 158.96060180664062 66
1783781971475 154.10104370117188 67
1783781971605 151.97994995117188 68
1783781971722 139.7760009765625 69
1783781971849 153.7994384765625 70
1783781971966 143.75320434570312 71
1783781972128 147.76998901367188 72
1783781972298 144.89083862304688 73
1783781972463 147.05030822753906 74
1783781972649 152.784912109375 75
1783781972843 140.686767578125 76
1783781972992 152.12472534179688 77
1783781973140 152.1788787841797 78
1783781973381 145.59146118164062 79
1783781973538 146.71009826660156 80
1783781973738 144.99888610839844 81
1783781973892 137.14149475097656 82
1783781974025 135.69337463378906 83
1783781974170 137.797119140625 84
1783781974345 142.36468505859375 85
1783781974511 141.50531005859375 86
1783781974623 121.89471435546875 87
1783781974783 135.9591522216797 88
1783781974947 132.47882080078125 89
1783781975122 132.18905639648438 90
1783781975307 129.82049560546875 91
1783781975472 118.70556640625 92
1783781975631 130.35400390625 93
1783781975795 125.87781524658203 94
1783781975938 114.6855239868164 95
1783781976064 116.34735107421875 96
1783781976173 112.16019439697266 97
1783781976305 128.91470336914062 98
1783781976451 108.05264282226562 99
1783781976566 117.8102798461914 100
1783781976689 112.30986022949219 101
1783781976815 122.2789306640625 102
1783781976945 112.08905029296875 103
1783781977132 109.93932342529297 104
1783781977293 111.63906860351562 105
1783781977417 100.16758728027344 106
1783781977538 113.32166290283203 107
1783781977896 104.27864837646484 108
1783781978012 106.11756134033203 109
1783781978137 103.3974609375 110
1783781978233 103.39723205566406 111
1783781978340 102.55611419677734 112
1783781978471 102.04402160644531 113
1783781978609 100.88737487792969 114
1783781978733 95.84925842285156 115
1783781978853 95.00929260253906 116
1783781978975 96.04747009277344 117
1783781979107 89.84441375732422 118
1783781979223 93.65899658203125 119
1783781979363 88.81964111328125 120
1783781979507 85.2418212890625 121
1783781979605 85.36125946044922 122
1783781979778 87.67149353027344 123
1783781979962 89.47520446777344 124
1783781980102 81.70403289794922 125
1783781980253 77.94540405273438 126
1783781980360 78.3078384399414 127
1783781980470 79.05360412597656 128
1783781980591 86.29524230957031 129
1783781980708 82.96842956542969 130
1783781980841 80.35057067871094 131
1783781980983 76.1843490600586 132
1783781981143 76.08008575439453 133
1783781981276 73.63720703125 134
1783781981521 75.39569854736328 135
1783781981663 71.4744644165039 136
1783781981796 70.71784973144531 137
1783781981917 66.26443481445312 138
1783781982033 72.64094543457031 139
1783781982154 66.78593444824219 140
1783781982276 65.36366271972656 141
1783781982402 63.98419952392578 142
1783781982504 67.97296142578125 143
1783781982621 62.48362350463867 144
1783781982822 66.84222412109375 145
1783781982952 64.07853698730469 146
1783781983074 60.2703971862793 147
1783781983203 61.522037506103516 148
1783781983393 62.3089599609375 149
1783781983596 55.89909362792969 150
1783781983782 50.6909294128418 151
1783781983898 56.85417175292969 152
1783781984036 55.382965087890625 153
1783781984167 57.87834167480469 154
1783781984282 53.10300827026367 155
1783781984405 50.508033752441406 156
1783781984529 52.77699661254883 157
1783781984640 50.97871398925781 158
1783781984765 46.23392105102539 159
1783781984903 49.31946563720703 160
1783781985048 47.66252136230469 161
1783781985225 46.31086730957031 162
1783781985394 49.07865524291992 163
1783781985556 45.54801940917969 164
1783781985694 43.88304901123047 165
1783781985821 44.195167541503906 166
1783781985940 41.58745193481445 167
1783781986056 41.866031646728516 168
1783781986193 40.18385314941406 169
1783781986330 36.77125549316406 170
1783781986443 39.752601623535156 171
1783781986572 37.154052734375 172
1783781986678 37.907798767089844 173
1783781986783 35.64692306518555 174
1783781986881 38.261329650878906 175
1783781986989 31.204376220703125 176
1783781987105 33.41377258300781 177
1783781987209 31.257591247558594 178
1783781987315 25.158220291137695 179
1783781987435 30.002864837646484 180
1783781987575 29.601818084716797 181
1783781987724 28.512170791625977 182
1783781987856 28.8505859375 183
1783781988003 25.354894638061523 184
1783781988124 24.23246192932129 185
1783781988324 24.33464241027832 186
1783781988470 20.95203971862793 187
1783781988610 22.994537353515625 188
1783781988766 22.848533630371094 189
1783781988938 19.2990779876709 190
1783781989119 19.753501892089844 191
1783781989287 17.627124786376953 192
1783781989472 17.237991333007812 193
1783781989663 15.639559745788574 194
1783781989865 17.698816299438477 195
1783781989988 14.718049049377441 196
1783781990238 14.099706649780273 197
1783781990415 13.336658477783203 198
1783781990645 12.628490447998047 199
1783781990772 10.727812767028809 200
1783781990950 12.03378677368164 201
1783781991143 10.354386329650879 202
1783781991286 8.917430877685547 203
1783781991443 9.949786186218262 204
1783781991657 8.064475059509277 205
1783781991847 7.397876739501953 206
1783781992008 5.3697357177734375 207
1783781992208 5.148532867431641 208
1783781992392 4.981499671936035 209
1783781992556 4.181919097900391 210
1783781992717 2.250540256500244 211
1783781992865 3.0118298530578613 212
1783781993027 2.595466375350952 213
1783781993188 2.3888533115386963 214
1783781993348 2.5604405403137207 215
1783781993521 2.052541971206665 216
1783781993710 1.5549428462982178 217
1783781993823 1.6100552082061768 218
1783781993955 2.5646140575408936 219
1783781994125 3.3132660388946533 220
1783781994287 2.896306037902832 221
1783781994458 1.691741943359375 222
1783781994625 2.777041435241699 223
1783781994809 3.3452303409576416 224
1783781994955 1.600138545036316 225
1783781995076 2.6525683403015137 226
1783781995226 2.546344518661499 227
1783781995422 1.5982550382614136 228
1783781995586 1.0534756183624268 229
1783781995850 1.154633641242981 230
1783781996006 1.1589380502700806 231
1783781996143 1.2072904109954834 232
1783781996320 0.9745892882347107 233
1783781996529 1.501879334449768 234
1783781996707 1.6348015069961548 235
1783781996873 1.4579416513442993 236
1783781997140 1.667637825012207 237
1783781997272 1.3704584836959839 238
1783781997444 1.0017441511154175 239
1783781997629 1.1919671297073364 240
1783781997808 1.6676901578903198 241
1783781998021 0.8357813954353333 242
1783781998253 1.2754098176956177 243
1783781998427 1.5332553386688232 244
1783781998618 1.98640775680542 245
1783781998776 0.9946241974830627 246
1783781998939 1.8530024290084839 247
1783781999107 1.059203863143921 248
1783781999330 2.0091450214385986 249
1783781999519 0.9347817897796631 250
1783781999742 1.8597246408462524 251
1783781999935 1.480737566947937 252
1783782000139 1.064488172531128 253
1783782000336 1.3389836549758911 254
1783782000491 2.279198169708252 255
1783782000633 1.4741264581680298 256
1783782000891 1.1134322881698608 257
1783782001051 1.7431799173355103 258
1783782001282 1.4639194011688232 259
1783782001389 1.2190179824829102 260
1783782001519 0.619497537612915 261
1783782001692 1.9720081090927124 262
1783782001859 0.7344914674758911 263
1783782002158 1.3681156635284424 264
1783782002338 1.1708418130874634 265
1783782002525 0.9787792563438416 266
1783782002685 1.5982415676116943 267
1783782002886 0.866104781627655 268
1783782003039 0.4542316198348999 269
1783782003215 1.1976633071899414 270
1783782003443 1.7204855680465698 271
1783782003604 1.3963890075683594 272
1783782003733 1.2036230564117432 273
1783782003886 0.7685608267784119 274
1783782004036 0.7508208155632019 275
1783782004156 0.5795479416847229 276
1783782004285 0.8996068835258484 277
1783782004381 0.9401947855949402 278
1783782004475 0.645149290561676 279
1783782004585 0.502773642539978 280
1783782004699 1.0365616083145142 281
1783782004827 0.3026854395866394 282
1783782004939 0.6893254518508911 283
1783782005077 0.9257602095603943 284
1783782005191 1.0481655597686768 285
1783782005297 0.8897683024406433 286
1783782005398 0.4543403685092926 287
1783782005498 1.1374536752700806 288
1783782005597 1.5129597187042236 289
1783782005737 1.3842965364456177 290
1783782005855 0.9856587648391724 291
1783782006025 1.1983139514923096 292
1783782006144 0.626004159450531 293
1783782006242 0.4241715967655182 294
1783782006371 0.6441798806190491 295
1783782006484 0.9309160709381104 296
1783782006603 0.418106347322464 297
1783782006718 0.9165433049201965 298
1783782006834 0.7907554507255554 299
1783782006944 0.7082839608192444 300
1783782007052 0.818842887878418 301
1783782007203 1.1299574375152588 302
1783782007348 1.0791964530944824 303
1783782007471 0.5014021396636963 304
1783782007566 0.8921016454696655 305
1783782007677 0.6412104964256287 306
1783782007780 0.41749343276023865 307
1783782007890 0.31612417101860046 308
1783782008005 0.3753544092178345 309
1783782008116 1.0738106966018677 310
1783782008216 0.4214340150356293 311
1783782008317 0.6870447993278503 312
1783782008437 0.37304288148880005 313
1783782008562 0.6201835870742798 314
1783782008667 0.6844493746757507 315
1783782008770 0.810732364654541 316
1783782008866 0.895241379737854 317
1783782008965 0.3620074689388275 318
1783782009053 0.3555378317832947 319
1783782009147 1.0037096738815308 320
1783782009245 0.5372065901756287 321
1783782009349 0.25451934337615967 322
1783782009462 1.2057334184646606 323
1783782009552 0.7515196800231934 324
1783782009741 0.7180290222167969 325
1783782009878 1.0139284133911133 326
1783782009976 0.4562269449234009 327
1783782010071 0.6322364807128906 328
1783782010214 0.6699316501617432 329
1783782010371 0.3481419086456299 330
1783782010505 0.2779911160469055 331
1783782010624 0.5696514844894409 332
1783782010751 0.5907976031303406 333
1783782010906 0.5947977304458618 334
1783782011105 0.8652821183204651 335
1783782011234 0.5230709910392761 336
1783782011359 0.752700686454773 337
1783782011537 0.39111632108688354 338
1783782011676 0.4783974587917328 339
1783782011784 0.5106320977210999 340
1783782012009 0.4650987386703491 341
1783782012303 0.42927664518356323 342
1783782012448 0.6188119649887085 343
1783782012606 0.5495768785476685 344
1783782012731 0.4313020706176758 345
1783782012881 0.7474045753479004 346
1783782013039 0.6117196679115295 347
1783782013207 0.6880605220794678 348
1783782013451 0.2424253225326538 349
1783782013716 0.7730331420898438 350
1783782013822 0.4177682399749756 351
1783782013932 0.3341250419616699 352
1783782014158 0.42637985944747925 353
1783782014477 0.27711379528045654 354
1783782014673 0.5278881192207336 355
1783782014824 0.43621116876602173 356
1783782014994 0.41605809330940247 357
1783782015132 0.3897363543510437 358
1783782015315 0.33046263456344604 359
1783782015495 0.4155389666557312 360
1783782015675 0.37929198145866394 361
1783782015908 0.18507951498031616 362
1783782016137 0.46557044982910156 363
1783782016390 0.401805579662323 364
1783782016607 0.507339358329773 365
1783782016783 0.5726121068000793 366
1783782017045 0.707335889339447 367
1783782017180 0.5018150806427002 368
1783782017292 0.3325945734977722 369
1783782017409 0.36302196979522705 370
1783782017556 0.567094624042511 371
1783782017684 0.3254256546497345 372
1783782017803 0.26846691966056824 373
1783782017905 0.44018277525901794 374
1783782018015 0.4956386387348175 375
1783782018107 0.31618577241897583 376
1783782018196 0.22136011719703674 377
1783782018298 0.4047968089580536 378
1783782018400 0.41192394495010376 379
1783782018509 0.10625701397657394 380
1783782018618 0.248434916138649 381
1783782018733 0.5297828912734985 382
1783782018860 0.2613013982772827 383
1783782018960 0.278045654296875 384
1783782019047 0.6829732060432434 385
1783782019142 0.33821916580200195 386
1783782019228 0.20500308275222778 387
1783782019330 0.2590329349040985 388
1783782019422 0.3064095973968506 389
1783782019538 0.2519320249557495 390
1783782019639 0.33699867129325867 391
1783782019737 0.2812862992286682 392
1783782019832 0.16624300181865692 393
1783782019943 0.3420978784561157 394
1783782020064 0.2046399712562561 395
1783782020172 0.1183587908744812 396
1783782020348 0.29859262704849243 397
1783782020532 0.3408157527446747 398
1783782020688 0.49724850058555603 399
1783782020884 0.21292656660079956 400
1783782021007 0.2868809103965759 401
1783782021265 0.12654337286949158 402
1783782021370 0.2749597430229187 403
1783782021470 0.278021901845932 404
1783782021576 0.4114067256450653 405
1783782021679 0.27695220708847046 406
1783782021781 0.4103940725326538 407
1783782021886 0.36010295152664185 408
1783782022004 0.3853602707386017 409
1783782022114 0.28957444429397583 410
1783782022216 0.13321010768413544 411
1783782022379 0.16761863231658936 412
1783782022621 0.26043814420700073 413
1783782022745 0.2883284091949463 414
1783782022955 0.3922904431819916 415
1783782023120 0.34693652391433716 416
1783782023235 0.2158527970314026 417
1783782023332 0.3077695071697235 418
1783782023428 0.22996936738491058 419
1783782023532 0.30066975951194763 420
1783782023636 0.4422864317893982 421
1783782023789 0.39590156078338623 422
1783782023894 0.15237195789813995 423
1783782023992 0.3592550456523895 424
1783782024082 0.24995562434196472 425
1783782024205 0.19826965034008026 426
1783782024325 0.24687102437019348 427
1783782024435 0.2158840298652649 428
1783782024552 0.15978175401687622 429
1783782024683 0.18051189184188843 430
1783782024807 0.21317481994628906 431
1783782024923 0.14957094192504883 432
1783782025054 0.203494593501091 433
1783782025173 0.2614317834377289 434
1783782025286 0.21937435865402222 435
1783782025409 0.17346063256263733 436
1783782025560 0.16741600632667542 437
1783782025727 0.23915986716747284 438
1783782025836 0.2569144368171692 439
1783782025971 0.153414785861969 440
1783782026167 0.27940574288368225 441
1783782026461 0.27402135729789734 442
1783782026635 0.14519190788269043 443
1783782026836 0.27695512771606445 444
1783782026985 0.12166211009025574 445
1783782027140 0.2549453377723694 446
1783782027437 0.1927909404039383 447
1783782027617 0.23532865941524506 448
1783782027787 0.17134183645248413 449
1783782027944 0.17878937721252441 450
1783782028132 0.13876661658287048 451
1783782028307 0.27662399411201477 452
1783782028494 0.21241283416748047 453
1783782028663 0.17414921522140503 454
1783782028824 0.2384190857410431 455
1783782028974 0.18252435326576233 456
1783782029091 0.18793989717960358 457
1783782029216 0.20539723336696625 458
1783782029372 0.19531287252902985 459
1783782029590 0.14465442299842834 460
1783782029754 0.1797514259815216 461
1783782029959 0.19500456750392914 462
1783782030222 0.15079200267791748 463
1783782030355 0.17602702975273132 464
1783782030467 0.14796824753284454 465
1783782030563 0.16713789105415344 466
1783782030660 0.18907347321510315 467
1783782031016 0.2392185628414154 468
1783782031102 0.19642266631126404 469
1783782031220 0.1499628871679306 470
1783782031333 0.15123465657234192 471
1783782031461 0.2550121247768402 472
1783782031580 0.1672753542661667 473
1783782031685 0.15210005640983582 474
1783782031822 0.21448542177677155 475
1783782031933 0.15009135007858276 476
1783782032030 0.12044285237789154 477
1783782032129 0.19549939036369324 478
1783782032243 0.10741978138685226 479
1783782032348 0.11931806057691574 480
1783782032463 0.1865277886390686 481
1783782032664 0.14336036145687103 482
1783782032803 0.15412309765815735 483
1783782032905 0.14599774777889252 484
1783782033011 0.16412842273712158 485
1783782033140 0.144254669547081 486
1783782033270 0.14037814736366272 487
1783782033411 0.1345767378807068 488
1783782033516 0.1784238964319229 489
1783782033649 0.1538943201303482 490
1783782033771 0.1516525149345398 491
1783782033902 0.08266244828701019 492
1783782034015 0.12783227860927582 493
1783782034135 0.1354002058506012 494
1783782034233 0.17325901985168457 495
1783782034354 0.09695848822593689 496
1783782034531 0.16879014670848846 497
1783782034779 0.14495310187339783 498
1783782034881 0.1759302318096161 499
1783782035033 0.11698122322559357 500
1783782035205 0.08600979298353195 501
1783782035377 0.1569094955921173 502
1783782035542 0.12583474814891815 503
1783782035700 0.15640687942504883 504
1783782035837 0.12158174067735672 505
1783782036006 0.14359229803085327 506
1783782036177 0.16321009397506714 507
1783782036397 0.11756401509046555 508
1783782036608 0.17751054465770721 509
1783782036753 0.1373244822025299 510
1783782036958 0.1338966339826584 511
1783782037120 0.15424758195877075 512
1783782037254 0.15041348338127136 513
1783782037404 0.16928887367248535 514
1783782037701 0.17245271801948547 515
1783782037874 0.1528443694114685 516
1783782038038 0.10394445061683655 517
1783782038150 0.12511226534843445 518
1783782038313 0.1408013105392456 519
1783782038517 0.1837804615497589 520
1783782038698 0.16323454678058624 521
1783782038862 0.15145215392112732 522
1783782038993 0.14183861017227173 523
1783782039172 0.17030484974384308 524
1783782039362 0.1539582908153534 525
1783782039554 0.16683197021484375 526
1783782039729 0.1267167329788208 527
1783782039886 0.17280426621437073 528
1783782040072 0.17250028252601624 529
1783782040245 0.16718055307865143 530
1783782040401 0.14699694514274597 531
1783782040536 0.15880772471427917 532
1783782040672 0.13063690066337585 533
1783782040803 0.141728937625885 534
1783782040910 0.10251425206661224 535
1783782041002 0.13711053133010864 536
1783782041119 0.1165505200624466 537
1783782041251 0.2127244770526886 538
1783782041364 0.11882337927818298 539
1783782041498 0.15495814383029938 540
1783782041613 0.16065466403961182 541
1783782041719 0.1287641078233719 542
1783782041837 0.1073228046298027 543
1783782041953 0.13851606845855713 544
1783782042088 0.12011995911598206 545
1783782042206 0.14398640394210815 546
1783782042320 0.12045099586248398 547
1783782042461 0.12499366700649261 548
1783782042587 0.11391368508338928 549
1783782042708 0.16096048057079315 550
1783782042839 0.13581717014312744 551
1783782042960 0.11537513136863708 552
1783782043065 0.09843301773071289 553
1783782043192 0.07332324981689453 554
1783782043308 0.1159932091832161 555
1783782043458 0.136996328830719 556
1783782043636 0.12143243849277496 557
1783782043795 0.08658279478549957 558
1783782043917 0.11397643387317657 559
1783782044052 0.15666833519935608 560
1783782044235 0.08172079920768738 561
1783782044399 0.12647190690040588 562
1783782044506 0.1364474892616272 563
1783782044611 0.14753411710262299 564
1783782044739 0.09126293659210205 565
1783782044848 0.1465023159980774 566
1783782044951 0.08709346503019333 567
1783782045083 0.1316235214471817 568
1783782045203 0.117498479783535 569
1783782045335 0.15456129610538483 570
1783782045492 0.08079221844673157 571
1783782045656 0.0891813412308693 572
1783782045826 0.09868062287569046 573
1783782045959 0.08125949651002884 574
1783782046121 0.1369403898715973 575
1783782046278 0.09606912732124329 576
1783782046447 0.13000167906284332 577
1783782046651 0.08450312912464142 578
1783782046822 0.0906882956624031 579
1783782046956 0.12480495125055313 580
1783782047122 0.12534698843955994 581
1783782047287 0.1286635547876358 582
1783782047483 0.0885973870754242 583
1783782047658 0.11518263816833496 584
1783782047808 0.17808912694454193 585
1783782047999 0.07928702235221863 586
1783782048111 0.13719527423381805 587
1783782048221 0.07340850681066513 588
1783782048361 0.07469387352466583 589
1783782048591 0.09597700089216232 590
1783782048805 0.06173079088330269 591
1783782048986 0.08606363832950592 592
1783782049103 0.11783653497695923 593
1783782049330 0.15465134382247925 594
1783782049489 0.12208934128284454 595
1783782049658 0.05635370314121246 596
1783782049811 0.09865120053291321 597
1783782049995 0.17225784063339233 598
1783782050134 0.09886033087968826 599
1783782050249 0.12014500051736832 600
1783782050414 0.11907292902469635 601
1783782050574 0.11723261326551437 602
1783782050745 0.09743604809045792 603
1783782050926 0.1207161620259285 604
1783782051044 0.10608549416065216 605
1783782051161 0.0874994620680809 606
1783782051304 0.08359991759061813 607
1783782051393 0.0932195633649826 608
1783782051505 0.09138185530900955 609
1783782051614 0.08416781574487686 610
1783782051736 0.07828225940465927 611
1783782051867 0.1265445351600647 612
1783782051978 0.06951507925987244 613
1783782052081 0.11094555258750916 614
1783782052167 0.08039645850658417 615
1783782052269 0.10301336646080017 616
1783782052370 0.1307125836610794 617
1783782052465 0.07560118287801743 618
1783782052606 0.13804297149181366 619
1783782052762 0.12294119596481323 620
1783782053056 0.11121686547994614 621
1783782053212 0.14507438242435455 622
1783782053420 0.10181733965873718 623
1783782053535 0.09196848422288895 624
1783782053646 0.0879952535033226 625
1783782053741 0.11336514353752136 626
1783782053854 0.10017219185829163 627
1783782053965 0.07325217127799988 628
1783782054068 0.10356742888689041 629
1783782054205 0.07016654312610626 630
1783782054340 0.12288244068622589 631
1783782054444 0.07692226022481918 632
1783782054547 0.16368736326694489 633
1783782054641 0.08684171736240387 634
1783782054744 0.08129625022411346 635
1783782054840 0.0838523730635643 636
1783782054946 0.09208877384662628 637
1783782055053 0.11680686473846436 638
1783782055167 0.11432638764381409 639
1783782055286 0.14112943410873413 640
1783782055423 0.1676221489906311 641
1783782055555 0.07316610962152481 642
1783782055717 0.18323060870170593 643
1783782055893 0.057273268699645996 644
1783782056054 0.10429278016090393 645
1783782056229 0.07915753126144409 646
1783782056441 0.08484803140163422 647
1783782056708 0.05987479165196419 648
1783782056870 0.07834583520889282 649
1783782057112 0.13083398342132568 650
1783782057325 0.07445365190505981 651
1783782057585 0.10379232466220856 652
1783782057852 0.0841369479894638 653
1783782058074 0.08588827401399612 654
1783782058231 0.11134736239910126 655
1783782058369 0.11408811807632446 656
1783782058662 0.14511185884475708 657
1783782058938 0.11346123367547989 658
1783782059045 0.08955822139978409 659
1783782059180 0.06605488806962967 660
1783782059404 0.08785910904407501 661
1783782059566 0.10594151169061661 662
1783782059708 0.09373985230922699 663
1783782059890 0.0847868025302887 664
1783782060078 0.06523552536964417 665
1783782060193 0.10578612983226776 666
1783782060301 0.03524446114897728 667
1783782060454 0.0769074559211731 668
1783782060617 0.11319996416568756 669
1783782060719 0.08781812340021133 670
1783782060818 0.09575605392456055 671
1783782060923 0.10509896278381348 672
1783782061051 0.12365807592868805 673
1783782061150 0.1453685611486435 674
1783782061297 0.08644022047519684 675
1783782061406 0.05638547241687775 676
1783782061505 0.11461911350488663 677
1783782061610 0.09097166359424591 678
1783782061735 0.062307581305503845 679
1783782061853 0.05935166776180267 680
1783782061986 0.162658229470253 681
1783782062102 0.12183719873428345 682
1783782062200 0.05335759371519089 683
1783782062305 0.09858851134777069 684
1783782062404 0.07228560745716095 685
1783782062502 0.055926769971847534 686
1783782062812 0.0748664066195488 687
1783782062921 0.07834009826183319 688
1783782063055 0.10520437359809875 689
1783782063192 0.05434679239988327 690
1783782063290 0.08789496123790741 691
1783782063400 0.11001979559659958 692
1783782063509 0.09364501386880875 693
1783782063606 0.10025356709957123 694
1783782063713 0.0975257083773613 695
1783782063816 0.07058185338973999 696
1783782063906 0.10245020687580109 697
1783782064007 0.056903619319200516 698
1783782064130 0.07897545397281647 699
1783782064253 0.09346047043800354 700
1783782064367 0.14926768839359283 701
1783782064482 0.06181325763463974 702
1783782064584 0.08249841630458832 703
1783782064692 0.0600503534078598 704
1783782064803 0.07938209921121597 705
1783782064917 0.08357822895050049 706
1783782065090 0.09111873060464859 707
1783782065212 0.07326490432024002 708
1783782065322 0.05690314620733261 709
1783782065451 0.1059621050953865 710
1783782065621 0.09525993466377258 711
1783782065754 0.09169986844062805 712
1783782065884 0.12376603484153748 713
1783782065995 0.07700997591018677 714
1783782066125 0.06724416464567184 715
1783782066234 0.07126232236623764 716
1783782066343 0.07054799050092697 717
1783782066455 0.06038033962249756 718
1783782066594 0.050427600741386414 719
1783782066752 0.09269959479570389 720
1783782066962 0.06563331186771393 721
1783782067119 0.06009756773710251 722
1783782067283 0.08817306160926819 723
1783782067432 0.08285525441169739 724
1783782067617 0.06291874498128891 725
1783782067748 0.07536376267671585 726
1783782067947 0.05460619553923607 727
1783782068068 0.07742814719676971 728
1783782068306 0.07918638736009598 729
1783782068434 0.07234880328178406 730
1783782068591 0.09744489938020706 731
1783782068767 0.0851435512304306 732
1783782068954 0.07012790441513062 733
1783782069098 0.054389819502830505 734
1783782069216 0.07830677926540375 735
1783782069552 0.07661430537700653 736
1783782069720 0.07662051916122437 737
1783782069882 0.09131424874067307 738
1783782070052 0.07565867155790329 739
1783782070216 0.1367396116256714 740
1783782070386 0.05176367610692978 741
1783782070530 0.06163465231657028 742
1783782070649 0.08606112748384476 743
1783782070766 0.07293569296598434 744
1783782070884 0.10236480087041855 745
1783782070984 0.0755264088511467 746
1783782071116 0.13192275166511536 747
1783782071231 0.04628303647041321 748
1783782071355 0.027203945443034172 749
1783782071458 0.07130560278892517 750
1783782071569 0.09362363815307617 751
1783782071676 0.0982787162065506 752
1783782071806 0.08394720405340195 753
1783782071903 0.08357326686382294 754
1783782072053 0.09240240603685379 755
1783782072170 0.07736586034297943 756
1783782072269 0.043543364852666855 757
1783782072368 0.09540297836065292 758
1783782072494 0.051003050059080124 759
1783782072620 0.08256174623966217 760
1783782072722 0.09151424467563629 761
1783782072815 0.07794046401977539 762
1783782072923 0.07495929300785065 763
1783782073026 0.07610736787319183 764
1783782073136 0.07016045600175858 765
1783782073308 0.07840120792388916 766
1783782073456 0.07984861731529236 767
1783782073563 0.04842298850417137 768
1783782073689 0.06301349401473999 769
1783782073809 0.07140018045902252 770
1783782073937 0.08023540675640106 771
1783782074046 0.0501246452331543 772
1783782074153 0.09097239375114441 773
1783782074255 0.10744457691907883 774
1783782074355 0.07013428956270218 775
1783782074469 0.061941105872392654 776
1783782074586 0.07013639062643051 777
1783782074732 0.04949261248111725 778
1783782074877 0.11716388165950775 779
1783782075064 0.07885683327913284 780
1783782075252 0.07733514904975891 781
1783782075424 0.05985283479094505 782
1783782075624 0.04854436218738556 783
1783782075842 0.10591000318527222 784
1783782076009 0.1071593388915062 785
1783782076190 0.10662470757961273 786
1783782076351 0.06959657371044159 787
1783782076526 0.09301206469535828 788
1783782076683 0.10441359877586365 789
1783782076855 0.04472421854734421 790
1783782076964 0.06091295927762985 791
1783782077240 0.09037046134471893 792
1783782077412 0.07759810984134674 793
1783782077615 0.08237382769584656 794
1783782077785 0.10549629479646683 795
1783782077962 0.07191973924636841 796
1783782078103 0.07653285562992096 797
1783782078274 0.09690195322036743 798
1783782078535 0.052560050040483475 799
1783782078712 0.07565070688724518 800
1783782078880 0.049977079033851624 801
1783782079028 0.05313483625650406 802
1783782079126 0.1254369616508484 803
1783782079312 0.07586128264665604 804
1783782079502 0.06656759977340698 805
1783782079776 0.056224167346954346 806
1783782079936 0.057520993053913116 807
1783782080145 0.04998008534312248 808
1783782080308 0.06755438446998596 809
1783782080468 0.060123689472675323 810
1783782080621 0.05414193123579025 811
1783782080754 0.12150361388921738 812
1783782080875 0.054022859781980515 813
1783782081005 0.0903768241405487 814
1783782081137 0.058194443583488464 815
1783782081239 0.06933961808681488 816
1783782081351 0.03985301032662392 817
1783782081461 0.06730274856090546 818
1783782081566 0.04548123851418495 819
1783782081703 0.08463425934314728 820
1783782081847 0.08493038266897202 821
1783782081957 0.07531636953353882 822
1783782082069 0.09265317022800446 823
1783782082201 0.08469296991825104 824
1783782082331 0.09512617439031601 825
1783782082439 0.05801535025238991 826
1783782082534 0.12157822400331497 827
1783782082639 0.03818393498659134 828
1783782082750 0.11496658623218536 829
1783782082857 0.044142767786979675 830
1783782082990 0.13838660717010498 831
1783782083122 0.0635766088962555 832
1783782083254 0.14393123984336853 833
1783782083354 0.08774864673614502 834
1783782083472 0.10942510515451431 835
1783782083586 0.09019237011671066 836
1783782083694 0.09375713765621185 837
1783782083804 0.09534559398889542 838
1783782083912 0.02112967148423195 839
1783782084017 0.0704784169793129 840
1783782084115 0.11120585352182388 841
1783782084218 0.07720949500799179 842
1783782084341 0.08048989623785019 843
1783782084466 0.067201629281044 844
1783782084587 0.1358674168586731 845
1783782084706 0.06753207743167877 846
1783782084838 0.10346303880214691 847
1783782085005 0.051696814596652985 848
1783782085196 0.07917551696300507 849
1783782085382 0.054658010601997375 850
1783782085549 0.05089086294174194 851
1783782085710 0.07968385517597198 852
1783782085870 0.14427223801612854 853
1783782086082 0.04828250780701637 854
1783782086236 0.07815144211053848 855
1783782086405 0.05335689336061478 856
1783782086573 0.06452734768390656 857
1783782086752 0.0794089287519455 858
1783782086915 0.054067835211753845 859
1783782087076 0.11430889368057251 860
1783782087242 0.04435870796442032 861
1783782087421 0.10094328224658966 862
1783782087614 0.06354258209466934 863
1783782087799 0.042628973722457886 864
1783782087934 0.07842914760112762 865
1783782088046 0.02817046456038952 866
1783782088163 0.048618026077747345 867
1783782088352 0.05712130665779114 868
1783782088614 0.06132996454834938 869
1783782088810 0.04257003217935562 870
1783782088998 0.09361888468265533 871
1783782089096 0.0569324865937233 872
1783782089259 0.07771234214305878 873
1783782089421 0.039231523871421814 874
1783782089552 0.0774291455745697 875
1783782089703 0.033390942960977554 876
1783782090004 0.05443450063467026 877
1783782090161 0.039667051285505295 878
1783782090304 0.07948413491249084 879
1783782090448 0.08801370114088058 880
1783782090601 0.045830950140953064 881
1783782090771 0.0499374121427536 882
1783782090946 0.07860087603330612 883
1783782091253 0.052419185638427734 884
1783782091357 0.05653930455446243 885
1783782091502 0.06082446873188019 886
1783782091667 0.029006635770201683 887
1783782091792 0.05202774703502655 888
1783782091916 0.0832948088645935 889
1783782092033 0.05904633551836014 890
1783782092135 0.0852808803319931 891
1783782092238 0.07073011249303818 892
1783782092355 0.059099115431308746 893
1783782092465 0.03352644294500351 894
1783782092575 0.10496465861797333 895
1783782092679 0.06390946358442307 896
1783782092821 0.08805514127016068 897
1783782092986 0.06185072287917137 898
1783782093171 0.06772498041391373 899
1783782093372 0.053462572395801544 900
1783782093505 0.1532181203365326 901
1783782093708 0.058486443012952805 902
1783782093824 0.060157716274261475 903
1783782093942 0.08906907588243484 904
1783782094064 0.07495219260454178 905
1783782094167 0.07164382189512253 906
1783782094267 0.06492037326097488 907
1783782094377 0.07205955684185028 908
1783782094470 0.05125072970986366 909
1783782094582 0.03928909823298454 910
1783782094687 0.08309571444988251 911
1783782094785 0.11874926090240479 912
1783782094889 0.06776931136846542 913
1783782095000 0.0683286115527153 914
1783782095119 0.05705423653125763 915
1783782095227 0.06304751336574554 916
1783782095357 0.029221542179584503 917
1783782095484 0.040732722729444504 918
1783782095601 0.07590535283088684 919
1783782095699 0.06330333650112152 920
1783782095809 0.10450224578380585 921
1783782095937 0.06209055706858635 922
1783782096081 0.04954768344759941 923
1783782096218 0.0843808576464653 924
1783782096332 0.05265119671821594 925
1783782096471 0.06228046119213104 926
1783782096584 0.06766766309738159 927
1783782096713 0.03301494941115379 928
1783782096837 0.05295620858669281 929
1783782096949 0.082079216837883 930
1783782097069 0.03572354465723038 931
1783782097168 0.05394337326288223 932
1783782097289 0.0352431982755661 933
1783782097486 0.048663947731256485 934
1783782097599 0.029863962903618813 935
1783782097691 0.05870785191655159 936
1783782099087 0.05769594758749008 937
1783782099209 0.018442315980792046 938
1783782099374 0.039301782846450806 939
1783782099520 0.04093630611896515 940
1783782099668 0.07893408834934235 941
1783782099838 0.07954303920269012 942
1783782100082 0.08585450798273087 943
1783782100225 0.0801764726638794 944
1783782100411 0.08245033770799637 945
1783782100561 0.08851239830255508 946
1783782100731 0.059952765703201294 947
1783782100974 0.03218899667263031 948
1783782101137 0.07874470949172974 949
1783782101266 0.0611596554517746 950
1783782101384 0.040750160813331604 951
1783782101513 0.06991246342658997 952
1783782101682 0.060776110738515854 953
1783782101848 0.07098539918661118 954
1783782102030 0.14187026023864746 955
1783782102189 0.06362653523683548 956
1783782102325 0.1098090410232544 957
1783782102510 0.06305774301290512 958
1783782102770 0.07468274235725403 959
1783782102876 0.03981407731771469 960
1783782103058 0.024173719808459282 961
1783782103195 0.10017728805541992 962
1783782103311 0.029793530702590942 963
1783782103435 0.06999059021472931 964
1783782103586 0.0738699734210968 965
1783782103802 0.048754993826150894 966
1783782103960 0.05650760233402252 967
1783782104097 0.043543197214603424 968
1783782104243 0.04753151535987854 969
1783782104405 0.027995048090815544 970
1783782104563 0.058730464428663254 971
1783782104735 0.03595992550253868 972
1783782104906 0.03020363673567772 973
1783782105047 0.047832295298576355 974
1783782105235 0.12461933493614197 975
1783782105371 0.0908472090959549 976
1783782105520 0.04712587594985962 977
1783782105678 0.07101541757583618 978
1783782105840 0.03728115186095238 979
1783782106001 0.12491179257631302 980
1783782106318 0.0427655428647995 981
1783782106532 0.033631905913352966 982
1783782106663 0.0444205142557621 983
1783782106797 0.06310012936592102 984
1783782106919 0.03269362077116966 985
1783782107066 0.09468880295753479 986
1783782107236 0.03590807318687439 987
1783782107392 0.09787707030773163 988
1783782107557 0.0570245161652565 989
1783782107735 0.03194368630647659 990
1783782107876 0.08382907509803772 991
1783782108017 0.06681372225284576 992
1783782108184 0.04725256562232971 993
1783782108412 0.058464065194129944 994
1783782108559 0.028137221932411194 995
1783782108728 0.039691440761089325 996
1783782108863 0.046727702021598816 997
1783782108998 0.05445808544754982 998
1783782109104 0.033774733543395996 999
1783782109214 0.04803159460425377 1000
1783782109325 0.06838391721248627 1001
1783782109431 0.06312409043312073 1002
1783782109553 0.07743092626333237 1003
1783782109667 0.06435155868530273 1004
1783782109768 0.049661993980407715 1005
1783782109910 0.024739256128668785 1006
1783782110005 0.10451727360486984 1007
1783782110117 0.04302522540092468 1008
1783782110232 0.032954566180706024 1009
1783782110383 0.03408081829547882 1010
1783782110517 0.04240676760673523 1011
1783782110641 0.019787903875112534 1012
1783782110768 0.03781917318701744 1013
1783782110911 0.04182232543826103 1014
1783782111018 0.05131695047020912 1015
1783782111132 0.03908909112215042 1016
1783782111354 0.12398163974285126 1017
1783782111453 0.059000127017498016 1018
1783782111585 0.10600359737873077 1019
1783782111694 0.02373390831053257 1020
1783782111798 0.04411865770816803 1021
1783782111896 0.08931467682123184 1022
1783782112002 0.06817230582237244 1023
1783782112117 0.04919840767979622 1024
1783782112230 0.07265052944421768 1025
1783782112332 0.04404096305370331 1026
1783782112435 0.0318332202732563 1027
1783782112552 0.05355558544397354 1028
1783782112670 0.054885171353816986 1029
1783782112818 0.07962747663259506 1030
1783782112936 0.07573841512203217 1031
1783782113038 0.04397013783454895 1032
1783782113152 0.05729745328426361 1033
1783782113265 0.07597202807664871 1034
1783782113373 0.022613324224948883 1035
1783782113495 0.03440914675593376 1036
1783782113613 0.0343656949698925 1037
1783782113733 0.06271331757307053 1038
1783782113871 0.05704162269830704 1039
1783782113978 0.0468023419380188 1040
1783782114102 0.052641093730926514 1041
1783782114203 0.051012665033340454 1042
1783782114315 0.047987766563892365 1043
1783782114455 0.03530437871813774 1044
1783782114561 0.05474759638309479 1045
1783782114685 0.035482317209243774 1046
1783782114807 0.053436584770679474 1047
1783782114928 0.030622806400060654 1048
1783782115104 0.06338910013437271 1049
1783782115391 0.04271182045340538 1050
1783782115536 0.02819429337978363 1051
1783782115676 0.15361396968364716 1052
1783782115870 0.1215059906244278 1053
1783782116074 0.12747661769390106 1054
1783782116265 0.04089796915650368 1055
1783782116481 0.07048399746417999 1056
1783782116733 0.04269932582974434 1057
1783782116887 0.1718018501996994 1058
1783782117050 0.07625694572925568 1059
1783782117191 0.025700880214571953 1060
1783782117402 0.04245169460773468 1061
1783782117575 0.11787161976099014 1062
1783782117832 0.03843829035758972 1063
1783782118113 0.06342332810163498 1064
1783782118225 0.0787520483136177 1065
1783782118382 0.04718894511461258 1066
1783782118534 0.031225670129060745 1067
1783782118873 0.06796310842037201 1068
1783782119045 0.07486096769571304 1069
1783782119232 0.043871305882930756 1070
1783782119397 0.11616131663322449 1071
1783782119640 0.05804717540740967 1072
1783782120225 0.02403486892580986 1073
1783782120381 0.01855441927909851 1074
1783782120544 0.04468446597456932 1075
1783782120683 0.07273747771978378 1076
1783782120833 0.039337001740932465 1077
1783782120951 0.05594583973288536 1078
1783782121062 0.06376568973064423 1079
1783782121175 0.033102914690971375 1080
1783782121284 0.056921809911727905 1081
1783782121391 0.0538872554898262 1082
1783782121501 0.05037044733762741 1083
1783782121604 0.05409475788474083 1084
1783782121723 0.06536418199539185 1085
1783782121857 0.07340937852859497 1086
1783782121962 0.03308800980448723 1087
1783782122070 0.10264488309621811 1088
1783782122183 0.04073242098093033 1089
1783782122286 0.040584441274404526 1090
1783782122421 0.06568396091461182 1091
1783782122517 0.06494981050491333 1092
1783782122628 0.04024310037493706 1093
1783782122755 0.03132022172212601 1094
1783782122872 0.03489263355731964 1095
1783782123051 0.038368191570043564 1096
1783782123183 0.06491737067699432 1097
1783782123318 0.05927581340074539 1098
1783782123433 0.08466813713312149 1099
1783782123540 0.08341523259878159 1100
1783782123651 0.020484009757637978 1101
1783782123763 0.0818837359547615 1102
1783782123901 0.06268803030252457 1103
1783782124014 0.05784253031015396 1104
1783782124138 0.034846141934394836 1105
1783782124267 0.03898800536990166 1106
1783782124389 0.046537041664123535 1107
1783782124515 0.025241848081350327 1108
1783782124644 0.05429550260305405 1109
1783782124751 0.037214819341897964 1110
1783782124875 0.04683984816074371 1111
1783782125003 0.07142071425914764 1112
1783782125116 0.03685292974114418 1113
1783782125231 0.05969897285103798 1114
1783782125345 0.10416793823242188 1115
1783782125466 0.06106743589043617 1116
1783782125597 0.040931783616542816 1117
1783782125718 0.05318813771009445 1118
1783782125811 0.062360845506191254 1119
1783782125927 0.07271511107683182 1120
1783782126030 0.05537407100200653 1121
1783782126184 0.04857058823108673 1122
1783782126351 0.02825247123837471 1123
1783782126525 0.05068693682551384 1124
1783782126668 0.09289603680372238 1125
1783782126917 0.026584342122077942 1126
1783782127057 0.02088335156440735 1127
1783782127199 0.052030887454748154 1128
1783782127354 0.0680522695183754 1129
1783782127514 0.03970436006784439 1130
1783782127700 0.026306182146072388 1131
1783782127852 0.03823906555771828 1132
1783782127980 0.02160481922328472 1133
1783782128153 0.049816686660051346 1134
1783782128284 0.01830485090613365 1135
1783782128441 0.052451908588409424 1136
1783782128631 0.05430658906698227 1137
1783782128782 0.0292641744017601 1138
1783782128915 0.08301158994436264 1139
1783782129040 0.05571804195642471 1140
1783782129191 0.0489673912525177 1141
1783782129380 0.08816571533679962 1142
1783782129559 0.13669230043888092 1143
1783782129717 0.08694140613079071 1144
1783782129876 0.07384983450174332 1145
1783782130047 0.09154567867517471 1146
1783782130216 0.08482883870601654 1147
1783782130431 0.09501130133867264 1148
1783782130783 0.07275587320327759 1149
1783782130952 0.05823696404695511 1150
1783782131106 0.10385128110647202 1151
1783782131275 0.03831842169165611 1152
1783782131397 0.08249503374099731 1153
1783782131561 0.08413877338171005 1154
1783782131755 0.0574638694524765 1155
1783782131915 0.048943497240543365 1156
1783782132082 0.02732192724943161 1157
1783782132240 0.04777734726667404 1158
1783782132457 0.08093319833278656 1159
1783782132719 0.05444151908159256 1160
1783782132856 0.053220637142658234 1161
1783782133011 0.06766528636217117 1162
1783782133224 0.06218452751636505 1163
1783782133372 0.12042012810707092 1164
1783782133553 0.09482495486736298 1165
1783782133858 0.08452657610177994 1166
1783782133974 0.027259543538093567 1167
1783782134077 0.07640226185321808 1168
1783782134172 0.05070038139820099 1169
1783782134272 0.03697321563959122 1170
1783782134371 0.046315789222717285 1171
1783782134516 0.06333138048648834 1172
1783782134626 0.056843724101781845 1173
1783782134719 0.04862844944000244 1174
1783782134813 0.03980276733636856 1175
1783782134920 0.03481663018465042 1176
1783782135043 0.06251896917819977 1177
1783782135167 0.06855326890945435 1178
1783782135264 0.09228534251451492 1179
1783782135369 0.04432910680770874 1180
1783782135485 0.03774028271436691 1181
1783782135614 0.03472147136926651 1182
1783782135750 0.08674980700016022 1183
1783782135877 0.05998561531305313 1184
1783782135978 0.021507354453206062 1185
1783782136077 0.058772243559360504 1186
1783782136177 0.06910251826047897 1187
1783782136278 0.10309922695159912 1188
1783782136409 0.08603134006261826 1189
1783782136516 0.06873593479394913 1190
1783782136642 0.07270574569702148 1191
1783782136744 0.06524717807769775 1192
1783782136868 0.039337217807769775 1193
1783782136999 0.08736036717891693 1194
1783782137121 0.031035393476486206 1195
1783782137218 0.02808349020779133 1196
1783782137329 0.05465782433748245 1197
1783782137426 0.08890041708946228 1198
1783782137530 0.051748111844062805 1199
1783782137624 0.028527354821562767 1200
1783782137725 0.13021644949913025 1201
1783782137834 0.01940717175602913 1202
1783782137935 0.03107997588813305 1203
1783782138032 0.06186801195144653 1204
1783782138155 0.03455722704529762 1205
1783782138278 0.08225788921117783 1206
1783782138395 0.041544392704963684 1207
1783782138495 0.03373301774263382 1208
1783782138596 0.050822339951992035 1209
1783782138699 0.053787123411893845 1210
1783782138794 0.0772586464881897 1211
1783782138906 0.1454952210187912 1212
1783782139036 0.045256227254867554 1213
1783782139125 0.1008843332529068 1214
1783782139220 0.040355145931243896 1215
1783782139307 0.054444342851638794 1216
1783782139401 0.04339883476495743 1217
1783782139522 0.08214051276445389 1218
1783782139633 0.03886229544878006 1219
1783782139732 0.05642203614115715 1220
1783782139826 0.07292579859495163 1221
1783782139916 0.03742234781384468 1222
1783782140069 0.07520360499620438 1223
1783782140171 0.02585991658270359 1224
1783782140285 0.045901063829660416 1225
1783782140439 0.0880473256111145 1226
1783782140598 0.08012925833463669 1227
1783782140840 0.140630304813385 1228
1783782140982 0.02576361782848835 1229
1783782141177 0.06275492906570435 1230
1783782141288 0.06376367807388306 1231
1783782141407 0.08000507950782776 1232
1783782141514 0.07492819428443909 1233
1783782141797 0.08029288798570633 1234
1783782141945 0.051209233701229095 1235
1783782142112 0.04827677831053734 1236
1783782142316 0.10371363162994385 1237
1783782142456 0.03311051055788994 1238
1783782142703 0.04981160908937454 1239
1783782142855 0.04789791256189346 1240
1783782142988 0.07533622533082962 1241
1783782143163 0.05991579592227936 1242
1783782143407 0.11028832197189331 1243
1783782143567 0.06694295257329941 1244
1783782143737 0.027798429131507874 1245
1783782143861 0.035909149795770645 1246
1783782143998 0.10429982841014862 1247
1783782144146 0.0861540362238884 1248
1783782144306 0.041625961661338806 1249
1783782144485 0.03465183451771736 1250
1783782144752 0.12445950508117676 1251
1783782144925 0.036661870777606964 1252
1783782145111 0.023917945101857185 1253
1783782145274 0.044466782361269 1254
1783782145436 0.06782430410385132 1255
1783782145592 0.04076877236366272 1256
1783782145744 0.05078829452395439 1257
1783782145935 0.05566655099391937 1258
1783782146071 0.026290738955140114 1259
1783782146188 0.046523820608854294 1260
1783782146338 0.0450185090303421 1261
1783782146519 0.06094224005937576 1262
1783782146685 0.06205201894044876 1263
1783782146819 0.09399454295635223 1264
1783782146973 0.021622847765684128 1265
1783782147146 0.03948402404785156 1266
1783782147261 0.06020577996969223 1267
1783782147357 0.08337119221687317 1268
1783782147451 0.04876190423965454 1269
1783782147555 0.06677588075399399 1270
1783782147670 0.06380480527877808 1271
1783782147756 0.030841026455163956 1272
1783782147864 0.06044897064566612 1273
1783782147957 0.06142469868063927 1274
1783782148101 0.021776609122753143 1275
1783782148213 0.06851239502429962 1276
1783782148344 0.08310799300670624 1277
1783782148567 0.03207665681838989 1278
1783782148747 0.09825728088617325 1279
1783782148933 0.062046490609645844 1280
1783782149043 0.04425068199634552 1281
1783782149143 0.04952268302440643 1282
1783782149261 0.04782158136367798 1283
1783782149371 0.07724083214998245 1284
1783782149484 0.05015764385461807 1285
1783782149580 0.04166093468666077 1286
1783782149697 0.03441230207681656 1287
1783782149807 0.061711497604846954 1288
1783782149905 0.020930156111717224 1289
1783782149996 0.039211735129356384 1290
1783782150110 0.0754905566573143 1291
1783782150227 0.03016205132007599 1292
1783782150324 0.08074242621660233 1293
1783782150429 0.09088306128978729 1294
1783782150540 0.04046342521905899 1295
1783782150641 0.08971674740314484 1296
1783782150742 0.049951329827308655 1297
1783782151021 0.08420302718877792 1298
1783782151129 0.03739403188228607 1299
1783782151241 0.08820260316133499 1300
1783782151366 0.0561426542699337 1301
1783782151472 0.09178411960601807 1302
1783782151565 0.028144976124167442 1303
1783782151670 0.02800912596285343 1304
1783782151778 0.05406923592090607 1305
1783782151880 0.02971269190311432 1306
1783782151982 0.05940845236182213 1307
1783782152098 0.03904996067285538 1308
1783782152210 0.05762762576341629 1309
1783782152331 0.06810902804136276 1310
1783782152521 0.08454738557338715 1311
1783782152633 0.06057959794998169 1312
1783782152752 0.06601148098707199 1313
1783782152874 0.055147457867860794 1314
1783782153002 0.032737236469984055 1315
1783782153194 0.04281392693519592 1316
1783782153416 0.08745422214269638 1317
1783782153594 0.030887877568602562 1318
1783782153734 0.0933585911989212 1319
1783782153915 0.050945453345775604 1320
1783782154077 0.03835266828536987 1321
1783782154266 0.05748412758111954 1322
1783782154423 0.04051193594932556 1323
1783782154613 0.039093371480703354 1324
1783782154802 0.05796751379966736 1325
1783782154971 0.04433787986636162 1326
1783782155101 0.04527631402015686 1327
1783782155246 0.04547646641731262 1328
1783782155434 0.043851517140865326 1329
1783782155546 0.07811371237039566 1330
1783782155699 0.05108767747879028 1331
1783782155843 0.09595905244350433 1332
1783782156097 0.045007068663835526 1333
1783782156250 0.032655831426382065 1334
1783782156384 0.0769902840256691 1335
1783782156534 0.04636635258793831 1336
1783782156645 0.07302814722061157 1337
1783782156790 0.09055918455123901 1338
1783782156945 0.04454158619046211 1339
1783782157097 0.1036822572350502 1340
1783782157367 0.06018153205513954 1341
1783782157523 0.03633628785610199 1342
1783782157663 0.030440744012594223 1343
1783782157813 0.08011174947023392 1344
1783782157978 0.14347757399082184 1345
1783782158134 0.06146514415740967 1346
1783782158290 0.029912982136011124 1347
1783782158447 0.01723269186913967 1348
1783782158691 0.12073815613985062 1349
1783782158791 0.06370101869106293 1350
1783782158965 0.01920141652226448 1351
1783782159099 0.08001332730054855 1352
1783782159244 0.09447453916072845 1353
1783782159405 0.06825452297925949 1354
1783782159583 0.024140726774930954 1355
1783782159784 0.048228755593299866 1356
1783782159945 0.06196339428424835 1357
1783782160093 0.036804262548685074 1358
1783782160280 0.069343701004982 1359
1783782160417 0.0781020075082779 1360
1783782160527 0.011023303493857384 1361
1783782160705 0.055220793932676315 1362
1783782160884 0.0491388663649559 1363
1783782161030 0.05244504660367966 1364
1783782161187 0.020213128998875618 1365
1783782161318 0.04600615054368973 1366
1783782161427 0.048881299793720245 1367
1783782161534 0.044318437576293945 1368
1783782161667 0.05681239813566208 1369
1783782161784 0.042118482291698456 1370
1783782161898 0.0421392060816288 1371
1783782162008 0.028820190578699112 1372
1783782162099 0.1277681291103363 1373
1783782162230 0.07275334745645523 1374
1783782162384 0.09406749904155731 1375
1783782162511 0.07395658642053604 1376
1783782162610 0.05552927404642105 1377
1783782162732 0.04654548317193985 1378
1783782162834 0.052904121577739716 1379
1783782162955 0.0425010547041893 1380
1783782163063 0.03371889144182205 1381
1783782163195 0.12486059963703156 1382
1783782163315 0.03581293672323227 1383
1783782163450 0.03150705620646477 1384
1783782163588 0.06760513037443161 1385
1783782163728 0.06544356793165207 1386
1783782163846 0.1444854736328125 1387
1783782163958 0.08118230849504471 1388
1783782164063 0.08260587602853775 1389
1783782164158 0.09738940000534058 1390
1783782164259 0.04777948558330536 1391
1783782164364 0.11394165456295013 1392
1783782164467 0.06563102453947067 1393
1783782164602 0.054100170731544495 1394
1783782164730 0.062281735241413116 1395
1783782164862 0.04589948058128357 1396
1783782165000 0.009776223450899124 1397
1783782165102 0.0481964573264122 1398
1783782165228 0.08424274623394012 1399
1783782165360 0.04488852247595787 1400
1783782165466 0.07422096282243729 1401
1783782165582 0.04365704581141472 1402
1783782165684 0.039288707077503204 1403
1783782165788 0.08290533721446991 1404
1783782165897 0.05716361105442047 1405
1783782166015 0.022199636325240135 1406
1783782166150 0.054728250950574875 1407
1783782166269 0.0603327602148056 1408
1783782166382 0.06367285549640656 1409
1783782166562 0.10982833057641983 1410
1783782166672 0.05915040522813797 1411
1783782166863 0.04089982807636261 1412
1783782167167 0.03664393350481987 1413
1783782167355 0.053099729120731354 1414
1783782167532 0.06866280734539032 1415
1783782167672 0.08593794703483582 1416
1783782167828 0.04665486887097359 1417
1783782168002 0.027947384864091873 1418
1783782168137 0.049353402107954025 1419
1783782168281 0.04320531710982323 1420
1783782168430 0.06694473326206207 1421
1783782168595 0.10885491222143173 1422
1783782168780 0.12952950596809387 1423
1783782168946 0.05961732193827629 1424
1783782169093 0.09745549410581589 1425
1783782169246 0.04849429056048393 1426
1783782169411 0.038066938519477844 1427
1783782169579 0.10509485751390457 1428
1783782169730 0.04096026346087456 1429
1783782169886 0.036035433411598206 1430
1783782170092 0.04059552773833275 1431
1783782170223 0.04946776479482651 1432
1783782170382 0.06832786649465561 1433
1783782170522 0.03363712504506111 1434
1783782170697 0.07341339439153671 1435
1783782170914 0.07697019726037979 1436
1783782171086 0.05059226602315903 1437
1783782171267 0.034413766115903854 1438
1783782171428 0.06377972662448883 1439
1783782171538 0.03754289448261261 1440
1783782171734 0.040644384920597076 1441
1783782171899 0.06792473793029785 1442
1783782172030 0.07092270255088806 1443
1783782172168 0.03454217314720154 1444
1783782172315 0.056364838033914566 1445
1783782172446 0.06313550472259521 1446
1783782172565 0.09652013331651688 1447
1783782172697 0.06460405886173248 1448
1783782172807 0.04020076245069504 1449
1783782172915 0.07324979454278946 1450
1783782173032 0.07968547940254211 1451
1783782173133 0.04848029837012291 1452
1783782173231 0.053304675966501236 1453
1783782173326 0.07537002861499786 1454
1783782173493 0.021065276116132736 1455
1783782173674 0.050842735916376114 1456
1783782173916 0.03271567076444626 1457
1783782174022 0.06674712896347046 1458
1783782174171 0.07141618430614471 1459
1783782174295 0.05066748708486557 1460
1783782174515 0.06270354986190796 1461
1783782174676 0.03762046992778778 1462
1783782174835 0.044408924877643585 1463
1783782175047 0.05742914229631424 1464
1783782175197 0.0407383032143116 1465
1783782175354 0.05764980986714363 1466
1783782175570 0.07981345057487488 1467
1783782175729 0.022450216114521027 1468
1783782175891 0.036045629531145096 1469
1783782176069 0.09485481679439545 1470
1783782176291 0.08446694910526276 1471
1783782176432 0.05533021688461304 1472
1783782176537 0.05410095676779747 1473
1783782176658 0.07942704856395721 1474
1783782176761 0.05565113201737404 1475
1783782176872 0.09667352586984634 1476
1783782176993 0.030686672776937485 1477
1783782177098 0.03506655991077423 1478
1783782177194 0.050102848559617996 1479
1783782177307 0.09474735707044601 1480
1783782177414 0.07206438481807709 1481
1783782177532 0.01726296730339527 1482
1783782177658 0.08969247341156006 1483
1783782177754 0.0661512240767479 1484
1783782177866 0.06722022593021393 1485
1783782178012 0.035272687673568726 1486
1783782178132 0.10330669581890106 1487
1783782178243 0.02875709906220436 1488
1783782178344 0.07632351666688919 1489
1783782178465 0.05936065688729286 1490
1783782178628 0.045614827424287796 1491
1783782178850 0.0742545872926712 1492
1783782179012 0.04664980620145798 1493
1783782179138 0.03568324074149132 1494
1783782179293 0.026118051260709763 1495
1783782179463 0.10384756326675415 1496
1783782179711 0.06555317342281342 1497
1783782179883 0.02889726310968399 1498
1783782180118 0.05120422691106796 1499
1783782180263 0.044380221515893936 1500
1783782180408 0.1001465767621994 1501
1783782180563 0.030239887535572052 1502
1783782180782 0.02836095169186592 1503
1783782180927 0.024213653057813644 1504
1783782181088 0.03236519545316696 1505
1783782181265 0.0249173603951931 1506
1783782181416 0.05166204646229744 1507
1783782181522 0.11016824841499329 1508
1783782181644 0.10976797342300415 1509
1783782181795 0.03887137025594711 1510
1783782181928 0.0533527173101902 1511
1783782182094 0.06819552928209305 1512
1783782182252 0.05308806151151657 1513
1783782182402 0.040606603026390076 1514
1783782182559 0.05253736302256584 1515
1783782182751 0.10210525244474411 1516
1783782182917 0.04201437532901764 1517
1783782183065 0.06808126717805862 1518
1783782183226 0.07212802767753601 1519
1783782183400 0.12589840590953827 1520
1783782183557 0.08406252413988113 1521
1783782183696 0.045136742293834686 1522
1783782183846 0.09726925194263458 1523
1783782183977 0.053088098764419556 1524
1783782184164 0.043920330703258514 1525
1783782184327 0.051955778151750565 1526
1783782184451 0.06399234384298325 1527
1783782184584 0.08704301714897156 1528
1783782184693 0.04849601536989212 1529
1783782184810 0.08399157226085663 1530
1783782184938 0.06765598803758621 1531
1783782185076 0.053182460367679596 1532
1783782185196 0.06193888932466507 1533
1783782185323 0.05128094181418419 1534
1783782185451 0.10875341296195984 1535
1783782185589 0.03190228343009949 1536
1783782185707 0.055285900831222534 1537
1783782185832 0.07538069039583206 1538
1783782185963 0.017915772274136543 1539
1783782186083 0.03772464767098427 1540
1783782186196 0.0855230838060379 1541
1783782186308 0.021785756573081017 1542
1783782186478 0.04165535047650337 1543
1783782186599 0.06869027763605118 1544
1783782186712 0.030260777100920677 1545
1783782186833 0.08747276663780212 1546
1783782186959 0.08223795145750046 1547
1783782187066 0.0846712738275528 1548
1783782187170 0.03126544877886772 1549
1783782187263 0.05507836490869522 1550
1783782187367 0.07971344888210297 1551
1783782187464 0.05343642830848694 1552
1783782187565 0.0339677631855011 1553
1783782187679 0.07906641811132431 1554
1783782187794 0.047102950513362885 1555
1783782187940 0.11046072840690613 1556
1783782188053 0.06471849232912064 1557
1783782188152 0.03863794356584549 1558
1783782188256 0.024746118113398552 1559
1783782188350 0.04750015586614609 1560
1783782188451 0.04706931114196777 1561
1783782188564 0.10930847376585007 1562
1783782188677 0.07717591524124146 1563
1783782188783 0.12335715442895889 1564
1783782188886 0.0822838619351387 1565
1783782189046 0.10070723295211792 1566
1783782189145 0.07388507574796677 1567
1783782189232 0.12793053686618805 1568
1783782189340 0.08143499493598938 1569
1783782189470 0.01830422505736351 1570
1783782189596 0.09213031083345413 1571
1783782189719 0.03006083518266678 1572
1783782189830 0.05918610095977783 1573
1783782189935 0.05070213973522186 1574
1783782190071 0.0644601583480835 1575
1783782190185 0.05920469015836716 1576
1783782190326 0.06049920991063118 1577
1783782190462 0.13781367242336273 1578
1783782190588 0.04286784678697586 1579
1783782190697 0.08945704996585846 1580
1783782190815 0.05624982342123985 1581
1783782190920 0.1090746819972992 1582
1783782191021 0.041660964488983154 1583
1783782191146 0.06587933003902435 1584
1783782191281 0.06392092257738113 1585
1783782191419 0.07645010948181152 1586
1783782191532 0.10923351347446442 1587
1783782191716 0.06468784809112549 1588
1783782191885 0.09510520845651627 1589
1783782192044 0.08234799653291702 1590
1783782192286 0.041309792548418045 1591
1783782192616 0.04162668436765671 1592
1783782192813 0.07740947604179382 1593
1783782192960 0.08601929247379303 1594
1783782193136 0.024840814992785454 1595
1783782193284 0.0732257142663002 1596
1783782193746 0.04587839916348457 1597
1783782194009 0.03533867001533508 1598
1783782194191 0.04339445382356644 1599
1783782194410 0.05850530043244362 1600
1783782194546 0.03472388535737991 1601
1783782194648 0.06771600246429443 1602
1783782194751 0.05654698237776756 1603
1783782194874 0.09936776757240295 1604
1783782194973 0.08545802533626556 1605
1783782195087 0.038337815552949905 1606
1783782195182 0.08010810613632202 1607
1783782195292 0.05563582107424736 1608
1783782195403 0.13746294379234314 1609
1783782195518 0.19735187292099 1610
1783782195667 0.04239004850387573 1611
1783782195860 0.058178145438432693 1612
1783782196054 0.05878892540931702 1613
1783782196213 0.05928242579102516 1614
1783782196456 0.0374680832028389 1615
1783782196677 0.1293908804655075 1616
1783782196845 0.04604349657893181 1617
1783782196996 0.08961882442235947 1618
1783782197184 0.0767332911491394 1619
1783782197353 0.08502601087093353 1620
1783782197522 0.03781420737504959 1621
1783782197663 0.05416789650917053 1622
1783782197924 0.03577549755573273 1623
1783782198082 0.06739217042922974 1624
1783782198237 0.026017069816589355 1625
1783782198419 0.0997028648853302 1626
1783782198583 0.0395672507584095 1627
1783782198781 0.03498447686433792 1628
1783782198968 0.06343505531549454 1629
1783782199108 0.0924871489405632 1630
1783782199224 0.05959697067737579 1631
1783782199366 0.10133905708789825 1632
1783782199514 0.11499403417110443 1633
1783782199649 0.053415585309267044 1634
1783782199808 0.0562765896320343 1635
1783782200002 0.05370922014117241 1636
1783782200149 0.029946165159344673 1637
1783782200334 0.011486812494695187 1638
1783782200491 0.06599681079387665 1639
1783782200674 0.05986608564853668 1640
1783782200811 0.1039874404668808 1641
1783782200966 0.03849443793296814 1642
1783782201095 0.03141253441572189 1643
1783782201265 0.08025155961513519 1644
1783782201416 0.0590801015496254 1645
1783782201526 0.04997079446911812 1646
1783782201731 0.04353352263569832 1647
1783782201947 0.07875663787126541 1648
1783782202116 0.06843160837888718 1649
1783782202287 0.04805649816989899 1650
1783782202440 0.034310754388570786 1651
1783782202564 0.0988088920712471 1652
1783782202662 0.10331374406814575 1653
1783782202764 0.038435228168964386 1654
1783782202882 0.07670769095420837 1655
1783782203010 0.06851756572723389 1656
1783782203126 0.05513074994087219 1657
1783782203299 0.07259668409824371 1658
1783782203430 0.10639560222625732 1659
1783782203576 0.05745239928364754 1660
1783782203724 0.04610344022512436 1661
1783782203829 0.08264310657978058 1662
1783782203950 0.07288505136966705 1663
1783782204062 0.07474170625209808 1664
1783782204205 0.038436733186244965 1665
1783782204314 0.057079896330833435 1666
1783782204428 0.06485235691070557 1667
1783782204535 0.07311112433671951 1668
1783782204647 0.1006128266453743 1669
1783782204760 0.11568830162286758 1670
1783782204876 0.11664914339780807 1671
1783782204991 0.029454238712787628 1672
1783782205100 0.03689255937933922 1673
1783782205214 0.0968790203332901 1674
1783782205340 0.06107602268457413 1675
1783782205466 0.05791063979268074 1676
1783782205585 0.025503724813461304 1677
1783782205727 0.06104813516139984 1678
1783782205855 0.014737793244421482 1679
1783782205948 0.09295237064361572 1680
1783782206084 0.07611232250928879 1681
1783782206214 0.08804287016391754 1682
1783782206335 0.037942662835121155 1683
1783782206466 0.08521781861782074 1684
1783782206599 0.03735341876745224 1685
1783782206721 0.07716380059719086 1686
1783782206840 0.06297162175178528 1687
1783782206982 0.049118880182504654 1688
1783782207123 0.07519868016242981 1689
1783782207233 0.1283261477947235 1690
1783782207347 0.04340330883860588 1691
1783782207457 0.10121108591556549 1692
1783782207563 0.06198417767882347 1693
1783782207664 0.10354065895080566 1694
1783782207827 0.08140060305595398 1695
1783782207991 0.056877512484788895 1696
1783782208170 0.03171195462346077 1697
1783782208470 0.08649440109729767 1698
1783782208625 0.05881424620747566 1699
1783782208788 0.015531300567090511 1700
1783782208943 0.06813234090805054 1701
1783782209111 0.07934370636940002 1702
1783782209240 0.059918783605098724 1703
1783782209439 0.1619301736354828 1704
1783782209604 0.06338967382907867 1705
1783782209752 0.11606436222791672 1706
1783782209899 0.027547497302293777 1707
1783782210077 0.03462885692715645 1708
1783782210273 0.08846846967935562 1709
1783782210442 0.07711920887231827 1710
1783782210595 0.11310172826051712 1711
1783782211005 0.020959792658686638 1712
1783782211159 0.056145116686820984 1713
1783782211321 0.06743302941322327 1714
1783782211489 0.11434942483901978 1715
1783782211631 0.059990815818309784 1716
1783782211747 0.11788169294595718 1717
1783782211858 0.062463052570819855 1718
1783782211970 0.057580314576625824 1719
1783782212090 0.052765436470508575 1720
1783782212222 0.09951689839363098 1721
1783782212332 0.05219840258359909 1722
1783782212436 0.20781083405017853 1723
1783782212526 0.07825040817260742 1724
1783782212623 0.04339045658707619 1725
1783782212744 0.0785016417503357 1726
1783782212844 0.12840387225151062 1727
1783782212968 0.09871213883161545 1728
1783782213085 0.04116316884756088 1729
1783782213188 0.09636609256267548 1730
1783782213563 0.1215471476316452 1731
1783782213683 0.06635037809610367 1732
1783782213801 0.044825516641139984 1733
1783782213920 0.11244188249111176 1734
1783782214032 0.03660708665847778 1735
1783782214163 0.04165561497211456 1736
1783782214261 0.06599065661430359 1737
1783782214374 0.08061093837022781 1738
1783782214481 0.08468534052371979 1739
1783782214679 0.06258878856897354 1740
1783782214810 0.03829989582300186 1741
1783782214933 0.027197327464818954 1742
1783782215061 0.14661826193332672 1743
1783782215184 0.09767618775367737 1744
1783782215315 0.08859539031982422 1745
1783782215437 0.15686243772506714 1746
1783782215565 0.11464262753725052 1747
1783782215684 0.1093292161822319 1748
1783782215795 0.08487994223833084 1749
1783782215930 0.07319173961877823 1750
1783782216093 0.03416009247303009 1751
1783782216189 0.12691554427146912 1752
1783782216286 0.0636548325419426 1753
1783782216382 0.10012686252593994 1754
1783782216490 0.028510941192507744 1755
1783782216598 0.17499637603759766 1756
1783782216709 0.05131523311138153 1757
1783782216861 0.0981471985578537 1758
1783782217047 0.07816173136234283 1759
1783782217212 0.06477363407611847 1760
1783782217492 0.05756000429391861 1761
1783782217623 0.021815860643982887 1762
1783782217758 0.08733095228672028 1763
1783782217907 0.10365098714828491 1764
1783782218071 0.13969479501247406 1765
1783782218251 0.07208913564682007 1766
1783782218397 0.06727370619773865 1767
1783782218625 0.06662512570619583 1768
1783782218736 0.11470307409763336 1769
1783782218881 0.06621617078781128 1770
1783782219103 0.09816524386405945 1771
1783782219247 0.04086843505501747 1772
1783782219409 0.061672698706388474 1773
1783782219564 0.07416073977947235 1774
1783782219814 0.1129390299320221 1775
1783782219934 0.1222832053899765 1776
1783782220041 0.08440200984477997 1777
1783782220148 0.08651628345251083 1778
1783782220256 0.07808875292539597 1779
1783782220372 0.058006152510643005 1780
1783782220500 0.08977575600147247 1781
1783782220617 0.10670135170221329 1782
1783782220727 0.14455291628837585 1783
1783782220845 0.054827965795993805 1784
1783782220970 0.06346705555915833 1785
1783782221088 0.0985417366027832 1786
1783782221199 0.1489420384168625 1787
1783782221333 0.1535186767578125 1788
1783782221466 0.12458029389381409 1789
1783782221572 0.1843702793121338 1790
1783782221670 0.10218161344528198 1791
1783782221778 0.08202262967824936 1792
1783782221882 0.1296003758907318 1793
1783782221995 0.056381046772003174 1794
1783782222116 0.02284812554717064 1795
1783782222256 0.07843585312366486 1796
1783782222414 0.1029990166425705 1797
1783782222532 0.11217697709798813 1798
1783782222653 0.17967772483825684 1799
1783782222770 0.06028946116566658 1800
1783782222898 0.0871310904622078 1801
1783782223023 0.0906602218747139 1802
1783782223135 0.05411225184798241 1803
1783782223246 0.1275339424610138 1804
1783782223364 0.06520211696624756 1805
1783782223484 0.10576656460762024 1806
1783782223605 0.10856522619724274 1807
1783782223763 0.060757189989089966 1808
1783782223884 0.046304017305374146 1809
1783782223997 0.06900476664304733 1810
1783782224095 0.06729772686958313 1811
1783782224215 0.09736815840005875 1812
1783782224335 0.1992274522781372 1813
1783782224449 0.1010216623544693 1814
1783782224573 0.08488726615905762 1815
1783782224700 0.13150277733802795 1816
1783782224819 0.11627349257469177 1817
1783782224929 0.03145540505647659 1818
1783782225044 0.0844845250248909 1819
1783782225171 0.07606092095375061 1820
1783782225287 0.12854179739952087 1821
1783782225387 0.08917476236820221 1822
1783782225495 0.08158852159976959 1823
1783782225621 0.0840446949005127 1824
1783782225733 0.0688294917345047 1825
1783782225867 0.16464564204216003 1826
1783782225983 0.06778128445148468 1827
1783782226102 0.08916408568620682 1828
1783782226210 0.1719692349433899 1829
1783782226345 0.23313920199871063 1830
1783782226482 0.026897381991147995 1831
1783782226614 0.11815012246370316 1832
1783782226738 0.052118755877017975 1833
1783782226848 0.16028504073619843 1834
1783782227022 0.1434643417596817 1835
1783782227183 0.07347637414932251 1836
1783782227584 0.06446042656898499 1837
1783782227752 0.05861302465200424 1838
1783782227896 0.07776336371898651 1839
1783782228051 0.1061541810631752 1840
1783782228212 0.07261320948600769 1841
1783782228373 0.17430832982063293 1842
1783782228563 0.06433693319559097 1843
1783782228867 0.09615882486104965 1844
1783782228994 0.11192890256643295 1845
1783782229137 0.18421855568885803 1846
1783782229279 0.17660540342330933 1847
1783782229447 0.14536556601524353 1848
1783782229625 0.11748817563056946 1849
1783782229802 0.15190012753009796 1850
1783782230089 0.07738886773586273 1851
1783782230237 0.12702926993370056 1852
1783782230377 0.11810353398323059 1853
1783782230554 0.05362042412161827 1854
1783782230734 0.08057816326618195 1855
1783782230866 0.12518729269504547 1856
1783782231029 0.16881924867630005 1857
1783782231159 0.10279493033885956 1858
1783782231380 0.05718480050563812 1859
1783782231492 0.07988670468330383 1860
1783782231639 0.09831366688013077 1861
1783782231787 0.0890761986374855 1862
1783782231889 0.09829795360565186 1863
1783782232015 0.10611620545387268 1864
1783782232139 0.174754798412323 1865
1783782232242 0.06824573129415512 1866
1783782232355 0.10551256686449051 1867
1783782232458 0.08653800934553146 1868
1783782232584 0.07503314316272736 1869
1783782232708 0.08039376139640808 1870
1783782232817 0.06374236196279526 1871
1783782232948 0.15218454599380493 1872
1783782233057 0.11860836297273636 1873
1783782234168 0.12394237518310547 1874
1783782234300 0.1071883961558342 1875
1783782234400 0.10673172771930695 1876
1783782234523 0.14791107177734375 1877
1783782234650 0.1876201331615448 1878
1783782234779 0.06403976678848267 1879
1783782234896 0.07419013977050781 1880
1783782235024 0.05112722888588905 1881
1783782235137 0.1307917982339859 1882
1783782235250 0.10984043776988983 1883
1783782235348 0.0914078950881958 1884
1783782235466 0.184962198138237 1885
1783782235580 0.08528313785791397 1886
1783782235690 0.04213520884513855 1887
1783782235803 0.08501976728439331 1888
1783782235930 0.15587963163852692 1889
1783782236094 0.09417912364006042 1890
1783782236255 0.07617726922035217 1891
1783782236439 0.07534369081258774 1892
1783782236655 0.06982805579900742 1893
1783782236787 0.07450523227453232 1894
1783782236954 0.06625737249851227 1895
1783782237164 0.10727456957101822 1896
1783782237328 0.07973925769329071 1897
1783782237509 0.11194811761379242 1898
1783782237682 0.13387471437454224 1899
1783782237891 0.07373227924108505 1900
1783782238049 0.1368730068206787 1901
1783782238188 0.15095050632953644 1902
1783782238318 0.11383000016212463 1903
1783782238490 0.08507245779037476 1904
1783782238655 0.13170070946216583 1905
1783782238815 0.11920061707496643 1906
1783782239124 0.14030393958091736 1907
1783782239237 0.13882870972156525 1908
1783782239416 0.11788683384656906 1909
1783782239558 0.10149313509464264 1910
1783782239719 0.22844786942005157 1911
1783782239897 0.09243163466453552 1912
1783782240095 0.06619991362094879 1913
1783782240271 0.10252436250448227 1914
1783782240491 0.10565431416034698 1915
1783782240643 0.14022661745548248 1916
1783782240802 0.056011587381362915 1917
1783782240937 0.16916513442993164 1918
1783782241049 0.08200142532587051 1919
1783782241151 0.14420951902866364 1920
1783782241259 0.047413282096385956 1921
1783782241387 0.08501771092414856 1922
1783782241494 0.1644839197397232 1923
1783782241592 0.12196843326091766 1924
1783782241715 0.12783706188201904 1925
1783782241818 0.1154036596417427 1926
1783782241953 0.14547030627727509 1927
1783782242080 0.05238109081983566 1928
1783782242209 0.15428537130355835 1929
1783782242313 0.14169397950172424 1930
1783782242428 0.2278667390346527 1931
1783782242533 0.06833094358444214 1932
1783782242645 0.10379184782505035 1933
1783782242744 0.1302851438522339 1934
1783782242863 0.10310177505016327 1935
1783782243001 0.10642935335636139 1936
1783782243118 0.18238398432731628 1937
1783782243247 0.2099515050649643 1938
1783782243365 0.056253645569086075 1939
1783782243493 0.2402002513408661 1940
1783782243600 0.11205343902111053 1941
1783782243729 0.12920863926410675 1942
1783782243855 0.12846924364566803 1943
1783782243983 0.0995546206831932 1944
1783782244094 0.14045847952365875 1945
1783782244203 0.10474129766225815 1946
1783782244328 0.1785891354084015 1947
1783782244448 0.1521814465522766 1948
1783782244570 0.09160314500331879 1949
1783782244684 0.12153681367635727 1950
1783782244792 0.07020933926105499 1951
1783782244932 0.2280365526676178 1952
1783782245029 0.12208381295204163 1953
1783782245128 0.19725489616394043 1954
1783782245264 0.17613914608955383 1955
1783782245391 0.135639488697052 1956
1783782245522 0.1243443638086319 1957
1783782245615 0.09494907408952713 1958
1783782245715 0.08164212852716446 1959
1783782245815 0.04630487784743309 1960
1783782245907 0.08801604062318802 1961
1783782246007 0.12953823804855347 1962
1783782246125 0.0659007728099823 1963
1783782246244 0.18957248330116272 1964
1783782246368 0.13476347923278809 1965
1783782246487 0.15339218080043793 1966
1783782246600 0.09696817398071289 1967
1783782246804 0.14585787057876587 1968
1783782246926 0.1815665066242218 1969
1783782247025 0.2157469391822815 1970
1783782247162 0.13059177994728088 1971
1783782247271 0.3171975314617157 1972
1783782247400 0.17130722105503082 1973
1783782247544 0.1297874003648758 1974
1783782247651 0.13363589346408844 1975
1783782247782 0.03515827655792236 1976
1783782247937 0.07707837969064713 1977
1783782248052 0.1844850778579712 1978
1783782248192 0.07864347100257874 1979
1783782248354 0.14350420236587524 1980
1783782248481 0.1918577402830124 1981
1783782248652 0.0685959905385971 1982
1783782248808 0.148537278175354 1983
1783782248964 0.03552500158548355 1984
1783782249200 0.1900659054517746 1985
1783782249390 0.08379555493593216 1986
1783782249554 0.12520048022270203 1987
1783782249701 0.16397199034690857 1988
1783782249829 0.07411431521177292 1989
1783782249989 0.18561308085918427 1990
1783782250130 0.16004346311092377 1991
1783782250289 0.08838751912117004 1992
1783782250431 0.20694756507873535 1993
1783782250635 0.18891634047031403 1994
1783782250786 0.2422681450843811 1995
1783782250949 0.1749027967453003 1996
1783782251097 0.07681300491094589 1997
1783782251233 0.30722296237945557 1998
1783782251408 0.13636042177677155 1999
1783782251524 0.0725761130452156 2000
1783782251834 0.07166188210248947 2001
1783782252010 0.08238989114761353 2002
1783782252235 0.18701843917369843 2003
1783782252340 0.10295510292053223 2004
1783782252444 0.13164599239826202 2005
1783782252536 0.08986969292163849 2006
1783782252633 0.2340249866247177 2007
1783782252717 0.20145191252231598 2008
1783782252852 0.14789006114006042 2009
1783782252997 0.16087111830711365 2010
1783782253132 0.12994633615016937 2011
1783782253237 0.22012241184711456 2012
1783782253334 0.25684934854507446 2013
1783782253445 0.3101206421852112 2014
1783782253573 0.17754501104354858 2015
1783782253697 0.14415091276168823 2016
1783782253823 0.12340188026428223 2017
1783782253949 0.13256599009037018 2018
1783782254054 0.14553874731063843 2019
1783782254198 0.232297882437706 2020
1783782254275 0.1312873512506485 2021
1783782254350 0.2205086648464203 2022
1783782254421 0.15683738887310028 2023
1783782254483 0.25271686911582947 2024
1783782254573 0.10904639214277267 2025
1783782254679 0.2159719169139862 2026
1783782254754 0.2531408965587616 2027
1783782254825 0.2642531096935272 2028
1783782254897 0.12094327807426453 2029
1783782254971 0.14199818670749664 2030
1783782255058 0.06347151845693588 2031
1783782255179 0.3078615963459015 2032
1783782255263 0.24922600388526917 2033
1783782255355 0.20262017846107483 2034
1783782255472 0.24946089088916779 2035
1783782255555 0.12636712193489075 2036
1783782255640 0.20819729566574097 2037
1783782255709 0.20176567137241364 2038
1783782255786 0.24211962521076202 2039
1783782255862 0.20244479179382324 2040
1783782255939 0.18515288829803467 2041
1783782256009 0.13401052355766296 2042
1783782256069 0.21928758919239044 2043
1783782256144 0.3381790518760681 2044
1783782256211 0.13545382022857666 2045
1783782256284 0.1579631268978119 2046
1783782256353 0.19202864170074463 2047
1783782256422 0.13598383963108063 2048
1783782256497 0.25851523876190186 2049
1783782256562 0.1978139877319336 2050
1783782256625 0.21117520332336426 2051
1783782256696 0.25972020626068115 2052
1783782256764 0.13926193118095398 2053
1783782256835 0.22609788179397583 2054
1783782256888 0.2991487979888916 2055
1783782256949 0.2051604837179184 2056
1783782257008 0.20630989968776703 2057
1783782257064 0.21649092435836792 2058
1783782257134 0.2829245924949646 2059
1783782257191 0.3469204902648926 2060
1783782257246 0.29259225726127625 2061
1783782257304 0.2600708305835724 2062
1783782257356 0.2487201988697052 2063
1783782257406 0.28201475739479065 2064
1783782257457 0.3033426105976105 2065
1783782257505 0.23873141407966614 2066
1783782257555 0.24255061149597168 2067
1783782257606 0.2692340612411499 2068
1783782257665 0.3172840476036072 2069
1783782257710 0.1689300239086151 2070
1783782257762 0.2816660404205322 2071
1783782257818 0.1287461370229721 2072
1783782257880 0.15831202268600464 2073
1783782257938 0.18959173560142517 2074
1783782257993 0.31457915902137756 2075
1783782258060 0.20476853847503662 2076
1783782258116 0.4514423906803131 2077
1783782258174 0.20828509330749512 2078
1783782258231 0.31419581174850464 2079
1783782258299 0.34431588649749756 2080
1783782258387 0.27400651574134827 2081
1783782258445 0.333221435546875 2082
1783782258505 0.3004606068134308 2083
1783782258568 0.42611074447631836 2084
1783782258637 0.23788633942604065 2085
1783782258694 0.3004680573940277 2086
1783782258749 0.26492393016815186 2087
1783782258805 0.21660581231117249 2088
1783782258874 0.2918533384799957 2089
1783782258930 0.2711136043071747 2090
1783782259007 0.23108021914958954 2091
1783782259082 0.48097527027130127 2092
1783782259146 0.28764504194259644 2093
1783782259193 0.24838872253894806 2094
1783782259300 0.2488991618156433 2095
1783782259482 0.2392665147781372 2096
1783782259627 0.2632223665714264 2097
1783782259756 0.2378387451171875 2098
1783782259925 0.23146073520183563 2099
1783782260093 0.40584796667099 2100
1783782260247 0.4162617623806 2101
1783782260393 0.3686714768409729 2102
1783782260552 0.2521032691001892 2103
1783782260728 0.2522059679031372 2104
1783782260901 0.2987510561943054 2105
1783782261007 0.20107269287109375 2106
1783782261167 0.4251217544078827 2107
1783782261290 0.2563744783401489 2108
1783782261457 0.29417121410369873 2109
1783782261585 0.24432027339935303 2110
1783782261808 0.27804800868034363 2111
1783782261982 0.23434120416641235 2112
1783782262133 0.3969838619232178 2113
1783782262292 0.3572092056274414 2114
1783782262466 0.26142990589141846 2115
1783782262632 0.28475597500801086 2116
1783782262877 0.2938098609447479 2117
1783782263036 0.24638986587524414 2118
1783782263198 0.4517826437950134 2119
1783782263356 0.204451784491539 2120
1783782263495 0.3361210525035858 2121
1783782263642 0.15260113775730133 2122
1783782263796 0.4899134635925293 2123
1783782263960 0.42260581254959106 2124
1783782264094 0.33676913380622864 2125
1783782264307 0.3831999897956848 2126
1783782264457 0.3019498884677887 2127
1783782264624 0.3032747507095337 2128
1783782264780 0.2928878366947174 2129
1783782264947 0.4208301305770874 2130
1783782265159 0.29641279578208923 2131
1783782265305 0.3753091096878052 2132
1783782265459 0.3888639211654663 2133
1783782265608 0.1677100956439972 2134
1783782265775 0.35807210206985474 2135
1783782265944 0.4252462387084961 2136
1783782266115 0.2568291127681732 2137
1783782266292 0.3719977140426636 2138
1783782266476 0.40560054779052734 2139
1783782266639 0.26203054189682007 2140
1783782266819 0.5693880319595337 2141
1783782267007 0.22447775304317474 2142
1783782267185 0.4138776659965515 2143
1783782267339 0.45644330978393555 2144
1783782267508 0.39744922518730164 2145
1783782267660 0.2106453776359558 2146
1783782267838 0.6299439668655396 2147
1783782268135 0.39137473702430725 2148
1783782268388 0.26687684655189514 2149
1783782268557 0.35719287395477295 2150
1783782268694 0.39447876811027527 2151
1783782268822 0.3707564175128937 2152
1783782268975 0.4234970510005951 2153
1783782269117 0.5307671427726746 2154
1783782269226 0.3212507367134094 2155
1783782269432 0.39072340726852417 2156
1783782269618 0.3989778757095337 2157
1783782269749 0.4152872562408447 2158
1783782269891 0.2521446943283081 2159
1783782270055 0.5584201812744141 2160
1783782270243 0.3622061312198639 2161
1783782270393 0.36523860692977905 2162
1783782270580 0.31421685218811035 2163
1783782270724 0.5648707151412964 2164
1783782270846 0.5361137390136719 2165
1783782270953 0.507218599319458 2166
1783782271070 0.43199920654296875 2167
1783782271239 0.5389454364776611 2168
1783782271408 0.48996078968048096 2169
1783782271531 0.6114264726638794 2170
1783782271689 0.5169039964675903 2171
1783782271845 0.48133862018585205 2172
1783782272145 0.47335660457611084 2173
1783782272315 0.42348307371139526 2174
1783782272468 0.45296066999435425 2175
1783782272635 0.5194645524024963 2176
1783782272821 0.5058544278144836 2177
1783782272965 0.37607431411743164 2178
1783782273128 0.3972024619579315 2179
1783782273318 0.4940779507160187 2180
1783782273488 0.5395190715789795 2181
1783782273672 0.5657997131347656 2182
1783782273849 0.44277575612068176 2183
1783782274014 0.4773845672607422 2184
1783782274130 0.5162978768348694 2185
1783782274304 0.4071333110332489 2186
1783782274465 0.7273298501968384 2187
1783782274750 0.599503219127655 2188
1783782274902 0.49615874886512756 2189
1783782275061 0.45668965578079224 2190
1783782275185 0.30530720949172974 2191
1783782275343 0.4947105944156647 2192
1783782275514 0.599315345287323 2193
1783782275714 0.9360584020614624 2194
1783782275880 0.3503665030002594 2195
1783782276144 0.620695173740387 2196
1783782276275 0.7746272087097168 2197
1783782276443 0.4762685298919678 2198
1783782276593 0.7812234163284302 2199
1783782276752 0.6740028858184814 2200
1783782276922 0.7650830149650574 2201
1783782277052 0.6249585151672363 2202
1783782277354 0.5537128448486328 2203
1783782277501 0.5328323245048523 2204
1783782277670 0.5908592939376831 2205
1783782277820 0.5988218784332275 2206
1783782277973 0.734438419342041 2207
1783782278114 0.6431403160095215 2208
1783782278261 0.64078688621521 2209
1783782278416 0.7083977460861206 2210
1783782278670 0.5095994472503662 2211
1783782278829 0.5547339916229248 2212
1783782278992 0.6865370869636536 2213
1783782279136 0.790040910243988 2214
1783782279276 0.5323905944824219 2215
1783782279550 0.5045264363288879 2216
1783782279905 0.6886386871337891 2217
1783782280056 0.6712952852249146 2218
1783782280185 0.528761625289917 2219
1783782280339 0.6044504046440125 2220
1783782280517 0.5754237174987793 2221
1783782280678 0.5531719326972961 2222
1783782280862 0.6888678073883057 2223
1783782281039 0.4805748462677002 2224
1783782281180 0.8791909217834473 2225
1783782281364 0.8672803640365601 2226
1783782281489 0.762511134147644 2227
1783782281575 0.7353488802909851 2228
1783782281709 0.6542395353317261 2229
1783782281883 1.1332218647003174 2230
1783782282039 0.7023828029632568 2231
1783782282210 0.8053848743438721 2232
1783782282390 0.5816361904144287 2233
1783782282562 0.6206361055374146 2234
1783782282708 0.6308546662330627 2235
1783782282859 0.5904233455657959 2236
1783782283016 0.7890532612800598 2237
1783782283171 0.873274564743042 2238
1783782283340 0.5379213094711304 2239
1783782283501 0.7049683928489685 2240
1783782283629 0.8949090838432312 2241
1783782283798 0.5774691700935364 2242
1783782283953 0.8592628240585327 2243
1783782284086 0.6900418400764465 2244
1783782284197 0.6819393634796143 2245
1783782284390 0.727708101272583 2246
1783782284558 0.7028300762176514 2247
1783782284742 0.633250892162323 2248
1783782284876 0.47209131717681885 2249
1783782285096 0.41021209955215454 2250
1783782285217 0.620429515838623 2251
1783782285393 0.632024884223938 2252
1783782285567 0.44475072622299194 2253
1783782285775 0.6495044231414795 2254
1783782285930 0.6526743769645691 2255
1783782286059 0.623056173324585 2256
1783782286234 0.617156982421875 2257
1783782286383 0.7142965793609619 2258
1783782286537 0.6478012800216675 2259
1783782286692 0.7363879084587097 2260
1783782286850 0.6436542868614197 2261
1783782287007 0.6393466591835022 2262
1783782287160 0.7926239967346191 2263
1783782287305 0.5508962273597717 2264
1783782287456 0.5332615971565247 2265
1783782287612 0.6906009912490845 2266
1783782287769 0.6424868106842041 2267
1783782287926 0.7781099677085876 2268
1783782288071 0.48197588324546814 2269
1783782288242 0.9397231936454773 2270
1783782288405 0.7464520931243896 2271
1783782288573 0.7014351487159729 2272
1783782288729 0.5370506048202515 2273
1783782288868 0.45548105239868164 2274
1783782289030 0.6333749294281006 2275
1783782289147 0.4312956929206848 2276
1783782289256 0.7246389985084534 2277
1783782289400 0.5224559307098389 2278
1783782289556 0.7517424821853638 2279
1783782289698 0.6121233701705933 2280
1783782289861 0.5056155920028687 2281
1783782290011 0.6451711654663086 2282
1783782290147 0.4517415761947632 2283
1783782290333 0.6650027632713318 2284
1783782290489 0.6480330228805542 2285
1783782290637 0.7368760108947754 2286
1783782290787 0.6112112402915955 2287
1783782290973 0.5024198889732361 2288
1783782291147 0.6284233331680298 2289
1783782291331 0.6287083625793457 2290
1783782291514 0.5706019401550293 2291
1783782291662 0.47727635502815247 2292
1783782291831 0.5598212480545044 2293
1783782292014 0.597732663154602 2294
1783782292158 0.39579686522483826 2295
1783782292315 0.3453071713447571 2296
1783782292446 0.7363667488098145 2297
1783782292604 0.4303848445415497 2298
1783782292758 0.521384060382843 2299
1783782292928 0.6789776086807251 2300
1783782293083 0.4183754622936249 2301
1783782293219 0.5630443096160889 2302
1783782293490 0.739913821220398 2303
1783782293691 0.579627275466919 2304
1783782293943 0.5108792185783386 2305
1783782294084 0.6537536382675171 2306
1783782294230 0.5742654800415039 2307
1783782294457 0.408991277217865 2308
1783782294657 0.5505108833312988 2309
1783782294865 0.4569636583328247 2310
1783782295042 0.6079517006874084 2311
1783782295257 0.7103575468063354 2312
1783782295454 0.6593295931816101 2313
1783782295614 0.6425666809082031 2314
1783782295749 0.6152148842811584 2315
1783782295915 0.4108067750930786 2316
1783782296101 0.6055623888969421 2317
1783782296285 0.5914478898048401 2318
1783782296489 0.5656723380088806 2319
1783782296797 0.7701004147529602 2320
1783782296966 0.7424665689468384 2321
1783782297141 0.5131857991218567 2322
1783782297306 0.683049201965332 2323
1783782297482 0.6213547587394714 2324
1783782297655 0.6029967665672302 2325
1783782297805 0.6168667674064636 2326
1783782297941 0.48282694816589355 2327
1783782298104 0.5389387607574463 2328
1783782298234 0.6087408065795898 2329
1783782298405 0.6534369587898254 2330
1783782298611 0.5344846248626709 2331
1783782298787 0.49631431698799133 2332
1783782298947 0.865365743637085 2333
1783782299170 0.7268948554992676 2334
1783782299305 0.49927961826324463 2335
1783782299469 0.7708852291107178 2336
1783782299639 0.7461798191070557 2337
1783782299806 0.5526990294456482 2338
1783782299957 0.6769640445709229 2339
1783782300126 0.73085618019104 2340
1783782300322 0.46103382110595703 2341
1783782300571 0.5587257146835327 2342
1783782300741 0.8137960433959961 2343
1783782300904 0.5319449305534363 2344
1783782301080 0.5504351258277893 2345
1783782301241 0.767158567905426 2346
1783782301412 0.8217028379440308 2347
1783782301559 0.6679357886314392 2348
1783782301874 0.6706628799438477 2349
1783782302052 0.7718871831893921 2350
1783782302199 0.7144161462783813 2351
1783782302393 0.7975789308547974 2352
1783782302546 0.8112438321113586 2353
1783782302708 0.8100882768630981 2354
1783782302858 0.6655237674713135 2355
1783782303051 0.6173497438430786 2356
1783782303289 0.9480209350585938 2357
1783782303427 0.8963454961776733 2358
1783782303620 0.6159688234329224 2359
1783782303784 0.7169150710105896 2360
1783782303934 0.6829482316970825 2361
1783782304067 0.8212342262268066 2362
1783782304220 0.9119701385498047 2363
1783782304359 0.919663667678833 2364
1783782304521 0.6434023976325989 2365
1783782304683 0.5798732042312622 2366
1783782304847 0.9097182750701904 2367
1783782305009 0.693488597869873 2368
1783782305195 0.8162825107574463 2369
1783782305341 0.653268575668335 2370
1783782305469 0.7177621722221375 2371
1783782305625 0.78373783826828 2372
1783782305797 0.961671769618988 2373
1783782305968 0.9300726652145386 2374
1783782306140 0.9199459552764893 2375
1783782306317 0.7043266296386719 2376
1783782306497 0.6519203782081604 2377
1783782306670 0.7370465993881226 2378
1783782306822 0.7156291604042053 2379
1783782307107 0.9106281995773315 2380
1783782307277 0.9770392179489136 2381
1783782307454 0.7795456051826477 2382
1783782307611 0.8432764410972595 2383
1783782307764 0.8134478330612183 2384
1783782307918 0.8756384253501892 2385
1783782308065 0.7934725284576416 2386
1783782308288 0.9033069610595703 2387
1783782308480 0.7262381911277771 2388
1783782308652 0.9870933294296265 2389
1783782308811 0.7680071592330933 2390
1783782309015 0.9122499227523804 2391
1783782309176 0.7501875162124634 2392
1783782309320 0.9616020917892456 2393
1783782309455 0.8789953589439392 2394
1783782309564 0.883746862411499 2395
1783782309704 0.6696593761444092 2396
1783782309817 0.8092119097709656 2397
1783782309945 0.6625350713729858 2398
1783782310052 0.8294270634651184 2399
1783782310168 0.6943238973617554 2400
1783782310347 0.7317901253700256 2401
1783782310483 1.0492318868637085 2402
1783782310597 0.7796189785003662 2403
1783782310724 0.9888670444488525 2404
1783782310868 0.8140309453010559 2405
1783782310991 0.6709378361701965 2406
1783782311095 0.8338293433189392 2407
1783782311224 0.9587736129760742 2408
1783782311350 0.8091579675674438 2409
1783782311486 0.7469801902770996 2410
1783782311595 0.9363795518875122 2411
1783782311715 0.7476087808609009 2412
1783782311833 0.7716960906982422 2413
1783782311957 0.8479889631271362 2414
1783782312102 1.0580041408538818 2415
1783782312233 0.7731741666793823 2416
1783782312355 0.7965962886810303 2417
1783782312493 0.9113447666168213 2418
1783782312615 0.9484846591949463 2419
1783782312724 0.6820274591445923 2420
1783782312843 0.8371272087097168 2421
1783782312971 0.8014277219772339 2422
1783782313089 0.8771430253982544 2423
1783782313207 0.7492333650588989 2424
1783782313323 0.7507448196411133 2425
1783782313491 0.8647894859313965 2426
1783782313621 0.9744676351547241 2427
1783782313754 0.8707348108291626 2428
1783782313880 0.9328244924545288 2429
1783782314019 0.8378951549530029 2430
1783782314133 0.7026788592338562 2431
1783782314258 0.7987420558929443 2432
1783782314394 0.775710940361023 2433
1783782314515 0.6815522909164429 2434
1783782314653 0.8076525330543518 2435
1783782314786 0.8977131843566895 2436
1783782314921 0.866932213306427 2437
1783782315054 0.7517920136451721 2438
1783782315183 0.6984524726867676 2439
1783782315310 0.8943867087364197 2440
1783782315438 0.6734229326248169 2441
1783782315542 0.7857815623283386 2442
1783782315662 0.8387149572372437 2443
1783782315773 0.7323018908500671 2444
1783782315892 0.799613356590271 2445
1783782316020 0.8050774335861206 2446
1783782316155 0.8476291298866272 2447
1783782316272 0.7945096492767334 2448
1783782316386 0.9412164688110352 2449
1783782316502 0.6769700050354004 2450
1783782316634 0.7402641773223877 2451
1783782316752 0.7614868879318237 2452
1783782316846 0.7887747883796692 2453
1783782316959 0.7949177622795105 2454
1783782317071 0.7527952194213867 2455
1783782317225 0.7871657609939575 2456
1783782317355 0.644762396812439 2457
1783782317474 0.6561304330825806 2458
1783782317613 0.8914246559143066 2459
1783782317738 0.7074240446090698 2460
1783782317862 0.6975418329238892 2461
1783782317978 0.595025897026062 2462
1783782318086 0.7519530057907104 2463
1783782318173 0.7795329093933105 2464
1783782318298 0.7298998236656189 2465
1783782318506 0.7195889353752136 2466
1783782318649 0.8353307247161865 2467
1783782318772 0.7721076011657715 2468
1783782318881 0.7277957201004028 2469
1783782318997 0.6938983201980591 2470
1783782319135 0.6862964630126953 2471
1783782319252 0.6640088558197021 2472
1783782319377 0.6933258175849915 2473
1783782319512 0.7987289428710938 2474
1783782319694 0.7273917198181152 2475
1783782319961 0.8541373014450073 2476
1783782320113 0.7298905849456787 2477
1783782320298 0.758452296257019 2478
1783782320471 0.6269469261169434 2479
1783782320620 0.5457956790924072 2480
1783782320774 0.7395134568214417 2481
1783782320938 0.6581485271453857 2482
1783782321240 0.7082439661026001 2483
1783782321404 0.6293628215789795 2484
1783782321556 0.6873388886451721 2485
1783782321720 0.6403356194496155 2486
1783782321906 0.774246335029602 2487
1783782322086 0.8705269694328308 2488
1783782322251 0.6308579444885254 2489
1783782322435 0.640609085559845 2490
1783782322608 0.6501067876815796 2491
1783782322756 0.865585207939148 2492
1783782322922 0.5865218639373779 2493
1783782323090 0.6661816835403442 2494
1783782323292 0.6709294319152832 2495
1783782323464 0.8352073431015015 2496
1783782323671 0.763923704624176 2497
1783782323906 0.673852264881134 2498
1783782324080 0.7288147807121277 2499
1783782324207 0.5697319507598877 2500
1783782324404 0.5482234954833984 2501
1783782324569 0.6400651931762695 2502
1783782324733 0.7381486892700195 2503
1783782324891 0.7623816132545471 2504
1783782325088 0.5604509115219116 2505
1783782325288 0.7594552040100098 2506
1783782325437 0.5790511965751648 2507
1783782325560 0.8398200273513794 2508
1783782325682 0.6016848087310791 2509
1783782325785 0.6642307043075562 2510
1783782325914 0.68790203332901 2511
1783782326047 0.740655779838562 2512
1783782326190 0.5119055509567261 2513
1783782326335 0.7053413391113281 2514
1783782326466 0.6665393114089966 2515
1783782326587 0.7132169008255005 2516
1783782326703 0.6359164118766785 2517
1783782326810 0.6769911050796509 2518
1783782326936 0.6880301237106323 2519
1783782327061 0.5827309489250183 2520
1783782327174 0.7085120677947998 2521
1783782327297 0.6384398341178894 2522
1783782327412 0.7329227924346924 2523
1783782327616 0.6509683132171631 2524
1783782327752 0.695923924446106 2525
1783782327867 0.6080882549285889 2526
1783782327991 0.510958731174469 2527
1783782328111 0.7371869683265686 2528
1783782328228 0.603683352470398 2529
1783782328340 0.7295934557914734 2530
1783782328465 0.676648736000061 2531
1783782328579 0.5937243700027466 2532
1783782328702 0.7573996186256409 2533
1783782328831 0.7182480096817017 2534
1783782328965 0.6652278304100037 2535
1783782329088 0.9164597988128662 2536
1783782329217 0.8003386855125427 2537
1783782329334 0.8600594401359558 2538
1783782329458 0.9094182252883911 2539
1783782329576 0.7086836099624634 2540
1783782329685 0.7898213863372803 2541
1783782329802 0.7459142208099365 2542
1783782329921 0.7979055643081665 2543
1783782330032 0.8199189901351929 2544
1783782330150 0.9370424151420593 2545
1783782330304 0.9176391959190369 2546
1783782330443 0.7784557342529297 2547
1783782330584 0.759041428565979 2548
1783782330716 0.9655717015266418 2549
1783782330853 0.9003967046737671 2550
1783782330979 0.9388619661331177 2551
1783782331105 0.9211382865905762 2552
1783782331229 1.0632987022399902 2553
1783782331368 1.0934168100357056 2554
1783782331500 0.9978418350219727 2555
1783782331598 1.0345673561096191 2556
1783782331733 1.153130292892456 2557
1783782331850 1.1139408349990845 2558
1783782331964 1.0518475770950317 2559
1783782332084 1.2060140371322632 2560
1783782332213 1.1153254508972168 2561
1783782332351 1.1572229862213135 2562
1783782332474 1.146369457244873 2563
1783782332669 1.1812372207641602 2564
1783782332794 1.0098271369934082 2565
1783782332914 0.9103005528450012 2566
1783782333055 0.9964665174484253 2567
1783782333198 0.8286098837852478 2568
1783782333313 0.9936161041259766 2569
1783782333439 0.955268144607544 2570
1783782333562 0.9273644089698792 2571
1783782333698 0.8213382959365845 2572
1783782333972 0.843665361404419 2573
1783782334110 0.8300149440765381 2574
1783782334273 0.7872873544692993 2575
1783782334426 0.8635989427566528 2576
1783782334587 0.7830663919448853 2577
1783782334747 0.9568825364112854 2578
1783782334926 0.7675058841705322 2579
1783782335281 0.6752731800079346 2580
1783782335457 0.6732968091964722 2581
1783782335645 0.8562407493591309 2582
1783782335800 0.6653746962547302 2583
1783782335954 0.640569269657135 2584
1783782336121 0.6183881163597107 2585
1783782336288 0.6032134294509888 2586
1783782336444 0.7014726400375366 2587
1783782336704 0.7175201177597046 2588
1783782336841 0.7104610204696655 2589
1783782336997 0.6607139110565186 2590
1783782337168 0.5963600277900696 2591
1783782337334 0.5975995063781738 2592
1783782337494 0.6841872930526733 2593
1783782337680 0.5437819361686707 2594
1783782338000 0.46150362491607666 2595
1783782338156 0.647097110748291 2596
1783782338298 0.5079420804977417 2597
1783782338432 0.576581597328186 2598
1783782338603 0.4883028268814087 2599
1783782338768 0.5600579380989075 2600
1783782338938 0.5226393342018127 2601
1783782339083 0.5842337608337402 2602
1783782339208 0.5668003559112549 2603
1783782339371 0.5816986560821533 2604
1783782339550 0.6521634459495544 2605
1783782339715 0.57054603099823 2606
1783782339885 0.4871087968349457 2607
1783782340053 0.480335533618927 2608
1783782340215 0.6425845623016357 2609
1783782340392 0.5915327668190002 2610
1783782340561 0.4908244013786316 2611
1783782340694 0.5651639699935913 2612
1783782340824 0.585625171661377 2613
1783782340959 0.6109386682510376 2614
1783782341090 0.4451190233230591 2615
1783782341215 0.5757496356964111 2616
1783782341340 0.63048255443573 2617
1783782341489 0.5720774531364441 2618
1783782341602 0.3936195969581604 2619
1783782341708 0.5307345390319824 2620
1783782341821 0.6268264055252075 2621
1783782341945 0.507892370223999 2622
1783782342048 0.5368788838386536 2623
1783782342173 0.6171432733535767 2624
1783782342290 0.480807363986969 2625
1783782342399 0.6653077602386475 2626
1783782342537 0.6408631801605225 2627
1783782342664 0.6428108215332031 2628
1783782342850 0.6400043964385986 2629
1783782342982 0.628259539604187 2630
1783782343109 0.5816599726676941 2631
1783782343222 0.5140640735626221 2632
1783782343316 0.5732738971710205 2633
1783782343424 0.43949586153030396 2634
1783782343529 0.6867506504058838 2635
1783782343647 0.5789445042610168 2636
1783782343757 0.7691982984542847 2637
1783782343883 0.638694167137146 2638
1783782344073 0.7145969867706299 2639
1783782344188 0.5908486843109131 2640
1783782344310 0.7259271144866943 2641
1783782344455 0.7481567859649658 2642
1783782344574 0.7555971145629883 2643
1783782344688 0.7335000038146973 2644
1783782344798 0.7307117581367493 2645
1783782344919 0.622184157371521 2646
1783782345035 0.8583741188049316 2647
1783782345171 0.6992940902709961 2648
1783782345325 0.8684159517288208 2649
1783782345455 0.8673955202102661 2650
1783782345565 0.6966055631637573 2651
1783782345706 0.6948543787002563 2652
1783782345834 0.9965400099754333 2653
1783782345962 0.9260302782058716 2654
1783782346070 0.9314825534820557 2655
1783782346182 0.8657543659210205 2656
1783782346293 0.8953461050987244 2657
1783782346402 1.0547826290130615 2658
1783782346520 1.0210760831832886 2659
1783782346640 1.1656007766723633 2660
1783782346765 1.2072149515151978 2661
1783782346891 1.410810947418213 2662
1783782347010 1.2295130491256714 2663
1783782347134 1.108076572418213 2664
1783782347246 1.0498379468917847 2665
1783782347338 1.2122156620025635 2666
1783782347432 1.3470368385314941 2667
1783782347545 1.4229791164398193 2668
1783782347657 1.464479923248291 2669
1783782347825 1.1828992366790771 2670
1783782348000 1.2685681581497192 2671
1783782348156 1.5107271671295166 2672
1783782348324 1.363084077835083 2673
1783782348485 1.1575429439544678 2674
1783782348634 1.2999980449676514 2675
1783782348789 1.1702508926391602 2676
1783782348932 1.342536449432373 2677
1783782349171 1.218180537223816 2678
1783782349324 1.391451358795166 2679
1783782349502 1.492307424545288 2680
1783782349691 1.143407940864563 2681
1783782349858 1.3530726432800293 2682
1783782350044 1.3576955795288086 2683
1783782350185 1.4773247241973877 2684
1783782350337 1.2962403297424316 2685
1783782350512 1.226898431777954 2686
1783782350651 1.3788601160049438 2687
1783782350800 1.4194505214691162 2688
1783782351009 1.2104443311691284 2689
1783782351170 1.1877670288085938 2690
1783782351287 1.119277000427246 2691
1783782351441 1.3657357692718506 2692
1783782351566 1.3064407110214233 2693
1783782351867 1.233581781387329 2694
1783782352055 1.212733268737793 2695
1783782352241 1.2725014686584473 2696
1783782352378 1.2507927417755127 2697
1783782352535 1.131706953048706 2698
1783782352683 1.3643691539764404 2699
1783782352799 1.1369922161102295 2700
1783782352932 1.0623573064804077 2701
1783782353139 1.2600332498550415 2702
1783782353250 0.9884040355682373 2703
1783782353354 1.0583401918411255 2704
1783782353472 1.0416533946990967 2705
1783782353608 1.0003067255020142 2706
1783782353738 0.8863170146942139 2707
1783782353862 1.0498181581497192 2708
1783782354002 1.3563586473464966 2709
1783782354115 0.9902031421661377 2710
1783782354297 0.8966920971870422 2711
1783782354423 1.005584478378296 2712
1783782354536 0.9491136074066162 2713
1783782354640 0.7489572167396545 2714
1783782354754 0.8896104693412781 2715
1783782354867 0.8153459429740906 2716
1783782354985 0.7377223968505859 2717
1783782355104 0.8474068641662598 2718
1783782355221 0.8608108758926392 2719
1783782355348 0.8317000865936279 2720
1783782355460 0.7272148132324219 2721
1783782355572 0.7604045867919922 2722
1783782355701 0.6617059707641602 2723
1783782355816 0.6350632309913635 2724
1783782355954 0.8177911639213562 2725
1783782356070 0.817703127861023 2726
1783782356192 0.6245842576026917 2727
1783782356309 0.5801658630371094 2728
1783782356435 0.7395794987678528 2729
1783782356576 0.7486727833747864 2730
1783782356765 0.630405068397522 2731
1783782356903 0.4864136576652527 2732
1783782357022 0.6677001118659973 2733
1783782357166 0.5833209156990051 2734
1783782357277 0.625346839427948 2735
1783782357401 0.5987014770507812 2736
1783782357534 0.5532401204109192 2737
1783782357656 0.7121331095695496 2738
1783782357754 0.5951375961303711 2739
1783782357901 0.7352953553199768 2740
1783782358077 0.44964200258255005 2741
1783782358251 0.5496942400932312 2742
1783782358395 0.4949024021625519 2743
1783782358524 0.6755654811859131 2744
1783782358672 0.5479609966278076 2745
1783782358850 0.5945128798484802 2746
1783782359017 0.6276498436927795 2747
1783782359167 0.603652834892273 2748
1783782359296 0.45616450905799866 2749
1783782359547 0.44708532094955444 2750
1783782359717 0.517132043838501 2751
1783782359880 0.37363073229789734 2752
1783782360068 0.5146727561950684 2753
1783782360194 0.3780868351459503 2754
1783782360343 0.6184485554695129 2755
1783782360596 0.5021393895149231 2756
1783782360812 0.47958335280418396 2757
1783782360961 0.5034282803535461 2758
1783782361122 0.5945942401885986 2759
1783782361270 0.40998896956443787 2760
1783782361425 0.5409005284309387 2761
1783782361603 0.5673753023147583 2762
1783782361747 0.46794313192367554 2763
1783782362052 0.44043853878974915 2764
1783782362219 0.48806101083755493 2765
1783782362368 0.5029744505882263 2766
1783782362501 0.5516870021820068 2767
1783782362698 0.5036186575889587 2768
1783782362880 0.5455983877182007 2769
1783782363033 0.4072268009185791 2770
1783782363273 0.4543825387954712 2771
1783782363484 0.48828592896461487 2772
1783782363693 0.32953137159347534 2773
1783782363866 0.3436583876609802 2774
1783782364071 0.4164303243160248 2775
1783782364239 0.42709070444107056 2776
1783782364400 0.39961081743240356 2777
1783782364600 0.3367827236652374 2778
1783782364789 0.49308741092681885 2779
1783782364965 0.3063734471797943 2780
1783782365131 0.4176253080368042 2781
1783782365306 0.37521469593048096 2782
1783782365485 0.3672131299972534 2783
1783782365609 0.3467462956905365 2784
1783782365784 0.2917443513870239 2785
1783782365961 0.4130854606628418 2786
1783782366149 0.39493173360824585 2787
1783782366307 0.43446463346481323 2788
1783782366459 0.3429531455039978 2789
1783782366663 0.3309328854084015 2790
1783782366807 0.4365599751472473 2791
1783782366915 0.4336698651313782 2792
1783782367018 0.4850180745124817 2793
1783782367137 0.4104820489883423 2794
1783782367274 0.417472779750824 2795
1783782367406 0.4414283037185669 2796
1783782367532 0.3750520944595337 2797
1783782367647 0.48322057723999023 2798
1783782367765 0.4294205605983734 2799
1783782367888 0.3432345390319824 2800
1783782368009 0.4464743733406067 2801
1783782368141 0.5202306509017944 2802
1783782368275 0.3984498083591461 2803
1783782368418 0.45919889211654663 2804
1783782368554 0.31772780418395996 2805
1783782368677 0.4457005560398102 2806
1783782368786 0.47783857583999634 2807
1783782368889 0.5224435329437256 2808
1783782369016 0.5553387403488159 2809
1783782369172 0.4755434989929199 2810
